file,host,source,sourcetype,event_count
raw/0001__AUSY-APP-01__XmlWinEventLog.log,AUSY-APP-01,XmlWinEventLog:Microsoft-Windows-Sysmon/Operational,XmlWinEventLog,7
raw/0002__AUSY-APP-01__XmlWinEventLog.log,AUSY-APP-01,XmlWinEventLog:Security,XmlWinEventLog,3
raw/0003__AUSY-APP-01__trellix_epo.log,AUSY-APP-01,trellix:epo,trellix:epo,1
raw/0004__AUSY-APP-01__wsus_client.log,AUSY-APP-01,wsus:client,wsus:client,1
raw/0005__AUSY-APP-02__XmlWinEventLog.log,AUSY-APP-02,XmlWinEventLog:Microsoft-Windows-Sysmon/Operational,XmlWinEventLog,4
raw/0006__AUSY-APP-02__XmlWinEventLog.log,AUSY-APP-02,XmlWinEventLog:Security,XmlWinEventLog,9
raw/0007__AUSY-APP-02__ms_defender_eventhub.log,AUSY-APP-02,ms:defender:eventhub,ms:defender:eventhub,3
raw/0008__AUSY-APP-03__XmlWinEventLog.log,AUSY-APP-03,XmlWinEventLog:Microsoft-Windows-Sysmon/Operational,XmlWinEventLog,6
raw/0009__AUSY-APP-03__XmlWinEventLog.log,AUSY-APP-03,XmlWinEventLog:Security,XmlWinEventLog,8
raw/0010__AUSY-APP-03__ms_defender_eventhub.log,AUSY-APP-03,ms:defender:eventhub,ms:defender:eventhub,2
raw/0011__AUSY-APP-03__trellix_epo.log,AUSY-APP-03,trellix:epo,trellix:epo,1
raw/0012__AUSY-APP-04__XmlWinEventLog.log,AUSY-APP-04,XmlWinEventLog:Microsoft-Windows-Sysmon/Operational,XmlWinEventLog,11
raw/0013__AUSY-APP-04__XmlWinEventLog.log,AUSY-APP-04,XmlWinEventLog:Security,XmlWinEventLog,2
raw/0014__AUSY-APP-05__XmlWinEventLog.log,AUSY-APP-05,XmlWinEventLog:Microsoft-Windows-Sysmon/Operational,XmlWinEventLog,9
raw/0015__AUSY-APP-05__XmlWinEventLog.log,AUSY-APP-05,XmlWinEventLog:Security,XmlWinEventLog,8
raw/0016__AUSY-APP-05__ms_defender_eventhub.log,AUSY-APP-05,ms:defender:eventhub,ms:defender:eventhub,2
raw/0017__AUSY-APP-05__trellix_epo.log,AUSY-APP-05,trellix:epo,trellix:epo,1
raw/0018__AUSY-APP-06__XmlWinEventLog.log,AUSY-APP-06,XmlWinEventLog:Microsoft-Windows-Sysmon/Operational,XmlWinEventLog,9
raw/0019__AUSY-APP-06__XmlWinEventLog.log,AUSY-APP-06,XmlWinEventLog:Security,XmlWinEventLog,10
raw/0020__AUSY-APP-07__XmlWinEventLog.log,AUSY-APP-07,XmlWinEventLog:Microsoft-Windows-Sysmon/Operational,XmlWinEventLog,8
raw/0021__AUSY-APP-07__XmlWinEventLog.log,AUSY-APP-07,XmlWinEventLog:Security,XmlWinEventLog,5
raw/0022__AUSY-APP-07__sccm_client.log,AUSY-APP-07,sccm:client,sccm:client,1
raw/0023__AUSY-APP-08__XmlWinEventLog.log,AUSY-APP-08,XmlWinEventLog:Microsoft-Windows-Sysmon/Operational,XmlWinEventLog,6
raw/0024__AUSY-APP-08__XmlWinEventLog.log,AUSY-APP-08,XmlWinEventLog:Security,XmlWinEventLog,3
raw/0025__AUSY-APP-08__ms_defender_eventhub.log,AUSY-APP-08,ms:defender:eventhub,ms:defender:eventhub,1
raw/0026__AUSY-APP-08__sccm_client.log,AUSY-APP-08,sccm:client,sccm:client,1
raw/0027__AUSY-DC-01__XmlWinEventLog.log,AUSY-DC-01,XmlWinEventLog:Security,XmlWinEventLog,154
raw/0028__AUSY-ENG-APP-04__XmlWinEventLog.log,AUSY-ENG-APP-04,XmlWinEventLog:Microsoft-Windows-Sysmon/Operational,XmlWinEventLog,1
raw/0029__AUSY-ENG-APP-04__XmlWinEventLog.log,AUSY-ENG-APP-04,XmlWinEventLog:Security,XmlWinEventLog,1
raw/0030__AUSY-FS-01__XmlWinEventLog.log,AUSY-FS-01,XmlWinEventLog:Microsoft-Windows-Sysmon/Operational,XmlWinEventLog,7
raw/0031__AUSY-FS-01__XmlWinEventLog.log,AUSY-FS-01,XmlWinEventLog:Security,XmlWinEventLog,8
raw/0032__AUSY-FS-01__ms_defender_eventhub.log,AUSY-FS-01,ms:defender:eventhub,ms:defender:eventhub,2
raw/0033__AUSY-FS-02__XmlWinEventLog.log,AUSY-FS-02,XmlWinEventLog:Microsoft-Windows-Sysmon/Operational,XmlWinEventLog,8
raw/0034__AUSY-FS-02__XmlWinEventLog.log,AUSY-FS-02,XmlWinEventLog:Security,XmlWinEventLog,3
raw/0035__AUSY-FS-02__ms_defender_eventhub.log,AUSY-FS-02,ms:defender:eventhub,ms:defender:eventhub,2
raw/0036__AUSY-FS-02__wsus_client.log,AUSY-FS-02,wsus:client,wsus:client,1
raw/0037__AUSY-FS-03__XmlWinEventLog.log,AUSY-FS-03,XmlWinEventLog:Microsoft-Windows-Sysmon/Operational,XmlWinEventLog,4
raw/0038__AUSY-FS-03__XmlWinEventLog.log,AUSY-FS-03,XmlWinEventLog:Security,XmlWinEventLog,2
raw/0039__AUSY-FS-03__ms_defender_eventhub.log,AUSY-FS-03,ms:defender:eventhub,ms:defender:eventhub,1
raw/0040__AUSY-FS-03__sccm_client.log,AUSY-FS-03,sccm:client,sccm:client,1
raw/0041__AUSY-FS-04__XmlWinEventLog.log,AUSY-FS-04,XmlWinEventLog:Microsoft-Windows-Sysmon/Operational,XmlWinEventLog,7
raw/0042__AUSY-FS-04__XmlWinEventLog.log,AUSY-FS-04,XmlWinEventLog:Security,XmlWinEventLog,5
raw/0043__AUSY-FS-04__trellix_epo.log,AUSY-FS-04,trellix:epo,trellix:epo,1
raw/0044__AUSY-FW-01__fortigate_traffic.log,AUSY-FW-01,fortigate_traffic,fortigate_traffic,1
raw/0045__AUSY-FW-01__pan_traffic.log,AUSY-FW-01,pan:traffic,pan:traffic,112
raw/0046__AUSY-FW-02__fortigate_traffic.log,AUSY-FW-02,fortigate_traffic,fortigate_traffic,101
raw/0047__AUSY-FW-03__cisco_asa.log,AUSY-FW-03,cisco:asa,cisco:asa,113
raw/0048__AUSY-JUMP-01__XmlWinEventLog.log,AUSY-JUMP-01,XmlWinEventLog:Microsoft-Windows-Sysmon/Operational,XmlWinEventLog,8
raw/0049__AUSY-JUMP-01__XmlWinEventLog.log,AUSY-JUMP-01,XmlWinEventLog:Security,XmlWinEventLog,3
raw/0050__AUSY-JUMP-01__ms_defender_eventhub.log,AUSY-JUMP-01,ms:defender:eventhub,ms:defender:eventhub,1
raw/0051__AUSY-JUMP-02__XmlWinEventLog.log,AUSY-JUMP-02,XmlWinEventLog:Microsoft-Windows-Sysmon/Operational,XmlWinEventLog,8
raw/0052__AUSY-JUMP-02__XmlWinEventLog.log,AUSY-JUMP-02,XmlWinEventLog:Security,XmlWinEventLog,8
raw/0053__AUSY-JUMP-02__ms_defender_eventhub.log,AUSY-JUMP-02,ms:defender:eventhub,ms:defender:eventhub,2
raw/0054__AUSY-JUMP-03__XmlWinEventLog.log,AUSY-JUMP-03,XmlWinEventLog:Microsoft-Windows-Sysmon/Operational,XmlWinEventLog,4
raw/0055__AUSY-JUMP-03__XmlWinEventLog.log,AUSY-JUMP-03,XmlWinEventLog:Security,XmlWinEventLog,8
raw/0056__AUSY-LNX-01__linux_audit.log,AUSY-LNX-01,/var/log/audit/audit.log,linux_audit,95
raw/0057__AUSY-LNX-01__linux_secure.log,AUSY-LNX-01,/var/log/secure,linux_secure,15
raw/0058__AUSY-LNX-01__syslog.log,AUSY-LNX-01,/var/log/syslog,syslog,39
raw/0059__AUSY-LNX-01__ms_defender_eventhub.log,AUSY-LNX-01,ms:defender:eventhub,ms:defender:eventhub,1
raw/0060__AUSY-LNX-02__linux_audit.log,AUSY-LNX-02,/var/log/audit/audit.log,linux_audit,120
raw/0061__AUSY-LNX-02__linux_secure.log,AUSY-LNX-02,/var/log/secure,linux_secure,17
raw/0062__AUSY-LNX-02__syslog.log,AUSY-LNX-02,/var/log/syslog,syslog,27
raw/0063__AUSY-LNX-03__linux_audit.log,AUSY-LNX-03,/var/log/audit/audit.log,linux_audit,130
raw/0064__AUSY-LNX-03__linux_secure.log,AUSY-LNX-03,/var/log/secure,linux_secure,15
raw/0065__AUSY-LNX-03__syslog.log,AUSY-LNX-03,/var/log/syslog,syslog,34
raw/0066__AUSY-LNX-03__trellix_epo.log,AUSY-LNX-03,trellix:epo,trellix:epo,1
raw/0067__AUSY-LNX-04__linux_audit.log,AUSY-LNX-04,/var/log/audit/audit.log,linux_audit,99
raw/0068__AUSY-LNX-04__linux_secure.log,AUSY-LNX-04,/var/log/secure,linux_secure,10
raw/0069__AUSY-LNX-04__syslog.log,AUSY-LNX-04,/var/log/syslog,syslog,20
raw/0070__AUSY-LNX-05__linux_audit.log,AUSY-LNX-05,/var/log/audit/audit.log,linux_audit,95
raw/0071__AUSY-LNX-05__linux_secure.log,AUSY-LNX-05,/var/log/secure,linux_secure,25
raw/0072__AUSY-LNX-05__syslog.log,AUSY-LNX-05,/var/log/syslog,syslog,34
raw/0073__AUSY-LNX-05__ms_defender_eventhub.log,AUSY-LNX-05,ms:defender:eventhub,ms:defender:eventhub,1
raw/0074__AUSY-LNX-06__linux_audit.log,AUSY-LNX-06,/var/log/audit/audit.log,linux_audit,115
raw/0075__AUSY-LNX-06__linux_secure.log,AUSY-LNX-06,/var/log/secure,linux_secure,21
raw/0076__AUSY-LNX-06__syslog.log,AUSY-LNX-06,/var/log/syslog,syslog,30
raw/0077__AUSY-LNX-07__linux_audit.log,AUSY-LNX-07,/var/log/audit/audit.log,linux_audit,98
raw/0078__AUSY-LNX-07__linux_secure.log,AUSY-LNX-07,/var/log/secure,linux_secure,15
raw/0079__AUSY-LNX-07__syslog.log,AUSY-LNX-07,/var/log/syslog,syslog,43
raw/0080__AUSY-LNX-07__ms_defender_eventhub.log,AUSY-LNX-07,ms:defender:eventhub,ms:defender:eventhub,1
raw/0081__AUSY-LNX-08__linux_audit.log,AUSY-LNX-08,/var/log/audit/audit.log,linux_audit,97
raw/0082__AUSY-LNX-08__linux_secure.log,AUSY-LNX-08,/var/log/secure,linux_secure,17
raw/0083__AUSY-LNX-08__syslog.log,AUSY-LNX-08,/var/log/syslog,syslog,42
raw/0084__AUSY-PACS-01__pacs_access.log,AUSY-PACS-01,pacs:access,pacs:access,113
raw/0085__AUSY-PAW-01__XmlWinEventLog.log,AUSY-PAW-01,XmlWinEventLog:Microsoft-Windows-Sysmon/Operational,XmlWinEventLog,7
raw/0086__AUSY-PAW-01__XmlWinEventLog.log,AUSY-PAW-01,XmlWinEventLog:Security,XmlWinEventLog,6
raw/0087__AUSY-PAW-01__ms_defender_eventhub.log,AUSY-PAW-01,ms:defender:eventhub,ms:defender:eventhub,2
raw/0088__AUSY-PAW-01__trellix_epo.log,AUSY-PAW-01,trellix:epo,trellix:epo,1
raw/0089__AUSY-PAW-02__XmlWinEventLog.log,AUSY-PAW-02,XmlWinEventLog:Microsoft-Windows-Sysmon/Operational,XmlWinEventLog,14
raw/0090__AUSY-PAW-02__XmlWinEventLog.log,AUSY-PAW-02,XmlWinEventLog:Security,XmlWinEventLog,7
raw/0091__AUSY-PAW-02__wsus_client.log,AUSY-PAW-02,wsus:client,wsus:client,1
raw/0092__AUSY-PAW-03__XmlWinEventLog.log,AUSY-PAW-03,XmlWinEventLog:Microsoft-Windows-Sysmon/Operational,XmlWinEventLog,7
raw/0093__AUSY-PAW-03__XmlWinEventLog.log,AUSY-PAW-03,XmlWinEventLog:Security,XmlWinEventLog,3
raw/0094__AUSY-PAW-03__wsus_client.log,AUSY-PAW-03,wsus:client,wsus:client,1
raw/0095__AUSY-PAW-04__XmlWinEventLog.log,AUSY-PAW-04,XmlWinEventLog:Microsoft-Windows-Sysmon/Operational,XmlWinEventLog,2
raw/0096__AUSY-PAW-04__XmlWinEventLog.log,AUSY-PAW-04,XmlWinEventLog:Security,XmlWinEventLog,2
raw/0097__AUSY-PAW-04__ms_defender_eventhub.log,AUSY-PAW-04,ms:defender:eventhub,ms:defender:eventhub,1
raw/0098__AUSY-PAW-04__trellix_epo.log,AUSY-PAW-04,trellix:epo,trellix:epo,1
raw/0099__AUSY-PAW-05__XmlWinEventLog.log,AUSY-PAW-05,XmlWinEventLog:Microsoft-Windows-Sysmon/Operational,XmlWinEventLog,8
raw/0100__AUSY-PAW-05__XmlWinEventLog.log,AUSY-PAW-05,XmlWinEventLog:Security,XmlWinEventLog,9
raw/0101__AUSY-PAW-05__ms_defender_eventhub.log,AUSY-PAW-05,ms:defender:eventhub,ms:defender:eventhub,1
raw/0102__AUSY-PAW-05__sccm_client.log,AUSY-PAW-05,sccm:client,sccm:client,1
raw/0103__AUSY-PAW-06__XmlWinEventLog.log,AUSY-PAW-06,XmlWinEventLog:Microsoft-Windows-Sysmon/Operational,XmlWinEventLog,5
raw/0104__AUSY-PAW-06__XmlWinEventLog.log,AUSY-PAW-06,XmlWinEventLog:Security,XmlWinEventLog,8
raw/0105__AUSY-PAW-06__ms_defender_eventhub.log,AUSY-PAW-06,ms:defender:eventhub,ms:defender:eventhub,1
raw/0106__AUSY-PAW-06__wsus_client.log,AUSY-PAW-06,wsus:client,wsus:client,1
raw/0107__AUSY-RADIUS-01__radius.log,AUSY-RADIUS-01,radius,radius,1
raw/0108__AUSY-RTR-01__cisco_ios.log,AUSY-RTR-01,cisco:ios,cisco:ios,46
raw/0109__AUSY-RTR-02__juniper.log,AUSY-RTR-02,juniper,juniper,18
raw/0110__AUSY-RTR-02__juniper_junos_firewall.log,AUSY-RTR-02,juniper:junos:firewall,juniper:junos:firewall,10
raw/0111__AUSY-VDI-01__XmlWinEventLog.log,AUSY-VDI-01,XmlWinEventLog:Microsoft-Windows-Sysmon/Operational,XmlWinEventLog,3
raw/0112__AUSY-VDI-01__XmlWinEventLog.log,AUSY-VDI-01,XmlWinEventLog:Security,XmlWinEventLog,8
raw/0113__AUSY-VDI-01__ms_defender_eventhub.log,AUSY-VDI-01,ms:defender:eventhub,ms:defender:eventhub,1
raw/0114__AUSY-VDI-01__sccm_client.log,AUSY-VDI-01,sccm:client,sccm:client,2
raw/0115__AUSY-VDI-02__XmlWinEventLog.log,AUSY-VDI-02,XmlWinEventLog:Microsoft-Windows-Sysmon/Operational,XmlWinEventLog,4
raw/0116__AUSY-VDI-02__XmlWinEventLog.log,AUSY-VDI-02,XmlWinEventLog:Security,XmlWinEventLog,4
raw/0117__AUSY-VDI-02__ms_defender_eventhub.log,AUSY-VDI-02,ms:defender:eventhub,ms:defender:eventhub,2
raw/0118__AUSY-VDI-03__XmlWinEventLog.log,AUSY-VDI-03,XmlWinEventLog:Microsoft-Windows-Sysmon/Operational,XmlWinEventLog,7
raw/0119__AUSY-VDI-03__XmlWinEventLog.log,AUSY-VDI-03,XmlWinEventLog:Security,XmlWinEventLog,8
raw/0120__AUSY-WS-0001__XmlWinEventLog.log,AUSY-WS-0001,XmlWinEventLog:Microsoft-Windows-Sysmon/Operational,XmlWinEventLog,15
raw/0121__AUSY-WS-0001__XmlWinEventLog.log,AUSY-WS-0001,XmlWinEventLog:Security,XmlWinEventLog,7
raw/0122__AUSY-WS-0001__ms_defender_eventhub.log,AUSY-WS-0001,ms:defender:eventhub,ms:defender:eventhub,3
raw/0123__AUSY-WS-0001__sccm_client.log,AUSY-WS-0001,sccm:client,sccm:client,1
raw/0124__AUSY-WS-0001__trellix_epo.log,AUSY-WS-0001,trellix:epo,trellix:epo,1
raw/0125__AUSY-WS-0002__XmlWinEventLog.log,AUSY-WS-0002,XmlWinEventLog:Microsoft-Windows-Sysmon/Operational,XmlWinEventLog,17
raw/0126__AUSY-WS-0002__XmlWinEventLog.log,AUSY-WS-0002,XmlWinEventLog:Security,XmlWinEventLog,14
raw/0127__AUSY-WS-0002__trellix_epo.log,AUSY-WS-0002,trellix:epo,trellix:epo,1
raw/0128__AUSY-WS-0003__XmlWinEventLog.log,AUSY-WS-0003,XmlWinEventLog:Microsoft-Windows-Sysmon/Operational,XmlWinEventLog,12
raw/0129__AUSY-WS-0003__XmlWinEventLog.log,AUSY-WS-0003,XmlWinEventLog:Security,XmlWinEventLog,9
raw/0130__AUSY-WS-0003__ms_defender_eventhub.log,AUSY-WS-0003,ms:defender:eventhub,ms:defender:eventhub,2
raw/0131__AUSY-WS-0004__XmlWinEventLog.log,AUSY-WS-0004,XmlWinEventLog:Microsoft-Windows-Sysmon/Operational,XmlWinEventLog,6
raw/0132__AUSY-WS-0004__XmlWinEventLog.log,AUSY-WS-0004,XmlWinEventLog:Security,XmlWinEventLog,7
raw/0133__AUSY-WS-0004__ms_defender_eventhub.log,AUSY-WS-0004,ms:defender:eventhub,ms:defender:eventhub,2
raw/0134__AUSY-WS-0004__trellix_epo.log,AUSY-WS-0004,trellix:epo,trellix:epo,1
raw/0135__AUSY-WS-0005__XmlWinEventLog.log,AUSY-WS-0005,XmlWinEventLog:Microsoft-Windows-Sysmon/Operational,XmlWinEventLog,14
raw/0136__AUSY-WS-0005__XmlWinEventLog.log,AUSY-WS-0005,XmlWinEventLog:Security,XmlWinEventLog,13
raw/0137__AUSY-WS-0005__ms_defender_eventhub.log,AUSY-WS-0005,ms:defender:eventhub,ms:defender:eventhub,1
raw/0138__AUSY-WS-0006__XmlWinEventLog.log,AUSY-WS-0006,XmlWinEventLog:Microsoft-Windows-Sysmon/Operational,XmlWinEventLog,15
raw/0139__AUSY-WS-0006__XmlWinEventLog.log,AUSY-WS-0006,XmlWinEventLog:Security,XmlWinEventLog,9
raw/0140__AUSY-WS-0006__ms_defender_eventhub.log,AUSY-WS-0006,ms:defender:eventhub,ms:defender:eventhub,1
raw/0141__AUSY-WS-0007__XmlWinEventLog.log,AUSY-WS-0007,XmlWinEventLog:Microsoft-Windows-Sysmon/Operational,XmlWinEventLog,10
raw/0142__AUSY-WS-0007__XmlWinEventLog.log,AUSY-WS-0007,XmlWinEventLog:Security,XmlWinEventLog,9
raw/0143__AUSY-WS-0007__ms_defender_eventhub.log,AUSY-WS-0007,ms:defender:eventhub,ms:defender:eventhub,5
raw/0144__AUSY-WS-0007__sccm_client.log,AUSY-WS-0007,sccm:client,sccm:client,1
raw/0145__AUSY-WS-0007__trellix_epo.log,AUSY-WS-0007,trellix:epo,trellix:epo,1
raw/0146__AUSY-WS-0008__XmlWinEventLog.log,AUSY-WS-0008,XmlWinEventLog:Microsoft-Windows-Sysmon/Operational,XmlWinEventLog,8
raw/0147__AUSY-WS-0008__XmlWinEventLog.log,AUSY-WS-0008,XmlWinEventLog:Security,XmlWinEventLog,7
raw/0148__AUSY-WS-0009__XmlWinEventLog.log,AUSY-WS-0009,XmlWinEventLog:Microsoft-Windows-Sysmon/Operational,XmlWinEventLog,9
raw/0149__AUSY-WS-0009__XmlWinEventLog.log,AUSY-WS-0009,XmlWinEventLog:Security,XmlWinEventLog,7
raw/0150__AUSY-WS-0009__ms_defender_eventhub.log,AUSY-WS-0009,ms:defender:eventhub,ms:defender:eventhub,1
raw/0151__AUSY-WS-0009__sccm_client.log,AUSY-WS-0009,sccm:client,sccm:client,1
raw/0152__AUSY-WS-0009__trellix_epo.log,AUSY-WS-0009,trellix:epo,trellix:epo,2
raw/0153__AUSY-WS-0010__XmlWinEventLog.log,AUSY-WS-0010,XmlWinEventLog:Microsoft-Windows-Sysmon/Operational,XmlWinEventLog,14
raw/0154__AUSY-WS-0010__XmlWinEventLog.log,AUSY-WS-0010,XmlWinEventLog:Security,XmlWinEventLog,12
raw/0155__AUSY-WS-0010__sccm_client.log,AUSY-WS-0010,sccm:client,sccm:client,1
raw/0156__AUSY-WS-0011__XmlWinEventLog.log,AUSY-WS-0011,XmlWinEventLog:Microsoft-Windows-Sysmon/Operational,XmlWinEventLog,10
raw/0157__AUSY-WS-0011__XmlWinEventLog.log,AUSY-WS-0011,XmlWinEventLog:Security,XmlWinEventLog,9
raw/0158__AUSY-WS-0011__ms_defender_eventhub.log,AUSY-WS-0011,ms:defender:eventhub,ms:defender:eventhub,4
raw/0159__AUSY-WS-0011__sccm_client.log,AUSY-WS-0011,sccm:client,sccm:client,1
raw/0160__AUSY-WS-0012__XmlWinEventLog.log,AUSY-WS-0012,XmlWinEventLog:Microsoft-Windows-Sysmon/Operational,XmlWinEventLog,9
raw/0161__AUSY-WS-0012__XmlWinEventLog.log,AUSY-WS-0012,XmlWinEventLog:Security,XmlWinEventLog,10
raw/0162__AUSY-WS-0012__ms_defender_eventhub.log,AUSY-WS-0012,ms:defender:eventhub,ms:defender:eventhub,2
raw/0163__AUSY-WS-0012__wsus_client.log,AUSY-WS-0012,wsus:client,wsus:client,1
raw/0164__AUSY-WS-0013__XmlWinEventLog.log,AUSY-WS-0013,XmlWinEventLog:Microsoft-Windows-Sysmon/Operational,XmlWinEventLog,13
raw/0165__AUSY-WS-0013__XmlWinEventLog.log,AUSY-WS-0013,XmlWinEventLog:Security,XmlWinEventLog,12
raw/0166__AUSY-WS-0014__XmlWinEventLog.log,AUSY-WS-0014,XmlWinEventLog:Microsoft-Windows-Sysmon/Operational,XmlWinEventLog,16
raw/0167__AUSY-WS-0014__XmlWinEventLog.log,AUSY-WS-0014,XmlWinEventLog:Security,XmlWinEventLog,9
raw/0168__AUSY-WS-0014__sccm_client.log,AUSY-WS-0014,sccm:client,sccm:client,2
raw/0169__AUSY-WS-0015__XmlWinEventLog.log,AUSY-WS-0015,XmlWinEventLog:Microsoft-Windows-Sysmon/Operational,XmlWinEventLog,10
raw/0170__AUSY-WS-0015__XmlWinEventLog.log,AUSY-WS-0015,XmlWinEventLog:Security,XmlWinEventLog,16
raw/0171__AUSY-WS-0015__ms_defender_eventhub.log,AUSY-WS-0015,ms:defender:eventhub,ms:defender:eventhub,2
raw/0172__AUSY-WS-0015__trellix_epo.log,AUSY-WS-0015,trellix:epo,trellix:epo,1
raw/0173__AUSY-WS-0016__XmlWinEventLog.log,AUSY-WS-0016,XmlWinEventLog:Microsoft-Windows-Sysmon/Operational,XmlWinEventLog,8
raw/0174__AUSY-WS-0016__XmlWinEventLog.log,AUSY-WS-0016,XmlWinEventLog:Security,XmlWinEventLog,13
raw/0175__AUSY-WS-0016__sccm_client.log,AUSY-WS-0016,sccm:client,sccm:client,1
raw/0176__AUSY-WS-0016__trellix_epo.log,AUSY-WS-0016,trellix:epo,trellix:epo,1
raw/0177__AUSY-WS-0017__XmlWinEventLog.log,AUSY-WS-0017,XmlWinEventLog:Microsoft-Windows-Sysmon/Operational,XmlWinEventLog,11
raw/0178__AUSY-WS-0017__XmlWinEventLog.log,AUSY-WS-0017,XmlWinEventLog:Security,XmlWinEventLog,7
raw/0179__AUSY-WS-0017__ms_defender_eventhub.log,AUSY-WS-0017,ms:defender:eventhub,ms:defender:eventhub,1
raw/0180__AUSY-WS-0018__XmlWinEventLog.log,AUSY-WS-0018,XmlWinEventLog:Microsoft-Windows-Sysmon/Operational,XmlWinEventLog,5
raw/0181__AUSY-WS-0018__XmlWinEventLog.log,AUSY-WS-0018,XmlWinEventLog:Security,XmlWinEventLog,6
raw/0182__AUSY-WS-0018__ms_defender_eventhub.log,AUSY-WS-0018,ms:defender:eventhub,ms:defender:eventhub,1
raw/0183__AUSY-WS-0018__sccm_client.log,AUSY-WS-0018,sccm:client,sccm:client,1
raw/0184__AUSY-WS-0018__trellix_epo.log,AUSY-WS-0018,trellix:epo,trellix:epo,2
raw/0185__AUSY-WS-0019__XmlWinEventLog.log,AUSY-WS-0019,XmlWinEventLog:Microsoft-Windows-Sysmon/Operational,XmlWinEventLog,11
raw/0186__AUSY-WS-0019__XmlWinEventLog.log,AUSY-WS-0019,XmlWinEventLog:Security,XmlWinEventLog,11
raw/0187__AUSY-WS-0019__trellix_epo.log,AUSY-WS-0019,trellix:epo,trellix:epo,3
raw/0188__AUSY-WS-0020__XmlWinEventLog.log,AUSY-WS-0020,XmlWinEventLog:Microsoft-Windows-Sysmon/Operational,XmlWinEventLog,7
raw/0189__AUSY-WS-0020__XmlWinEventLog.log,AUSY-WS-0020,XmlWinEventLog:Security,XmlWinEventLog,9
raw/0190__AUSY-WS-0020__ms_defender_eventhub.log,AUSY-WS-0020,ms:defender:eventhub,ms:defender:eventhub,2
raw/0191__AUSY-WS-0021__XmlWinEventLog.log,AUSY-WS-0021,XmlWinEventLog:Microsoft-Windows-Sysmon/Operational,XmlWinEventLog,13
raw/0192__AUSY-WS-0021__XmlWinEventLog.log,AUSY-WS-0021,XmlWinEventLog:Security,XmlWinEventLog,11
raw/0193__AUSY-WS-0021__ms_defender_eventhub.log,AUSY-WS-0021,ms:defender:eventhub,ms:defender:eventhub,1
raw/0194__AUSY-WS-0022__XmlWinEventLog.log,AUSY-WS-0022,XmlWinEventLog:Microsoft-Windows-Sysmon/Operational,XmlWinEventLog,9
raw/0195__AUSY-WS-0022__XmlWinEventLog.log,AUSY-WS-0022,XmlWinEventLog:Security,XmlWinEventLog,7
raw/0196__AUSY-WS-0023__XmlWinEventLog.log,AUSY-WS-0023,XmlWinEventLog:Microsoft-Windows-Sysmon/Operational,XmlWinEventLog,9
raw/0197__AUSY-WS-0023__XmlWinEventLog.log,AUSY-WS-0023,XmlWinEventLog:Security,XmlWinEventLog,12
raw/0198__AUSY-WS-0023__ms_defender_eventhub.log,AUSY-WS-0023,ms:defender:eventhub,ms:defender:eventhub,1
raw/0199__AUSY-WS-0023__sccm_client.log,AUSY-WS-0023,sccm:client,sccm:client,1
raw/0200__AUSY-WS-0023__wsus_client.log,AUSY-WS-0023,wsus:client,wsus:client,1
raw/0201__AUSY-WS-0024__XmlWinEventLog.log,AUSY-WS-0024,XmlWinEventLog:Microsoft-Windows-Sysmon/Operational,XmlWinEventLog,11
raw/0202__AUSY-WS-0024__XmlWinEventLog.log,AUSY-WS-0024,XmlWinEventLog:Security,XmlWinEventLog,10
raw/0203__AUSY-WS-0025__XmlWinEventLog.log,AUSY-WS-0025,XmlWinEventLog:Microsoft-Windows-Sysmon/Operational,XmlWinEventLog,7
raw/0204__AUSY-WS-0025__XmlWinEventLog.log,AUSY-WS-0025,XmlWinEventLog:Security,XmlWinEventLog,6
raw/0205__AUSY-WS-0025__ms_defender_eventhub.log,AUSY-WS-0025,ms:defender:eventhub,ms:defender:eventhub,1
raw/0206__AUSY-WS-0025__wsus_client.log,AUSY-WS-0025,wsus:client,wsus:client,1
raw/0207__AUSY-WS-0026__XmlWinEventLog.log,AUSY-WS-0026,XmlWinEventLog:Microsoft-Windows-Sysmon/Operational,XmlWinEventLog,9
raw/0208__AUSY-WS-0026__XmlWinEventLog.log,AUSY-WS-0026,XmlWinEventLog:Security,XmlWinEventLog,6
raw/0209__AUSY-WS-0026__trellix_epo.log,AUSY-WS-0026,trellix:epo,trellix:epo,1
raw/0210__AUSY-WS-0027__XmlWinEventLog.log,AUSY-WS-0027,XmlWinEventLog:Microsoft-Windows-Sysmon/Operational,XmlWinEventLog,7
raw/0211__AUSY-WS-0027__XmlWinEventLog.log,AUSY-WS-0027,XmlWinEventLog:Security,XmlWinEventLog,4
raw/0212__AUSY-WS-0028__XmlWinEventLog.log,AUSY-WS-0028,XmlWinEventLog:Microsoft-Windows-Sysmon/Operational,XmlWinEventLog,6
raw/0213__AUSY-WS-0028__XmlWinEventLog.log,AUSY-WS-0028,XmlWinEventLog:Security,XmlWinEventLog,9
raw/0214__AUSY-WS-0028__ms_defender_eventhub.log,AUSY-WS-0028,ms:defender:eventhub,ms:defender:eventhub,2
raw/0215__AUSY-WS-0028__sccm_client.log,AUSY-WS-0028,sccm:client,sccm:client,1
raw/0216__AUSY-WS-0028__trellix_epo.log,AUSY-WS-0028,trellix:epo,trellix:epo,1
raw/0217__AUSY-WS-0028__wsus_client.log,AUSY-WS-0028,wsus:client,wsus:client,1
raw/0218__AUSY-WS-0029__XmlWinEventLog.log,AUSY-WS-0029,XmlWinEventLog:Microsoft-Windows-Sysmon/Operational,XmlWinEventLog,11
raw/0219__AUSY-WS-0029__XmlWinEventLog.log,AUSY-WS-0029,XmlWinEventLog:Security,XmlWinEventLog,4
raw/0220__AUSY-WS-0029__ms_defender_eventhub.log,AUSY-WS-0029,ms:defender:eventhub,ms:defender:eventhub,1
raw/0221__AUSY-WS-0030__XmlWinEventLog.log,AUSY-WS-0030,XmlWinEventLog:Microsoft-Windows-Sysmon/Operational,XmlWinEventLog,7
raw/0222__AUSY-WS-0030__XmlWinEventLog.log,AUSY-WS-0030,XmlWinEventLog:Security,XmlWinEventLog,5
raw/0223__AUSY-WS-0030__ms_defender_eventhub.log,AUSY-WS-0030,ms:defender:eventhub,ms:defender:eventhub,1
raw/0224__AUSY-WS-0030__wsus_client.log,AUSY-WS-0030,wsus:client,wsus:client,1
raw/0225__AUSY-WS-0031__XmlWinEventLog.log,AUSY-WS-0031,XmlWinEventLog:Microsoft-Windows-Sysmon/Operational,XmlWinEventLog,2
raw/0226__AUSY-WS-0031__XmlWinEventLog.log,AUSY-WS-0031,XmlWinEventLog:Security,XmlWinEventLog,8
raw/0227__AUSY-WS-0031__trellix_epo.log,AUSY-WS-0031,trellix:epo,trellix:epo,1
raw/0228__AUSY-WS-0032__XmlWinEventLog.log,AUSY-WS-0032,XmlWinEventLog:Microsoft-Windows-Sysmon/Operational,XmlWinEventLog,8
raw/0229__AUSY-WS-0032__XmlWinEventLog.log,AUSY-WS-0032,XmlWinEventLog:Security,XmlWinEventLog,8
raw/0230__AUSY-WS-0033__XmlWinEventLog.log,AUSY-WS-0033,XmlWinEventLog:Microsoft-Windows-Sysmon/Operational,XmlWinEventLog,8
raw/0231__AUSY-WS-0033__XmlWinEventLog.log,AUSY-WS-0033,XmlWinEventLog:Security,XmlWinEventLog,7
raw/0232__AUSY-WS-0033__ms_defender_eventhub.log,AUSY-WS-0033,ms:defender:eventhub,ms:defender:eventhub,2
raw/0233__AUSY-WS-0034__XmlWinEventLog.log,AUSY-WS-0034,XmlWinEventLog:Microsoft-Windows-Sysmon/Operational,XmlWinEventLog,8
raw/0234__AUSY-WS-0034__XmlWinEventLog.log,AUSY-WS-0034,XmlWinEventLog:Security,XmlWinEventLog,6
raw/0235__AUSY-WS-0034__ms_defender_eventhub.log,AUSY-WS-0034,ms:defender:eventhub,ms:defender:eventhub,1
raw/0236__AUSY-WS-0034__sccm_client.log,AUSY-WS-0034,sccm:client,sccm:client,1
raw/0237__AUSY-WS-0034__trellix_epo.log,AUSY-WS-0034,trellix:epo,trellix:epo,1
raw/0238__AUSY-WS-0035__XmlWinEventLog.log,AUSY-WS-0035,XmlWinEventLog:Microsoft-Windows-Sysmon/Operational,XmlWinEventLog,3
raw/0239__AUSY-WS-0035__XmlWinEventLog.log,AUSY-WS-0035,XmlWinEventLog:Security,XmlWinEventLog,4
raw/0240__AUSY-WS-0035__ms_defender_eventhub.log,AUSY-WS-0035,ms:defender:eventhub,ms:defender:eventhub,4
raw/0241__AUSY-WS-0035__trellix_epo.log,AUSY-WS-0035,trellix:epo,trellix:epo,2
raw/0242__AUSY-WS-0036__XmlWinEventLog.log,AUSY-WS-0036,XmlWinEventLog:Microsoft-Windows-Sysmon/Operational,XmlWinEventLog,8
raw/0243__AUSY-WS-0036__XmlWinEventLog.log,AUSY-WS-0036,XmlWinEventLog:Security,XmlWinEventLog,3
raw/0244__AUSY-WS-0036__wsus_client.log,AUSY-WS-0036,wsus:client,wsus:client,2
raw/0245__AUSY-WS-0037__XmlWinEventLog.log,AUSY-WS-0037,XmlWinEventLog:Microsoft-Windows-Sysmon/Operational,XmlWinEventLog,5
raw/0246__AUSY-WS-0037__XmlWinEventLog.log,AUSY-WS-0037,XmlWinEventLog:Security,XmlWinEventLog,8
raw/0247__AUSY-WS-0038__XmlWinEventLog.log,AUSY-WS-0038,XmlWinEventLog:Microsoft-Windows-Sysmon/Operational,XmlWinEventLog,9
raw/0248__AUSY-WS-0038__XmlWinEventLog.log,AUSY-WS-0038,XmlWinEventLog:Security,XmlWinEventLog,5
raw/0249__AUSY-WS-0039__XmlWinEventLog.log,AUSY-WS-0039,XmlWinEventLog:Microsoft-Windows-Sysmon/Operational,XmlWinEventLog,7
raw/0250__AUSY-WS-0039__XmlWinEventLog.log,AUSY-WS-0039,XmlWinEventLog:Security,XmlWinEventLog,4
raw/0251__AUSY-WS-0039__trellix_epo.log,AUSY-WS-0039,trellix:epo,trellix:epo,1
raw/0252__AUSY-WS-0040__XmlWinEventLog.log,AUSY-WS-0040,XmlWinEventLog:Microsoft-Windows-Sysmon/Operational,XmlWinEventLog,5
raw/0253__AUSY-WS-0040__XmlWinEventLog.log,AUSY-WS-0040,XmlWinEventLog:Security,XmlWinEventLog,6
raw/0254__AUSY-WS-0041__XmlWinEventLog.log,AUSY-WS-0041,XmlWinEventLog:Microsoft-Windows-Sysmon/Operational,XmlWinEventLog,8
raw/0255__AUSY-WS-0041__XmlWinEventLog.log,AUSY-WS-0041,XmlWinEventLog:Security,XmlWinEventLog,5
raw/0256__AUSY-WS-0041__ms_defender_eventhub.log,AUSY-WS-0041,ms:defender:eventhub,ms:defender:eventhub,3
raw/0257__AUSY-WS-0041__trellix_epo.log,AUSY-WS-0041,trellix:epo,trellix:epo,1
raw/0258__AUSY-WS-0041__wsus_client.log,AUSY-WS-0041,wsus:client,wsus:client,2
raw/0259__AUSY-WS-0042__XmlWinEventLog.log,AUSY-WS-0042,XmlWinEventLog:Microsoft-Windows-Sysmon/Operational,XmlWinEventLog,7
raw/0260__AUSY-WS-0042__XmlWinEventLog.log,AUSY-WS-0042,XmlWinEventLog:Security,XmlWinEventLog,7
raw/0261__AUSY-WS-0042__ms_defender_eventhub.log,AUSY-WS-0042,ms:defender:eventhub,ms:defender:eventhub,3
raw/0262__AUSY-WS-0043__XmlWinEventLog.log,AUSY-WS-0043,XmlWinEventLog:Microsoft-Windows-Sysmon/Operational,XmlWinEventLog,7
raw/0263__AUSY-WS-0043__XmlWinEventLog.log,AUSY-WS-0043,XmlWinEventLog:Security,XmlWinEventLog,2
raw/0264__AUSY-WS-0043__ms_defender_eventhub.log,AUSY-WS-0043,ms:defender:eventhub,ms:defender:eventhub,3
raw/0265__AUSY-WS-0043__sccm_client.log,AUSY-WS-0043,sccm:client,sccm:client,1
raw/0266__AUSY-WS-0043__wsus_client.log,AUSY-WS-0043,wsus:client,wsus:client,1
raw/0267__AUSY-WS-0044__XmlWinEventLog.log,AUSY-WS-0044,XmlWinEventLog:Microsoft-Windows-Sysmon/Operational,XmlWinEventLog,10
raw/0268__AUSY-WS-0044__XmlWinEventLog.log,AUSY-WS-0044,XmlWinEventLog:Security,XmlWinEventLog,9
raw/0269__AUSY-WS-0044__trellix_epo.log,AUSY-WS-0044,trellix:epo,trellix:epo,1
raw/0270__AUSY-WS-0045__XmlWinEventLog.log,AUSY-WS-0045,XmlWinEventLog:Microsoft-Windows-Sysmon/Operational,XmlWinEventLog,8
raw/0271__AUSY-WS-0045__XmlWinEventLog.log,AUSY-WS-0045,XmlWinEventLog:Security,XmlWinEventLog,5
raw/0272__AUSY-WS-0045__ms_defender_eventhub.log,AUSY-WS-0045,ms:defender:eventhub,ms:defender:eventhub,2
raw/0273__AUSY-WS-0045__sccm_client.log,AUSY-WS-0045,sccm:client,sccm:client,2
raw/0274__AUSY-WS-0045__trellix_epo.log,AUSY-WS-0045,trellix:epo,trellix:epo,1
raw/0275__AUSY-WS-0046__XmlWinEventLog.log,AUSY-WS-0046,XmlWinEventLog:Microsoft-Windows-Sysmon/Operational,XmlWinEventLog,5
raw/0276__AUSY-WS-0046__XmlWinEventLog.log,AUSY-WS-0046,XmlWinEventLog:Security,XmlWinEventLog,6
raw/0277__AUSY-WS-0046__ms_defender_eventhub.log,AUSY-WS-0046,ms:defender:eventhub,ms:defender:eventhub,1
raw/0278__AUSY-WS-0046__sccm_client.log,AUSY-WS-0046,sccm:client,sccm:client,1
raw/0279__AUSY-WS-0047__XmlWinEventLog.log,AUSY-WS-0047,XmlWinEventLog:Microsoft-Windows-Sysmon/Operational,XmlWinEventLog,10
raw/0280__AUSY-WS-0047__XmlWinEventLog.log,AUSY-WS-0047,XmlWinEventLog:Security,XmlWinEventLog,6
raw/0281__AUSY-WS-0047__wsus_client.log,AUSY-WS-0047,wsus:client,wsus:client,1
raw/0282__AUSY-WS-0048__XmlWinEventLog.log,AUSY-WS-0048,XmlWinEventLog:Microsoft-Windows-Sysmon/Operational,XmlWinEventLog,3
raw/0283__AUSY-WS-0048__XmlWinEventLog.log,AUSY-WS-0048,XmlWinEventLog:Security,XmlWinEventLog,4
raw/0284__AUSY-WS-0048__ms_defender_eventhub.log,AUSY-WS-0048,ms:defender:eventhub,ms:defender:eventhub,1
raw/0285__AUSY-WS-0049__XmlWinEventLog.log,AUSY-WS-0049,XmlWinEventLog:Microsoft-Windows-Sysmon/Operational,XmlWinEventLog,13
raw/0286__AUSY-WS-0049__XmlWinEventLog.log,AUSY-WS-0049,XmlWinEventLog:Security,XmlWinEventLog,6
raw/0287__AUSY-WS-0049__ms_defender_eventhub.log,AUSY-WS-0049,ms:defender:eventhub,ms:defender:eventhub,1
raw/0288__AUSY-WS-0049__sccm_client.log,AUSY-WS-0049,sccm:client,sccm:client,1
raw/0289__AUSY-WS-0049__wsus_client.log,AUSY-WS-0049,wsus:client,wsus:client,1
raw/0290__AUSY-WS-0050__XmlWinEventLog.log,AUSY-WS-0050,XmlWinEventLog:Microsoft-Windows-Sysmon/Operational,XmlWinEventLog,7
raw/0291__AUSY-WS-0050__XmlWinEventLog.log,AUSY-WS-0050,XmlWinEventLog:Security,XmlWinEventLog,4
raw/0292__AUSY-WS-0050__ms_defender_eventhub.log,AUSY-WS-0050,ms:defender:eventhub,ms:defender:eventhub,2
raw/0293__AUSY-WS-0050__trellix_epo.log,AUSY-WS-0050,trellix:epo,trellix:epo,2
raw/0294__AUSY-WS-0051__XmlWinEventLog.log,AUSY-WS-0051,XmlWinEventLog:Microsoft-Windows-Sysmon/Operational,XmlWinEventLog,5
raw/0295__AUSY-WS-0051__XmlWinEventLog.log,AUSY-WS-0051,XmlWinEventLog:Security,XmlWinEventLog,4
raw/0296__AUSY-WS-0051__ms_defender_eventhub.log,AUSY-WS-0051,ms:defender:eventhub,ms:defender:eventhub,4
raw/0297__AUSY-WS-0051__sccm_client.log,AUSY-WS-0051,sccm:client,sccm:client,1
raw/0298__AUSY-WS-0052__XmlWinEventLog.log,AUSY-WS-0052,XmlWinEventLog:Microsoft-Windows-Sysmon/Operational,XmlWinEventLog,3
raw/0299__AUSY-WS-0052__XmlWinEventLog.log,AUSY-WS-0052,XmlWinEventLog:Security,XmlWinEventLog,5
raw/0300__AUSY-WS-0053__XmlWinEventLog.log,AUSY-WS-0053,XmlWinEventLog:Microsoft-Windows-Sysmon/Operational,XmlWinEventLog,7
raw/0301__AUSY-WS-0053__XmlWinEventLog.log,AUSY-WS-0053,XmlWinEventLog:Security,XmlWinEventLog,5
raw/0302__AUSY-WS-0053__sccm_client.log,AUSY-WS-0053,sccm:client,sccm:client,1
raw/0303__AUSY-WS-0053__trellix_epo.log,AUSY-WS-0053,trellix:epo,trellix:epo,2
raw/0304__AUSY-WS-0054__XmlWinEventLog.log,AUSY-WS-0054,XmlWinEventLog:Microsoft-Windows-Sysmon/Operational,XmlWinEventLog,6
raw/0305__AUSY-WS-0054__XmlWinEventLog.log,AUSY-WS-0054,XmlWinEventLog:Security,XmlWinEventLog,5
raw/0306__AUSY-WS-0054__sccm_client.log,AUSY-WS-0054,sccm:client,sccm:client,1
raw/0307__AUSY-WS-0055__XmlWinEventLog.log,AUSY-WS-0055,XmlWinEventLog:Microsoft-Windows-Sysmon/Operational,XmlWinEventLog,8
raw/0308__AUSY-WS-0055__XmlWinEventLog.log,AUSY-WS-0055,XmlWinEventLog:Security,XmlWinEventLog,5
raw/0309__AUSY-WS-0055__ms_defender_eventhub.log,AUSY-WS-0055,ms:defender:eventhub,ms:defender:eventhub,1
raw/0310__AUSY-WS-0055__wsus_client.log,AUSY-WS-0055,wsus:client,wsus:client,1
raw/0311__AUSY-WS-0056__XmlWinEventLog.log,AUSY-WS-0056,XmlWinEventLog:Microsoft-Windows-Sysmon/Operational,XmlWinEventLog,3
raw/0312__AUSY-WS-0056__XmlWinEventLog.log,AUSY-WS-0056,XmlWinEventLog:Security,XmlWinEventLog,2
raw/0313__AUSY-WS-0056__ms_defender_eventhub.log,AUSY-WS-0056,ms:defender:eventhub,ms:defender:eventhub,2
raw/0314__AUSY-WS-0057__XmlWinEventLog.log,AUSY-WS-0057,XmlWinEventLog:Microsoft-Windows-Sysmon/Operational,XmlWinEventLog,4
raw/0315__AUSY-WS-0057__XmlWinEventLog.log,AUSY-WS-0057,XmlWinEventLog:Security,XmlWinEventLog,2
raw/0316__AUSY-WS-0057__trellix_epo.log,AUSY-WS-0057,trellix:epo,trellix:epo,1
raw/0317__AUSY-WS-0058__XmlWinEventLog.log,AUSY-WS-0058,XmlWinEventLog:Microsoft-Windows-Sysmon/Operational,XmlWinEventLog,18
raw/0318__AUSY-WS-0058__XmlWinEventLog.log,AUSY-WS-0058,XmlWinEventLog:Security,XmlWinEventLog,3
raw/0319__AUSY-WS-0058__sccm_client.log,AUSY-WS-0058,sccm:client,sccm:client,2
raw/0320__AUSY-WS-0059__XmlWinEventLog.log,AUSY-WS-0059,XmlWinEventLog:Microsoft-Windows-Sysmon/Operational,XmlWinEventLog,6
raw/0321__AUSY-WS-0059__XmlWinEventLog.log,AUSY-WS-0059,XmlWinEventLog:Security,XmlWinEventLog,2
raw/0322__AUSY-WS-0059__ms_defender_eventhub.log,AUSY-WS-0059,ms:defender:eventhub,ms:defender:eventhub,1
raw/0323__AUSY-WS-0060__XmlWinEventLog.log,AUSY-WS-0060,XmlWinEventLog:Microsoft-Windows-Sysmon/Operational,XmlWinEventLog,3
raw/0324__AUSY-WS-0060__XmlWinEventLog.log,AUSY-WS-0060,XmlWinEventLog:Security,XmlWinEventLog,5
raw/0325__AUSY-WS-0060__ms_defender_eventhub.log,AUSY-WS-0060,ms:defender:eventhub,ms:defender:eventhub,2
raw/0326__AUSY-WS-0061__XmlWinEventLog.log,AUSY-WS-0061,XmlWinEventLog:Microsoft-Windows-Sysmon/Operational,XmlWinEventLog,7
raw/0327__AUSY-WS-0061__XmlWinEventLog.log,AUSY-WS-0061,XmlWinEventLog:Security,XmlWinEventLog,9
raw/0328__AUSY-WS-0061__ms_defender_eventhub.log,AUSY-WS-0061,ms:defender:eventhub,ms:defender:eventhub,2
raw/0329__AUSY-WS-0062__XmlWinEventLog.log,AUSY-WS-0062,XmlWinEventLog:Microsoft-Windows-Sysmon/Operational,XmlWinEventLog,3
raw/0330__AUSY-WS-0062__ms_defender_eventhub.log,AUSY-WS-0062,ms:defender:eventhub,ms:defender:eventhub,1
raw/0331__AUSY-WS-0062__trellix_epo.log,AUSY-WS-0062,trellix:epo,trellix:epo,2
raw/0332__AUSY-WS-0063__XmlWinEventLog.log,AUSY-WS-0063,XmlWinEventLog:Microsoft-Windows-Sysmon/Operational,XmlWinEventLog,10
raw/0333__AUSY-WS-0063__XmlWinEventLog.log,AUSY-WS-0063,XmlWinEventLog:Security,XmlWinEventLog,4
raw/0334__AUSY-WS-0064__XmlWinEventLog.log,AUSY-WS-0064,XmlWinEventLog:Microsoft-Windows-Sysmon/Operational,XmlWinEventLog,4
raw/0335__AUSY-WS-0064__XmlWinEventLog.log,AUSY-WS-0064,XmlWinEventLog:Security,XmlWinEventLog,7
raw/0336__AUSY-WS-0064__trellix_epo.log,AUSY-WS-0064,trellix:epo,trellix:epo,1
raw/0337__AUSY-ZEEK-01__bro_conn_json.log,AUSY-ZEEK-01,zeek:conn,bro:conn:json,1106
raw/0338__AUSY-ZEEK-01__bro_dce_rpc_json.log,AUSY-ZEEK-01,zeek:dce_rpc,bro:dce_rpc:json,95
raw/0339__AUSY-ZEEK-01__bro_dns_json.log,AUSY-ZEEK-01,zeek:dns,bro:dns:json,460
raw/0340__AUSY-ZEEK-01__bro_http_json.log,AUSY-ZEEK-01,zeek:http,bro:http:json,247
raw/0341__AUSY-ZEEK-01__bro_smb_files_json.log,AUSY-ZEEK-01,zeek:smb_files,bro:smb_files:json,109
raw/0342__AUSY-ZEEK-01__bro_ssl_json.log,AUSY-ZEEK-01,zeek:ssl,bro:ssl:json,431
raw/0343__AWS-AIPLATFORM-DEV__aws_cloudtrail.log,AWS-AIPLATFORM-DEV,aws:cloudtrail,aws:cloudtrail,283
raw/0344__AWS-AIPLATFORM-DEV__aws_cloudwatchlogs_vpcflow.log,AWS-AIPLATFORM-DEV,aws:vpcflow,aws:cloudwatchlogs:vpcflow,296
raw/0345__AWS-ATLASSIAN-PROD__aws_cloudtrail.log,AWS-ATLASSIAN-PROD,aws:cloudtrail,aws:cloudtrail,300
raw/0346__AWS-ATLASSIAN-PROD__aws_cloudwatchlogs_vpcflow.log,AWS-ATLASSIAN-PROD,aws:vpcflow,aws:cloudwatchlogs:vpcflow,304
raw/0347__AWS-CT-ENGDATA__aws_cloudtrail.log,AWS-CT-ENGDATA,aws:cloudtrail,aws:cloudtrail,6
raw/0348__AWS-ENGINEERINGDATA-PROD__aws_cloudtrail.log,AWS-ENGINEERINGDATA-PROD,aws:cloudtrail,aws:cloudtrail,325
raw/0349__AWS-ENGINEERINGDATA-PROD__aws_cloudwatchlogs_vpcflow.log,AWS-ENGINEERINGDATA-PROD,aws:vpcflow,aws:cloudwatchlogs:vpcflow,302
raw/0350__AWS-GITLAB-01__gitlab_audit.log,AWS-GITLAB-01,gitlab:audit,gitlab:audit,294
raw/0351__AWS-GITLAB-PROD__aws_cloudtrail.log,AWS-GITLAB-PROD,aws:cloudtrail,aws:cloudtrail,325
raw/0352__AWS-GITLAB-PROD__aws_cloudwatchlogs_vpcflow.log,AWS-GITLAB-PROD,aws:vpcflow,aws:cloudwatchlogs:vpcflow,261
raw/0353__AWS-OBSERVABILITY-PROD__aws_cloudtrail.log,AWS-OBSERVABILITY-PROD,aws:cloudtrail,aws:cloudtrail,292
raw/0354__AWS-OBSERVABILITY-PROD__aws_cloudwatchlogs_vpcflow.log,AWS-OBSERVABILITY-PROD,aws:vpcflow,aws:cloudwatchlogs:vpcflow,312
raw/0355__AWS-WEBPLATFORM-PROD__aws_cloudtrail.log,AWS-WEBPLATFORM-PROD,aws:cloudtrail,aws:cloudtrail,301
raw/0356__AWS-WEBPLATFORM-PROD__aws_cloudwatchlogs_vpcflow.log,AWS-WEBPLATFORM-PROD,aws:vpcflow,aws:cloudwatchlogs:vpcflow,305
raw/0357__CATO-APP-01__XmlWinEventLog.log,CATO-APP-01,XmlWinEventLog:Microsoft-Windows-Sysmon/Operational,XmlWinEventLog,10
raw/0358__CATO-APP-01__XmlWinEventLog.log,CATO-APP-01,XmlWinEventLog:Security,XmlWinEventLog,6
raw/0359__CATO-APP-01__ms_defender_eventhub.log,CATO-APP-01,ms:defender:eventhub,ms:defender:eventhub,4
raw/0360__CATO-APP-01__sccm_client.log,CATO-APP-01,sccm:client,sccm:client,1
raw/0361__CATO-APP-02__XmlWinEventLog.log,CATO-APP-02,XmlWinEventLog:Microsoft-Windows-Sysmon/Operational,XmlWinEventLog,13
raw/0362__CATO-APP-02__XmlWinEventLog.log,CATO-APP-02,XmlWinEventLog:Security,XmlWinEventLog,5
raw/0363__CATO-APP-02__trellix_epo.log,CATO-APP-02,trellix:epo,trellix:epo,1
raw/0364__CATO-APP-03__XmlWinEventLog.log,CATO-APP-03,XmlWinEventLog:Microsoft-Windows-Sysmon/Operational,XmlWinEventLog,9
raw/0365__CATO-APP-03__XmlWinEventLog.log,CATO-APP-03,XmlWinEventLog:Security,XmlWinEventLog,3
raw/0366__CATO-APP-04__XmlWinEventLog.log,CATO-APP-04,XmlWinEventLog:Microsoft-Windows-Sysmon/Operational,XmlWinEventLog,10
raw/0367__CATO-APP-04__XmlWinEventLog.log,CATO-APP-04,XmlWinEventLog:Security,XmlWinEventLog,2
raw/0368__CATO-APP-05__XmlWinEventLog.log,CATO-APP-05,XmlWinEventLog:Microsoft-Windows-Sysmon/Operational,XmlWinEventLog,6
raw/0369__CATO-APP-05__XmlWinEventLog.log,CATO-APP-05,XmlWinEventLog:Security,XmlWinEventLog,3
raw/0370__CATO-APP-05__ms_defender_eventhub.log,CATO-APP-05,ms:defender:eventhub,ms:defender:eventhub,2
raw/0371__CATO-APP-05__sccm_client.log,CATO-APP-05,sccm:client,sccm:client,1
raw/0372__CATO-APP-06__XmlWinEventLog.log,CATO-APP-06,XmlWinEventLog:Microsoft-Windows-Sysmon/Operational,XmlWinEventLog,10
raw/0373__CATO-APP-06__XmlWinEventLog.log,CATO-APP-06,XmlWinEventLog:Security,XmlWinEventLog,2
raw/0374__CATO-APP-06__trellix_epo.log,CATO-APP-06,trellix:epo,trellix:epo,1
raw/0375__CATO-APP-07__XmlWinEventLog.log,CATO-APP-07,XmlWinEventLog:Microsoft-Windows-Sysmon/Operational,XmlWinEventLog,6
raw/0376__CATO-APP-07__XmlWinEventLog.log,CATO-APP-07,XmlWinEventLog:Security,XmlWinEventLog,4
raw/0377__CATO-APP-08__XmlWinEventLog.log,CATO-APP-08,XmlWinEventLog:Microsoft-Windows-Sysmon/Operational,XmlWinEventLog,12
raw/0378__CATO-APP-08__XmlWinEventLog.log,CATO-APP-08,XmlWinEventLog:Security,XmlWinEventLog,9
raw/0379__CATO-APP-08__ms_defender_eventhub.log,CATO-APP-08,ms:defender:eventhub,ms:defender:eventhub,3
raw/0380__CATO-APP-08__trellix_epo.log,CATO-APP-08,trellix:epo,trellix:epo,1
raw/0381__CATO-DC-01__XmlWinEventLog.log,CATO-DC-01,XmlWinEventLog:Security,XmlWinEventLog,167
raw/0382__CATO-FS-01__XmlWinEventLog.log,CATO-FS-01,XmlWinEventLog:Microsoft-Windows-Sysmon/Operational,XmlWinEventLog,9
raw/0383__CATO-FS-01__XmlWinEventLog.log,CATO-FS-01,XmlWinEventLog:Security,XmlWinEventLog,6
raw/0384__CATO-FS-01__wsus_client.log,CATO-FS-01,wsus:client,wsus:client,2
raw/0385__CATO-FS-02__XmlWinEventLog.log,CATO-FS-02,XmlWinEventLog:Microsoft-Windows-Sysmon/Operational,XmlWinEventLog,8
raw/0386__CATO-FS-02__XmlWinEventLog.log,CATO-FS-02,XmlWinEventLog:Security,XmlWinEventLog,4
raw/0387__CATO-FS-02__ms_defender_eventhub.log,CATO-FS-02,ms:defender:eventhub,ms:defender:eventhub,3
raw/0388__CATO-FS-03__XmlWinEventLog.log,CATO-FS-03,XmlWinEventLog:Microsoft-Windows-Sysmon/Operational,XmlWinEventLog,5
raw/0389__CATO-FS-03__XmlWinEventLog.log,CATO-FS-03,XmlWinEventLog:Security,XmlWinEventLog,6
raw/0390__CATO-FS-03__ms_defender_eventhub.log,CATO-FS-03,ms:defender:eventhub,ms:defender:eventhub,3
raw/0391__CATO-FS-03__trellix_epo.log,CATO-FS-03,trellix:epo,trellix:epo,1
raw/0392__CATO-FS-03__wsus_client.log,CATO-FS-03,wsus:client,wsus:client,1
raw/0393__CATO-FS-04__XmlWinEventLog.log,CATO-FS-04,XmlWinEventLog:Microsoft-Windows-Sysmon/Operational,XmlWinEventLog,6
raw/0394__CATO-FS-04__XmlWinEventLog.log,CATO-FS-04,XmlWinEventLog:Security,XmlWinEventLog,6
raw/0395__CATO-FS-04__ms_defender_eventhub.log,CATO-FS-04,ms:defender:eventhub,ms:defender:eventhub,2
raw/0396__CATO-FW-01__pan_traffic.log,CATO-FW-01,pan:traffic,pan:traffic,113
raw/0397__CATO-FW-02__fortigate_traffic.log,CATO-FW-02,fortigate_traffic,fortigate_traffic,115
raw/0398__CATO-FW-03__cisco_asa.log,CATO-FW-03,cisco:asa,cisco:asa,119
raw/0399__CATO-JUMP-01__XmlWinEventLog.log,CATO-JUMP-01,XmlWinEventLog:Microsoft-Windows-Sysmon/Operational,XmlWinEventLog,4
raw/0400__CATO-JUMP-01__XmlWinEventLog.log,CATO-JUMP-01,XmlWinEventLog:Security,XmlWinEventLog,2
raw/0401__CATO-JUMP-02__XmlWinEventLog.log,CATO-JUMP-02,XmlWinEventLog:Microsoft-Windows-Sysmon/Operational,XmlWinEventLog,6
raw/0402__CATO-JUMP-02__XmlWinEventLog.log,CATO-JUMP-02,XmlWinEventLog:Security,XmlWinEventLog,6
raw/0403__CATO-JUMP-02__ms_defender_eventhub.log,CATO-JUMP-02,ms:defender:eventhub,ms:defender:eventhub,1
raw/0404__CATO-JUMP-02__sccm_client.log,CATO-JUMP-02,sccm:client,sccm:client,1
raw/0405__CATO-JUMP-03__XmlWinEventLog.log,CATO-JUMP-03,XmlWinEventLog:Microsoft-Windows-Sysmon/Operational,XmlWinEventLog,8
raw/0406__CATO-JUMP-03__XmlWinEventLog.log,CATO-JUMP-03,XmlWinEventLog:Security,XmlWinEventLog,7
raw/0407__CATO-JUMP-03__ms_defender_eventhub.log,CATO-JUMP-03,ms:defender:eventhub,ms:defender:eventhub,1
raw/0408__CATO-JUMP-03__trellix_epo.log,CATO-JUMP-03,trellix:epo,trellix:epo,1
raw/0409__CATO-LNX-01__linux_audit.log,CATO-LNX-01,/var/log/audit/audit.log,linux_audit,103
raw/0410__CATO-LNX-01__linux_secure.log,CATO-LNX-01,/var/log/secure,linux_secure,17
raw/0411__CATO-LNX-01__syslog.log,CATO-LNX-01,/var/log/syslog,syslog,40
raw/0412__CATO-LNX-01__trellix_epo.log,CATO-LNX-01,trellix:epo,trellix:epo,2
raw/0413__CATO-LNX-02__linux_audit.log,CATO-LNX-02,/var/log/audit/audit.log,linux_audit,128
raw/0414__CATO-LNX-02__linux_secure.log,CATO-LNX-02,/var/log/secure,linux_secure,21
raw/0415__CATO-LNX-02__syslog.log,CATO-LNX-02,/var/log/syslog,syslog,31
raw/0416__CATO-LNX-02__trellix_epo.log,CATO-LNX-02,trellix:epo,trellix:epo,1
raw/0417__CATO-LNX-03__linux_audit.log,CATO-LNX-03,/var/log/audit/audit.log,linux_audit,118
raw/0418__CATO-LNX-03__linux_secure.log,CATO-LNX-03,/var/log/secure,linux_secure,12
raw/0419__CATO-LNX-03__syslog.log,CATO-LNX-03,/var/log/syslog,syslog,31
raw/0420__CATO-LNX-03__trellix_epo.log,CATO-LNX-03,trellix:epo,trellix:epo,1
raw/0421__CATO-LNX-04__linux_audit.log,CATO-LNX-04,/var/log/audit/audit.log,linux_audit,93
raw/0422__CATO-LNX-04__linux_secure.log,CATO-LNX-04,/var/log/secure,linux_secure,22
raw/0423__CATO-LNX-04__syslog.log,CATO-LNX-04,/var/log/syslog,syslog,31
raw/0424__CATO-LNX-04__trellix_epo.log,CATO-LNX-04,trellix:epo,trellix:epo,1
raw/0425__CATO-LNX-05__linux_audit.log,CATO-LNX-05,/var/log/audit/audit.log,linux_audit,103
raw/0426__CATO-LNX-05__linux_secure.log,CATO-LNX-05,/var/log/secure,linux_secure,17
raw/0427__CATO-LNX-05__syslog.log,CATO-LNX-05,/var/log/syslog,syslog,28
raw/0428__CATO-LNX-06__linux_audit.log,CATO-LNX-06,/var/log/audit/audit.log,linux_audit,95
raw/0429__CATO-LNX-06__linux_secure.log,CATO-LNX-06,/var/log/secure,linux_secure,21
raw/0430__CATO-LNX-06__syslog.log,CATO-LNX-06,/var/log/syslog,syslog,33
raw/0431__CATO-LNX-06__trellix_epo.log,CATO-LNX-06,trellix:epo,trellix:epo,3
raw/0432__CATO-LNX-07__linux_audit.log,CATO-LNX-07,/var/log/audit/audit.log,linux_audit,65
raw/0433__CATO-LNX-07__linux_secure.log,CATO-LNX-07,/var/log/secure,linux_secure,17
raw/0434__CATO-LNX-07__syslog.log,CATO-LNX-07,/var/log/syslog,syslog,27
raw/0435__CATO-LNX-08__linux_audit.log,CATO-LNX-08,/var/log/audit/audit.log,linux_audit,88
raw/0436__CATO-LNX-08__linux_secure.log,CATO-LNX-08,/var/log/secure,linux_secure,17
raw/0437__CATO-LNX-08__syslog.log,CATO-LNX-08,/var/log/syslog,syslog,31
raw/0438__CATO-PACS-01__pacs_access.log,CATO-PACS-01,pacs:access,pacs:access,132
raw/0439__CATO-PAW-01__XmlWinEventLog.log,CATO-PAW-01,XmlWinEventLog:Microsoft-Windows-Sysmon/Operational,XmlWinEventLog,10
raw/0440__CATO-PAW-01__XmlWinEventLog.log,CATO-PAW-01,XmlWinEventLog:Security,XmlWinEventLog,7
raw/0441__CATO-PAW-01__ms_defender_eventhub.log,CATO-PAW-01,ms:defender:eventhub,ms:defender:eventhub,1
raw/0442__CATO-PAW-01__trellix_epo.log,CATO-PAW-01,trellix:epo,trellix:epo,1
raw/0443__CATO-PAW-02__XmlWinEventLog.log,CATO-PAW-02,XmlWinEventLog:Microsoft-Windows-Sysmon/Operational,XmlWinEventLog,4
raw/0444__CATO-PAW-02__XmlWinEventLog.log,CATO-PAW-02,XmlWinEventLog:Security,XmlWinEventLog,7
raw/0445__CATO-PAW-02__ms_defender_eventhub.log,CATO-PAW-02,ms:defender:eventhub,ms:defender:eventhub,1
raw/0446__CATO-PAW-02__sccm_client.log,CATO-PAW-02,sccm:client,sccm:client,1
raw/0447__CATO-PAW-02__trellix_epo.log,CATO-PAW-02,trellix:epo,trellix:epo,1
raw/0448__CATO-PAW-03__XmlWinEventLog.log,CATO-PAW-03,XmlWinEventLog:Microsoft-Windows-Sysmon/Operational,XmlWinEventLog,9
raw/0449__CATO-PAW-03__XmlWinEventLog.log,CATO-PAW-03,XmlWinEventLog:Security,XmlWinEventLog,5
raw/0450__CATO-PAW-03__trellix_epo.log,CATO-PAW-03,trellix:epo,trellix:epo,1
raw/0451__CATO-PAW-04__XmlWinEventLog.log,CATO-PAW-04,XmlWinEventLog:Microsoft-Windows-Sysmon/Operational,XmlWinEventLog,11
raw/0452__CATO-PAW-04__XmlWinEventLog.log,CATO-PAW-04,XmlWinEventLog:Security,XmlWinEventLog,6
raw/0453__CATO-PAW-04__sccm_client.log,CATO-PAW-04,sccm:client,sccm:client,1
raw/0454__CATO-PAW-05__XmlWinEventLog.log,CATO-PAW-05,XmlWinEventLog:Microsoft-Windows-Sysmon/Operational,XmlWinEventLog,8
raw/0455__CATO-PAW-05__XmlWinEventLog.log,CATO-PAW-05,XmlWinEventLog:Security,XmlWinEventLog,3
raw/0456__CATO-PAW-05__ms_defender_eventhub.log,CATO-PAW-05,ms:defender:eventhub,ms:defender:eventhub,3
raw/0457__CATO-PAW-05__wsus_client.log,CATO-PAW-05,wsus:client,wsus:client,1
raw/0458__CATO-PAW-06__XmlWinEventLog.log,CATO-PAW-06,XmlWinEventLog:Microsoft-Windows-Sysmon/Operational,XmlWinEventLog,9
raw/0459__CATO-PAW-06__XmlWinEventLog.log,CATO-PAW-06,XmlWinEventLog:Security,XmlWinEventLog,6
raw/0460__CATO-RTR-01__cisco_ios.log,CATO-RTR-01,cisco:ios,cisco:ios,31
raw/0461__CATO-RTR-02__juniper.log,CATO-RTR-02,juniper,juniper,19
raw/0462__CATO-RTR-02__juniper_junos_firewall.log,CATO-RTR-02,juniper:junos:firewall,juniper:junos:firewall,13
raw/0463__CATO-VDI-01__XmlWinEventLog.log,CATO-VDI-01,XmlWinEventLog:Microsoft-Windows-Sysmon/Operational,XmlWinEventLog,7
raw/0464__CATO-VDI-01__XmlWinEventLog.log,CATO-VDI-01,XmlWinEventLog:Security,XmlWinEventLog,3
raw/0465__CATO-VDI-01__ms_defender_eventhub.log,CATO-VDI-01,ms:defender:eventhub,ms:defender:eventhub,1
raw/0466__CATO-VDI-02__XmlWinEventLog.log,CATO-VDI-02,XmlWinEventLog:Microsoft-Windows-Sysmon/Operational,XmlWinEventLog,9
raw/0467__CATO-VDI-02__XmlWinEventLog.log,CATO-VDI-02,XmlWinEventLog:Security,XmlWinEventLog,6
raw/0468__CATO-VDI-02__ms_defender_eventhub.log,CATO-VDI-02,ms:defender:eventhub,ms:defender:eventhub,1
raw/0469__CATO-VDI-02__trellix_epo.log,CATO-VDI-02,trellix:epo,trellix:epo,1
raw/0470__CATO-VDI-03__XmlWinEventLog.log,CATO-VDI-03,XmlWinEventLog:Microsoft-Windows-Sysmon/Operational,XmlWinEventLog,6
raw/0471__CATO-VDI-03__XmlWinEventLog.log,CATO-VDI-03,XmlWinEventLog:Security,XmlWinEventLog,5
raw/0472__CATO-VDI-03__sccm_client.log,CATO-VDI-03,sccm:client,sccm:client,1
raw/0473__CATO-VDI-03__trellix_epo.log,CATO-VDI-03,trellix:epo,trellix:epo,3
raw/0474__CATO-WS-0001__XmlWinEventLog.log,CATO-WS-0001,XmlWinEventLog:Microsoft-Windows-Sysmon/Operational,XmlWinEventLog,11
raw/0475__CATO-WS-0001__XmlWinEventLog.log,CATO-WS-0001,XmlWinEventLog:Security,XmlWinEventLog,16
raw/0476__CATO-WS-0001__ms_defender_eventhub.log,CATO-WS-0001,ms:defender:eventhub,ms:defender:eventhub,1
raw/0477__CATO-WS-0002__XmlWinEventLog.log,CATO-WS-0002,XmlWinEventLog:Microsoft-Windows-Sysmon/Operational,XmlWinEventLog,11
raw/0478__CATO-WS-0002__XmlWinEventLog.log,CATO-WS-0002,XmlWinEventLog:Security,XmlWinEventLog,14
raw/0479__CATO-WS-0002__ms_defender_eventhub.log,CATO-WS-0002,ms:defender:eventhub,ms:defender:eventhub,1
raw/0480__CATO-WS-0002__sccm_client.log,CATO-WS-0002,sccm:client,sccm:client,1
raw/0481__CATO-WS-0003__XmlWinEventLog.log,CATO-WS-0003,XmlWinEventLog:Microsoft-Windows-Sysmon/Operational,XmlWinEventLog,13
raw/0482__CATO-WS-0003__XmlWinEventLog.log,CATO-WS-0003,XmlWinEventLog:Security,XmlWinEventLog,8
raw/0483__CATO-WS-0003__ms_defender_eventhub.log,CATO-WS-0003,ms:defender:eventhub,ms:defender:eventhub,1
raw/0484__CATO-WS-0003__trellix_epo.log,CATO-WS-0003,trellix:epo,trellix:epo,2
raw/0485__CATO-WS-0003__wsus_client.log,CATO-WS-0003,wsus:client,wsus:client,1
raw/0486__CATO-WS-0004__XmlWinEventLog.log,CATO-WS-0004,XmlWinEventLog:Microsoft-Windows-Sysmon/Operational,XmlWinEventLog,12
raw/0487__CATO-WS-0004__XmlWinEventLog.log,CATO-WS-0004,XmlWinEventLog:Security,XmlWinEventLog,8
raw/0488__CATO-WS-0004__wsus_client.log,CATO-WS-0004,wsus:client,wsus:client,1
raw/0489__CATO-WS-0005__XmlWinEventLog.log,CATO-WS-0005,XmlWinEventLog:Microsoft-Windows-Sysmon/Operational,XmlWinEventLog,6
raw/0490__CATO-WS-0005__XmlWinEventLog.log,CATO-WS-0005,XmlWinEventLog:Security,XmlWinEventLog,13
raw/0491__CATO-WS-0005__ms_defender_eventhub.log,CATO-WS-0005,ms:defender:eventhub,ms:defender:eventhub,2
raw/0492__CATO-WS-0006__XmlWinEventLog.log,CATO-WS-0006,XmlWinEventLog:Microsoft-Windows-Sysmon/Operational,XmlWinEventLog,9
raw/0493__CATO-WS-0006__XmlWinEventLog.log,CATO-WS-0006,XmlWinEventLog:Security,XmlWinEventLog,9
raw/0494__CATO-WS-0006__ms_defender_eventhub.log,CATO-WS-0006,ms:defender:eventhub,ms:defender:eventhub,1
raw/0495__CATO-WS-0006__wsus_client.log,CATO-WS-0006,wsus:client,wsus:client,1
raw/0496__CATO-WS-0007__XmlWinEventLog.log,CATO-WS-0007,XmlWinEventLog:Microsoft-Windows-Sysmon/Operational,XmlWinEventLog,12
raw/0497__CATO-WS-0007__XmlWinEventLog.log,CATO-WS-0007,XmlWinEventLog:Security,XmlWinEventLog,9
raw/0498__CATO-WS-0007__ms_defender_eventhub.log,CATO-WS-0007,ms:defender:eventhub,ms:defender:eventhub,1
raw/0499__CATO-WS-0007__trellix_epo.log,CATO-WS-0007,trellix:epo,trellix:epo,1
raw/0500__CATO-WS-0008__XmlWinEventLog.log,CATO-WS-0008,XmlWinEventLog:Microsoft-Windows-Sysmon/Operational,XmlWinEventLog,13
raw/0501__CATO-WS-0008__XmlWinEventLog.log,CATO-WS-0008,XmlWinEventLog:Security,XmlWinEventLog,12
raw/0502__CATO-WS-0008__ms_defender_eventhub.log,CATO-WS-0008,ms:defender:eventhub,ms:defender:eventhub,1
raw/0503__CATO-WS-0008__sccm_client.log,CATO-WS-0008,sccm:client,sccm:client,2
raw/0504__CATO-WS-0009__XmlWinEventLog.log,CATO-WS-0009,XmlWinEventLog:Microsoft-Windows-Sysmon/Operational,XmlWinEventLog,12
raw/0505__CATO-WS-0009__XmlWinEventLog.log,CATO-WS-0009,XmlWinEventLog:Security,XmlWinEventLog,12
raw/0506__CATO-WS-0009__ms_defender_eventhub.log,CATO-WS-0009,ms:defender:eventhub,ms:defender:eventhub,1
raw/0507__CATO-WS-0009__trellix_epo.log,CATO-WS-0009,trellix:epo,trellix:epo,1
raw/0508__CATO-WS-0010__XmlWinEventLog.log,CATO-WS-0010,XmlWinEventLog:Microsoft-Windows-Sysmon/Operational,XmlWinEventLog,7
raw/0509__CATO-WS-0010__XmlWinEventLog.log,CATO-WS-0010,XmlWinEventLog:Security,XmlWinEventLog,11
raw/0510__CATO-WS-0010__ms_defender_eventhub.log,CATO-WS-0010,ms:defender:eventhub,ms:defender:eventhub,1
raw/0511__CATO-WS-0010__wsus_client.log,CATO-WS-0010,wsus:client,wsus:client,1
raw/0512__CATO-WS-0011__XmlWinEventLog.log,CATO-WS-0011,XmlWinEventLog:Microsoft-Windows-Sysmon/Operational,XmlWinEventLog,9
raw/0513__CATO-WS-0011__XmlWinEventLog.log,CATO-WS-0011,XmlWinEventLog:Security,XmlWinEventLog,13
raw/0514__CATO-WS-0011__sccm_client.log,CATO-WS-0011,sccm:client,sccm:client,1
raw/0515__CATO-WS-0012__XmlWinEventLog.log,CATO-WS-0012,XmlWinEventLog:Microsoft-Windows-Sysmon/Operational,XmlWinEventLog,18
raw/0516__CATO-WS-0012__XmlWinEventLog.log,CATO-WS-0012,XmlWinEventLog:Security,XmlWinEventLog,11
raw/0517__CATO-WS-0012__ms_defender_eventhub.log,CATO-WS-0012,ms:defender:eventhub,ms:defender:eventhub,2
raw/0518__CATO-WS-0012__trellix_epo.log,CATO-WS-0012,trellix:epo,trellix:epo,1
raw/0519__CATO-WS-0013__XmlWinEventLog.log,CATO-WS-0013,XmlWinEventLog:Microsoft-Windows-Sysmon/Operational,XmlWinEventLog,10
raw/0520__CATO-WS-0013__XmlWinEventLog.log,CATO-WS-0013,XmlWinEventLog:Security,XmlWinEventLog,4
raw/0521__CATO-WS-0013__wsus_client.log,CATO-WS-0013,wsus:client,wsus:client,1
raw/0522__CATO-WS-0014__XmlWinEventLog.log,CATO-WS-0014,XmlWinEventLog:Microsoft-Windows-Sysmon/Operational,XmlWinEventLog,15
raw/0523__CATO-WS-0014__XmlWinEventLog.log,CATO-WS-0014,XmlWinEventLog:Security,XmlWinEventLog,9
raw/0524__CATO-WS-0014__ms_defender_eventhub.log,CATO-WS-0014,ms:defender:eventhub,ms:defender:eventhub,1
raw/0525__CATO-WS-0015__XmlWinEventLog.log,CATO-WS-0015,XmlWinEventLog:Microsoft-Windows-Sysmon/Operational,XmlWinEventLog,12
raw/0526__CATO-WS-0015__XmlWinEventLog.log,CATO-WS-0015,XmlWinEventLog:Security,XmlWinEventLog,9
raw/0527__CATO-WS-0015__ms_defender_eventhub.log,CATO-WS-0015,ms:defender:eventhub,ms:defender:eventhub,3
raw/0528__CATO-WS-0016__XmlWinEventLog.log,CATO-WS-0016,XmlWinEventLog:Microsoft-Windows-Sysmon/Operational,XmlWinEventLog,13
raw/0529__CATO-WS-0016__XmlWinEventLog.log,CATO-WS-0016,XmlWinEventLog:Security,XmlWinEventLog,8
raw/0530__CATO-WS-0016__trellix_epo.log,CATO-WS-0016,trellix:epo,trellix:epo,2
raw/0531__CATO-WS-0017__XmlWinEventLog.log,CATO-WS-0017,XmlWinEventLog:Microsoft-Windows-Sysmon/Operational,XmlWinEventLog,12
raw/0532__CATO-WS-0017__XmlWinEventLog.log,CATO-WS-0017,XmlWinEventLog:Security,XmlWinEventLog,7
raw/0533__CATO-WS-0017__ms_defender_eventhub.log,CATO-WS-0017,ms:defender:eventhub,ms:defender:eventhub,6
raw/0534__CATO-WS-0017__trellix_epo.log,CATO-WS-0017,trellix:epo,trellix:epo,1
raw/0535__CATO-WS-0018__XmlWinEventLog.log,CATO-WS-0018,XmlWinEventLog:Microsoft-Windows-Sysmon/Operational,XmlWinEventLog,5
raw/0536__CATO-WS-0018__XmlWinEventLog.log,CATO-WS-0018,XmlWinEventLog:Security,XmlWinEventLog,9
raw/0537__CATO-WS-0018__wsus_client.log,CATO-WS-0018,wsus:client,wsus:client,1
raw/0538__CATO-WS-0019__XmlWinEventLog.log,CATO-WS-0019,XmlWinEventLog:Microsoft-Windows-Sysmon/Operational,XmlWinEventLog,7
raw/0539__CATO-WS-0019__XmlWinEventLog.log,CATO-WS-0019,XmlWinEventLog:Security,XmlWinEventLog,11
raw/0540__CATO-WS-0019__trellix_epo.log,CATO-WS-0019,trellix:epo,trellix:epo,1
raw/0541__CATO-WS-0020__XmlWinEventLog.log,CATO-WS-0020,XmlWinEventLog:Microsoft-Windows-Sysmon/Operational,XmlWinEventLog,13
raw/0542__CATO-WS-0020__XmlWinEventLog.log,CATO-WS-0020,XmlWinEventLog:Security,XmlWinEventLog,8
raw/0543__CATO-WS-0020__ms_defender_eventhub.log,CATO-WS-0020,ms:defender:eventhub,ms:defender:eventhub,1
raw/0544__CATO-WS-0020__trellix_epo.log,CATO-WS-0020,trellix:epo,trellix:epo,1
raw/0545__CATO-WS-0021__XmlWinEventLog.log,CATO-WS-0021,XmlWinEventLog:Microsoft-Windows-Sysmon/Operational,XmlWinEventLog,6
raw/0546__CATO-WS-0021__XmlWinEventLog.log,CATO-WS-0021,XmlWinEventLog:Security,XmlWinEventLog,13
raw/0547__CATO-WS-0022__XmlWinEventLog.log,CATO-WS-0022,XmlWinEventLog:Microsoft-Windows-Sysmon/Operational,XmlWinEventLog,10
raw/0548__CATO-WS-0022__XmlWinEventLog.log,CATO-WS-0022,XmlWinEventLog:Security,XmlWinEventLog,5
raw/0549__CATO-WS-0022__trellix_epo.log,CATO-WS-0022,trellix:epo,trellix:epo,1
raw/0550__CATO-WS-0023__XmlWinEventLog.log,CATO-WS-0023,XmlWinEventLog:Microsoft-Windows-Sysmon/Operational,XmlWinEventLog,16
raw/0551__CATO-WS-0023__XmlWinEventLog.log,CATO-WS-0023,XmlWinEventLog:Security,XmlWinEventLog,8
raw/0552__CATO-WS-0023__ms_defender_eventhub.log,CATO-WS-0023,ms:defender:eventhub,ms:defender:eventhub,1
raw/0553__CATO-WS-0024__XmlWinEventLog.log,CATO-WS-0024,XmlWinEventLog:Microsoft-Windows-Sysmon/Operational,XmlWinEventLog,13
raw/0554__CATO-WS-0024__XmlWinEventLog.log,CATO-WS-0024,XmlWinEventLog:Security,XmlWinEventLog,9
raw/0555__CATO-WS-0025__XmlWinEventLog.log,CATO-WS-0025,XmlWinEventLog:Microsoft-Windows-Sysmon/Operational,XmlWinEventLog,6
raw/0556__CATO-WS-0025__XmlWinEventLog.log,CATO-WS-0025,XmlWinEventLog:Security,XmlWinEventLog,7
raw/0557__CATO-WS-0026__XmlWinEventLog.log,CATO-WS-0026,XmlWinEventLog:Microsoft-Windows-Sysmon/Operational,XmlWinEventLog,9
raw/0558__CATO-WS-0026__XmlWinEventLog.log,CATO-WS-0026,XmlWinEventLog:Security,XmlWinEventLog,5
raw/0559__CATO-WS-0026__trellix_epo.log,CATO-WS-0026,trellix:epo,trellix:epo,1
raw/0560__CATO-WS-0027__XmlWinEventLog.log,CATO-WS-0027,XmlWinEventLog:Microsoft-Windows-Sysmon/Operational,XmlWinEventLog,10
raw/0561__CATO-WS-0027__XmlWinEventLog.log,CATO-WS-0027,XmlWinEventLog:Security,XmlWinEventLog,5
raw/0562__CATO-WS-0027__wsus_client.log,CATO-WS-0027,wsus:client,wsus:client,1
raw/0563__CATO-WS-0028__XmlWinEventLog.log,CATO-WS-0028,XmlWinEventLog:Microsoft-Windows-Sysmon/Operational,XmlWinEventLog,8
raw/0564__CATO-WS-0028__XmlWinEventLog.log,CATO-WS-0028,XmlWinEventLog:Security,XmlWinEventLog,7
raw/0565__CATO-WS-0029__XmlWinEventLog.log,CATO-WS-0029,XmlWinEventLog:Microsoft-Windows-Sysmon/Operational,XmlWinEventLog,4
raw/0566__CATO-WS-0029__XmlWinEventLog.log,CATO-WS-0029,XmlWinEventLog:Security,XmlWinEventLog,5
raw/0567__CATO-WS-0029__ms_defender_eventhub.log,CATO-WS-0029,ms:defender:eventhub,ms:defender:eventhub,2
raw/0568__CATO-WS-0030__XmlWinEventLog.log,CATO-WS-0030,XmlWinEventLog:Microsoft-Windows-Sysmon/Operational,XmlWinEventLog,10
raw/0569__CATO-WS-0030__XmlWinEventLog.log,CATO-WS-0030,XmlWinEventLog:Security,XmlWinEventLog,3
raw/0570__CATO-WS-0031__XmlWinEventLog.log,CATO-WS-0031,XmlWinEventLog:Microsoft-Windows-Sysmon/Operational,XmlWinEventLog,4
raw/0571__CATO-WS-0031__XmlWinEventLog.log,CATO-WS-0031,XmlWinEventLog:Security,XmlWinEventLog,7
raw/0572__CATO-WS-0031__trellix_epo.log,CATO-WS-0031,trellix:epo,trellix:epo,1
raw/0573__CATO-WS-0032__XmlWinEventLog.log,CATO-WS-0032,XmlWinEventLog:Microsoft-Windows-Sysmon/Operational,XmlWinEventLog,4
raw/0574__CATO-WS-0032__XmlWinEventLog.log,CATO-WS-0032,XmlWinEventLog:Security,XmlWinEventLog,6
raw/0575__CATO-WS-0032__sccm_client.log,CATO-WS-0032,sccm:client,sccm:client,2
raw/0576__CATO-WS-0032__trellix_epo.log,CATO-WS-0032,trellix:epo,trellix:epo,1
raw/0577__CATO-WS-0033__XmlWinEventLog.log,CATO-WS-0033,XmlWinEventLog:Microsoft-Windows-Sysmon/Operational,XmlWinEventLog,2
raw/0578__CATO-WS-0033__XmlWinEventLog.log,CATO-WS-0033,XmlWinEventLog:Security,XmlWinEventLog,7
raw/0579__CATO-WS-0033__ms_defender_eventhub.log,CATO-WS-0033,ms:defender:eventhub,ms:defender:eventhub,1
raw/0580__CATO-WS-0033__sccm_client.log,CATO-WS-0033,sccm:client,sccm:client,1
raw/0581__CATO-WS-0033__trellix_epo.log,CATO-WS-0033,trellix:epo,trellix:epo,1
raw/0582__CATO-WS-0034__XmlWinEventLog.log,CATO-WS-0034,XmlWinEventLog:Microsoft-Windows-Sysmon/Operational,XmlWinEventLog,10
raw/0583__CATO-WS-0034__XmlWinEventLog.log,CATO-WS-0034,XmlWinEventLog:Security,XmlWinEventLog,6
raw/0584__CATO-WS-0035__XmlWinEventLog.log,CATO-WS-0035,XmlWinEventLog:Microsoft-Windows-Sysmon/Operational,XmlWinEventLog,5
raw/0585__CATO-WS-0035__XmlWinEventLog.log,CATO-WS-0035,XmlWinEventLog:Security,XmlWinEventLog,4
raw/0586__CATO-WS-0035__ms_defender_eventhub.log,CATO-WS-0035,ms:defender:eventhub,ms:defender:eventhub,2
raw/0587__CATO-WS-0035__sccm_client.log,CATO-WS-0035,sccm:client,sccm:client,1
raw/0588__CATO-WS-0036__XmlWinEventLog.log,CATO-WS-0036,XmlWinEventLog:Microsoft-Windows-Sysmon/Operational,XmlWinEventLog,5
raw/0589__CATO-WS-0036__XmlWinEventLog.log,CATO-WS-0036,XmlWinEventLog:Security,XmlWinEventLog,5
raw/0590__CATO-WS-0036__ms_defender_eventhub.log,CATO-WS-0036,ms:defender:eventhub,ms:defender:eventhub,2
raw/0591__CATO-WS-0036__sccm_client.log,CATO-WS-0036,sccm:client,sccm:client,1
raw/0592__CATO-WS-0037__XmlWinEventLog.log,CATO-WS-0037,XmlWinEventLog:Microsoft-Windows-Sysmon/Operational,XmlWinEventLog,9
raw/0593__CATO-WS-0037__XmlWinEventLog.log,CATO-WS-0037,XmlWinEventLog:Security,XmlWinEventLog,8
raw/0594__CATO-WS-0037__sccm_client.log,CATO-WS-0037,sccm:client,sccm:client,2
raw/0595__CATO-WS-0038__XmlWinEventLog.log,CATO-WS-0038,XmlWinEventLog:Microsoft-Windows-Sysmon/Operational,XmlWinEventLog,6
raw/0596__CATO-WS-0038__XmlWinEventLog.log,CATO-WS-0038,XmlWinEventLog:Security,XmlWinEventLog,7
raw/0597__CATO-WS-0039__XmlWinEventLog.log,CATO-WS-0039,XmlWinEventLog:Microsoft-Windows-Sysmon/Operational,XmlWinEventLog,4
raw/0598__CATO-WS-0039__XmlWinEventLog.log,CATO-WS-0039,XmlWinEventLog:Security,XmlWinEventLog,3
raw/0599__CATO-WS-0040__XmlWinEventLog.log,CATO-WS-0040,XmlWinEventLog:Microsoft-Windows-Sysmon/Operational,XmlWinEventLog,7
raw/0600__CATO-WS-0040__XmlWinEventLog.log,CATO-WS-0040,XmlWinEventLog:Security,XmlWinEventLog,5
raw/0601__CATO-WS-0040__sccm_client.log,CATO-WS-0040,sccm:client,sccm:client,1
raw/0602__CATO-WS-0041__XmlWinEventLog.log,CATO-WS-0041,XmlWinEventLog:Microsoft-Windows-Sysmon/Operational,XmlWinEventLog,6
raw/0603__CATO-WS-0041__XmlWinEventLog.log,CATO-WS-0041,XmlWinEventLog:Security,XmlWinEventLog,1
raw/0604__CATO-WS-0041__trellix_epo.log,CATO-WS-0041,trellix:epo,trellix:epo,1
raw/0605__CATO-WS-0042__XmlWinEventLog.log,CATO-WS-0042,XmlWinEventLog:Microsoft-Windows-Sysmon/Operational,XmlWinEventLog,12
raw/0606__CATO-WS-0042__XmlWinEventLog.log,CATO-WS-0042,XmlWinEventLog:Security,XmlWinEventLog,3
raw/0607__CATO-WS-0042__sccm_client.log,CATO-WS-0042,sccm:client,sccm:client,1
raw/0608__CATO-WS-0042__wsus_client.log,CATO-WS-0042,wsus:client,wsus:client,1
raw/0609__CATO-WS-0043__XmlWinEventLog.log,CATO-WS-0043,XmlWinEventLog:Microsoft-Windows-Sysmon/Operational,XmlWinEventLog,4
raw/0610__CATO-WS-0043__XmlWinEventLog.log,CATO-WS-0043,XmlWinEventLog:Security,XmlWinEventLog,6
raw/0611__CATO-WS-0043__ms_defender_eventhub.log,CATO-WS-0043,ms:defender:eventhub,ms:defender:eventhub,1
raw/0612__CATO-WS-0043__trellix_epo.log,CATO-WS-0043,trellix:epo,trellix:epo,1
raw/0613__CATO-WS-0044__XmlWinEventLog.log,CATO-WS-0044,XmlWinEventLog:Microsoft-Windows-Sysmon/Operational,XmlWinEventLog,8
raw/0614__CATO-WS-0044__XmlWinEventLog.log,CATO-WS-0044,XmlWinEventLog:Security,XmlWinEventLog,3
raw/0615__CATO-WS-0044__ms_defender_eventhub.log,CATO-WS-0044,ms:defender:eventhub,ms:defender:eventhub,2
raw/0616__CATO-WS-0045__XmlWinEventLog.log,CATO-WS-0045,XmlWinEventLog:Microsoft-Windows-Sysmon/Operational,XmlWinEventLog,5
raw/0617__CATO-WS-0045__XmlWinEventLog.log,CATO-WS-0045,XmlWinEventLog:Security,XmlWinEventLog,7
raw/0618__CATO-WS-0045__sccm_client.log,CATO-WS-0045,sccm:client,sccm:client,1
raw/0619__CATO-WS-0045__trellix_epo.log,CATO-WS-0045,trellix:epo,trellix:epo,2
raw/0620__CATO-WS-0046__XmlWinEventLog.log,CATO-WS-0046,XmlWinEventLog:Microsoft-Windows-Sysmon/Operational,XmlWinEventLog,5
raw/0621__CATO-WS-0046__XmlWinEventLog.log,CATO-WS-0046,XmlWinEventLog:Security,XmlWinEventLog,6
raw/0622__CATO-WS-0046__ms_defender_eventhub.log,CATO-WS-0046,ms:defender:eventhub,ms:defender:eventhub,2
raw/0623__CATO-WS-0046__wsus_client.log,CATO-WS-0046,wsus:client,wsus:client,1
raw/0624__CATO-WS-0047__XmlWinEventLog.log,CATO-WS-0047,XmlWinEventLog:Microsoft-Windows-Sysmon/Operational,XmlWinEventLog,9
raw/0625__CATO-WS-0047__XmlWinEventLog.log,CATO-WS-0047,XmlWinEventLog:Security,XmlWinEventLog,7
raw/0626__CATO-WS-0048__XmlWinEventLog.log,CATO-WS-0048,XmlWinEventLog:Microsoft-Windows-Sysmon/Operational,XmlWinEventLog,7
raw/0627__CATO-WS-0048__XmlWinEventLog.log,CATO-WS-0048,XmlWinEventLog:Security,XmlWinEventLog,5
raw/0628__CATO-WS-0048__ms_defender_eventhub.log,CATO-WS-0048,ms:defender:eventhub,ms:defender:eventhub,2
raw/0629__CATO-WS-0048__trellix_epo.log,CATO-WS-0048,trellix:epo,trellix:epo,2
raw/0630__CATO-WS-0049__XmlWinEventLog.log,CATO-WS-0049,XmlWinEventLog:Microsoft-Windows-Sysmon/Operational,XmlWinEventLog,6
raw/0631__CATO-WS-0049__XmlWinEventLog.log,CATO-WS-0049,XmlWinEventLog:Security,XmlWinEventLog,6
raw/0632__CATO-WS-0050__XmlWinEventLog.log,CATO-WS-0050,XmlWinEventLog:Microsoft-Windows-Sysmon/Operational,XmlWinEventLog,6
raw/0633__CATO-WS-0050__XmlWinEventLog.log,CATO-WS-0050,XmlWinEventLog:Security,XmlWinEventLog,5
raw/0634__CATO-WS-0050__ms_defender_eventhub.log,CATO-WS-0050,ms:defender:eventhub,ms:defender:eventhub,1
raw/0635__CATO-WS-0050__sccm_client.log,CATO-WS-0050,sccm:client,sccm:client,1
raw/0636__CATO-WS-0050__trellix_epo.log,CATO-WS-0050,trellix:epo,trellix:epo,1
raw/0637__CATO-WS-0051__XmlWinEventLog.log,CATO-WS-0051,XmlWinEventLog:Microsoft-Windows-Sysmon/Operational,XmlWinEventLog,7
raw/0638__CATO-WS-0051__XmlWinEventLog.log,CATO-WS-0051,XmlWinEventLog:Security,XmlWinEventLog,6
raw/0639__CATO-WS-0051__ms_defender_eventhub.log,CATO-WS-0051,ms:defender:eventhub,ms:defender:eventhub,1
raw/0640__CATO-WS-0052__XmlWinEventLog.log,CATO-WS-0052,XmlWinEventLog:Microsoft-Windows-Sysmon/Operational,XmlWinEventLog,4
raw/0641__CATO-WS-0052__XmlWinEventLog.log,CATO-WS-0052,XmlWinEventLog:Security,XmlWinEventLog,4
raw/0642__CATO-WS-0053__XmlWinEventLog.log,CATO-WS-0053,XmlWinEventLog:Microsoft-Windows-Sysmon/Operational,XmlWinEventLog,5
raw/0643__CATO-WS-0053__XmlWinEventLog.log,CATO-WS-0053,XmlWinEventLog:Security,XmlWinEventLog,3
raw/0644__CATO-WS-0053__sccm_client.log,CATO-WS-0053,sccm:client,sccm:client,1
raw/0645__CATO-WS-0054__XmlWinEventLog.log,CATO-WS-0054,XmlWinEventLog:Microsoft-Windows-Sysmon/Operational,XmlWinEventLog,4
raw/0646__CATO-WS-0054__XmlWinEventLog.log,CATO-WS-0054,XmlWinEventLog:Security,XmlWinEventLog,4
raw/0647__CATO-WS-0054__ms_defender_eventhub.log,CATO-WS-0054,ms:defender:eventhub,ms:defender:eventhub,1
raw/0648__CATO-WS-0055__XmlWinEventLog.log,CATO-WS-0055,XmlWinEventLog:Microsoft-Windows-Sysmon/Operational,XmlWinEventLog,6
raw/0649__CATO-WS-0055__XmlWinEventLog.log,CATO-WS-0055,XmlWinEventLog:Security,XmlWinEventLog,4
raw/0650__CATO-WS-0055__ms_defender_eventhub.log,CATO-WS-0055,ms:defender:eventhub,ms:defender:eventhub,1
raw/0651__CATO-WS-0055__sccm_client.log,CATO-WS-0055,sccm:client,sccm:client,1
raw/0652__CATO-WS-0055__trellix_epo.log,CATO-WS-0055,trellix:epo,trellix:epo,1
raw/0653__CATO-WS-0056__XmlWinEventLog.log,CATO-WS-0056,XmlWinEventLog:Microsoft-Windows-Sysmon/Operational,XmlWinEventLog,12
raw/0654__CATO-WS-0056__XmlWinEventLog.log,CATO-WS-0056,XmlWinEventLog:Security,XmlWinEventLog,4
raw/0655__CATO-WS-0056__ms_defender_eventhub.log,CATO-WS-0056,ms:defender:eventhub,ms:defender:eventhub,3
raw/0656__CATO-WS-0057__XmlWinEventLog.log,CATO-WS-0057,XmlWinEventLog:Microsoft-Windows-Sysmon/Operational,XmlWinEventLog,6
raw/0657__CATO-WS-0057__XmlWinEventLog.log,CATO-WS-0057,XmlWinEventLog:Security,XmlWinEventLog,2
raw/0658__CATO-WS-0057__sccm_client.log,CATO-WS-0057,sccm:client,sccm:client,1
raw/0659__CATO-WS-0057__trellix_epo.log,CATO-WS-0057,trellix:epo,trellix:epo,1
raw/0660__CATO-WS-0058__XmlWinEventLog.log,CATO-WS-0058,XmlWinEventLog:Microsoft-Windows-Sysmon/Operational,XmlWinEventLog,7
raw/0661__CATO-WS-0058__XmlWinEventLog.log,CATO-WS-0058,XmlWinEventLog:Security,XmlWinEventLog,10
raw/0662__CATO-WS-0058__ms_defender_eventhub.log,CATO-WS-0058,ms:defender:eventhub,ms:defender:eventhub,1
raw/0663__CATO-WS-0059__XmlWinEventLog.log,CATO-WS-0059,XmlWinEventLog:Microsoft-Windows-Sysmon/Operational,XmlWinEventLog,6
raw/0664__CATO-WS-0059__XmlWinEventLog.log,CATO-WS-0059,XmlWinEventLog:Security,XmlWinEventLog,7
raw/0665__CATO-WS-0059__ms_defender_eventhub.log,CATO-WS-0059,ms:defender:eventhub,ms:defender:eventhub,2
raw/0666__CATO-WS-0060__XmlWinEventLog.log,CATO-WS-0060,XmlWinEventLog:Microsoft-Windows-Sysmon/Operational,XmlWinEventLog,7
raw/0667__CATO-WS-0060__XmlWinEventLog.log,CATO-WS-0060,XmlWinEventLog:Security,XmlWinEventLog,15
raw/0668__CATO-WS-0060__ms_defender_eventhub.log,CATO-WS-0060,ms:defender:eventhub,ms:defender:eventhub,1
raw/0669__CATO-WS-0060__sccm_client.log,CATO-WS-0060,sccm:client,sccm:client,1
raw/0670__CATO-WS-0061__XmlWinEventLog.log,CATO-WS-0061,XmlWinEventLog:Microsoft-Windows-Sysmon/Operational,XmlWinEventLog,6
raw/0671__CATO-WS-0061__XmlWinEventLog.log,CATO-WS-0061,XmlWinEventLog:Security,XmlWinEventLog,9
raw/0672__CATO-WS-0061__ms_defender_eventhub.log,CATO-WS-0061,ms:defender:eventhub,ms:defender:eventhub,2
raw/0673__CATO-WS-0061__wsus_client.log,CATO-WS-0061,wsus:client,wsus:client,2
raw/0674__CATO-WS-0062__XmlWinEventLog.log,CATO-WS-0062,XmlWinEventLog:Microsoft-Windows-Sysmon/Operational,XmlWinEventLog,6
raw/0675__CATO-WS-0062__XmlWinEventLog.log,CATO-WS-0062,XmlWinEventLog:Security,XmlWinEventLog,3
raw/0676__CATO-WS-0062__ms_defender_eventhub.log,CATO-WS-0062,ms:defender:eventhub,ms:defender:eventhub,2
raw/0677__CATO-WS-0062__wsus_client.log,CATO-WS-0062,wsus:client,wsus:client,1
raw/0678__CATO-WS-0063__XmlWinEventLog.log,CATO-WS-0063,XmlWinEventLog:Microsoft-Windows-Sysmon/Operational,XmlWinEventLog,8
raw/0679__CATO-WS-0063__XmlWinEventLog.log,CATO-WS-0063,XmlWinEventLog:Security,XmlWinEventLog,8
raw/0680__CATO-WS-0063__ms_defender_eventhub.log,CATO-WS-0063,ms:defender:eventhub,ms:defender:eventhub,1
raw/0681__CATO-WS-0063__trellix_epo.log,CATO-WS-0063,trellix:epo,trellix:epo,1
raw/0682__CATO-WS-0064__XmlWinEventLog.log,CATO-WS-0064,XmlWinEventLog:Microsoft-Windows-Sysmon/Operational,XmlWinEventLog,7
raw/0683__CATO-WS-0064__XmlWinEventLog.log,CATO-WS-0064,XmlWinEventLog:Security,XmlWinEventLog,9
raw/0684__CATO-WS-0064__ms_defender_eventhub.log,CATO-WS-0064,ms:defender:eventhub,ms:defender:eventhub,4
raw/0685__CATO-WS-0064__trellix_epo.log,CATO-WS-0064,trellix:epo,trellix:epo,1
raw/0686__CATO-ZEEK-01__bro_conn_json.log,CATO-ZEEK-01,zeek:conn,bro:conn:json,1073
raw/0687__CATO-ZEEK-01__bro_dce_rpc_json.log,CATO-ZEEK-01,zeek:dce_rpc,bro:dce_rpc:json,115
raw/0688__CATO-ZEEK-01__bro_dns_json.log,CATO-ZEEK-01,zeek:dns,bro:dns:json,439
raw/0689__CATO-ZEEK-01__bro_http_json.log,CATO-ZEEK-01,zeek:http,bro:http:json,257
raw/0690__CATO-ZEEK-01__bro_smb_files_json.log,CATO-ZEEK-01,zeek:smb_files,bro:smb_files:json,99
raw/0691__CATO-ZEEK-01__bro_ssl_json.log,CATO-ZEEK-01,zeek:ssl,bro:ssl:json,406
raw/0692__DEFR-APP-01__XmlWinEventLog.log,DEFR-APP-01,XmlWinEventLog:Microsoft-Windows-Sysmon/Operational,XmlWinEventLog,5
raw/0693__DEFR-APP-01__XmlWinEventLog.log,DEFR-APP-01,XmlWinEventLog:Security,XmlWinEventLog,12
raw/0694__DEFR-APP-01__trellix_epo.log,DEFR-APP-01,trellix:epo,trellix:epo,4
raw/0695__DEFR-APP-02__XmlWinEventLog.log,DEFR-APP-02,XmlWinEventLog:Microsoft-Windows-Sysmon/Operational,XmlWinEventLog,5
raw/0696__DEFR-APP-02__XmlWinEventLog.log,DEFR-APP-02,XmlWinEventLog:Security,XmlWinEventLog,6
raw/0697__DEFR-APP-02__sccm_client.log,DEFR-APP-02,sccm:client,sccm:client,1
raw/0698__DEFR-APP-02__trellix_epo.log,DEFR-APP-02,trellix:epo,trellix:epo,1
raw/0699__DEFR-APP-03__XmlWinEventLog.log,DEFR-APP-03,XmlWinEventLog:Microsoft-Windows-Sysmon/Operational,XmlWinEventLog,5
raw/0700__DEFR-APP-03__XmlWinEventLog.log,DEFR-APP-03,XmlWinEventLog:Security,XmlWinEventLog,10
raw/0701__DEFR-APP-04__XmlWinEventLog.log,DEFR-APP-04,XmlWinEventLog:Microsoft-Windows-Sysmon/Operational,XmlWinEventLog,6
raw/0702__DEFR-APP-04__XmlWinEventLog.log,DEFR-APP-04,XmlWinEventLog:Security,XmlWinEventLog,2
raw/0703__DEFR-APP-04__ms_defender_eventhub.log,DEFR-APP-04,ms:defender:eventhub,ms:defender:eventhub,2
raw/0704__DEFR-APP-04__trellix_epo.log,DEFR-APP-04,trellix:epo,trellix:epo,1
raw/0705__DEFR-APP-05__XmlWinEventLog.log,DEFR-APP-05,XmlWinEventLog:Microsoft-Windows-Sysmon/Operational,XmlWinEventLog,9
raw/0706__DEFR-APP-05__XmlWinEventLog.log,DEFR-APP-05,XmlWinEventLog:Security,XmlWinEventLog,5
raw/0707__DEFR-APP-06__XmlWinEventLog.log,DEFR-APP-06,XmlWinEventLog:Microsoft-Windows-Sysmon/Operational,XmlWinEventLog,8
raw/0708__DEFR-APP-06__XmlWinEventLog.log,DEFR-APP-06,XmlWinEventLog:Security,XmlWinEventLog,6
raw/0709__DEFR-APP-06__ms_defender_eventhub.log,DEFR-APP-06,ms:defender:eventhub,ms:defender:eventhub,3
raw/0710__DEFR-APP-06__sccm_client.log,DEFR-APP-06,sccm:client,sccm:client,1
raw/0711__DEFR-APP-07__XmlWinEventLog.log,DEFR-APP-07,XmlWinEventLog:Microsoft-Windows-Sysmon/Operational,XmlWinEventLog,2
raw/0712__DEFR-APP-07__XmlWinEventLog.log,DEFR-APP-07,XmlWinEventLog:Security,XmlWinEventLog,4
raw/0713__DEFR-APP-07__ms_defender_eventhub.log,DEFR-APP-07,ms:defender:eventhub,ms:defender:eventhub,1
raw/0714__DEFR-APP-07__sccm_client.log,DEFR-APP-07,sccm:client,sccm:client,1
raw/0715__DEFR-APP-07__wsus_client.log,DEFR-APP-07,wsus:client,wsus:client,2
raw/0716__DEFR-APP-08__XmlWinEventLog.log,DEFR-APP-08,XmlWinEventLog:Microsoft-Windows-Sysmon/Operational,XmlWinEventLog,4
raw/0717__DEFR-APP-08__XmlWinEventLog.log,DEFR-APP-08,XmlWinEventLog:Security,XmlWinEventLog,5
raw/0718__DEFR-DC-01__XmlWinEventLog.log,DEFR-DC-01,XmlWinEventLog:Security,XmlWinEventLog,134
raw/0719__DEFR-ENG-APP-03__XmlWinEventLog.log,DEFR-ENG-APP-03,XmlWinEventLog:Microsoft-Windows-Sysmon/Operational,XmlWinEventLog,4
raw/0720__DEFR-ENG-APP-03__XmlWinEventLog.log,DEFR-ENG-APP-03,XmlWinEventLog:Security,XmlWinEventLog,4
raw/0721__DEFR-FS-01__XmlWinEventLog.log,DEFR-FS-01,XmlWinEventLog:Microsoft-Windows-Sysmon/Operational,XmlWinEventLog,4
raw/0722__DEFR-FS-01__XmlWinEventLog.log,DEFR-FS-01,XmlWinEventLog:Security,XmlWinEventLog,5
raw/0723__DEFR-FS-01__sccm_client.log,DEFR-FS-01,sccm:client,sccm:client,1
raw/0724__DEFR-FS-01__trellix_epo.log,DEFR-FS-01,trellix:epo,trellix:epo,1
raw/0725__DEFR-FS-02__XmlWinEventLog.log,DEFR-FS-02,XmlWinEventLog:Microsoft-Windows-Sysmon/Operational,XmlWinEventLog,5
raw/0726__DEFR-FS-02__XmlWinEventLog.log,DEFR-FS-02,XmlWinEventLog:Security,XmlWinEventLog,2
raw/0727__DEFR-FS-02__ms_defender_eventhub.log,DEFR-FS-02,ms:defender:eventhub,ms:defender:eventhub,2
raw/0728__DEFR-FS-02__sccm_client.log,DEFR-FS-02,sccm:client,sccm:client,1
raw/0729__DEFR-FS-02__trellix_epo.log,DEFR-FS-02,trellix:epo,trellix:epo,1
raw/0730__DEFR-FS-03__XmlWinEventLog.log,DEFR-FS-03,XmlWinEventLog:Microsoft-Windows-Sysmon/Operational,XmlWinEventLog,6
raw/0731__DEFR-FS-03__XmlWinEventLog.log,DEFR-FS-03,XmlWinEventLog:Security,XmlWinEventLog,6
raw/0732__DEFR-FS-03__ms_defender_eventhub.log,DEFR-FS-03,ms:defender:eventhub,ms:defender:eventhub,2
raw/0733__DEFR-FS-03__trellix_epo.log,DEFR-FS-03,trellix:epo,trellix:epo,1
raw/0734__DEFR-FS-04__XmlWinEventLog.log,DEFR-FS-04,XmlWinEventLog:Microsoft-Windows-Sysmon/Operational,XmlWinEventLog,7
raw/0735__DEFR-FS-04__XmlWinEventLog.log,DEFR-FS-04,XmlWinEventLog:Security,XmlWinEventLog,8
raw/0736__DEFR-FS-04__trellix_epo.log,DEFR-FS-04,trellix:epo,trellix:epo,1
raw/0737__DEFR-FW-01__cisco_asa.log,DEFR-FW-01,cisco:asa,cisco:asa,1
raw/0738__DEFR-FW-01__pan_traffic.log,DEFR-FW-01,pan:traffic,pan:traffic,106
raw/0739__DEFR-FW-02__fortigate_traffic.log,DEFR-FW-02,fortigate_traffic,fortigate_traffic,111
raw/0740__DEFR-FW-03__cisco_asa.log,DEFR-FW-03,cisco:asa,cisco:asa,105
raw/0741__DEFR-JUMP-01__XmlWinEventLog.log,DEFR-JUMP-01,XmlWinEventLog:Microsoft-Windows-Sysmon/Operational,XmlWinEventLog,8
raw/0742__DEFR-JUMP-01__XmlWinEventLog.log,DEFR-JUMP-01,XmlWinEventLog:Security,XmlWinEventLog,8
raw/0743__DEFR-JUMP-01__wsus_client.log,DEFR-JUMP-01,wsus:client,wsus:client,1
raw/0744__DEFR-JUMP-02__XmlWinEventLog.log,DEFR-JUMP-02,XmlWinEventLog:Microsoft-Windows-Sysmon/Operational,XmlWinEventLog,9
raw/0745__DEFR-JUMP-02__XmlWinEventLog.log,DEFR-JUMP-02,XmlWinEventLog:Security,XmlWinEventLog,11
raw/0746__DEFR-JUMP-02__ms_defender_eventhub.log,DEFR-JUMP-02,ms:defender:eventhub,ms:defender:eventhub,1
raw/0747__DEFR-JUMP-02__wsus_client.log,DEFR-JUMP-02,wsus:client,wsus:client,1
raw/0748__DEFR-JUMP-03__XmlWinEventLog.log,DEFR-JUMP-03,XmlWinEventLog:Microsoft-Windows-Sysmon/Operational,XmlWinEventLog,9
raw/0749__DEFR-JUMP-03__XmlWinEventLog.log,DEFR-JUMP-03,XmlWinEventLog:Security,XmlWinEventLog,3
raw/0750__DEFR-JUMP-03__wsus_client.log,DEFR-JUMP-03,wsus:client,wsus:client,1
raw/0751__DEFR-LNX-01__linux_audit.log,DEFR-LNX-01,/var/log/audit/audit.log,linux_audit,153
raw/0752__DEFR-LNX-01__linux_secure.log,DEFR-LNX-01,/var/log/secure,linux_secure,23
raw/0753__DEFR-LNX-01__syslog.log,DEFR-LNX-01,/var/log/syslog,syslog,25
raw/0754__DEFR-LNX-02__linux_audit.log,DEFR-LNX-02,/var/log/audit/audit.log,linux_audit,93
raw/0755__DEFR-LNX-02__linux_secure.log,DEFR-LNX-02,/var/log/secure,linux_secure,18
raw/0756__DEFR-LNX-02__syslog.log,DEFR-LNX-02,/var/log/syslog,syslog,36
raw/0757__DEFR-LNX-02__ms_defender_eventhub.log,DEFR-LNX-02,ms:defender:eventhub,ms:defender:eventhub,1
raw/0758__DEFR-LNX-03__linux_audit.log,DEFR-LNX-03,/var/log/audit/audit.log,linux_audit,83
raw/0759__DEFR-LNX-03__linux_secure.log,DEFR-LNX-03,/var/log/secure,linux_secure,27
raw/0760__DEFR-LNX-03__syslog.log,DEFR-LNX-03,/var/log/syslog,syslog,28
raw/0761__DEFR-LNX-03__trellix_epo.log,DEFR-LNX-03,trellix:epo,trellix:epo,2
raw/0762__DEFR-LNX-04__linux_audit.log,DEFR-LNX-04,/var/log/audit/audit.log,linux_audit,92
raw/0763__DEFR-LNX-04__linux_secure.log,DEFR-LNX-04,/var/log/secure,linux_secure,20
raw/0764__DEFR-LNX-04__syslog.log,DEFR-LNX-04,/var/log/syslog,syslog,32
raw/0765__DEFR-LNX-05__linux_audit.log,DEFR-LNX-05,/var/log/audit/audit.log,linux_audit,109
raw/0766__DEFR-LNX-05__linux_secure.log,DEFR-LNX-05,/var/log/secure,linux_secure,14
raw/0767__DEFR-LNX-05__syslog.log,DEFR-LNX-05,/var/log/syslog,syslog,32
raw/0768__DEFR-LNX-05__ms_defender_eventhub.log,DEFR-LNX-05,ms:defender:eventhub,ms:defender:eventhub,1
raw/0769__DEFR-LNX-05__trellix_epo.log,DEFR-LNX-05,trellix:epo,trellix:epo,1
raw/0770__DEFR-LNX-06__linux_audit.log,DEFR-LNX-06,/var/log/audit/audit.log,linux_audit,103
raw/0771__DEFR-LNX-06__linux_secure.log,DEFR-LNX-06,/var/log/secure,linux_secure,21
raw/0772__DEFR-LNX-06__syslog.log,DEFR-LNX-06,/var/log/syslog,syslog,26
raw/0773__DEFR-LNX-06__ms_defender_eventhub.log,DEFR-LNX-06,ms:defender:eventhub,ms:defender:eventhub,1
raw/0774__DEFR-LNX-06__trellix_epo.log,DEFR-LNX-06,trellix:epo,trellix:epo,1
raw/0775__DEFR-LNX-07__linux_audit.log,DEFR-LNX-07,/var/log/audit/audit.log,linux_audit,77
raw/0776__DEFR-LNX-07__linux_secure.log,DEFR-LNX-07,/var/log/secure,linux_secure,15
raw/0777__DEFR-LNX-07__syslog.log,DEFR-LNX-07,/var/log/syslog,syslog,27
raw/0778__DEFR-LNX-07__ms_defender_eventhub.log,DEFR-LNX-07,ms:defender:eventhub,ms:defender:eventhub,2
raw/0779__DEFR-LNX-08__linux_audit.log,DEFR-LNX-08,/var/log/audit/audit.log,linux_audit,116
raw/0780__DEFR-LNX-08__linux_secure.log,DEFR-LNX-08,/var/log/secure,linux_secure,20
raw/0781__DEFR-LNX-08__syslog.log,DEFR-LNX-08,/var/log/syslog,syslog,20
raw/0782__DEFR-MFT-01__mft_transfer.log,DEFR-MFT-01,mft:transfer,mft:transfer,1
raw/0783__DEFR-PACS-01__pacs_access.log,DEFR-PACS-01,pacs:access,pacs:access,128
raw/0784__DEFR-PAW-01__XmlWinEventLog.log,DEFR-PAW-01,XmlWinEventLog:Microsoft-Windows-Sysmon/Operational,XmlWinEventLog,4
raw/0785__DEFR-PAW-01__XmlWinEventLog.log,DEFR-PAW-01,XmlWinEventLog:Security,XmlWinEventLog,5
raw/0786__DEFR-PAW-01__ms_defender_eventhub.log,DEFR-PAW-01,ms:defender:eventhub,ms:defender:eventhub,1
raw/0787__DEFR-PAW-01__wsus_client.log,DEFR-PAW-01,wsus:client,wsus:client,1
raw/0788__DEFR-PAW-02__XmlWinEventLog.log,DEFR-PAW-02,XmlWinEventLog:Microsoft-Windows-Sysmon/Operational,XmlWinEventLog,6
raw/0789__DEFR-PAW-02__XmlWinEventLog.log,DEFR-PAW-02,XmlWinEventLog:Security,XmlWinEventLog,6
raw/0790__DEFR-PAW-02__ms_defender_eventhub.log,DEFR-PAW-02,ms:defender:eventhub,ms:defender:eventhub,1
raw/0791__DEFR-PAW-03__XmlWinEventLog.log,DEFR-PAW-03,XmlWinEventLog:Microsoft-Windows-Sysmon/Operational,XmlWinEventLog,4
raw/0792__DEFR-PAW-03__XmlWinEventLog.log,DEFR-PAW-03,XmlWinEventLog:Security,XmlWinEventLog,5
raw/0793__DEFR-PAW-04__XmlWinEventLog.log,DEFR-PAW-04,XmlWinEventLog:Microsoft-Windows-Sysmon/Operational,XmlWinEventLog,6
raw/0794__DEFR-PAW-04__XmlWinEventLog.log,DEFR-PAW-04,XmlWinEventLog:Security,XmlWinEventLog,11
raw/0795__DEFR-PAW-04__ms_defender_eventhub.log,DEFR-PAW-04,ms:defender:eventhub,ms:defender:eventhub,1
raw/0796__DEFR-PAW-05__XmlWinEventLog.log,DEFR-PAW-05,XmlWinEventLog:Microsoft-Windows-Sysmon/Operational,XmlWinEventLog,7
raw/0797__DEFR-PAW-05__XmlWinEventLog.log,DEFR-PAW-05,XmlWinEventLog:Security,XmlWinEventLog,3
raw/0798__DEFR-PAW-06__XmlWinEventLog.log,DEFR-PAW-06,XmlWinEventLog:Microsoft-Windows-Sysmon/Operational,XmlWinEventLog,7
raw/0799__DEFR-PAW-06__XmlWinEventLog.log,DEFR-PAW-06,XmlWinEventLog:Security,XmlWinEventLog,3
raw/0800__DEFR-RTR-01__cisco_ios.log,DEFR-RTR-01,cisco:ios,cisco:ios,50
raw/0801__DEFR-RTR-02__juniper.log,DEFR-RTR-02,juniper,juniper,22
raw/0802__DEFR-RTR-02__juniper_junos_firewall.log,DEFR-RTR-02,juniper:junos:firewall,juniper:junos:firewall,12
raw/0803__DEFR-SCCM-01__sccm_client.log,DEFR-SCCM-01,sccm:client,sccm:client,1
raw/0804__DEFR-VDI-01__XmlWinEventLog.log,DEFR-VDI-01,XmlWinEventLog:Microsoft-Windows-Sysmon/Operational,XmlWinEventLog,6
raw/0805__DEFR-VDI-01__XmlWinEventLog.log,DEFR-VDI-01,XmlWinEventLog:Security,XmlWinEventLog,2
raw/0806__DEFR-VDI-01__ms_defender_eventhub.log,DEFR-VDI-01,ms:defender:eventhub,ms:defender:eventhub,1
raw/0807__DEFR-VDI-02__XmlWinEventLog.log,DEFR-VDI-02,XmlWinEventLog:Microsoft-Windows-Sysmon/Operational,XmlWinEventLog,7
raw/0808__DEFR-VDI-02__XmlWinEventLog.log,DEFR-VDI-02,XmlWinEventLog:Security,XmlWinEventLog,3
raw/0809__DEFR-VDI-02__ms_defender_eventhub.log,DEFR-VDI-02,ms:defender:eventhub,ms:defender:eventhub,2
raw/0810__DEFR-VDI-02__sccm_client.log,DEFR-VDI-02,sccm:client,sccm:client,1
raw/0811__DEFR-VDI-02__wsus_client.log,DEFR-VDI-02,wsus:client,wsus:client,1
raw/0812__DEFR-VDI-03__XmlWinEventLog.log,DEFR-VDI-03,XmlWinEventLog:Microsoft-Windows-Sysmon/Operational,XmlWinEventLog,4
raw/0813__DEFR-VDI-03__XmlWinEventLog.log,DEFR-VDI-03,XmlWinEventLog:Security,XmlWinEventLog,9
raw/0814__DEFR-VDI-03__ms_defender_eventhub.log,DEFR-VDI-03,ms:defender:eventhub,ms:defender:eventhub,1
raw/0815__DEFR-VDI-03__wsus_client.log,DEFR-VDI-03,wsus:client,wsus:client,1
raw/0816__DEFR-WS-0001__XmlWinEventLog.log,DEFR-WS-0001,XmlWinEventLog:Microsoft-Windows-Sysmon/Operational,XmlWinEventLog,8
raw/0817__DEFR-WS-0001__XmlWinEventLog.log,DEFR-WS-0001,XmlWinEventLog:Security,XmlWinEventLog,11
raw/0818__DEFR-WS-0001__trellix_epo.log,DEFR-WS-0001,trellix:epo,trellix:epo,1
raw/0819__DEFR-WS-0002__XmlWinEventLog.log,DEFR-WS-0002,XmlWinEventLog:Microsoft-Windows-Sysmon/Operational,XmlWinEventLog,9
raw/0820__DEFR-WS-0002__XmlWinEventLog.log,DEFR-WS-0002,XmlWinEventLog:Security,XmlWinEventLog,9
raw/0821__DEFR-WS-0002__ms_defender_eventhub.log,DEFR-WS-0002,ms:defender:eventhub,ms:defender:eventhub,1
raw/0822__DEFR-WS-0002__trellix_epo.log,DEFR-WS-0002,trellix:epo,trellix:epo,1
raw/0823__DEFR-WS-0003__XmlWinEventLog.log,DEFR-WS-0003,XmlWinEventLog:Microsoft-Windows-Sysmon/Operational,XmlWinEventLog,9
raw/0824__DEFR-WS-0003__XmlWinEventLog.log,DEFR-WS-0003,XmlWinEventLog:Security,XmlWinEventLog,9
raw/0825__DEFR-WS-0003__ms_defender_eventhub.log,DEFR-WS-0003,ms:defender:eventhub,ms:defender:eventhub,1
raw/0826__DEFR-WS-0003__wsus_client.log,DEFR-WS-0003,wsus:client,wsus:client,1
raw/0827__DEFR-WS-0004__XmlWinEventLog.log,DEFR-WS-0004,XmlWinEventLog:Microsoft-Windows-Sysmon/Operational,XmlWinEventLog,10
raw/0828__DEFR-WS-0004__XmlWinEventLog.log,DEFR-WS-0004,XmlWinEventLog:Security,XmlWinEventLog,6
raw/0829__DEFR-WS-0004__ms_defender_eventhub.log,DEFR-WS-0004,ms:defender:eventhub,ms:defender:eventhub,2
raw/0830__DEFR-WS-0005__XmlWinEventLog.log,DEFR-WS-0005,XmlWinEventLog:Microsoft-Windows-Sysmon/Operational,XmlWinEventLog,8
raw/0831__DEFR-WS-0005__XmlWinEventLog.log,DEFR-WS-0005,XmlWinEventLog:Security,XmlWinEventLog,12
raw/0832__DEFR-WS-0005__ms_defender_eventhub.log,DEFR-WS-0005,ms:defender:eventhub,ms:defender:eventhub,1
raw/0833__DEFR-WS-0005__trellix_epo.log,DEFR-WS-0005,trellix:epo,trellix:epo,1
raw/0834__DEFR-WS-0006__XmlWinEventLog.log,DEFR-WS-0006,XmlWinEventLog:Microsoft-Windows-Sysmon/Operational,XmlWinEventLog,10
raw/0835__DEFR-WS-0006__XmlWinEventLog.log,DEFR-WS-0006,XmlWinEventLog:Security,XmlWinEventLog,13
raw/0836__DEFR-WS-0006__trellix_epo.log,DEFR-WS-0006,trellix:epo,trellix:epo,1
raw/0837__DEFR-WS-0007__XmlWinEventLog.log,DEFR-WS-0007,XmlWinEventLog:Microsoft-Windows-Sysmon/Operational,XmlWinEventLog,13
raw/0838__DEFR-WS-0007__XmlWinEventLog.log,DEFR-WS-0007,XmlWinEventLog:Security,XmlWinEventLog,7
raw/0839__DEFR-WS-0007__ms_defender_eventhub.log,DEFR-WS-0007,ms:defender:eventhub,ms:defender:eventhub,2
raw/0840__DEFR-WS-0007__sccm_client.log,DEFR-WS-0007,sccm:client,sccm:client,1
raw/0841__DEFR-WS-0008__XmlWinEventLog.log,DEFR-WS-0008,XmlWinEventLog:Microsoft-Windows-Sysmon/Operational,XmlWinEventLog,7
raw/0842__DEFR-WS-0008__XmlWinEventLog.log,DEFR-WS-0008,XmlWinEventLog:Security,XmlWinEventLog,8
raw/0843__DEFR-WS-0008__ms_defender_eventhub.log,DEFR-WS-0008,ms:defender:eventhub,ms:defender:eventhub,1
raw/0844__DEFR-WS-0008__trellix_epo.log,DEFR-WS-0008,trellix:epo,trellix:epo,1
raw/0845__DEFR-WS-0009__XmlWinEventLog.log,DEFR-WS-0009,XmlWinEventLog:Microsoft-Windows-Sysmon/Operational,XmlWinEventLog,14
raw/0846__DEFR-WS-0009__XmlWinEventLog.log,DEFR-WS-0009,XmlWinEventLog:Security,XmlWinEventLog,8
raw/0847__DEFR-WS-0009__ms_defender_eventhub.log,DEFR-WS-0009,ms:defender:eventhub,ms:defender:eventhub,1
raw/0848__DEFR-WS-0009__sccm_client.log,DEFR-WS-0009,sccm:client,sccm:client,2
raw/0849__DEFR-WS-0010__XmlWinEventLog.log,DEFR-WS-0010,XmlWinEventLog:Microsoft-Windows-Sysmon/Operational,XmlWinEventLog,9
raw/0850__DEFR-WS-0010__XmlWinEventLog.log,DEFR-WS-0010,XmlWinEventLog:Security,XmlWinEventLog,11
raw/0851__DEFR-WS-0010__ms_defender_eventhub.log,DEFR-WS-0010,ms:defender:eventhub,ms:defender:eventhub,1
raw/0852__DEFR-WS-0010__trellix_epo.log,DEFR-WS-0010,trellix:epo,trellix:epo,1
raw/0853__DEFR-WS-0011__XmlWinEventLog.log,DEFR-WS-0011,XmlWinEventLog:Microsoft-Windows-Sysmon/Operational,XmlWinEventLog,6
raw/0854__DEFR-WS-0011__XmlWinEventLog.log,DEFR-WS-0011,XmlWinEventLog:Security,XmlWinEventLog,10
raw/0855__DEFR-WS-0011__sccm_client.log,DEFR-WS-0011,sccm:client,sccm:client,1
raw/0856__DEFR-WS-0012__XmlWinEventLog.log,DEFR-WS-0012,XmlWinEventLog:Microsoft-Windows-Sysmon/Operational,XmlWinEventLog,13
raw/0857__DEFR-WS-0012__XmlWinEventLog.log,DEFR-WS-0012,XmlWinEventLog:Security,XmlWinEventLog,8
raw/0858__DEFR-WS-0012__ms_defender_eventhub.log,DEFR-WS-0012,ms:defender:eventhub,ms:defender:eventhub,1
raw/0859__DEFR-WS-0013__XmlWinEventLog.log,DEFR-WS-0013,XmlWinEventLog:Microsoft-Windows-Sysmon/Operational,XmlWinEventLog,19
raw/0860__DEFR-WS-0013__XmlWinEventLog.log,DEFR-WS-0013,XmlWinEventLog:Security,XmlWinEventLog,7
raw/0861__DEFR-WS-0013__ms_defender_eventhub.log,DEFR-WS-0013,ms:defender:eventhub,ms:defender:eventhub,1
raw/0862__DEFR-WS-0014__XmlWinEventLog.log,DEFR-WS-0014,XmlWinEventLog:Microsoft-Windows-Sysmon/Operational,XmlWinEventLog,7
raw/0863__DEFR-WS-0014__XmlWinEventLog.log,DEFR-WS-0014,XmlWinEventLog:Security,XmlWinEventLog,8
raw/0864__DEFR-WS-0014__ms_defender_eventhub.log,DEFR-WS-0014,ms:defender:eventhub,ms:defender:eventhub,2
raw/0865__DEFR-WS-0014__wsus_client.log,DEFR-WS-0014,wsus:client,wsus:client,2
raw/0866__DEFR-WS-0015__XmlWinEventLog.log,DEFR-WS-0015,XmlWinEventLog:Microsoft-Windows-Sysmon/Operational,XmlWinEventLog,11
raw/0867__DEFR-WS-0015__XmlWinEventLog.log,DEFR-WS-0015,XmlWinEventLog:Security,XmlWinEventLog,11
raw/0868__DEFR-WS-0016__XmlWinEventLog.log,DEFR-WS-0016,XmlWinEventLog:Microsoft-Windows-Sysmon/Operational,XmlWinEventLog,11
raw/0869__DEFR-WS-0016__XmlWinEventLog.log,DEFR-WS-0016,XmlWinEventLog:Security,XmlWinEventLog,7
raw/0870__DEFR-WS-0016__ms_defender_eventhub.log,DEFR-WS-0016,ms:defender:eventhub,ms:defender:eventhub,1
raw/0871__DEFR-WS-0017__XmlWinEventLog.log,DEFR-WS-0017,XmlWinEventLog:Microsoft-Windows-Sysmon/Operational,XmlWinEventLog,6
raw/0872__DEFR-WS-0017__XmlWinEventLog.log,DEFR-WS-0017,XmlWinEventLog:Security,XmlWinEventLog,11
raw/0873__DEFR-WS-0017__ms_defender_eventhub.log,DEFR-WS-0017,ms:defender:eventhub,ms:defender:eventhub,1
raw/0874__DEFR-WS-0018__XmlWinEventLog.log,DEFR-WS-0018,XmlWinEventLog:Microsoft-Windows-Sysmon/Operational,XmlWinEventLog,17
raw/0875__DEFR-WS-0018__XmlWinEventLog.log,DEFR-WS-0018,XmlWinEventLog:Security,XmlWinEventLog,9
raw/0876__DEFR-WS-0019__XmlWinEventLog.log,DEFR-WS-0019,XmlWinEventLog:Microsoft-Windows-Sysmon/Operational,XmlWinEventLog,18
raw/0877__DEFR-WS-0019__XmlWinEventLog.log,DEFR-WS-0019,XmlWinEventLog:Security,XmlWinEventLog,11
raw/0878__DEFR-WS-0019__sccm_client.log,DEFR-WS-0019,sccm:client,sccm:client,1
raw/0879__DEFR-WS-0019__trellix_epo.log,DEFR-WS-0019,trellix:epo,trellix:epo,1
raw/0880__DEFR-WS-0020__XmlWinEventLog.log,DEFR-WS-0020,XmlWinEventLog:Microsoft-Windows-Sysmon/Operational,XmlWinEventLog,8
raw/0881__DEFR-WS-0020__XmlWinEventLog.log,DEFR-WS-0020,XmlWinEventLog:Security,XmlWinEventLog,9
raw/0882__DEFR-WS-0020__sccm_client.log,DEFR-WS-0020,sccm:client,sccm:client,1
raw/0883__DEFR-WS-0021__XmlWinEventLog.log,DEFR-WS-0021,XmlWinEventLog:Microsoft-Windows-Sysmon/Operational,XmlWinEventLog,5
raw/0884__DEFR-WS-0021__XmlWinEventLog.log,DEFR-WS-0021,XmlWinEventLog:Security,XmlWinEventLog,10
raw/0885__DEFR-WS-0021__ms_defender_eventhub.log,DEFR-WS-0021,ms:defender:eventhub,ms:defender:eventhub,1
raw/0886__DEFR-WS-0022__XmlWinEventLog.log,DEFR-WS-0022,XmlWinEventLog:Microsoft-Windows-Sysmon/Operational,XmlWinEventLog,5
raw/0887__DEFR-WS-0022__XmlWinEventLog.log,DEFR-WS-0022,XmlWinEventLog:Security,XmlWinEventLog,7
raw/0888__DEFR-WS-0022__ms_defender_eventhub.log,DEFR-WS-0022,ms:defender:eventhub,ms:defender:eventhub,2
raw/0889__DEFR-WS-0023__XmlWinEventLog.log,DEFR-WS-0023,XmlWinEventLog:Microsoft-Windows-Sysmon/Operational,XmlWinEventLog,9
raw/0890__DEFR-WS-0023__XmlWinEventLog.log,DEFR-WS-0023,XmlWinEventLog:Security,XmlWinEventLog,9
raw/0891__DEFR-WS-0024__XmlWinEventLog.log,DEFR-WS-0024,XmlWinEventLog:Microsoft-Windows-Sysmon/Operational,XmlWinEventLog,8
raw/0892__DEFR-WS-0024__XmlWinEventLog.log,DEFR-WS-0024,XmlWinEventLog:Security,XmlWinEventLog,7
raw/0893__DEFR-WS-0024__sccm_client.log,DEFR-WS-0024,sccm:client,sccm:client,1
raw/0894__DEFR-WS-0024__trellix_epo.log,DEFR-WS-0024,trellix:epo,trellix:epo,1
raw/0895__DEFR-WS-0025__XmlWinEventLog.log,DEFR-WS-0025,XmlWinEventLog:Microsoft-Windows-Sysmon/Operational,XmlWinEventLog,6
raw/0896__DEFR-WS-0025__XmlWinEventLog.log,DEFR-WS-0025,XmlWinEventLog:Security,XmlWinEventLog,7
raw/0897__DEFR-WS-0025__ms_defender_eventhub.log,DEFR-WS-0025,ms:defender:eventhub,ms:defender:eventhub,1
raw/0898__DEFR-WS-0025__sccm_client.log,DEFR-WS-0025,sccm:client,sccm:client,1
raw/0899__DEFR-WS-0026__XmlWinEventLog.log,DEFR-WS-0026,XmlWinEventLog:Microsoft-Windows-Sysmon/Operational,XmlWinEventLog,6
raw/0900__DEFR-WS-0026__XmlWinEventLog.log,DEFR-WS-0026,XmlWinEventLog:Security,XmlWinEventLog,3
raw/0901__DEFR-WS-0026__ms_defender_eventhub.log,DEFR-WS-0026,ms:defender:eventhub,ms:defender:eventhub,1
raw/0902__DEFR-WS-0026__wsus_client.log,DEFR-WS-0026,wsus:client,wsus:client,1
raw/0903__DEFR-WS-0027__XmlWinEventLog.log,DEFR-WS-0027,XmlWinEventLog:Microsoft-Windows-Sysmon/Operational,XmlWinEventLog,10
raw/0904__DEFR-WS-0027__XmlWinEventLog.log,DEFR-WS-0027,XmlWinEventLog:Security,XmlWinEventLog,4
raw/0905__DEFR-WS-0027__ms_defender_eventhub.log,DEFR-WS-0027,ms:defender:eventhub,ms:defender:eventhub,3
raw/0906__DEFR-WS-0028__XmlWinEventLog.log,DEFR-WS-0028,XmlWinEventLog:Microsoft-Windows-Sysmon/Operational,XmlWinEventLog,5
raw/0907__DEFR-WS-0028__XmlWinEventLog.log,DEFR-WS-0028,XmlWinEventLog:Security,XmlWinEventLog,2
raw/0908__DEFR-WS-0028__ms_defender_eventhub.log,DEFR-WS-0028,ms:defender:eventhub,ms:defender:eventhub,2
raw/0909__DEFR-WS-0028__sccm_client.log,DEFR-WS-0028,sccm:client,sccm:client,1
raw/0910__DEFR-WS-0029__XmlWinEventLog.log,DEFR-WS-0029,XmlWinEventLog:Microsoft-Windows-Sysmon/Operational,XmlWinEventLog,6
raw/0911__DEFR-WS-0029__XmlWinEventLog.log,DEFR-WS-0029,XmlWinEventLog:Security,XmlWinEventLog,4
raw/0912__DEFR-WS-0029__ms_defender_eventhub.log,DEFR-WS-0029,ms:defender:eventhub,ms:defender:eventhub,1
raw/0913__DEFR-WS-0029__sccm_client.log,DEFR-WS-0029,sccm:client,sccm:client,2
raw/0914__DEFR-WS-0029__trellix_epo.log,DEFR-WS-0029,trellix:epo,trellix:epo,1
raw/0915__DEFR-WS-0030__XmlWinEventLog.log,DEFR-WS-0030,XmlWinEventLog:Microsoft-Windows-Sysmon/Operational,XmlWinEventLog,5
raw/0916__DEFR-WS-0030__XmlWinEventLog.log,DEFR-WS-0030,XmlWinEventLog:Security,XmlWinEventLog,9
raw/0917__DEFR-WS-0031__XmlWinEventLog.log,DEFR-WS-0031,XmlWinEventLog:Microsoft-Windows-Sysmon/Operational,XmlWinEventLog,8
raw/0918__DEFR-WS-0031__XmlWinEventLog.log,DEFR-WS-0031,XmlWinEventLog:Security,XmlWinEventLog,3
raw/0919__DEFR-WS-0031__ms_defender_eventhub.log,DEFR-WS-0031,ms:defender:eventhub,ms:defender:eventhub,2
raw/0920__DEFR-WS-0032__XmlWinEventLog.log,DEFR-WS-0032,XmlWinEventLog:Microsoft-Windows-Sysmon/Operational,XmlWinEventLog,7
raw/0921__DEFR-WS-0032__XmlWinEventLog.log,DEFR-WS-0032,XmlWinEventLog:Security,XmlWinEventLog,1
raw/0922__DEFR-WS-0032__ms_defender_eventhub.log,DEFR-WS-0032,ms:defender:eventhub,ms:defender:eventhub,1
raw/0923__DEFR-WS-0033__XmlWinEventLog.log,DEFR-WS-0033,XmlWinEventLog:Microsoft-Windows-Sysmon/Operational,XmlWinEventLog,6
raw/0924__DEFR-WS-0033__XmlWinEventLog.log,DEFR-WS-0033,XmlWinEventLog:Security,XmlWinEventLog,8
raw/0925__DEFR-WS-0033__ms_defender_eventhub.log,DEFR-WS-0033,ms:defender:eventhub,ms:defender:eventhub,4
raw/0926__DEFR-WS-0034__XmlWinEventLog.log,DEFR-WS-0034,XmlWinEventLog:Microsoft-Windows-Sysmon/Operational,XmlWinEventLog,6
raw/0927__DEFR-WS-0034__XmlWinEventLog.log,DEFR-WS-0034,XmlWinEventLog:Security,XmlWinEventLog,3
raw/0928__DEFR-WS-0034__wsus_client.log,DEFR-WS-0034,wsus:client,wsus:client,1
raw/0929__DEFR-WS-0035__XmlWinEventLog.log,DEFR-WS-0035,XmlWinEventLog:Microsoft-Windows-Sysmon/Operational,XmlWinEventLog,12
raw/0930__DEFR-WS-0035__XmlWinEventLog.log,DEFR-WS-0035,XmlWinEventLog:Security,XmlWinEventLog,3
raw/0931__DEFR-WS-0035__ms_defender_eventhub.log,DEFR-WS-0035,ms:defender:eventhub,ms:defender:eventhub,2
raw/0932__DEFR-WS-0035__wsus_client.log,DEFR-WS-0035,wsus:client,wsus:client,1
raw/0933__DEFR-WS-0036__XmlWinEventLog.log,DEFR-WS-0036,XmlWinEventLog:Microsoft-Windows-Sysmon/Operational,XmlWinEventLog,11
raw/0934__DEFR-WS-0036__XmlWinEventLog.log,DEFR-WS-0036,XmlWinEventLog:Security,XmlWinEventLog,8
raw/0935__DEFR-WS-0037__XmlWinEventLog.log,DEFR-WS-0037,XmlWinEventLog:Microsoft-Windows-Sysmon/Operational,XmlWinEventLog,6
raw/0936__DEFR-WS-0037__XmlWinEventLog.log,DEFR-WS-0037,XmlWinEventLog:Security,XmlWinEventLog,6
raw/0937__DEFR-WS-0037__ms_defender_eventhub.log,DEFR-WS-0037,ms:defender:eventhub,ms:defender:eventhub,1
raw/0938__DEFR-WS-0038__XmlWinEventLog.log,DEFR-WS-0038,XmlWinEventLog:Microsoft-Windows-Sysmon/Operational,XmlWinEventLog,8
raw/0939__DEFR-WS-0038__XmlWinEventLog.log,DEFR-WS-0038,XmlWinEventLog:Security,XmlWinEventLog,3
raw/0940__DEFR-WS-0038__sccm_client.log,DEFR-WS-0038,sccm:client,sccm:client,1
raw/0941__DEFR-WS-0039__XmlWinEventLog.log,DEFR-WS-0039,XmlWinEventLog:Microsoft-Windows-Sysmon/Operational,XmlWinEventLog,6
raw/0942__DEFR-WS-0039__XmlWinEventLog.log,DEFR-WS-0039,XmlWinEventLog:Security,XmlWinEventLog,3
raw/0943__DEFR-WS-0039__ms_defender_eventhub.log,DEFR-WS-0039,ms:defender:eventhub,ms:defender:eventhub,2
raw/0944__DEFR-WS-0039__sccm_client.log,DEFR-WS-0039,sccm:client,sccm:client,1
raw/0945__DEFR-WS-0040__XmlWinEventLog.log,DEFR-WS-0040,XmlWinEventLog:Microsoft-Windows-Sysmon/Operational,XmlWinEventLog,5
raw/0946__DEFR-WS-0040__XmlWinEventLog.log,DEFR-WS-0040,XmlWinEventLog:Security,XmlWinEventLog,5
raw/0947__DEFR-WS-0041__XmlWinEventLog.log,DEFR-WS-0041,XmlWinEventLog:Microsoft-Windows-Sysmon/Operational,XmlWinEventLog,8
raw/0948__DEFR-WS-0041__XmlWinEventLog.log,DEFR-WS-0041,XmlWinEventLog:Security,XmlWinEventLog,6
raw/0949__DEFR-WS-0041__ms_defender_eventhub.log,DEFR-WS-0041,ms:defender:eventhub,ms:defender:eventhub,3
raw/0950__DEFR-WS-0041__trellix_epo.log,DEFR-WS-0041,trellix:epo,trellix:epo,1
raw/0951__DEFR-WS-0042__XmlWinEventLog.log,DEFR-WS-0042,XmlWinEventLog:Microsoft-Windows-Sysmon/Operational,XmlWinEventLog,8
raw/0952__DEFR-WS-0042__XmlWinEventLog.log,DEFR-WS-0042,XmlWinEventLog:Security,XmlWinEventLog,7
raw/0953__DEFR-WS-0042__ms_defender_eventhub.log,DEFR-WS-0042,ms:defender:eventhub,ms:defender:eventhub,1
raw/0954__DEFR-WS-0042__sccm_client.log,DEFR-WS-0042,sccm:client,sccm:client,1
raw/0955__DEFR-WS-0043__XmlWinEventLog.log,DEFR-WS-0043,XmlWinEventLog:Microsoft-Windows-Sysmon/Operational,XmlWinEventLog,6
raw/0956__DEFR-WS-0043__XmlWinEventLog.log,DEFR-WS-0043,XmlWinEventLog:Security,XmlWinEventLog,3
raw/0957__DEFR-WS-0044__XmlWinEventLog.log,DEFR-WS-0044,XmlWinEventLog:Microsoft-Windows-Sysmon/Operational,XmlWinEventLog,6
raw/0958__DEFR-WS-0044__XmlWinEventLog.log,DEFR-WS-0044,XmlWinEventLog:Security,XmlWinEventLog,1
raw/0959__DEFR-WS-0044__ms_defender_eventhub.log,DEFR-WS-0044,ms:defender:eventhub,ms:defender:eventhub,1
raw/0960__DEFR-WS-0044__sccm_client.log,DEFR-WS-0044,sccm:client,sccm:client,1
raw/0961__DEFR-WS-0045__XmlWinEventLog.log,DEFR-WS-0045,XmlWinEventLog:Microsoft-Windows-Sysmon/Operational,XmlWinEventLog,13
raw/0962__DEFR-WS-0045__XmlWinEventLog.log,DEFR-WS-0045,XmlWinEventLog:Security,XmlWinEventLog,4
raw/0963__DEFR-WS-0045__trellix_epo.log,DEFR-WS-0045,trellix:epo,trellix:epo,1
raw/0964__DEFR-WS-0046__XmlWinEventLog.log,DEFR-WS-0046,XmlWinEventLog:Microsoft-Windows-Sysmon/Operational,XmlWinEventLog,3
raw/0965__DEFR-WS-0046__XmlWinEventLog.log,DEFR-WS-0046,XmlWinEventLog:Security,XmlWinEventLog,4
raw/0966__DEFR-WS-0046__trellix_epo.log,DEFR-WS-0046,trellix:epo,trellix:epo,1
raw/0967__DEFR-WS-0047__XmlWinEventLog.log,DEFR-WS-0047,XmlWinEventLog:Microsoft-Windows-Sysmon/Operational,XmlWinEventLog,11
raw/0968__DEFR-WS-0047__XmlWinEventLog.log,DEFR-WS-0047,XmlWinEventLog:Security,XmlWinEventLog,3
raw/0969__DEFR-WS-0047__sccm_client.log,DEFR-WS-0047,sccm:client,sccm:client,1
raw/0970__DEFR-WS-0048__XmlWinEventLog.log,DEFR-WS-0048,XmlWinEventLog:Microsoft-Windows-Sysmon/Operational,XmlWinEventLog,9
raw/0971__DEFR-WS-0048__XmlWinEventLog.log,DEFR-WS-0048,XmlWinEventLog:Security,XmlWinEventLog,6
raw/0972__DEFR-WS-0049__XmlWinEventLog.log,DEFR-WS-0049,XmlWinEventLog:Microsoft-Windows-Sysmon/Operational,XmlWinEventLog,7
raw/0973__DEFR-WS-0049__XmlWinEventLog.log,DEFR-WS-0049,XmlWinEventLog:Security,XmlWinEventLog,6
raw/0974__DEFR-WS-0049__ms_defender_eventhub.log,DEFR-WS-0049,ms:defender:eventhub,ms:defender:eventhub,1
raw/0975__DEFR-WS-0049__trellix_epo.log,DEFR-WS-0049,trellix:epo,trellix:epo,1
raw/0976__DEFR-WS-0050__XmlWinEventLog.log,DEFR-WS-0050,XmlWinEventLog:Microsoft-Windows-Sysmon/Operational,XmlWinEventLog,9
raw/0977__DEFR-WS-0050__XmlWinEventLog.log,DEFR-WS-0050,XmlWinEventLog:Security,XmlWinEventLog,6
raw/0978__DEFR-WS-0050__wsus_client.log,DEFR-WS-0050,wsus:client,wsus:client,1
raw/0979__DEFR-WS-0051__XmlWinEventLog.log,DEFR-WS-0051,XmlWinEventLog:Microsoft-Windows-Sysmon/Operational,XmlWinEventLog,5
raw/0980__DEFR-WS-0051__XmlWinEventLog.log,DEFR-WS-0051,XmlWinEventLog:Security,XmlWinEventLog,4
raw/0981__DEFR-WS-0052__XmlWinEventLog.log,DEFR-WS-0052,XmlWinEventLog:Microsoft-Windows-Sysmon/Operational,XmlWinEventLog,8
raw/0982__DEFR-WS-0052__XmlWinEventLog.log,DEFR-WS-0052,XmlWinEventLog:Security,XmlWinEventLog,7
raw/0983__DEFR-WS-0052__wsus_client.log,DEFR-WS-0052,wsus:client,wsus:client,1
raw/0984__DEFR-WS-0053__XmlWinEventLog.log,DEFR-WS-0053,XmlWinEventLog:Microsoft-Windows-Sysmon/Operational,XmlWinEventLog,5
raw/0985__DEFR-WS-0053__XmlWinEventLog.log,DEFR-WS-0053,XmlWinEventLog:Security,XmlWinEventLog,4
raw/0986__DEFR-WS-0054__XmlWinEventLog.log,DEFR-WS-0054,XmlWinEventLog:Microsoft-Windows-Sysmon/Operational,XmlWinEventLog,3
raw/0987__DEFR-WS-0054__XmlWinEventLog.log,DEFR-WS-0054,XmlWinEventLog:Security,XmlWinEventLog,3
raw/0988__DEFR-WS-0054__trellix_epo.log,DEFR-WS-0054,trellix:epo,trellix:epo,2
raw/0989__DEFR-WS-0054__wsus_client.log,DEFR-WS-0054,wsus:client,wsus:client,1
raw/0990__DEFR-WS-0055__XmlWinEventLog.log,DEFR-WS-0055,XmlWinEventLog:Microsoft-Windows-Sysmon/Operational,XmlWinEventLog,5
raw/0991__DEFR-WS-0055__XmlWinEventLog.log,DEFR-WS-0055,XmlWinEventLog:Security,XmlWinEventLog,5
raw/0992__DEFR-WS-0055__ms_defender_eventhub.log,DEFR-WS-0055,ms:defender:eventhub,ms:defender:eventhub,2
raw/0993__DEFR-WS-0056__XmlWinEventLog.log,DEFR-WS-0056,XmlWinEventLog:Microsoft-Windows-Sysmon/Operational,XmlWinEventLog,6
raw/0994__DEFR-WS-0056__XmlWinEventLog.log,DEFR-WS-0056,XmlWinEventLog:Security,XmlWinEventLog,2
raw/0995__DEFR-WS-0057__XmlWinEventLog.log,DEFR-WS-0057,XmlWinEventLog:Microsoft-Windows-Sysmon/Operational,XmlWinEventLog,7
raw/0996__DEFR-WS-0057__XmlWinEventLog.log,DEFR-WS-0057,XmlWinEventLog:Security,XmlWinEventLog,4
raw/0997__DEFR-WS-0058__XmlWinEventLog.log,DEFR-WS-0058,XmlWinEventLog:Microsoft-Windows-Sysmon/Operational,XmlWinEventLog,9
raw/0998__DEFR-WS-0058__XmlWinEventLog.log,DEFR-WS-0058,XmlWinEventLog:Security,XmlWinEventLog,4
raw/0999__DEFR-WS-0058__ms_defender_eventhub.log,DEFR-WS-0058,ms:defender:eventhub,ms:defender:eventhub,2
raw/1000__DEFR-WS-0059__XmlWinEventLog.log,DEFR-WS-0059,XmlWinEventLog:Microsoft-Windows-Sysmon/Operational,XmlWinEventLog,5
raw/1001__DEFR-WS-0059__XmlWinEventLog.log,DEFR-WS-0059,XmlWinEventLog:Security,XmlWinEventLog,7
raw/1002__DEFR-WS-0059__ms_defender_eventhub.log,DEFR-WS-0059,ms:defender:eventhub,ms:defender:eventhub,2
raw/1003__DEFR-WS-0059__wsus_client.log,DEFR-WS-0059,wsus:client,wsus:client,1
raw/1004__DEFR-WS-0060__XmlWinEventLog.log,DEFR-WS-0060,XmlWinEventLog:Microsoft-Windows-Sysmon/Operational,XmlWinEventLog,6
raw/1005__DEFR-WS-0060__XmlWinEventLog.log,DEFR-WS-0060,XmlWinEventLog:Security,XmlWinEventLog,2
raw/1006__DEFR-WS-0060__ms_defender_eventhub.log,DEFR-WS-0060,ms:defender:eventhub,ms:defender:eventhub,2
raw/1007__DEFR-WS-0060__sccm_client.log,DEFR-WS-0060,sccm:client,sccm:client,1
raw/1008__DEFR-WS-0061__XmlWinEventLog.log,DEFR-WS-0061,XmlWinEventLog:Microsoft-Windows-Sysmon/Operational,XmlWinEventLog,6
raw/1009__DEFR-WS-0061__XmlWinEventLog.log,DEFR-WS-0061,XmlWinEventLog:Security,XmlWinEventLog,4
raw/1010__DEFR-WS-0061__ms_defender_eventhub.log,DEFR-WS-0061,ms:defender:eventhub,ms:defender:eventhub,2
raw/1011__DEFR-WS-0061__wsus_client.log,DEFR-WS-0061,wsus:client,wsus:client,1
raw/1012__DEFR-WS-0062__XmlWinEventLog.log,DEFR-WS-0062,XmlWinEventLog:Microsoft-Windows-Sysmon/Operational,XmlWinEventLog,5
raw/1013__DEFR-WS-0062__XmlWinEventLog.log,DEFR-WS-0062,XmlWinEventLog:Security,XmlWinEventLog,10
raw/1014__DEFR-WS-0062__ms_defender_eventhub.log,DEFR-WS-0062,ms:defender:eventhub,ms:defender:eventhub,1
raw/1015__DEFR-WS-0063__XmlWinEventLog.log,DEFR-WS-0063,XmlWinEventLog:Microsoft-Windows-Sysmon/Operational,XmlWinEventLog,5
raw/1016__DEFR-WS-0063__XmlWinEventLog.log,DEFR-WS-0063,XmlWinEventLog:Security,XmlWinEventLog,6
raw/1017__DEFR-WS-0064__XmlWinEventLog.log,DEFR-WS-0064,XmlWinEventLog:Microsoft-Windows-Sysmon/Operational,XmlWinEventLog,7
raw/1018__DEFR-WS-0064__XmlWinEventLog.log,DEFR-WS-0064,XmlWinEventLog:Security,XmlWinEventLog,4
raw/1019__DEFR-WS-0064__ms_defender_eventhub.log,DEFR-WS-0064,ms:defender:eventhub,ms:defender:eventhub,3
raw/1020__DEFR-ZEEK-01__bro_conn_json.log,DEFR-ZEEK-01,zeek:conn,bro:conn:json,1042
raw/1021__DEFR-ZEEK-01__bro_dce_rpc_json.log,DEFR-ZEEK-01,zeek:dce_rpc,bro:dce_rpc:json,86
raw/1022__DEFR-ZEEK-01__bro_dns_json.log,DEFR-ZEEK-01,zeek:dns,bro:dns:json,381
raw/1023__DEFR-ZEEK-01__bro_http_json.log,DEFR-ZEEK-01,zeek:http,bro:http:json,240
raw/1024__DEFR-ZEEK-01__bro_smb_files_json.log,DEFR-ZEEK-01,zeek:smb_files,bro:smb_files:json,106
raw/1025__DEFR-ZEEK-01__bro_ssl_json.log,DEFR-ZEEK-01,zeek:ssl,bro:ssl:json,407
raw/1026__GITLAB-PROD__gitlab_audit.log,GITLAB-PROD,gitlab:audit,gitlab:audit,1
raw/1027__NLAM-APP-01__XmlWinEventLog.log,NLAM-APP-01,XmlWinEventLog:Microsoft-Windows-Sysmon/Operational,XmlWinEventLog,5
raw/1028__NLAM-APP-01__XmlWinEventLog.log,NLAM-APP-01,XmlWinEventLog:Security,XmlWinEventLog,7
raw/1029__NLAM-APP-01__sccm_client.log,NLAM-APP-01,sccm:client,sccm:client,1
raw/1030__NLAM-APP-02__XmlWinEventLog.log,NLAM-APP-02,XmlWinEventLog:Microsoft-Windows-Sysmon/Operational,XmlWinEventLog,4
raw/1031__NLAM-APP-02__XmlWinEventLog.log,NLAM-APP-02,XmlWinEventLog:Security,XmlWinEventLog,8
raw/1032__NLAM-APP-02__ms_defender_eventhub.log,NLAM-APP-02,ms:defender:eventhub,ms:defender:eventhub,2
raw/1033__NLAM-APP-02__trellix_epo.log,NLAM-APP-02,trellix:epo,trellix:epo,1
raw/1034__NLAM-APP-02__wsus_client.log,NLAM-APP-02,wsus:client,wsus:client,1
raw/1035__NLAM-APP-03__XmlWinEventLog.log,NLAM-APP-03,XmlWinEventLog:Microsoft-Windows-Sysmon/Operational,XmlWinEventLog,6
raw/1036__NLAM-APP-03__XmlWinEventLog.log,NLAM-APP-03,XmlWinEventLog:Security,XmlWinEventLog,2
raw/1037__NLAM-APP-03__ms_defender_eventhub.log,NLAM-APP-03,ms:defender:eventhub,ms:defender:eventhub,1
raw/1038__NLAM-APP-03__trellix_epo.log,NLAM-APP-03,trellix:epo,trellix:epo,1
raw/1039__NLAM-APP-04__XmlWinEventLog.log,NLAM-APP-04,XmlWinEventLog:Microsoft-Windows-Sysmon/Operational,XmlWinEventLog,10
raw/1040__NLAM-APP-04__XmlWinEventLog.log,NLAM-APP-04,XmlWinEventLog:Security,XmlWinEventLog,8
raw/1041__NLAM-APP-04__ms_defender_eventhub.log,NLAM-APP-04,ms:defender:eventhub,ms:defender:eventhub,3
raw/1042__NLAM-APP-04__sccm_client.log,NLAM-APP-04,sccm:client,sccm:client,1
raw/1043__NLAM-APP-04__trellix_epo.log,NLAM-APP-04,trellix:epo,trellix:epo,1
raw/1044__NLAM-APP-05__XmlWinEventLog.log,NLAM-APP-05,XmlWinEventLog:Microsoft-Windows-Sysmon/Operational,XmlWinEventLog,12
raw/1045__NLAM-APP-05__XmlWinEventLog.log,NLAM-APP-05,XmlWinEventLog:Security,XmlWinEventLog,4
raw/1046__NLAM-APP-05__ms_defender_eventhub.log,NLAM-APP-05,ms:defender:eventhub,ms:defender:eventhub,1
raw/1047__NLAM-APP-05__trellix_epo.log,NLAM-APP-05,trellix:epo,trellix:epo,1
raw/1048__NLAM-APP-06__XmlWinEventLog.log,NLAM-APP-06,XmlWinEventLog:Microsoft-Windows-Sysmon/Operational,XmlWinEventLog,16
raw/1049__NLAM-APP-06__XmlWinEventLog.log,NLAM-APP-06,XmlWinEventLog:Security,XmlWinEventLog,5
raw/1050__NLAM-APP-07__XmlWinEventLog.log,NLAM-APP-07,XmlWinEventLog:Microsoft-Windows-Sysmon/Operational,XmlWinEventLog,7
raw/1051__NLAM-APP-07__XmlWinEventLog.log,NLAM-APP-07,XmlWinEventLog:Security,XmlWinEventLog,9
raw/1052__NLAM-APP-07__trellix_epo.log,NLAM-APP-07,trellix:epo,trellix:epo,1
raw/1053__NLAM-APP-08__XmlWinEventLog.log,NLAM-APP-08,XmlWinEventLog:Microsoft-Windows-Sysmon/Operational,XmlWinEventLog,5
raw/1054__NLAM-APP-08__XmlWinEventLog.log,NLAM-APP-08,XmlWinEventLog:Security,XmlWinEventLog,5
raw/1055__NLAM-APP-08__ms_defender_eventhub.log,NLAM-APP-08,ms:defender:eventhub,ms:defender:eventhub,3
raw/1056__NLAM-DC-01__XmlWinEventLog.log,NLAM-DC-01,XmlWinEventLog:Security,XmlWinEventLog,131
raw/1057__NLAM-DLP-01__dlp_events.log,NLAM-DLP-01,dlp:events,dlp:events,1
raw/1058__NLAM-FS-01__XmlWinEventLog.log,NLAM-FS-01,XmlWinEventLog:Microsoft-Windows-Sysmon/Operational,XmlWinEventLog,6
raw/1059__NLAM-FS-01__XmlWinEventLog.log,NLAM-FS-01,XmlWinEventLog:Security,XmlWinEventLog,2
raw/1060__NLAM-FS-02__XmlWinEventLog.log,NLAM-FS-02,XmlWinEventLog:Microsoft-Windows-Sysmon/Operational,XmlWinEventLog,8
raw/1061__NLAM-FS-02__XmlWinEventLog.log,NLAM-FS-02,XmlWinEventLog:Security,XmlWinEventLog,7
raw/1062__NLAM-FS-02__ms_defender_eventhub.log,NLAM-FS-02,ms:defender:eventhub,ms:defender:eventhub,1
raw/1063__NLAM-FS-03__XmlWinEventLog.log,NLAM-FS-03,XmlWinEventLog:Microsoft-Windows-Sysmon/Operational,XmlWinEventLog,8
raw/1064__NLAM-FS-03__XmlWinEventLog.log,NLAM-FS-03,XmlWinEventLog:Security,XmlWinEventLog,5
raw/1065__NLAM-FS-03__ms_defender_eventhub.log,NLAM-FS-03,ms:defender:eventhub,ms:defender:eventhub,1
raw/1066__NLAM-FS-03__trellix_epo.log,NLAM-FS-03,trellix:epo,trellix:epo,1
raw/1067__NLAM-FS-04__XmlWinEventLog.log,NLAM-FS-04,XmlWinEventLog:Microsoft-Windows-Sysmon/Operational,XmlWinEventLog,4
raw/1068__NLAM-FS-04__XmlWinEventLog.log,NLAM-FS-04,XmlWinEventLog:Security,XmlWinEventLog,6
raw/1069__NLAM-FS-04__wsus_client.log,NLAM-FS-04,wsus:client,wsus:client,1
raw/1070__NLAM-FW-01__pan_traffic.log,NLAM-FW-01,pan:traffic,pan:traffic,106
raw/1071__NLAM-FW-02__fortigate_traffic.log,NLAM-FW-02,fortigate_traffic,fortigate_traffic,132
raw/1072__NLAM-FW-02__pan_traffic.log,NLAM-FW-02,pan:traffic,pan:traffic,1
raw/1073__NLAM-FW-03__cisco_asa.log,NLAM-FW-03,cisco:asa,cisco:asa,107
raw/1074__NLAM-JUMP-01__XmlWinEventLog.log,NLAM-JUMP-01,XmlWinEventLog:Microsoft-Windows-Sysmon/Operational,XmlWinEventLog,4
raw/1075__NLAM-JUMP-01__XmlWinEventLog.log,NLAM-JUMP-01,XmlWinEventLog:Security,XmlWinEventLog,5
raw/1076__NLAM-JUMP-01__ms_defender_eventhub.log,NLAM-JUMP-01,ms:defender:eventhub,ms:defender:eventhub,2
raw/1077__NLAM-JUMP-02__XmlWinEventLog.log,NLAM-JUMP-02,XmlWinEventLog:Microsoft-Windows-Sysmon/Operational,XmlWinEventLog,10
raw/1078__NLAM-JUMP-02__XmlWinEventLog.log,NLAM-JUMP-02,XmlWinEventLog:Security,XmlWinEventLog,11
raw/1079__NLAM-JUMP-02__ms_defender_eventhub.log,NLAM-JUMP-02,ms:defender:eventhub,ms:defender:eventhub,2
raw/1080__NLAM-JUMP-02__wsus_client.log,NLAM-JUMP-02,wsus:client,wsus:client,1
raw/1081__NLAM-JUMP-03__XmlWinEventLog.log,NLAM-JUMP-03,XmlWinEventLog:Microsoft-Windows-Sysmon/Operational,XmlWinEventLog,3
raw/1082__NLAM-JUMP-03__XmlWinEventLog.log,NLAM-JUMP-03,XmlWinEventLog:Security,XmlWinEventLog,5
raw/1083__NLAM-JUMP-03__ms_defender_eventhub.log,NLAM-JUMP-03,ms:defender:eventhub,ms:defender:eventhub,2
raw/1084__NLAM-LNX-01__linux_audit.log,NLAM-LNX-01,/var/log/audit/audit.log,linux_audit,129
raw/1085__NLAM-LNX-01__linux_secure.log,NLAM-LNX-01,/var/log/secure,linux_secure,13
raw/1086__NLAM-LNX-01__syslog.log,NLAM-LNX-01,/var/log/syslog,syslog,21
raw/1087__NLAM-LNX-01__trellix_epo.log,NLAM-LNX-01,trellix:epo,trellix:epo,1
raw/1088__NLAM-LNX-02__linux_audit.log,NLAM-LNX-02,/var/log/audit/audit.log,linux_audit,100
raw/1089__NLAM-LNX-02__linux_secure.log,NLAM-LNX-02,/var/log/secure,linux_secure,17
raw/1090__NLAM-LNX-02__syslog.log,NLAM-LNX-02,/var/log/syslog,syslog,27
raw/1091__NLAM-LNX-02__ms_defender_eventhub.log,NLAM-LNX-02,ms:defender:eventhub,ms:defender:eventhub,1
raw/1092__NLAM-LNX-03__linux_audit.log,NLAM-LNX-03,/var/log/audit/audit.log,linux_audit,96
raw/1093__NLAM-LNX-03__linux_secure.log,NLAM-LNX-03,/var/log/secure,linux_secure,26
raw/1094__NLAM-LNX-03__syslog.log,NLAM-LNX-03,/var/log/syslog,syslog,31
raw/1095__NLAM-LNX-03__ms_defender_eventhub.log,NLAM-LNX-03,ms:defender:eventhub,ms:defender:eventhub,1
raw/1096__NLAM-LNX-04__linux_audit.log,NLAM-LNX-04,/var/log/audit/audit.log,linux_audit,99
raw/1097__NLAM-LNX-04__linux_secure.log,NLAM-LNX-04,/var/log/secure,linux_secure,24
raw/1098__NLAM-LNX-04__syslog.log,NLAM-LNX-04,/var/log/syslog,syslog,35
raw/1099__NLAM-LNX-04__trellix_epo.log,NLAM-LNX-04,trellix:epo,trellix:epo,1
raw/1100__NLAM-LNX-05__linux_audit.log,NLAM-LNX-05,/var/log/audit/audit.log,linux_audit,103
raw/1101__NLAM-LNX-05__linux_secure.log,NLAM-LNX-05,/var/log/secure,linux_secure,22
raw/1102__NLAM-LNX-05__syslog.log,NLAM-LNX-05,/var/log/syslog,syslog,29
raw/1103__NLAM-LNX-05__ms_defender_eventhub.log,NLAM-LNX-05,ms:defender:eventhub,ms:defender:eventhub,1
raw/1104__NLAM-LNX-05__trellix_epo.log,NLAM-LNX-05,trellix:epo,trellix:epo,1
raw/1105__NLAM-LNX-06__linux_audit.log,NLAM-LNX-06,/var/log/audit/audit.log,linux_audit,96
raw/1106__NLAM-LNX-06__linux_secure.log,NLAM-LNX-06,/var/log/secure,linux_secure,17
raw/1107__NLAM-LNX-06__syslog.log,NLAM-LNX-06,/var/log/syslog,syslog,26
raw/1108__NLAM-LNX-07__linux_audit.log,NLAM-LNX-07,/var/log/audit/audit.log,linux_audit,125
raw/1109__NLAM-LNX-07__linux_secure.log,NLAM-LNX-07,/var/log/secure,linux_secure,19
raw/1110__NLAM-LNX-07__syslog.log,NLAM-LNX-07,/var/log/syslog,syslog,27
raw/1111__NLAM-LNX-08__linux_audit.log,NLAM-LNX-08,/var/log/audit/audit.log,linux_audit,133
raw/1112__NLAM-LNX-08__linux_secure.log,NLAM-LNX-08,/var/log/secure,linux_secure,21
raw/1113__NLAM-LNX-08__syslog.log,NLAM-LNX-08,/var/log/syslog,syslog,41
raw/1114__NLAM-OPS-LNX-04__linux_audit.log,NLAM-OPS-LNX-04,/var/log/audit/audit.log,linux_audit,7
raw/1115__NLAM-OPS-LNX-04__linux_secure.log,NLAM-OPS-LNX-04,/var/log/secure,linux_secure,1
raw/1116__NLAM-OPS-LNX-04__syslog.log,NLAM-OPS-LNX-04,/var/log/syslog,syslog,2
raw/1117__NLAM-PACS-01__pacs_access.log,NLAM-PACS-01,pacs:access,pacs:access,144
raw/1118__NLAM-PAW-01__XmlWinEventLog.log,NLAM-PAW-01,XmlWinEventLog:Microsoft-Windows-Sysmon/Operational,XmlWinEventLog,7
raw/1119__NLAM-PAW-01__XmlWinEventLog.log,NLAM-PAW-01,XmlWinEventLog:Security,XmlWinEventLog,7
raw/1120__NLAM-PAW-01__ms_defender_eventhub.log,NLAM-PAW-01,ms:defender:eventhub,ms:defender:eventhub,3
raw/1121__NLAM-PAW-01__sccm_client.log,NLAM-PAW-01,sccm:client,sccm:client,1
raw/1122__NLAM-PAW-01__trellix_epo.log,NLAM-PAW-01,trellix:epo,trellix:epo,2
raw/1123__NLAM-PAW-02__XmlWinEventLog.log,NLAM-PAW-02,XmlWinEventLog:Microsoft-Windows-Sysmon/Operational,XmlWinEventLog,6
raw/1124__NLAM-PAW-02__XmlWinEventLog.log,NLAM-PAW-02,XmlWinEventLog:Security,XmlWinEventLog,6
raw/1125__NLAM-PAW-03__XmlWinEventLog.log,NLAM-PAW-03,XmlWinEventLog:Microsoft-Windows-Sysmon/Operational,XmlWinEventLog,6
raw/1126__NLAM-PAW-03__XmlWinEventLog.log,NLAM-PAW-03,XmlWinEventLog:Security,XmlWinEventLog,5
raw/1127__NLAM-PAW-03__trellix_epo.log,NLAM-PAW-03,trellix:epo,trellix:epo,1
raw/1128__NLAM-PAW-04__XmlWinEventLog.log,NLAM-PAW-04,XmlWinEventLog:Microsoft-Windows-Sysmon/Operational,XmlWinEventLog,8
raw/1129__NLAM-PAW-04__XmlWinEventLog.log,NLAM-PAW-04,XmlWinEventLog:Security,XmlWinEventLog,7
raw/1130__NLAM-PAW-04__wsus_client.log,NLAM-PAW-04,wsus:client,wsus:client,1
raw/1131__NLAM-PAW-05__XmlWinEventLog.log,NLAM-PAW-05,XmlWinEventLog:Microsoft-Windows-Sysmon/Operational,XmlWinEventLog,3
raw/1132__NLAM-PAW-05__XmlWinEventLog.log,NLAM-PAW-05,XmlWinEventLog:Security,XmlWinEventLog,2
raw/1133__NLAM-PAW-05__sccm_client.log,NLAM-PAW-05,sccm:client,sccm:client,2
raw/1134__NLAM-PAW-05__trellix_epo.log,NLAM-PAW-05,trellix:epo,trellix:epo,1
raw/1135__NLAM-PAW-06__XmlWinEventLog.log,NLAM-PAW-06,XmlWinEventLog:Microsoft-Windows-Sysmon/Operational,XmlWinEventLog,6
raw/1136__NLAM-PAW-06__XmlWinEventLog.log,NLAM-PAW-06,XmlWinEventLog:Security,XmlWinEventLog,6
raw/1137__NLAM-PAW-06__sccm_client.log,NLAM-PAW-06,sccm:client,sccm:client,1
raw/1138__NLAM-RTR-01__cisco_ios.log,NLAM-RTR-01,cisco:ios,cisco:ios,56
raw/1139__NLAM-RTR-02__juniper.log,NLAM-RTR-02,juniper,juniper,23
raw/1140__NLAM-RTR-02__juniper_junos_firewall.log,NLAM-RTR-02,juniper:junos:firewall,juniper:junos:firewall,11
raw/1141__NLAM-VDI-01__XmlWinEventLog.log,NLAM-VDI-01,XmlWinEventLog:Microsoft-Windows-Sysmon/Operational,XmlWinEventLog,3
raw/1142__NLAM-VDI-01__XmlWinEventLog.log,NLAM-VDI-01,XmlWinEventLog:Security,XmlWinEventLog,5
raw/1143__NLAM-VDI-01__ms_defender_eventhub.log,NLAM-VDI-01,ms:defender:eventhub,ms:defender:eventhub,4
raw/1144__NLAM-VDI-01__trellix_epo.log,NLAM-VDI-01,trellix:epo,trellix:epo,1
raw/1145__NLAM-VDI-02__XmlWinEventLog.log,NLAM-VDI-02,XmlWinEventLog:Microsoft-Windows-Sysmon/Operational,XmlWinEventLog,10
raw/1146__NLAM-VDI-02__XmlWinEventLog.log,NLAM-VDI-02,XmlWinEventLog:Security,XmlWinEventLog,2
raw/1147__NLAM-VDI-02__sccm_client.log,NLAM-VDI-02,sccm:client,sccm:client,1
raw/1148__NLAM-VDI-03__XmlWinEventLog.log,NLAM-VDI-03,XmlWinEventLog:Microsoft-Windows-Sysmon/Operational,XmlWinEventLog,6
raw/1149__NLAM-VDI-03__XmlWinEventLog.log,NLAM-VDI-03,XmlWinEventLog:Security,XmlWinEventLog,6
raw/1150__NLAM-VDI-03__ms_defender_eventhub.log,NLAM-VDI-03,ms:defender:eventhub,ms:defender:eventhub,1
raw/1151__NLAM-VDI-03__sccm_client.log,NLAM-VDI-03,sccm:client,sccm:client,1
raw/1152__NLAM-WS-0001__XmlWinEventLog.log,NLAM-WS-0001,XmlWinEventLog:Microsoft-Windows-Sysmon/Operational,XmlWinEventLog,8
raw/1153__NLAM-WS-0001__XmlWinEventLog.log,NLAM-WS-0001,XmlWinEventLog:Security,XmlWinEventLog,7
raw/1154__NLAM-WS-0002__XmlWinEventLog.log,NLAM-WS-0002,XmlWinEventLog:Microsoft-Windows-Sysmon/Operational,XmlWinEventLog,8
raw/1155__NLAM-WS-0002__XmlWinEventLog.log,NLAM-WS-0002,XmlWinEventLog:Security,XmlWinEventLog,12
raw/1156__NLAM-WS-0002__ms_defender_eventhub.log,NLAM-WS-0002,ms:defender:eventhub,ms:defender:eventhub,3
raw/1157__NLAM-WS-0002__sccm_client.log,NLAM-WS-0002,sccm:client,sccm:client,1
raw/1158__NLAM-WS-0002__trellix_epo.log,NLAM-WS-0002,trellix:epo,trellix:epo,1
raw/1159__NLAM-WS-0002__wsus_client.log,NLAM-WS-0002,wsus:client,wsus:client,2
raw/1160__NLAM-WS-0003__XmlWinEventLog.log,NLAM-WS-0003,XmlWinEventLog:Microsoft-Windows-Sysmon/Operational,XmlWinEventLog,16
raw/1161__NLAM-WS-0003__XmlWinEventLog.log,NLAM-WS-0003,XmlWinEventLog:Security,XmlWinEventLog,6
raw/1162__NLAM-WS-0004__XmlWinEventLog.log,NLAM-WS-0004,XmlWinEventLog:Microsoft-Windows-Sysmon/Operational,XmlWinEventLog,11
raw/1163__NLAM-WS-0004__XmlWinEventLog.log,NLAM-WS-0004,XmlWinEventLog:Security,XmlWinEventLog,10
raw/1164__NLAM-WS-0005__XmlWinEventLog.log,NLAM-WS-0005,XmlWinEventLog:Microsoft-Windows-Sysmon/Operational,XmlWinEventLog,9
raw/1165__NLAM-WS-0005__XmlWinEventLog.log,NLAM-WS-0005,XmlWinEventLog:Security,XmlWinEventLog,13
raw/1166__NLAM-WS-0006__XmlWinEventLog.log,NLAM-WS-0006,XmlWinEventLog:Microsoft-Windows-Sysmon/Operational,XmlWinEventLog,10
raw/1167__NLAM-WS-0006__XmlWinEventLog.log,NLAM-WS-0006,XmlWinEventLog:Security,XmlWinEventLog,13
raw/1168__NLAM-WS-0007__XmlWinEventLog.log,NLAM-WS-0007,XmlWinEventLog:Microsoft-Windows-Sysmon/Operational,XmlWinEventLog,10
raw/1169__NLAM-WS-0007__XmlWinEventLog.log,NLAM-WS-0007,XmlWinEventLog:Security,XmlWinEventLog,12
raw/1170__NLAM-WS-0007__ms_defender_eventhub.log,NLAM-WS-0007,ms:defender:eventhub,ms:defender:eventhub,1
raw/1171__NLAM-WS-0007__wsus_client.log,NLAM-WS-0007,wsus:client,wsus:client,1
raw/1172__NLAM-WS-0008__XmlWinEventLog.log,NLAM-WS-0008,XmlWinEventLog:Microsoft-Windows-Sysmon/Operational,XmlWinEventLog,9
raw/1173__NLAM-WS-0008__XmlWinEventLog.log,NLAM-WS-0008,XmlWinEventLog:Security,XmlWinEventLog,8
raw/1174__NLAM-WS-0009__XmlWinEventLog.log,NLAM-WS-0009,XmlWinEventLog:Microsoft-Windows-Sysmon/Operational,XmlWinEventLog,15
raw/1175__NLAM-WS-0009__XmlWinEventLog.log,NLAM-WS-0009,XmlWinEventLog:Security,XmlWinEventLog,6
raw/1176__NLAM-WS-0009__ms_defender_eventhub.log,NLAM-WS-0009,ms:defender:eventhub,ms:defender:eventhub,1
raw/1177__NLAM-WS-0009__trellix_epo.log,NLAM-WS-0009,trellix:epo,trellix:epo,3
raw/1178__NLAM-WS-0010__XmlWinEventLog.log,NLAM-WS-0010,XmlWinEventLog:Microsoft-Windows-Sysmon/Operational,XmlWinEventLog,10
raw/1179__NLAM-WS-0010__XmlWinEventLog.log,NLAM-WS-0010,XmlWinEventLog:Security,XmlWinEventLog,17
raw/1180__NLAM-WS-0010__trellix_epo.log,NLAM-WS-0010,trellix:epo,trellix:epo,2
raw/1181__NLAM-WS-0011__XmlWinEventLog.log,NLAM-WS-0011,XmlWinEventLog:Microsoft-Windows-Sysmon/Operational,XmlWinEventLog,14
raw/1182__NLAM-WS-0011__XmlWinEventLog.log,NLAM-WS-0011,XmlWinEventLog:Security,XmlWinEventLog,17
raw/1183__NLAM-WS-0012__XmlWinEventLog.log,NLAM-WS-0012,XmlWinEventLog:Microsoft-Windows-Sysmon/Operational,XmlWinEventLog,6
raw/1184__NLAM-WS-0012__XmlWinEventLog.log,NLAM-WS-0012,XmlWinEventLog:Security,XmlWinEventLog,8
raw/1185__NLAM-WS-0012__ms_defender_eventhub.log,NLAM-WS-0012,ms:defender:eventhub,ms:defender:eventhub,2
raw/1186__NLAM-WS-0012__trellix_epo.log,NLAM-WS-0012,trellix:epo,trellix:epo,1
raw/1187__NLAM-WS-0013__XmlWinEventLog.log,NLAM-WS-0013,XmlWinEventLog:Microsoft-Windows-Sysmon/Operational,XmlWinEventLog,5
raw/1188__NLAM-WS-0013__XmlWinEventLog.log,NLAM-WS-0013,XmlWinEventLog:Security,XmlWinEventLog,13
raw/1189__NLAM-WS-0013__ms_defender_eventhub.log,NLAM-WS-0013,ms:defender:eventhub,ms:defender:eventhub,1
raw/1190__NLAM-WS-0013__sccm_client.log,NLAM-WS-0013,sccm:client,sccm:client,1
raw/1191__NLAM-WS-0014__XmlWinEventLog.log,NLAM-WS-0014,XmlWinEventLog:Microsoft-Windows-Sysmon/Operational,XmlWinEventLog,10
raw/1192__NLAM-WS-0014__XmlWinEventLog.log,NLAM-WS-0014,XmlWinEventLog:Security,XmlWinEventLog,9
raw/1193__NLAM-WS-0014__trellix_epo.log,NLAM-WS-0014,trellix:epo,trellix:epo,1
raw/1194__NLAM-WS-0015__XmlWinEventLog.log,NLAM-WS-0015,XmlWinEventLog:Microsoft-Windows-Sysmon/Operational,XmlWinEventLog,15
raw/1195__NLAM-WS-0015__XmlWinEventLog.log,NLAM-WS-0015,XmlWinEventLog:Security,XmlWinEventLog,13
raw/1196__NLAM-WS-0015__ms_defender_eventhub.log,NLAM-WS-0015,ms:defender:eventhub,ms:defender:eventhub,1
raw/1197__NLAM-WS-0015__wsus_client.log,NLAM-WS-0015,wsus:client,wsus:client,1
raw/1198__NLAM-WS-0016__XmlWinEventLog.log,NLAM-WS-0016,XmlWinEventLog:Microsoft-Windows-Sysmon/Operational,XmlWinEventLog,13
raw/1199__NLAM-WS-0016__XmlWinEventLog.log,NLAM-WS-0016,XmlWinEventLog:Security,XmlWinEventLog,10
raw/1200__NLAM-WS-0016__trellix_epo.log,NLAM-WS-0016,trellix:epo,trellix:epo,1
raw/1201__NLAM-WS-0017__XmlWinEventLog.log,NLAM-WS-0017,XmlWinEventLog:Microsoft-Windows-Sysmon/Operational,XmlWinEventLog,8
raw/1202__NLAM-WS-0017__XmlWinEventLog.log,NLAM-WS-0017,XmlWinEventLog:Security,XmlWinEventLog,12
raw/1203__NLAM-WS-0017__sccm_client.log,NLAM-WS-0017,sccm:client,sccm:client,2
raw/1204__NLAM-WS-0018__XmlWinEventLog.log,NLAM-WS-0018,XmlWinEventLog:Microsoft-Windows-Sysmon/Operational,XmlWinEventLog,9
raw/1205__NLAM-WS-0018__XmlWinEventLog.log,NLAM-WS-0018,XmlWinEventLog:Security,XmlWinEventLog,7
raw/1206__NLAM-WS-0018__sccm_client.log,NLAM-WS-0018,sccm:client,sccm:client,1
raw/1207__NLAM-WS-0018__trellix_epo.log,NLAM-WS-0018,trellix:epo,trellix:epo,2
raw/1208__NLAM-WS-0019__XmlWinEventLog.log,NLAM-WS-0019,XmlWinEventLog:Microsoft-Windows-Sysmon/Operational,XmlWinEventLog,10
raw/1209__NLAM-WS-0019__XmlWinEventLog.log,NLAM-WS-0019,XmlWinEventLog:Security,XmlWinEventLog,16
raw/1210__NLAM-WS-0019__trellix_epo.log,NLAM-WS-0019,trellix:epo,trellix:epo,1
raw/1211__NLAM-WS-0019__wsus_client.log,NLAM-WS-0019,wsus:client,wsus:client,1
raw/1212__NLAM-WS-0020__XmlWinEventLog.log,NLAM-WS-0020,XmlWinEventLog:Microsoft-Windows-Sysmon/Operational,XmlWinEventLog,9
raw/1213__NLAM-WS-0020__XmlWinEventLog.log,NLAM-WS-0020,XmlWinEventLog:Security,XmlWinEventLog,10
raw/1214__NLAM-WS-0020__sccm_client.log,NLAM-WS-0020,sccm:client,sccm:client,1
raw/1215__NLAM-WS-0021__XmlWinEventLog.log,NLAM-WS-0021,XmlWinEventLog:Microsoft-Windows-Sysmon/Operational,XmlWinEventLog,10
raw/1216__NLAM-WS-0021__XmlWinEventLog.log,NLAM-WS-0021,XmlWinEventLog:Security,XmlWinEventLog,6
raw/1217__NLAM-WS-0021__ms_defender_eventhub.log,NLAM-WS-0021,ms:defender:eventhub,ms:defender:eventhub,1
raw/1218__NLAM-WS-0021__wsus_client.log,NLAM-WS-0021,wsus:client,wsus:client,2
raw/1219__NLAM-WS-0022__XmlWinEventLog.log,NLAM-WS-0022,XmlWinEventLog:Microsoft-Windows-Sysmon/Operational,XmlWinEventLog,14
raw/1220__NLAM-WS-0022__XmlWinEventLog.log,NLAM-WS-0022,XmlWinEventLog:Security,XmlWinEventLog,9
raw/1221__NLAM-WS-0022__ms_defender_eventhub.log,NLAM-WS-0022,ms:defender:eventhub,ms:defender:eventhub,4
raw/1222__NLAM-WS-0022__trellix_epo.log,NLAM-WS-0022,trellix:epo,trellix:epo,1
raw/1223__NLAM-WS-0023__XmlWinEventLog.log,NLAM-WS-0023,XmlWinEventLog:Microsoft-Windows-Sysmon/Operational,XmlWinEventLog,10
raw/1224__NLAM-WS-0023__XmlWinEventLog.log,NLAM-WS-0023,XmlWinEventLog:Security,XmlWinEventLog,14
raw/1225__NLAM-WS-0023__ms_defender_eventhub.log,NLAM-WS-0023,ms:defender:eventhub,ms:defender:eventhub,1
raw/1226__NLAM-WS-0023__sccm_client.log,NLAM-WS-0023,sccm:client,sccm:client,1
raw/1227__NLAM-WS-0023__trellix_epo.log,NLAM-WS-0023,trellix:epo,trellix:epo,1
raw/1228__NLAM-WS-0024__XmlWinEventLog.log,NLAM-WS-0024,XmlWinEventLog:Microsoft-Windows-Sysmon/Operational,XmlWinEventLog,12
raw/1229__NLAM-WS-0024__XmlWinEventLog.log,NLAM-WS-0024,XmlWinEventLog:Security,XmlWinEventLog,12
raw/1230__NLAM-WS-0024__ms_defender_eventhub.log,NLAM-WS-0024,ms:defender:eventhub,ms:defender:eventhub,2
raw/1231__NLAM-WS-0025__XmlWinEventLog.log,NLAM-WS-0025,XmlWinEventLog:Microsoft-Windows-Sysmon/Operational,XmlWinEventLog,8
raw/1232__NLAM-WS-0025__XmlWinEventLog.log,NLAM-WS-0025,XmlWinEventLog:Security,XmlWinEventLog,7
raw/1233__NLAM-WS-0025__trellix_epo.log,NLAM-WS-0025,trellix:epo,trellix:epo,2
raw/1234__NLAM-WS-0026__XmlWinEventLog.log,NLAM-WS-0026,XmlWinEventLog:Microsoft-Windows-Sysmon/Operational,XmlWinEventLog,8
raw/1235__NLAM-WS-0026__XmlWinEventLog.log,NLAM-WS-0026,XmlWinEventLog:Security,XmlWinEventLog,9
raw/1236__NLAM-WS-0026__trellix_epo.log,NLAM-WS-0026,trellix:epo,trellix:epo,1
raw/1237__NLAM-WS-0027__XmlWinEventLog.log,NLAM-WS-0027,XmlWinEventLog:Microsoft-Windows-Sysmon/Operational,XmlWinEventLog,9
raw/1238__NLAM-WS-0027__XmlWinEventLog.log,NLAM-WS-0027,XmlWinEventLog:Security,XmlWinEventLog,4
raw/1239__NLAM-WS-0028__XmlWinEventLog.log,NLAM-WS-0028,XmlWinEventLog:Microsoft-Windows-Sysmon/Operational,XmlWinEventLog,6
raw/1240__NLAM-WS-0028__XmlWinEventLog.log,NLAM-WS-0028,XmlWinEventLog:Security,XmlWinEventLog,5
raw/1241__NLAM-WS-0028__wsus_client.log,NLAM-WS-0028,wsus:client,wsus:client,1
raw/1242__NLAM-WS-0029__XmlWinEventLog.log,NLAM-WS-0029,XmlWinEventLog:Microsoft-Windows-Sysmon/Operational,XmlWinEventLog,5
raw/1243__NLAM-WS-0029__XmlWinEventLog.log,NLAM-WS-0029,XmlWinEventLog:Security,XmlWinEventLog,7
raw/1244__NLAM-WS-0029__ms_defender_eventhub.log,NLAM-WS-0029,ms:defender:eventhub,ms:defender:eventhub,2
raw/1245__NLAM-WS-0030__XmlWinEventLog.log,NLAM-WS-0030,XmlWinEventLog:Microsoft-Windows-Sysmon/Operational,XmlWinEventLog,7
raw/1246__NLAM-WS-0030__XmlWinEventLog.log,NLAM-WS-0030,XmlWinEventLog:Security,XmlWinEventLog,1
raw/1247__NLAM-WS-0030__ms_defender_eventhub.log,NLAM-WS-0030,ms:defender:eventhub,ms:defender:eventhub,1
raw/1248__NLAM-WS-0030__sccm_client.log,NLAM-WS-0030,sccm:client,sccm:client,1
raw/1249__NLAM-WS-0030__trellix_epo.log,NLAM-WS-0030,trellix:epo,trellix:epo,1
raw/1250__NLAM-WS-0030__wsus_client.log,NLAM-WS-0030,wsus:client,wsus:client,1
raw/1251__NLAM-WS-0031__XmlWinEventLog.log,NLAM-WS-0031,XmlWinEventLog:Microsoft-Windows-Sysmon/Operational,XmlWinEventLog,8
raw/1252__NLAM-WS-0031__XmlWinEventLog.log,NLAM-WS-0031,XmlWinEventLog:Security,XmlWinEventLog,6
raw/1253__NLAM-WS-0031__trellix_epo.log,NLAM-WS-0031,trellix:epo,trellix:epo,1
raw/1254__NLAM-WS-0032__XmlWinEventLog.log,NLAM-WS-0032,XmlWinEventLog:Microsoft-Windows-Sysmon/Operational,XmlWinEventLog,8
raw/1255__NLAM-WS-0032__XmlWinEventLog.log,NLAM-WS-0032,XmlWinEventLog:Security,XmlWinEventLog,6
raw/1256__NLAM-WS-0032__ms_defender_eventhub.log,NLAM-WS-0032,ms:defender:eventhub,ms:defender:eventhub,5
raw/1257__NLAM-WS-0032__trellix_epo.log,NLAM-WS-0032,trellix:epo,trellix:epo,2
raw/1258__NLAM-WS-0033__XmlWinEventLog.log,NLAM-WS-0033,XmlWinEventLog:Microsoft-Windows-Sysmon/Operational,XmlWinEventLog,1
raw/1259__NLAM-WS-0033__XmlWinEventLog.log,NLAM-WS-0033,XmlWinEventLog:Security,XmlWinEventLog,12
raw/1260__NLAM-WS-0034__XmlWinEventLog.log,NLAM-WS-0034,XmlWinEventLog:Microsoft-Windows-Sysmon/Operational,XmlWinEventLog,6
raw/1261__NLAM-WS-0034__XmlWinEventLog.log,NLAM-WS-0034,XmlWinEventLog:Security,XmlWinEventLog,2
raw/1262__NLAM-WS-0034__ms_defender_eventhub.log,NLAM-WS-0034,ms:defender:eventhub,ms:defender:eventhub,1
raw/1263__NLAM-WS-0035__XmlWinEventLog.log,NLAM-WS-0035,XmlWinEventLog:Microsoft-Windows-Sysmon/Operational,XmlWinEventLog,6
raw/1264__NLAM-WS-0035__XmlWinEventLog.log,NLAM-WS-0035,XmlWinEventLog:Security,XmlWinEventLog,1
raw/1265__NLAM-WS-0035__ms_defender_eventhub.log,NLAM-WS-0035,ms:defender:eventhub,ms:defender:eventhub,2
raw/1266__NLAM-WS-0036__XmlWinEventLog.log,NLAM-WS-0036,XmlWinEventLog:Microsoft-Windows-Sysmon/Operational,XmlWinEventLog,6
raw/1267__NLAM-WS-0036__XmlWinEventLog.log,NLAM-WS-0036,XmlWinEventLog:Security,XmlWinEventLog,5
raw/1268__NLAM-WS-0036__wsus_client.log,NLAM-WS-0036,wsus:client,wsus:client,1
raw/1269__NLAM-WS-0037__XmlWinEventLog.log,NLAM-WS-0037,XmlWinEventLog:Microsoft-Windows-Sysmon/Operational,XmlWinEventLog,7
raw/1270__NLAM-WS-0037__XmlWinEventLog.log,NLAM-WS-0037,XmlWinEventLog:Security,XmlWinEventLog,7
raw/1271__NLAM-WS-0037__ms_defender_eventhub.log,NLAM-WS-0037,ms:defender:eventhub,ms:defender:eventhub,1
raw/1272__NLAM-WS-0038__XmlWinEventLog.log,NLAM-WS-0038,XmlWinEventLog:Microsoft-Windows-Sysmon/Operational,XmlWinEventLog,5
raw/1273__NLAM-WS-0038__XmlWinEventLog.log,NLAM-WS-0038,XmlWinEventLog:Security,XmlWinEventLog,3
raw/1274__NLAM-WS-0038__wsus_client.log,NLAM-WS-0038,wsus:client,wsus:client,1
raw/1275__NLAM-WS-0039__XmlWinEventLog.log,NLAM-WS-0039,XmlWinEventLog:Microsoft-Windows-Sysmon/Operational,XmlWinEventLog,5
raw/1276__NLAM-WS-0039__XmlWinEventLog.log,NLAM-WS-0039,XmlWinEventLog:Security,XmlWinEventLog,7
raw/1277__NLAM-WS-0039__ms_defender_eventhub.log,NLAM-WS-0039,ms:defender:eventhub,ms:defender:eventhub,3
raw/1278__NLAM-WS-0039__sccm_client.log,NLAM-WS-0039,sccm:client,sccm:client,1
raw/1279__NLAM-WS-0040__XmlWinEventLog.log,NLAM-WS-0040,XmlWinEventLog:Microsoft-Windows-Sysmon/Operational,XmlWinEventLog,7
raw/1280__NLAM-WS-0040__XmlWinEventLog.log,NLAM-WS-0040,XmlWinEventLog:Security,XmlWinEventLog,4
raw/1281__NLAM-WS-0040__ms_defender_eventhub.log,NLAM-WS-0040,ms:defender:eventhub,ms:defender:eventhub,6
raw/1282__NLAM-WS-0040__wsus_client.log,NLAM-WS-0040,wsus:client,wsus:client,1
raw/1283__NLAM-WS-0041__XmlWinEventLog.log,NLAM-WS-0041,XmlWinEventLog:Microsoft-Windows-Sysmon/Operational,XmlWinEventLog,6
raw/1284__NLAM-WS-0041__XmlWinEventLog.log,NLAM-WS-0041,XmlWinEventLog:Security,XmlWinEventLog,3
raw/1285__NLAM-WS-0041__ms_defender_eventhub.log,NLAM-WS-0041,ms:defender:eventhub,ms:defender:eventhub,1
raw/1286__NLAM-WS-0041__trellix_epo.log,NLAM-WS-0041,trellix:epo,trellix:epo,1
raw/1287__NLAM-WS-0041__wsus_client.log,NLAM-WS-0041,wsus:client,wsus:client,2
raw/1288__NLAM-WS-0042__XmlWinEventLog.log,NLAM-WS-0042,XmlWinEventLog:Microsoft-Windows-Sysmon/Operational,XmlWinEventLog,9
raw/1289__NLAM-WS-0042__XmlWinEventLog.log,NLAM-WS-0042,XmlWinEventLog:Security,XmlWinEventLog,8
raw/1290__NLAM-WS-0043__XmlWinEventLog.log,NLAM-WS-0043,XmlWinEventLog:Microsoft-Windows-Sysmon/Operational,XmlWinEventLog,8
raw/1291__NLAM-WS-0043__XmlWinEventLog.log,NLAM-WS-0043,XmlWinEventLog:Security,XmlWinEventLog,8
raw/1292__NLAM-WS-0043__sccm_client.log,NLAM-WS-0043,sccm:client,sccm:client,1
raw/1293__NLAM-WS-0044__XmlWinEventLog.log,NLAM-WS-0044,XmlWinEventLog:Microsoft-Windows-Sysmon/Operational,XmlWinEventLog,12
raw/1294__NLAM-WS-0044__XmlWinEventLog.log,NLAM-WS-0044,XmlWinEventLog:Security,XmlWinEventLog,2
raw/1295__NLAM-WS-0045__XmlWinEventLog.log,NLAM-WS-0045,XmlWinEventLog:Microsoft-Windows-Sysmon/Operational,XmlWinEventLog,6
raw/1296__NLAM-WS-0045__XmlWinEventLog.log,NLAM-WS-0045,XmlWinEventLog:Security,XmlWinEventLog,8
raw/1297__NLAM-WS-0045__ms_defender_eventhub.log,NLAM-WS-0045,ms:defender:eventhub,ms:defender:eventhub,2
raw/1298__NLAM-WS-0045__wsus_client.log,NLAM-WS-0045,wsus:client,wsus:client,1
raw/1299__NLAM-WS-0046__XmlWinEventLog.log,NLAM-WS-0046,XmlWinEventLog:Microsoft-Windows-Sysmon/Operational,XmlWinEventLog,4
raw/1300__NLAM-WS-0046__XmlWinEventLog.log,NLAM-WS-0046,XmlWinEventLog:Security,XmlWinEventLog,4
raw/1301__NLAM-WS-0046__ms_defender_eventhub.log,NLAM-WS-0046,ms:defender:eventhub,ms:defender:eventhub,1
raw/1302__NLAM-WS-0046__sccm_client.log,NLAM-WS-0046,sccm:client,sccm:client,1
raw/1303__NLAM-WS-0047__XmlWinEventLog.log,NLAM-WS-0047,XmlWinEventLog:Microsoft-Windows-Sysmon/Operational,XmlWinEventLog,4
raw/1304__NLAM-WS-0047__XmlWinEventLog.log,NLAM-WS-0047,XmlWinEventLog:Security,XmlWinEventLog,5
raw/1305__NLAM-WS-0047__ms_defender_eventhub.log,NLAM-WS-0047,ms:defender:eventhub,ms:defender:eventhub,2
raw/1306__NLAM-WS-0047__sccm_client.log,NLAM-WS-0047,sccm:client,sccm:client,1
raw/1307__NLAM-WS-0048__XmlWinEventLog.log,NLAM-WS-0048,XmlWinEventLog:Microsoft-Windows-Sysmon/Operational,XmlWinEventLog,4
raw/1308__NLAM-WS-0048__XmlWinEventLog.log,NLAM-WS-0048,XmlWinEventLog:Security,XmlWinEventLog,3
raw/1309__NLAM-WS-0048__sccm_client.log,NLAM-WS-0048,sccm:client,sccm:client,1
raw/1310__NLAM-WS-0048__wsus_client.log,NLAM-WS-0048,wsus:client,wsus:client,1
raw/1311__NLAM-WS-0049__XmlWinEventLog.log,NLAM-WS-0049,XmlWinEventLog:Microsoft-Windows-Sysmon/Operational,XmlWinEventLog,8
raw/1312__NLAM-WS-0049__XmlWinEventLog.log,NLAM-WS-0049,XmlWinEventLog:Security,XmlWinEventLog,4
raw/1313__NLAM-WS-0049__ms_defender_eventhub.log,NLAM-WS-0049,ms:defender:eventhub,ms:defender:eventhub,2
raw/1314__NLAM-WS-0049__trellix_epo.log,NLAM-WS-0049,trellix:epo,trellix:epo,1
raw/1315__NLAM-WS-0049__wsus_client.log,NLAM-WS-0049,wsus:client,wsus:client,1
raw/1316__NLAM-WS-0050__XmlWinEventLog.log,NLAM-WS-0050,XmlWinEventLog:Microsoft-Windows-Sysmon/Operational,XmlWinEventLog,5
raw/1317__NLAM-WS-0050__XmlWinEventLog.log,NLAM-WS-0050,XmlWinEventLog:Security,XmlWinEventLog,3
raw/1318__NLAM-WS-0050__trellix_epo.log,NLAM-WS-0050,trellix:epo,trellix:epo,2
raw/1319__NLAM-WS-0050__wsus_client.log,NLAM-WS-0050,wsus:client,wsus:client,1
raw/1320__NLAM-WS-0051__XmlWinEventLog.log,NLAM-WS-0051,XmlWinEventLog:Microsoft-Windows-Sysmon/Operational,XmlWinEventLog,7
raw/1321__NLAM-WS-0051__XmlWinEventLog.log,NLAM-WS-0051,XmlWinEventLog:Security,XmlWinEventLog,2
raw/1322__NLAM-WS-0051__sccm_client.log,NLAM-WS-0051,sccm:client,sccm:client,1
raw/1323__NLAM-WS-0051__wsus_client.log,NLAM-WS-0051,wsus:client,wsus:client,1
raw/1324__NLAM-WS-0052__XmlWinEventLog.log,NLAM-WS-0052,XmlWinEventLog:Microsoft-Windows-Sysmon/Operational,XmlWinEventLog,10
raw/1325__NLAM-WS-0052__XmlWinEventLog.log,NLAM-WS-0052,XmlWinEventLog:Security,XmlWinEventLog,5
raw/1326__NLAM-WS-0053__XmlWinEventLog.log,NLAM-WS-0053,XmlWinEventLog:Microsoft-Windows-Sysmon/Operational,XmlWinEventLog,12
raw/1327__NLAM-WS-0053__XmlWinEventLog.log,NLAM-WS-0053,XmlWinEventLog:Security,XmlWinEventLog,8
raw/1328__NLAM-WS-0053__ms_defender_eventhub.log,NLAM-WS-0053,ms:defender:eventhub,ms:defender:eventhub,1
raw/1329__NLAM-WS-0054__XmlWinEventLog.log,NLAM-WS-0054,XmlWinEventLog:Microsoft-Windows-Sysmon/Operational,XmlWinEventLog,5
raw/1330__NLAM-WS-0054__XmlWinEventLog.log,NLAM-WS-0054,XmlWinEventLog:Security,XmlWinEventLog,7
raw/1331__NLAM-WS-0055__XmlWinEventLog.log,NLAM-WS-0055,XmlWinEventLog:Microsoft-Windows-Sysmon/Operational,XmlWinEventLog,7
raw/1332__NLAM-WS-0055__XmlWinEventLog.log,NLAM-WS-0055,XmlWinEventLog:Security,XmlWinEventLog,10
raw/1333__NLAM-WS-0055__ms_defender_eventhub.log,NLAM-WS-0055,ms:defender:eventhub,ms:defender:eventhub,2
raw/1334__NLAM-WS-0055__sccm_client.log,NLAM-WS-0055,sccm:client,sccm:client,1
raw/1335__NLAM-WS-0056__XmlWinEventLog.log,NLAM-WS-0056,XmlWinEventLog:Microsoft-Windows-Sysmon/Operational,XmlWinEventLog,11
raw/1336__NLAM-WS-0056__XmlWinEventLog.log,NLAM-WS-0056,XmlWinEventLog:Security,XmlWinEventLog,5
raw/1337__NLAM-WS-0056__ms_defender_eventhub.log,NLAM-WS-0056,ms:defender:eventhub,ms:defender:eventhub,1
raw/1338__NLAM-WS-0056__sccm_client.log,NLAM-WS-0056,sccm:client,sccm:client,1
raw/1339__NLAM-WS-0057__XmlWinEventLog.log,NLAM-WS-0057,XmlWinEventLog:Microsoft-Windows-Sysmon/Operational,XmlWinEventLog,5
raw/1340__NLAM-WS-0057__XmlWinEventLog.log,NLAM-WS-0057,XmlWinEventLog:Security,XmlWinEventLog,9
raw/1341__NLAM-WS-0057__ms_defender_eventhub.log,NLAM-WS-0057,ms:defender:eventhub,ms:defender:eventhub,2
raw/1342__NLAM-WS-0057__sccm_client.log,NLAM-WS-0057,sccm:client,sccm:client,1
raw/1343__NLAM-WS-0057__wsus_client.log,NLAM-WS-0057,wsus:client,wsus:client,1
raw/1344__NLAM-WS-0058__XmlWinEventLog.log,NLAM-WS-0058,XmlWinEventLog:Microsoft-Windows-Sysmon/Operational,XmlWinEventLog,4
raw/1345__NLAM-WS-0058__XmlWinEventLog.log,NLAM-WS-0058,XmlWinEventLog:Security,XmlWinEventLog,2
raw/1346__NLAM-WS-0059__XmlWinEventLog.log,NLAM-WS-0059,XmlWinEventLog:Microsoft-Windows-Sysmon/Operational,XmlWinEventLog,7
raw/1347__NLAM-WS-0059__XmlWinEventLog.log,NLAM-WS-0059,XmlWinEventLog:Security,XmlWinEventLog,6
raw/1348__NLAM-WS-0059__ms_defender_eventhub.log,NLAM-WS-0059,ms:defender:eventhub,ms:defender:eventhub,1
raw/1349__NLAM-WS-0059__sccm_client.log,NLAM-WS-0059,sccm:client,sccm:client,1
raw/1350__NLAM-WS-0059__wsus_client.log,NLAM-WS-0059,wsus:client,wsus:client,1
raw/1351__NLAM-WS-0060__XmlWinEventLog.log,NLAM-WS-0060,XmlWinEventLog:Microsoft-Windows-Sysmon/Operational,XmlWinEventLog,5
raw/1352__NLAM-WS-0060__XmlWinEventLog.log,NLAM-WS-0060,XmlWinEventLog:Security,XmlWinEventLog,6
raw/1353__NLAM-WS-0060__ms_defender_eventhub.log,NLAM-WS-0060,ms:defender:eventhub,ms:defender:eventhub,1
raw/1354__NLAM-WS-0060__sccm_client.log,NLAM-WS-0060,sccm:client,sccm:client,1
raw/1355__NLAM-WS-0061__XmlWinEventLog.log,NLAM-WS-0061,XmlWinEventLog:Microsoft-Windows-Sysmon/Operational,XmlWinEventLog,8
raw/1356__NLAM-WS-0061__XmlWinEventLog.log,NLAM-WS-0061,XmlWinEventLog:Security,XmlWinEventLog,6
raw/1357__NLAM-WS-0061__trellix_epo.log,NLAM-WS-0061,trellix:epo,trellix:epo,1
raw/1358__NLAM-WS-0062__XmlWinEventLog.log,NLAM-WS-0062,XmlWinEventLog:Microsoft-Windows-Sysmon/Operational,XmlWinEventLog,6
raw/1359__NLAM-WS-0062__XmlWinEventLog.log,NLAM-WS-0062,XmlWinEventLog:Security,XmlWinEventLog,7
raw/1360__NLAM-WS-0062__ms_defender_eventhub.log,NLAM-WS-0062,ms:defender:eventhub,ms:defender:eventhub,1
raw/1361__NLAM-WS-0062__sccm_client.log,NLAM-WS-0062,sccm:client,sccm:client,2
raw/1362__NLAM-WS-0062__trellix_epo.log,NLAM-WS-0062,trellix:epo,trellix:epo,1
raw/1363__NLAM-WS-0063__XmlWinEventLog.log,NLAM-WS-0063,XmlWinEventLog:Microsoft-Windows-Sysmon/Operational,XmlWinEventLog,8
raw/1364__NLAM-WS-0063__XmlWinEventLog.log,NLAM-WS-0063,XmlWinEventLog:Security,XmlWinEventLog,9
raw/1365__NLAM-WS-0063__ms_defender_eventhub.log,NLAM-WS-0063,ms:defender:eventhub,ms:defender:eventhub,1
raw/1366__NLAM-WS-0064__XmlWinEventLog.log,NLAM-WS-0064,XmlWinEventLog:Microsoft-Windows-Sysmon/Operational,XmlWinEventLog,4
raw/1367__NLAM-WS-0064__XmlWinEventLog.log,NLAM-WS-0064,XmlWinEventLog:Security,XmlWinEventLog,6
raw/1368__NLAM-WS-0064__ms_defender_eventhub.log,NLAM-WS-0064,ms:defender:eventhub,ms:defender:eventhub,2
raw/1369__NLAM-ZEEK-01__bro_conn_json.log,NLAM-ZEEK-01,zeek:conn,bro:conn:json,1054
raw/1370__NLAM-ZEEK-01__bro_dce_rpc_json.log,NLAM-ZEEK-01,zeek:dce_rpc,bro:dce_rpc:json,108
raw/1371__NLAM-ZEEK-01__bro_dns_json.log,NLAM-ZEEK-01,zeek:dns,bro:dns:json,458
raw/1372__NLAM-ZEEK-01__bro_http_json.log,NLAM-ZEEK-01,zeek:http,bro:http:json,252
raw/1373__NLAM-ZEEK-01__bro_smb_files_json.log,NLAM-ZEEK-01,zeek:smb_files,bro:smb_files:json,100
raw/1374__NLAM-ZEEK-01__bro_ssl_json.log,NLAM-ZEEK-01,zeek:ssl,bro:ssl:json,394
raw/1375__SAAS-SERVICENOW__servicenow_audit.log,SAAS-SERVICENOW,servicenow:audit,servicenow:audit,240
raw/1376__UKLO-APP-01__XmlWinEventLog.log,UKLO-APP-01,XmlWinEventLog:Microsoft-Windows-Sysmon/Operational,XmlWinEventLog,8
raw/1377__UKLO-APP-01__XmlWinEventLog.log,UKLO-APP-01,XmlWinEventLog:Security,XmlWinEventLog,6
raw/1378__UKLO-APP-02__XmlWinEventLog.log,UKLO-APP-02,XmlWinEventLog:Microsoft-Windows-Sysmon/Operational,XmlWinEventLog,4
raw/1379__UKLO-APP-02__XmlWinEventLog.log,UKLO-APP-02,XmlWinEventLog:Security,XmlWinEventLog,3
raw/1380__UKLO-APP-02__ms_defender_eventhub.log,UKLO-APP-02,ms:defender:eventhub,ms:defender:eventhub,2
raw/1381__UKLO-APP-03__XmlWinEventLog.log,UKLO-APP-03,XmlWinEventLog:Microsoft-Windows-Sysmon/Operational,XmlWinEventLog,10
raw/1382__UKLO-APP-03__XmlWinEventLog.log,UKLO-APP-03,XmlWinEventLog:Security,XmlWinEventLog,10
raw/1383__UKLO-APP-03__ms_defender_eventhub.log,UKLO-APP-03,ms:defender:eventhub,ms:defender:eventhub,1
raw/1384__UKLO-APP-03__trellix_epo.log,UKLO-APP-03,trellix:epo,trellix:epo,1
raw/1385__UKLO-APP-04__XmlWinEventLog.log,UKLO-APP-04,XmlWinEventLog:Microsoft-Windows-Sysmon/Operational,XmlWinEventLog,5
raw/1386__UKLO-APP-04__XmlWinEventLog.log,UKLO-APP-04,XmlWinEventLog:Security,XmlWinEventLog,4
raw/1387__UKLO-APP-04__sccm_client.log,UKLO-APP-04,sccm:client,sccm:client,1
raw/1388__UKLO-APP-05__XmlWinEventLog.log,UKLO-APP-05,XmlWinEventLog:Microsoft-Windows-Sysmon/Operational,XmlWinEventLog,6
raw/1389__UKLO-APP-05__XmlWinEventLog.log,UKLO-APP-05,XmlWinEventLog:Security,XmlWinEventLog,3
raw/1390__UKLO-APP-05__sccm_client.log,UKLO-APP-05,sccm:client,sccm:client,1
raw/1391__UKLO-APP-05__trellix_epo.log,UKLO-APP-05,trellix:epo,trellix:epo,1
raw/1392__UKLO-APP-06__XmlWinEventLog.log,UKLO-APP-06,XmlWinEventLog:Microsoft-Windows-Sysmon/Operational,XmlWinEventLog,6
raw/1393__UKLO-APP-06__XmlWinEventLog.log,UKLO-APP-06,XmlWinEventLog:Security,XmlWinEventLog,7
raw/1394__UKLO-APP-06__ms_defender_eventhub.log,UKLO-APP-06,ms:defender:eventhub,ms:defender:eventhub,1
raw/1395__UKLO-APP-06__sccm_client.log,UKLO-APP-06,sccm:client,sccm:client,1
raw/1396__UKLO-APP-06__wsus_client.log,UKLO-APP-06,wsus:client,wsus:client,2
raw/1397__UKLO-APP-07__XmlWinEventLog.log,UKLO-APP-07,XmlWinEventLog:Microsoft-Windows-Sysmon/Operational,XmlWinEventLog,6
raw/1398__UKLO-APP-07__XmlWinEventLog.log,UKLO-APP-07,XmlWinEventLog:Security,XmlWinEventLog,4
raw/1399__UKLO-APP-07__trellix_epo.log,UKLO-APP-07,trellix:epo,trellix:epo,2
raw/1400__UKLO-APP-07__wsus_client.log,UKLO-APP-07,wsus:client,wsus:client,2
raw/1401__UKLO-APP-08__XmlWinEventLog.log,UKLO-APP-08,XmlWinEventLog:Microsoft-Windows-Sysmon/Operational,XmlWinEventLog,6
raw/1402__UKLO-APP-08__XmlWinEventLog.log,UKLO-APP-08,XmlWinEventLog:Security,XmlWinEventLog,4
raw/1403__UKLO-APP-08__ms_defender_eventhub.log,UKLO-APP-08,ms:defender:eventhub,ms:defender:eventhub,2
raw/1404__UKLO-DC-01__XmlWinEventLog.log,UKLO-DC-01,XmlWinEventLog:Security,XmlWinEventLog,132
raw/1405__UKLO-FS-01__XmlWinEventLog.log,UKLO-FS-01,XmlWinEventLog:Microsoft-Windows-Sysmon/Operational,XmlWinEventLog,12
raw/1406__UKLO-FS-01__XmlWinEventLog.log,UKLO-FS-01,XmlWinEventLog:Security,XmlWinEventLog,4
raw/1407__UKLO-FS-01__sccm_client.log,UKLO-FS-01,sccm:client,sccm:client,1
raw/1408__UKLO-FS-02__XmlWinEventLog.log,UKLO-FS-02,XmlWinEventLog:Microsoft-Windows-Sysmon/Operational,XmlWinEventLog,6
raw/1409__UKLO-FS-02__XmlWinEventLog.log,UKLO-FS-02,XmlWinEventLog:Security,XmlWinEventLog,9
raw/1410__UKLO-FS-02__ms_defender_eventhub.log,UKLO-FS-02,ms:defender:eventhub,ms:defender:eventhub,1
raw/1411__UKLO-FS-03__XmlWinEventLog.log,UKLO-FS-03,XmlWinEventLog:Microsoft-Windows-Sysmon/Operational,XmlWinEventLog,5
raw/1412__UKLO-FS-03__XmlWinEventLog.log,UKLO-FS-03,XmlWinEventLog:Security,XmlWinEventLog,4
raw/1413__UKLO-FS-03__ms_defender_eventhub.log,UKLO-FS-03,ms:defender:eventhub,ms:defender:eventhub,2
raw/1414__UKLO-FS-04__XmlWinEventLog.log,UKLO-FS-04,XmlWinEventLog:Microsoft-Windows-Sysmon/Operational,XmlWinEventLog,8
raw/1415__UKLO-FS-04__XmlWinEventLog.log,UKLO-FS-04,XmlWinEventLog:Security,XmlWinEventLog,5
raw/1416__UKLO-FS-04__ms_defender_eventhub.log,UKLO-FS-04,ms:defender:eventhub,ms:defender:eventhub,2
raw/1417__UKLO-FS-04__sccm_client.log,UKLO-FS-04,sccm:client,sccm:client,1
raw/1418__UKLO-FS-04__trellix_epo.log,UKLO-FS-04,trellix:epo,trellix:epo,1
raw/1419__UKLO-FW-01__pan_traffic.log,UKLO-FW-01,pan:traffic,pan:traffic,118
raw/1420__UKLO-FW-02__fortigate_traffic.log,UKLO-FW-02,fortigate_traffic,fortigate_traffic,117
raw/1421__UKLO-FW-03__cisco_asa.log,UKLO-FW-03,cisco:asa,cisco:asa,111
raw/1422__UKLO-JMP-01__XmlWinEventLog.log,UKLO-JMP-01,XmlWinEventLog:Microsoft-Windows-Sysmon/Operational,XmlWinEventLog,5
raw/1423__UKLO-JMP-01__XmlWinEventLog.log,UKLO-JMP-01,XmlWinEventLog:Security,XmlWinEventLog,6
raw/1424__UKLO-JMP-01__ms_defender_eventhub.log,UKLO-JMP-01,ms:defender:eventhub,ms:defender:eventhub,2
raw/1425__UKLO-JUMP-01__XmlWinEventLog.log,UKLO-JUMP-01,XmlWinEventLog:Microsoft-Windows-Sysmon/Operational,XmlWinEventLog,6
raw/1426__UKLO-JUMP-01__XmlWinEventLog.log,UKLO-JUMP-01,XmlWinEventLog:Security,XmlWinEventLog,8
raw/1427__UKLO-JUMP-01__trellix_epo.log,UKLO-JUMP-01,trellix:epo,trellix:epo,1
raw/1428__UKLO-JUMP-02__XmlWinEventLog.log,UKLO-JUMP-02,XmlWinEventLog:Microsoft-Windows-Sysmon/Operational,XmlWinEventLog,6
raw/1429__UKLO-JUMP-02__XmlWinEventLog.log,UKLO-JUMP-02,XmlWinEventLog:Security,XmlWinEventLog,3
raw/1430__UKLO-JUMP-02__trellix_epo.log,UKLO-JUMP-02,trellix:epo,trellix:epo,1
raw/1431__UKLO-JUMP-03__XmlWinEventLog.log,UKLO-JUMP-03,XmlWinEventLog:Microsoft-Windows-Sysmon/Operational,XmlWinEventLog,10
raw/1432__UKLO-JUMP-03__XmlWinEventLog.log,UKLO-JUMP-03,XmlWinEventLog:Security,XmlWinEventLog,9
raw/1433__UKLO-JUMP-03__ms_defender_eventhub.log,UKLO-JUMP-03,ms:defender:eventhub,ms:defender:eventhub,3
raw/1434__UKLO-LNX-01__linux_audit.log,UKLO-LNX-01,/var/log/audit/audit.log,linux_audit,96
raw/1435__UKLO-LNX-01__linux_secure.log,UKLO-LNX-01,/var/log/secure,linux_secure,17
raw/1436__UKLO-LNX-01__syslog.log,UKLO-LNX-01,/var/log/syslog,syslog,28
raw/1437__UKLO-LNX-02__linux_audit.log,UKLO-LNX-02,/var/log/audit/audit.log,linux_audit,112
raw/1438__UKLO-LNX-02__linux_secure.log,UKLO-LNX-02,/var/log/secure,linux_secure,20
raw/1439__UKLO-LNX-02__syslog.log,UKLO-LNX-02,/var/log/syslog,syslog,22
raw/1440__UKLO-LNX-02__ms_defender_eventhub.log,UKLO-LNX-02,ms:defender:eventhub,ms:defender:eventhub,1
raw/1441__UKLO-LNX-03__linux_audit.log,UKLO-LNX-03,/var/log/audit/audit.log,linux_audit,95
raw/1442__UKLO-LNX-03__linux_secure.log,UKLO-LNX-03,/var/log/secure,linux_secure,17
raw/1443__UKLO-LNX-03__syslog.log,UKLO-LNX-03,/var/log/syslog,syslog,36
raw/1444__UKLO-LNX-04__linux_audit.log,UKLO-LNX-04,/var/log/audit/audit.log,linux_audit,114
raw/1445__UKLO-LNX-04__linux_secure.log,UKLO-LNX-04,/var/log/secure,linux_secure,20
raw/1446__UKLO-LNX-04__syslog.log,UKLO-LNX-04,/var/log/syslog,syslog,21
raw/1447__UKLO-LNX-04__ms_defender_eventhub.log,UKLO-LNX-04,ms:defender:eventhub,ms:defender:eventhub,1
raw/1448__UKLO-LNX-04__trellix_epo.log,UKLO-LNX-04,trellix:epo,trellix:epo,1
raw/1449__UKLO-LNX-05__linux_audit.log,UKLO-LNX-05,/var/log/audit/audit.log,linux_audit,85
raw/1450__UKLO-LNX-05__linux_secure.log,UKLO-LNX-05,/var/log/secure,linux_secure,18
raw/1451__UKLO-LNX-05__syslog.log,UKLO-LNX-05,/var/log/syslog,syslog,31
raw/1452__UKLO-LNX-06__linux_audit.log,UKLO-LNX-06,/var/log/audit/audit.log,linux_audit,85
raw/1453__UKLO-LNX-06__linux_secure.log,UKLO-LNX-06,/var/log/secure,linux_secure,18
raw/1454__UKLO-LNX-06__syslog.log,UKLO-LNX-06,/var/log/syslog,syslog,29
raw/1455__UKLO-LNX-06__ms_defender_eventhub.log,UKLO-LNX-06,ms:defender:eventhub,ms:defender:eventhub,1
raw/1456__UKLO-LNX-06__trellix_epo.log,UKLO-LNX-06,trellix:epo,trellix:epo,1
raw/1457__UKLO-LNX-07__linux_audit.log,UKLO-LNX-07,/var/log/audit/audit.log,linux_audit,125
raw/1458__UKLO-LNX-07__linux_secure.log,UKLO-LNX-07,/var/log/secure,linux_secure,23
raw/1459__UKLO-LNX-07__syslog.log,UKLO-LNX-07,/var/log/syslog,syslog,40
raw/1460__UKLO-LNX-07__ms_defender_eventhub.log,UKLO-LNX-07,ms:defender:eventhub,ms:defender:eventhub,1
raw/1461__UKLO-LNX-08__linux_audit.log,UKLO-LNX-08,/var/log/audit/audit.log,linux_audit,123
raw/1462__UKLO-LNX-08__linux_secure.log,UKLO-LNX-08,/var/log/secure,linux_secure,16
raw/1463__UKLO-LNX-08__syslog.log,UKLO-LNX-08,/var/log/syslog,syslog,28
raw/1464__UKLO-LNX-08__ms_defender_eventhub.log,UKLO-LNX-08,ms:defender:eventhub,ms:defender:eventhub,1
raw/1465__UKLO-PACS-01__pacs_access.log,UKLO-PACS-01,pacs:access,pacs:access,121
raw/1466__UKLO-PAW-01__XmlWinEventLog.log,UKLO-PAW-01,XmlWinEventLog:Microsoft-Windows-Sysmon/Operational,XmlWinEventLog,10
raw/1467__UKLO-PAW-01__XmlWinEventLog.log,UKLO-PAW-01,XmlWinEventLog:Security,XmlWinEventLog,4
raw/1468__UKLO-PAW-01__ms_defender_eventhub.log,UKLO-PAW-01,ms:defender:eventhub,ms:defender:eventhub,1
raw/1469__UKLO-PAW-02__XmlWinEventLog.log,UKLO-PAW-02,XmlWinEventLog:Microsoft-Windows-Sysmon/Operational,XmlWinEventLog,8
raw/1470__UKLO-PAW-02__XmlWinEventLog.log,UKLO-PAW-02,XmlWinEventLog:Security,XmlWinEventLog,8
raw/1471__UKLO-PAW-02__ms_defender_eventhub.log,UKLO-PAW-02,ms:defender:eventhub,ms:defender:eventhub,5
raw/1472__UKLO-PAW-03__XmlWinEventLog.log,UKLO-PAW-03,XmlWinEventLog:Microsoft-Windows-Sysmon/Operational,XmlWinEventLog,2
raw/1473__UKLO-PAW-03__XmlWinEventLog.log,UKLO-PAW-03,XmlWinEventLog:Security,XmlWinEventLog,6
raw/1474__UKLO-PAW-03__ms_defender_eventhub.log,UKLO-PAW-03,ms:defender:eventhub,ms:defender:eventhub,2
raw/1475__UKLO-PAW-03__sccm_client.log,UKLO-PAW-03,sccm:client,sccm:client,1
raw/1476__UKLO-PAW-03__trellix_epo.log,UKLO-PAW-03,trellix:epo,trellix:epo,2
raw/1477__UKLO-PAW-04__XmlWinEventLog.log,UKLO-PAW-04,XmlWinEventLog:Microsoft-Windows-Sysmon/Operational,XmlWinEventLog,6
raw/1478__UKLO-PAW-04__XmlWinEventLog.log,UKLO-PAW-04,XmlWinEventLog:Security,XmlWinEventLog,9
raw/1479__UKLO-PAW-04__trellix_epo.log,UKLO-PAW-04,trellix:epo,trellix:epo,1
raw/1480__UKLO-PAW-05__XmlWinEventLog.log,UKLO-PAW-05,XmlWinEventLog:Microsoft-Windows-Sysmon/Operational,XmlWinEventLog,6
raw/1481__UKLO-PAW-05__XmlWinEventLog.log,UKLO-PAW-05,XmlWinEventLog:Security,XmlWinEventLog,2
raw/1482__UKLO-PAW-05__ms_defender_eventhub.log,UKLO-PAW-05,ms:defender:eventhub,ms:defender:eventhub,1
raw/1483__UKLO-PAW-05__trellix_epo.log,UKLO-PAW-05,trellix:epo,trellix:epo,1
raw/1484__UKLO-PAW-05__wsus_client.log,UKLO-PAW-05,wsus:client,wsus:client,1
raw/1485__UKLO-PAW-06__XmlWinEventLog.log,UKLO-PAW-06,XmlWinEventLog:Microsoft-Windows-Sysmon/Operational,XmlWinEventLog,8
raw/1486__UKLO-PAW-06__XmlWinEventLog.log,UKLO-PAW-06,XmlWinEventLog:Security,XmlWinEventLog,4
raw/1487__UKLO-PAW-06__ms_defender_eventhub.log,UKLO-PAW-06,ms:defender:eventhub,ms:defender:eventhub,3
raw/1488__UKLO-PAW-06__trellix_epo.log,UKLO-PAW-06,trellix:epo,trellix:epo,2
raw/1489__UKLO-PAW-06__wsus_client.log,UKLO-PAW-06,wsus:client,wsus:client,1
raw/1490__UKLO-RADIUS-01__radius.log,UKLO-RADIUS-01,radius,radius,5
raw/1491__UKLO-RTR-01__cisco_ios.log,UKLO-RTR-01,cisco:ios,cisco:ios,39
raw/1492__UKLO-RTR-02__juniper.log,UKLO-RTR-02,juniper,juniper,25
raw/1493__UKLO-RTR-02__juniper_junos_firewall.log,UKLO-RTR-02,juniper:junos:firewall,juniper:junos:firewall,13
raw/1494__UKLO-VDI-01__XmlWinEventLog.log,UKLO-VDI-01,XmlWinEventLog:Microsoft-Windows-Sysmon/Operational,XmlWinEventLog,5
raw/1495__UKLO-VDI-01__XmlWinEventLog.log,UKLO-VDI-01,XmlWinEventLog:Security,XmlWinEventLog,9
raw/1496__UKLO-VDI-01__ms_defender_eventhub.log,UKLO-VDI-01,ms:defender:eventhub,ms:defender:eventhub,2
raw/1497__UKLO-VDI-01__wsus_client.log,UKLO-VDI-01,wsus:client,wsus:client,1
raw/1498__UKLO-VDI-02__XmlWinEventLog.log,UKLO-VDI-02,XmlWinEventLog:Microsoft-Windows-Sysmon/Operational,XmlWinEventLog,4
raw/1499__UKLO-VDI-02__XmlWinEventLog.log,UKLO-VDI-02,XmlWinEventLog:Security,XmlWinEventLog,3
raw/1500__UKLO-VDI-02__trellix_epo.log,UKLO-VDI-02,trellix:epo,trellix:epo,1
raw/1501__UKLO-VDI-02__wsus_client.log,UKLO-VDI-02,wsus:client,wsus:client,1
raw/1502__UKLO-VDI-03__XmlWinEventLog.log,UKLO-VDI-03,XmlWinEventLog:Microsoft-Windows-Sysmon/Operational,XmlWinEventLog,8
raw/1503__UKLO-VDI-03__XmlWinEventLog.log,UKLO-VDI-03,XmlWinEventLog:Security,XmlWinEventLog,6
raw/1504__UKLO-VDI-03__ms_defender_eventhub.log,UKLO-VDI-03,ms:defender:eventhub,ms:defender:eventhub,1
raw/1505__UKLO-WS-0001__XmlWinEventLog.log,UKLO-WS-0001,XmlWinEventLog:Microsoft-Windows-Sysmon/Operational,XmlWinEventLog,5
raw/1506__UKLO-WS-0001__XmlWinEventLog.log,UKLO-WS-0001,XmlWinEventLog:Security,XmlWinEventLog,19
raw/1507__UKLO-WS-0002__XmlWinEventLog.log,UKLO-WS-0002,XmlWinEventLog:Microsoft-Windows-Sysmon/Operational,XmlWinEventLog,11
raw/1508__UKLO-WS-0002__XmlWinEventLog.log,UKLO-WS-0002,XmlWinEventLog:Security,XmlWinEventLog,19
raw/1509__UKLO-WS-0003__XmlWinEventLog.log,UKLO-WS-0003,XmlWinEventLog:Microsoft-Windows-Sysmon/Operational,XmlWinEventLog,9
raw/1510__UKLO-WS-0003__XmlWinEventLog.log,UKLO-WS-0003,XmlWinEventLog:Security,XmlWinEventLog,6
raw/1511__UKLO-WS-0003__ms_defender_eventhub.log,UKLO-WS-0003,ms:defender:eventhub,ms:defender:eventhub,2
raw/1512__UKLO-WS-0004__XmlWinEventLog.log,UKLO-WS-0004,XmlWinEventLog:Microsoft-Windows-Sysmon/Operational,XmlWinEventLog,8
raw/1513__UKLO-WS-0004__XmlWinEventLog.log,UKLO-WS-0004,XmlWinEventLog:Security,XmlWinEventLog,14
raw/1514__UKLO-WS-0004__ms_defender_eventhub.log,UKLO-WS-0004,ms:defender:eventhub,ms:defender:eventhub,2
raw/1515__UKLO-WS-0005__XmlWinEventLog.log,UKLO-WS-0005,XmlWinEventLog:Microsoft-Windows-Sysmon/Operational,XmlWinEventLog,5
raw/1516__UKLO-WS-0005__XmlWinEventLog.log,UKLO-WS-0005,XmlWinEventLog:Security,XmlWinEventLog,8
raw/1517__UKLO-WS-0005__ms_defender_eventhub.log,UKLO-WS-0005,ms:defender:eventhub,ms:defender:eventhub,3
raw/1518__UKLO-WS-0006__XmlWinEventLog.log,UKLO-WS-0006,XmlWinEventLog:Microsoft-Windows-Sysmon/Operational,XmlWinEventLog,5
raw/1519__UKLO-WS-0006__XmlWinEventLog.log,UKLO-WS-0006,XmlWinEventLog:Security,XmlWinEventLog,8
raw/1520__UKLO-WS-0006__ms_defender_eventhub.log,UKLO-WS-0006,ms:defender:eventhub,ms:defender:eventhub,1
raw/1521__UKLO-WS-0006__wsus_client.log,UKLO-WS-0006,wsus:client,wsus:client,1
raw/1522__UKLO-WS-0007__XmlWinEventLog.log,UKLO-WS-0007,XmlWinEventLog:Microsoft-Windows-Sysmon/Operational,XmlWinEventLog,8
raw/1523__UKLO-WS-0007__XmlWinEventLog.log,UKLO-WS-0007,XmlWinEventLog:Security,XmlWinEventLog,12
raw/1524__UKLO-WS-0007__ms_defender_eventhub.log,UKLO-WS-0007,ms:defender:eventhub,ms:defender:eventhub,1
raw/1525__UKLO-WS-0007__trellix_epo.log,UKLO-WS-0007,trellix:epo,trellix:epo,1
raw/1526__UKLO-WS-0008__XmlWinEventLog.log,UKLO-WS-0008,XmlWinEventLog:Microsoft-Windows-Sysmon/Operational,XmlWinEventLog,14
raw/1527__UKLO-WS-0008__XmlWinEventLog.log,UKLO-WS-0008,XmlWinEventLog:Security,XmlWinEventLog,5
raw/1528__UKLO-WS-0008__ms_defender_eventhub.log,UKLO-WS-0008,ms:defender:eventhub,ms:defender:eventhub,1
raw/1529__UKLO-WS-0008__sccm_client.log,UKLO-WS-0008,sccm:client,sccm:client,1
raw/1530__UKLO-WS-0009__XmlWinEventLog.log,UKLO-WS-0009,XmlWinEventLog:Microsoft-Windows-Sysmon/Operational,XmlWinEventLog,8
raw/1531__UKLO-WS-0009__XmlWinEventLog.log,UKLO-WS-0009,XmlWinEventLog:Security,XmlWinEventLog,13
raw/1532__UKLO-WS-0009__ms_defender_eventhub.log,UKLO-WS-0009,ms:defender:eventhub,ms:defender:eventhub,1
raw/1533__UKLO-WS-0009__sccm_client.log,UKLO-WS-0009,sccm:client,sccm:client,1
raw/1534__UKLO-WS-0010__XmlWinEventLog.log,UKLO-WS-0010,XmlWinEventLog:Microsoft-Windows-Sysmon/Operational,XmlWinEventLog,11
raw/1535__UKLO-WS-0010__XmlWinEventLog.log,UKLO-WS-0010,XmlWinEventLog:Security,XmlWinEventLog,9
raw/1536__UKLO-WS-0010__ms_defender_eventhub.log,UKLO-WS-0010,ms:defender:eventhub,ms:defender:eventhub,1
raw/1537__UKLO-WS-0010__trellix_epo.log,UKLO-WS-0010,trellix:epo,trellix:epo,2
raw/1538__UKLO-WS-0011__XmlWinEventLog.log,UKLO-WS-0011,XmlWinEventLog:Microsoft-Windows-Sysmon/Operational,XmlWinEventLog,8
raw/1539__UKLO-WS-0011__XmlWinEventLog.log,UKLO-WS-0011,XmlWinEventLog:Security,XmlWinEventLog,10
raw/1540__UKLO-WS-0011__trellix_epo.log,UKLO-WS-0011,trellix:epo,trellix:epo,1
raw/1541__UKLO-WS-0012__XmlWinEventLog.log,UKLO-WS-0012,XmlWinEventLog:Microsoft-Windows-Sysmon/Operational,XmlWinEventLog,14
raw/1542__UKLO-WS-0012__XmlWinEventLog.log,UKLO-WS-0012,XmlWinEventLog:Security,XmlWinEventLog,6
raw/1543__UKLO-WS-0012__ms_defender_eventhub.log,UKLO-WS-0012,ms:defender:eventhub,ms:defender:eventhub,3
raw/1544__UKLO-WS-0012__wsus_client.log,UKLO-WS-0012,wsus:client,wsus:client,1
raw/1545__UKLO-WS-0013__XmlWinEventLog.log,UKLO-WS-0013,XmlWinEventLog:Microsoft-Windows-Sysmon/Operational,XmlWinEventLog,10
raw/1546__UKLO-WS-0013__XmlWinEventLog.log,UKLO-WS-0013,XmlWinEventLog:Security,XmlWinEventLog,9
raw/1547__UKLO-WS-0013__ms_defender_eventhub.log,UKLO-WS-0013,ms:defender:eventhub,ms:defender:eventhub,1
raw/1548__UKLO-WS-0013__trellix_epo.log,UKLO-WS-0013,trellix:epo,trellix:epo,2
raw/1549__UKLO-WS-0014__XmlWinEventLog.log,UKLO-WS-0014,XmlWinEventLog:Microsoft-Windows-Sysmon/Operational,XmlWinEventLog,15
raw/1550__UKLO-WS-0014__XmlWinEventLog.log,UKLO-WS-0014,XmlWinEventLog:Security,XmlWinEventLog,8
raw/1551__UKLO-WS-0015__XmlWinEventLog.log,UKLO-WS-0015,XmlWinEventLog:Microsoft-Windows-Sysmon/Operational,XmlWinEventLog,7
raw/1552__UKLO-WS-0015__XmlWinEventLog.log,UKLO-WS-0015,XmlWinEventLog:Security,XmlWinEventLog,12
raw/1553__UKLO-WS-0015__trellix_epo.log,UKLO-WS-0015,trellix:epo,trellix:epo,1
raw/1554__UKLO-WS-0016__XmlWinEventLog.log,UKLO-WS-0016,XmlWinEventLog:Microsoft-Windows-Sysmon/Operational,XmlWinEventLog,7
raw/1555__UKLO-WS-0016__XmlWinEventLog.log,UKLO-WS-0016,XmlWinEventLog:Security,XmlWinEventLog,12
raw/1556__UKLO-WS-0016__ms_defender_eventhub.log,UKLO-WS-0016,ms:defender:eventhub,ms:defender:eventhub,2
raw/1557__UKLO-WS-0016__sccm_client.log,UKLO-WS-0016,sccm:client,sccm:client,1
raw/1558__UKLO-WS-0017__XmlWinEventLog.log,UKLO-WS-0017,XmlWinEventLog:Microsoft-Windows-Sysmon/Operational,XmlWinEventLog,6
raw/1559__UKLO-WS-0017__XmlWinEventLog.log,UKLO-WS-0017,XmlWinEventLog:Security,XmlWinEventLog,10
raw/1560__UKLO-WS-0017__ms_defender_eventhub.log,UKLO-WS-0017,ms:defender:eventhub,ms:defender:eventhub,1
raw/1561__UKLO-WS-0017__sccm_client.log,UKLO-WS-0017,sccm:client,sccm:client,1
raw/1562__UKLO-WS-0017__wsus_client.log,UKLO-WS-0017,wsus:client,wsus:client,1
raw/1563__UKLO-WS-0018__XmlWinEventLog.log,UKLO-WS-0018,XmlWinEventLog:Microsoft-Windows-Sysmon/Operational,XmlWinEventLog,22
raw/1564__UKLO-WS-0018__XmlWinEventLog.log,UKLO-WS-0018,XmlWinEventLog:Security,XmlWinEventLog,6
raw/1565__UKLO-WS-0018__sccm_client.log,UKLO-WS-0018,sccm:client,sccm:client,1
raw/1566__UKLO-WS-0018__wsus_client.log,UKLO-WS-0018,wsus:client,wsus:client,1
raw/1567__UKLO-WS-0019__XmlWinEventLog.log,UKLO-WS-0019,XmlWinEventLog:Microsoft-Windows-Sysmon/Operational,XmlWinEventLog,9
raw/1568__UKLO-WS-0019__XmlWinEventLog.log,UKLO-WS-0019,XmlWinEventLog:Security,XmlWinEventLog,9
raw/1569__UKLO-WS-0019__ms_defender_eventhub.log,UKLO-WS-0019,ms:defender:eventhub,ms:defender:eventhub,3
raw/1570__UKLO-WS-0019__trellix_epo.log,UKLO-WS-0019,trellix:epo,trellix:epo,1
raw/1571__UKLO-WS-0020__XmlWinEventLog.log,UKLO-WS-0020,XmlWinEventLog:Microsoft-Windows-Sysmon/Operational,XmlWinEventLog,13
raw/1572__UKLO-WS-0020__XmlWinEventLog.log,UKLO-WS-0020,XmlWinEventLog:Security,XmlWinEventLog,12
raw/1573__UKLO-WS-0020__ms_defender_eventhub.log,UKLO-WS-0020,ms:defender:eventhub,ms:defender:eventhub,5
raw/1574__UKLO-WS-0021__XmlWinEventLog.log,UKLO-WS-0021,XmlWinEventLog:Microsoft-Windows-Sysmon/Operational,XmlWinEventLog,9
raw/1575__UKLO-WS-0021__XmlWinEventLog.log,UKLO-WS-0021,XmlWinEventLog:Security,XmlWinEventLog,13
raw/1576__UKLO-WS-0021__ms_defender_eventhub.log,UKLO-WS-0021,ms:defender:eventhub,ms:defender:eventhub,1
raw/1577__UKLO-WS-0022__XmlWinEventLog.log,UKLO-WS-0022,XmlWinEventLog:Microsoft-Windows-Sysmon/Operational,XmlWinEventLog,11
raw/1578__UKLO-WS-0022__XmlWinEventLog.log,UKLO-WS-0022,XmlWinEventLog:Security,XmlWinEventLog,9
raw/1579__UKLO-WS-0022__ms_defender_eventhub.log,UKLO-WS-0022,ms:defender:eventhub,ms:defender:eventhub,1
raw/1580__UKLO-WS-0022__trellix_epo.log,UKLO-WS-0022,trellix:epo,trellix:epo,1
raw/1581__UKLO-WS-0023__XmlWinEventLog.log,UKLO-WS-0023,XmlWinEventLog:Microsoft-Windows-Sysmon/Operational,XmlWinEventLog,11
raw/1582__UKLO-WS-0023__XmlWinEventLog.log,UKLO-WS-0023,XmlWinEventLog:Security,XmlWinEventLog,7
raw/1583__UKLO-WS-0023__sccm_client.log,UKLO-WS-0023,sccm:client,sccm:client,1
raw/1584__UKLO-WS-0023__trellix_epo.log,UKLO-WS-0023,trellix:epo,trellix:epo,1
raw/1585__UKLO-WS-0024__XmlWinEventLog.log,UKLO-WS-0024,XmlWinEventLog:Microsoft-Windows-Sysmon/Operational,XmlWinEventLog,10
raw/1586__UKLO-WS-0024__XmlWinEventLog.log,UKLO-WS-0024,XmlWinEventLog:Security,XmlWinEventLog,8
raw/1587__UKLO-WS-0024__trellix_epo.log,UKLO-WS-0024,trellix:epo,trellix:epo,1
raw/1588__UKLO-WS-0025__XmlWinEventLog.log,UKLO-WS-0025,XmlWinEventLog:Microsoft-Windows-Sysmon/Operational,XmlWinEventLog,5
raw/1589__UKLO-WS-0025__XmlWinEventLog.log,UKLO-WS-0025,XmlWinEventLog:Security,XmlWinEventLog,3
raw/1590__UKLO-WS-0025__trellix_epo.log,UKLO-WS-0025,trellix:epo,trellix:epo,1
raw/1591__UKLO-WS-0025__wsus_client.log,UKLO-WS-0025,wsus:client,wsus:client,1
raw/1592__UKLO-WS-0026__XmlWinEventLog.log,UKLO-WS-0026,XmlWinEventLog:Microsoft-Windows-Sysmon/Operational,XmlWinEventLog,8
raw/1593__UKLO-WS-0026__XmlWinEventLog.log,UKLO-WS-0026,XmlWinEventLog:Security,XmlWinEventLog,9
raw/1594__UKLO-WS-0026__trellix_epo.log,UKLO-WS-0026,trellix:epo,trellix:epo,1
raw/1595__UKLO-WS-0027__XmlWinEventLog.log,UKLO-WS-0027,XmlWinEventLog:Microsoft-Windows-Sysmon/Operational,XmlWinEventLog,4
raw/1596__UKLO-WS-0027__XmlWinEventLog.log,UKLO-WS-0027,XmlWinEventLog:Security,XmlWinEventLog,9
raw/1597__UKLO-WS-0027__sccm_client.log,UKLO-WS-0027,sccm:client,sccm:client,1
raw/1598__UKLO-WS-0028__XmlWinEventLog.log,UKLO-WS-0028,XmlWinEventLog:Microsoft-Windows-Sysmon/Operational,XmlWinEventLog,4
raw/1599__UKLO-WS-0028__XmlWinEventLog.log,UKLO-WS-0028,XmlWinEventLog:Security,XmlWinEventLog,5
raw/1600__UKLO-WS-0029__XmlWinEventLog.log,UKLO-WS-0029,XmlWinEventLog:Microsoft-Windows-Sysmon/Operational,XmlWinEventLog,5
raw/1601__UKLO-WS-0029__XmlWinEventLog.log,UKLO-WS-0029,XmlWinEventLog:Security,XmlWinEventLog,11
raw/1602__UKLO-WS-0029__ms_defender_eventhub.log,UKLO-WS-0029,ms:defender:eventhub,ms:defender:eventhub,1
raw/1603__UKLO-WS-0029__trellix_epo.log,UKLO-WS-0029,trellix:epo,trellix:epo,1
raw/1604__UKLO-WS-0030__XmlWinEventLog.log,UKLO-WS-0030,XmlWinEventLog:Microsoft-Windows-Sysmon/Operational,XmlWinEventLog,4
raw/1605__UKLO-WS-0030__XmlWinEventLog.log,UKLO-WS-0030,XmlWinEventLog:Security,XmlWinEventLog,5
raw/1606__UKLO-WS-0031__XmlWinEventLog.log,UKLO-WS-0031,XmlWinEventLog:Microsoft-Windows-Sysmon/Operational,XmlWinEventLog,6
raw/1607__UKLO-WS-0031__XmlWinEventLog.log,UKLO-WS-0031,XmlWinEventLog:Security,XmlWinEventLog,6
raw/1608__UKLO-WS-0032__XmlWinEventLog.log,UKLO-WS-0032,XmlWinEventLog:Microsoft-Windows-Sysmon/Operational,XmlWinEventLog,13
raw/1609__UKLO-WS-0032__XmlWinEventLog.log,UKLO-WS-0032,XmlWinEventLog:Security,XmlWinEventLog,6
raw/1610__UKLO-WS-0032__ms_defender_eventhub.log,UKLO-WS-0032,ms:defender:eventhub,ms:defender:eventhub,2
raw/1611__UKLO-WS-0033__XmlWinEventLog.log,UKLO-WS-0033,XmlWinEventLog:Microsoft-Windows-Sysmon/Operational,XmlWinEventLog,6
raw/1612__UKLO-WS-0033__XmlWinEventLog.log,UKLO-WS-0033,XmlWinEventLog:Security,XmlWinEventLog,4
raw/1613__UKLO-WS-0034__XmlWinEventLog.log,UKLO-WS-0034,XmlWinEventLog:Microsoft-Windows-Sysmon/Operational,XmlWinEventLog,6
raw/1614__UKLO-WS-0034__XmlWinEventLog.log,UKLO-WS-0034,XmlWinEventLog:Security,XmlWinEventLog,6
raw/1615__UKLO-WS-0034__ms_defender_eventhub.log,UKLO-WS-0034,ms:defender:eventhub,ms:defender:eventhub,2
raw/1616__UKLO-WS-0035__XmlWinEventLog.log,UKLO-WS-0035,XmlWinEventLog:Microsoft-Windows-Sysmon/Operational,XmlWinEventLog,7
raw/1617__UKLO-WS-0035__XmlWinEventLog.log,UKLO-WS-0035,XmlWinEventLog:Security,XmlWinEventLog,5
raw/1618__UKLO-WS-0035__ms_defender_eventhub.log,UKLO-WS-0035,ms:defender:eventhub,ms:defender:eventhub,1
raw/1619__UKLO-WS-0035__sccm_client.log,UKLO-WS-0035,sccm:client,sccm:client,2
raw/1620__UKLO-WS-0035__trellix_epo.log,UKLO-WS-0035,trellix:epo,trellix:epo,1
raw/1621__UKLO-WS-0036__XmlWinEventLog.log,UKLO-WS-0036,XmlWinEventLog:Microsoft-Windows-Sysmon/Operational,XmlWinEventLog,4
raw/1622__UKLO-WS-0036__XmlWinEventLog.log,UKLO-WS-0036,XmlWinEventLog:Security,XmlWinEventLog,2
raw/1623__UKLO-WS-0036__sccm_client.log,UKLO-WS-0036,sccm:client,sccm:client,1
raw/1624__UKLO-WS-0037__XmlWinEventLog.log,UKLO-WS-0037,XmlWinEventLog:Microsoft-Windows-Sysmon/Operational,XmlWinEventLog,5
raw/1625__UKLO-WS-0037__XmlWinEventLog.log,UKLO-WS-0037,XmlWinEventLog:Security,XmlWinEventLog,9
raw/1626__UKLO-WS-0037__trellix_epo.log,UKLO-WS-0037,trellix:epo,trellix:epo,1
raw/1627__UKLO-WS-0038__XmlWinEventLog.log,UKLO-WS-0038,XmlWinEventLog:Microsoft-Windows-Sysmon/Operational,XmlWinEventLog,4
raw/1628__UKLO-WS-0038__XmlWinEventLog.log,UKLO-WS-0038,XmlWinEventLog:Security,XmlWinEventLog,8
raw/1629__UKLO-WS-0038__ms_defender_eventhub.log,UKLO-WS-0038,ms:defender:eventhub,ms:defender:eventhub,3
raw/1630__UKLO-WS-0038__sccm_client.log,UKLO-WS-0038,sccm:client,sccm:client,1
raw/1631__UKLO-WS-0038__trellix_epo.log,UKLO-WS-0038,trellix:epo,trellix:epo,1
raw/1632__UKLO-WS-0039__XmlWinEventLog.log,UKLO-WS-0039,XmlWinEventLog:Microsoft-Windows-Sysmon/Operational,XmlWinEventLog,6
raw/1633__UKLO-WS-0039__XmlWinEventLog.log,UKLO-WS-0039,XmlWinEventLog:Security,XmlWinEventLog,2
raw/1634__UKLO-WS-0039__ms_defender_eventhub.log,UKLO-WS-0039,ms:defender:eventhub,ms:defender:eventhub,1
raw/1635__UKLO-WS-0039__trellix_epo.log,UKLO-WS-0039,trellix:epo,trellix:epo,1
raw/1636__UKLO-WS-0040__XmlWinEventLog.log,UKLO-WS-0040,XmlWinEventLog:Microsoft-Windows-Sysmon/Operational,XmlWinEventLog,3
raw/1637__UKLO-WS-0040__XmlWinEventLog.log,UKLO-WS-0040,XmlWinEventLog:Security,XmlWinEventLog,9
raw/1638__UKLO-WS-0040__trellix_epo.log,UKLO-WS-0040,trellix:epo,trellix:epo,2
raw/1639__UKLO-WS-0040__wsus_client.log,UKLO-WS-0040,wsus:client,wsus:client,1
raw/1640__UKLO-WS-0041__XmlWinEventLog.log,UKLO-WS-0041,XmlWinEventLog:Microsoft-Windows-Sysmon/Operational,XmlWinEventLog,8
raw/1641__UKLO-WS-0041__XmlWinEventLog.log,UKLO-WS-0041,XmlWinEventLog:Security,XmlWinEventLog,8
raw/1642__UKLO-WS-0041__ms_defender_eventhub.log,UKLO-WS-0041,ms:defender:eventhub,ms:defender:eventhub,3
raw/1643__UKLO-WS-0041__trellix_epo.log,UKLO-WS-0041,trellix:epo,trellix:epo,1
raw/1644__UKLO-WS-0042__XmlWinEventLog.log,UKLO-WS-0042,XmlWinEventLog:Microsoft-Windows-Sysmon/Operational,XmlWinEventLog,1
raw/1645__UKLO-WS-0042__XmlWinEventLog.log,UKLO-WS-0042,XmlWinEventLog:Security,XmlWinEventLog,5
raw/1646__UKLO-WS-0043__XmlWinEventLog.log,UKLO-WS-0043,XmlWinEventLog:Microsoft-Windows-Sysmon/Operational,XmlWinEventLog,8
raw/1647__UKLO-WS-0043__XmlWinEventLog.log,UKLO-WS-0043,XmlWinEventLog:Security,XmlWinEventLog,3
raw/1648__UKLO-WS-0044__XmlWinEventLog.log,UKLO-WS-0044,XmlWinEventLog:Microsoft-Windows-Sysmon/Operational,XmlWinEventLog,8
raw/1649__UKLO-WS-0044__XmlWinEventLog.log,UKLO-WS-0044,XmlWinEventLog:Security,XmlWinEventLog,7
raw/1650__UKLO-WS-0044__ms_defender_eventhub.log,UKLO-WS-0044,ms:defender:eventhub,ms:defender:eventhub,3
raw/1651__UKLO-WS-0045__XmlWinEventLog.log,UKLO-WS-0045,XmlWinEventLog:Microsoft-Windows-Sysmon/Operational,XmlWinEventLog,10
raw/1652__UKLO-WS-0045__XmlWinEventLog.log,UKLO-WS-0045,XmlWinEventLog:Security,XmlWinEventLog,7
raw/1653__UKLO-WS-0045__ms_defender_eventhub.log,UKLO-WS-0045,ms:defender:eventhub,ms:defender:eventhub,1
raw/1654__UKLO-WS-0046__XmlWinEventLog.log,UKLO-WS-0046,XmlWinEventLog:Microsoft-Windows-Sysmon/Operational,XmlWinEventLog,8
raw/1655__UKLO-WS-0046__XmlWinEventLog.log,UKLO-WS-0046,XmlWinEventLog:Security,XmlWinEventLog,9
raw/1656__UKLO-WS-0046__ms_defender_eventhub.log,UKLO-WS-0046,ms:defender:eventhub,ms:defender:eventhub,4
raw/1657__UKLO-WS-0047__XmlWinEventLog.log,UKLO-WS-0047,XmlWinEventLog:Microsoft-Windows-Sysmon/Operational,XmlWinEventLog,8
raw/1658__UKLO-WS-0047__XmlWinEventLog.log,UKLO-WS-0047,XmlWinEventLog:Security,XmlWinEventLog,5
raw/1659__UKLO-WS-0047__trellix_epo.log,UKLO-WS-0047,trellix:epo,trellix:epo,1
raw/1660__UKLO-WS-0048__XmlWinEventLog.log,UKLO-WS-0048,XmlWinEventLog:Microsoft-Windows-Sysmon/Operational,XmlWinEventLog,9
raw/1661__UKLO-WS-0048__XmlWinEventLog.log,UKLO-WS-0048,XmlWinEventLog:Security,XmlWinEventLog,5
raw/1662__UKLO-WS-0048__ms_defender_eventhub.log,UKLO-WS-0048,ms:defender:eventhub,ms:defender:eventhub,2
raw/1663__UKLO-WS-0048__sccm_client.log,UKLO-WS-0048,sccm:client,sccm:client,1
raw/1664__UKLO-WS-0049__XmlWinEventLog.log,UKLO-WS-0049,XmlWinEventLog:Microsoft-Windows-Sysmon/Operational,XmlWinEventLog,6
raw/1665__UKLO-WS-0049__XmlWinEventLog.log,UKLO-WS-0049,XmlWinEventLog:Security,XmlWinEventLog,3
raw/1666__UKLO-WS-0049__sccm_client.log,UKLO-WS-0049,sccm:client,sccm:client,1
raw/1667__UKLO-WS-0050__XmlWinEventLog.log,UKLO-WS-0050,XmlWinEventLog:Microsoft-Windows-Sysmon/Operational,XmlWinEventLog,9
raw/1668__UKLO-WS-0050__XmlWinEventLog.log,UKLO-WS-0050,XmlWinEventLog:Security,XmlWinEventLog,6
raw/1669__UKLO-WS-0050__ms_defender_eventhub.log,UKLO-WS-0050,ms:defender:eventhub,ms:defender:eventhub,4
raw/1670__UKLO-WS-0051__XmlWinEventLog.log,UKLO-WS-0051,XmlWinEventLog:Microsoft-Windows-Sysmon/Operational,XmlWinEventLog,8
raw/1671__UKLO-WS-0051__XmlWinEventLog.log,UKLO-WS-0051,XmlWinEventLog:Security,XmlWinEventLog,4
raw/1672__UKLO-WS-0051__ms_defender_eventhub.log,UKLO-WS-0051,ms:defender:eventhub,ms:defender:eventhub,1
raw/1673__UKLO-WS-0052__XmlWinEventLog.log,UKLO-WS-0052,XmlWinEventLog:Microsoft-Windows-Sysmon/Operational,XmlWinEventLog,6
raw/1674__UKLO-WS-0052__XmlWinEventLog.log,UKLO-WS-0052,XmlWinEventLog:Security,XmlWinEventLog,10
raw/1675__UKLO-WS-0053__XmlWinEventLog.log,UKLO-WS-0053,XmlWinEventLog:Microsoft-Windows-Sysmon/Operational,XmlWinEventLog,8
raw/1676__UKLO-WS-0053__XmlWinEventLog.log,UKLO-WS-0053,XmlWinEventLog:Security,XmlWinEventLog,7
raw/1677__UKLO-WS-0053__ms_defender_eventhub.log,UKLO-WS-0053,ms:defender:eventhub,ms:defender:eventhub,1
raw/1678__UKLO-WS-0053__sccm_client.log,UKLO-WS-0053,sccm:client,sccm:client,1
raw/1679__UKLO-WS-0053__trellix_epo.log,UKLO-WS-0053,trellix:epo,trellix:epo,1
raw/1680__UKLO-WS-0054__XmlWinEventLog.log,UKLO-WS-0054,XmlWinEventLog:Microsoft-Windows-Sysmon/Operational,XmlWinEventLog,6
raw/1681__UKLO-WS-0054__XmlWinEventLog.log,UKLO-WS-0054,XmlWinEventLog:Security,XmlWinEventLog,7
raw/1682__UKLO-WS-0055__XmlWinEventLog.log,UKLO-WS-0055,XmlWinEventLog:Microsoft-Windows-Sysmon/Operational,XmlWinEventLog,5
raw/1683__UKLO-WS-0055__XmlWinEventLog.log,UKLO-WS-0055,XmlWinEventLog:Security,XmlWinEventLog,5
raw/1684__UKLO-WS-0055__ms_defender_eventhub.log,UKLO-WS-0055,ms:defender:eventhub,ms:defender:eventhub,1
raw/1685__UKLO-WS-0056__XmlWinEventLog.log,UKLO-WS-0056,XmlWinEventLog:Microsoft-Windows-Sysmon/Operational,XmlWinEventLog,7
raw/1686__UKLO-WS-0056__XmlWinEventLog.log,UKLO-WS-0056,XmlWinEventLog:Security,XmlWinEventLog,9
raw/1687__UKLO-WS-0056__ms_defender_eventhub.log,UKLO-WS-0056,ms:defender:eventhub,ms:defender:eventhub,2
raw/1688__UKLO-WS-0056__trellix_epo.log,UKLO-WS-0056,trellix:epo,trellix:epo,1
raw/1689__UKLO-WS-0056__wsus_client.log,UKLO-WS-0056,wsus:client,wsus:client,1
raw/1690__UKLO-WS-0057__XmlWinEventLog.log,UKLO-WS-0057,XmlWinEventLog:Microsoft-Windows-Sysmon/Operational,XmlWinEventLog,9
raw/1691__UKLO-WS-0057__XmlWinEventLog.log,UKLO-WS-0057,XmlWinEventLog:Security,XmlWinEventLog,5
raw/1692__UKLO-WS-0058__XmlWinEventLog.log,UKLO-WS-0058,XmlWinEventLog:Microsoft-Windows-Sysmon/Operational,XmlWinEventLog,4
raw/1693__UKLO-WS-0058__XmlWinEventLog.log,UKLO-WS-0058,XmlWinEventLog:Security,XmlWinEventLog,6
raw/1694__UKLO-WS-0058__ms_defender_eventhub.log,UKLO-WS-0058,ms:defender:eventhub,ms:defender:eventhub,3
raw/1695__UKLO-WS-0058__wsus_client.log,UKLO-WS-0058,wsus:client,wsus:client,2
raw/1696__UKLO-WS-0059__XmlWinEventLog.log,UKLO-WS-0059,XmlWinEventLog:Microsoft-Windows-Sysmon/Operational,XmlWinEventLog,3
raw/1697__UKLO-WS-0059__XmlWinEventLog.log,UKLO-WS-0059,XmlWinEventLog:Security,XmlWinEventLog,5
raw/1698__UKLO-WS-0060__XmlWinEventLog.log,UKLO-WS-0060,XmlWinEventLog:Microsoft-Windows-Sysmon/Operational,XmlWinEventLog,3
raw/1699__UKLO-WS-0060__XmlWinEventLog.log,UKLO-WS-0060,XmlWinEventLog:Security,XmlWinEventLog,9
raw/1700__UKLO-WS-0060__ms_defender_eventhub.log,UKLO-WS-0060,ms:defender:eventhub,ms:defender:eventhub,1
raw/1701__UKLO-WS-0060__sccm_client.log,UKLO-WS-0060,sccm:client,sccm:client,2
raw/1702__UKLO-WS-0061__XmlWinEventLog.log,UKLO-WS-0061,XmlWinEventLog:Microsoft-Windows-Sysmon/Operational,XmlWinEventLog,9
raw/1703__UKLO-WS-0061__XmlWinEventLog.log,UKLO-WS-0061,XmlWinEventLog:Security,XmlWinEventLog,5
raw/1704__UKLO-WS-0062__XmlWinEventLog.log,UKLO-WS-0062,XmlWinEventLog:Microsoft-Windows-Sysmon/Operational,XmlWinEventLog,8
raw/1705__UKLO-WS-0062__XmlWinEventLog.log,UKLO-WS-0062,XmlWinEventLog:Security,XmlWinEventLog,9
raw/1706__UKLO-WS-0062__ms_defender_eventhub.log,UKLO-WS-0062,ms:defender:eventhub,ms:defender:eventhub,1
raw/1707__UKLO-WS-0062__sccm_client.log,UKLO-WS-0062,sccm:client,sccm:client,1
raw/1708__UKLO-WS-0063__XmlWinEventLog.log,UKLO-WS-0063,XmlWinEventLog:Microsoft-Windows-Sysmon/Operational,XmlWinEventLog,7
raw/1709__UKLO-WS-0063__XmlWinEventLog.log,UKLO-WS-0063,XmlWinEventLog:Security,XmlWinEventLog,6
raw/1710__UKLO-WS-0063__ms_defender_eventhub.log,UKLO-WS-0063,ms:defender:eventhub,ms:defender:eventhub,1
raw/1711__UKLO-WS-0064__XmlWinEventLog.log,UKLO-WS-0064,XmlWinEventLog:Microsoft-Windows-Sysmon/Operational,XmlWinEventLog,7
raw/1712__UKLO-WS-0064__XmlWinEventLog.log,UKLO-WS-0064,XmlWinEventLog:Security,XmlWinEventLog,10
raw/1713__UKLO-WS-0064__wsus_client.log,UKLO-WS-0064,wsus:client,wsus:client,1
raw/1714__UKLO-ZEEK-01__bro_conn_json.log,UKLO-ZEEK-01,zeek:conn,bro:conn:json,1077
raw/1715__UKLO-ZEEK-01__bro_dce_rpc_json.log,UKLO-ZEEK-01,zeek:dce_rpc,bro:dce_rpc:json,93
raw/1716__UKLO-ZEEK-01__bro_dns_json.log,UKLO-ZEEK-01,zeek:dns,bro:dns:json,430
raw/1717__UKLO-ZEEK-01__bro_http_json.log,UKLO-ZEEK-01,zeek:http,bro:http:json,244
raw/1718__UKLO-ZEEK-01__bro_smb_files_json.log,UKLO-ZEEK-01,zeek:smb_files,bro:smb_files:json,112
raw/1719__UKLO-ZEEK-01__bro_ssl_json.log,UKLO-ZEEK-01,zeek:ssl,bro:ssl:json,386
raw/1720__USCA-APP-01__XmlWinEventLog.log,USCA-APP-01,XmlWinEventLog:Microsoft-Windows-Sysmon/Operational,XmlWinEventLog,11
raw/1721__USCA-APP-01__XmlWinEventLog.log,USCA-APP-01,XmlWinEventLog:Security,XmlWinEventLog,5
raw/1722__USCA-APP-01__ms_defender_eventhub.log,USCA-APP-01,ms:defender:eventhub,ms:defender:eventhub,1
raw/1723__USCA-APP-02__XmlWinEventLog.log,USCA-APP-02,XmlWinEventLog:Microsoft-Windows-Sysmon/Operational,XmlWinEventLog,5
raw/1724__USCA-APP-02__XmlWinEventLog.log,USCA-APP-02,XmlWinEventLog:Security,XmlWinEventLog,5
raw/1725__USCA-APP-03__XmlWinEventLog.log,USCA-APP-03,XmlWinEventLog:Microsoft-Windows-Sysmon/Operational,XmlWinEventLog,4
raw/1726__USCA-APP-03__XmlWinEventLog.log,USCA-APP-03,XmlWinEventLog:Security,XmlWinEventLog,6
raw/1727__USCA-APP-04__XmlWinEventLog.log,USCA-APP-04,XmlWinEventLog:Microsoft-Windows-Sysmon/Operational,XmlWinEventLog,12
raw/1728__USCA-APP-04__XmlWinEventLog.log,USCA-APP-04,XmlWinEventLog:Security,XmlWinEventLog,3
raw/1729__USCA-APP-04__ms_defender_eventhub.log,USCA-APP-04,ms:defender:eventhub,ms:defender:eventhub,5
raw/1730__USCA-APP-04__trellix_epo.log,USCA-APP-04,trellix:epo,trellix:epo,1
raw/1731__USCA-APP-05__XmlWinEventLog.log,USCA-APP-05,XmlWinEventLog:Microsoft-Windows-Sysmon/Operational,XmlWinEventLog,9
raw/1732__USCA-APP-05__XmlWinEventLog.log,USCA-APP-05,XmlWinEventLog:Security,XmlWinEventLog,9
raw/1733__USCA-APP-06__XmlWinEventLog.log,USCA-APP-06,XmlWinEventLog:Microsoft-Windows-Sysmon/Operational,XmlWinEventLog,3
raw/1734__USCA-APP-06__XmlWinEventLog.log,USCA-APP-06,XmlWinEventLog:Security,XmlWinEventLog,4
raw/1735__USCA-APP-06__trellix_epo.log,USCA-APP-06,trellix:epo,trellix:epo,1
raw/1736__USCA-APP-07__XmlWinEventLog.log,USCA-APP-07,XmlWinEventLog:Microsoft-Windows-Sysmon/Operational,XmlWinEventLog,2
raw/1737__USCA-APP-07__XmlWinEventLog.log,USCA-APP-07,XmlWinEventLog:Security,XmlWinEventLog,7
raw/1738__USCA-APP-07__ms_defender_eventhub.log,USCA-APP-07,ms:defender:eventhub,ms:defender:eventhub,1
raw/1739__USCA-APP-07__trellix_epo.log,USCA-APP-07,trellix:epo,trellix:epo,1
raw/1740__USCA-APP-08__XmlWinEventLog.log,USCA-APP-08,XmlWinEventLog:Microsoft-Windows-Sysmon/Operational,XmlWinEventLog,8
raw/1741__USCA-APP-08__XmlWinEventLog.log,USCA-APP-08,XmlWinEventLog:Security,XmlWinEventLog,5
raw/1742__USCA-APP-08__ms_defender_eventhub.log,USCA-APP-08,ms:defender:eventhub,ms:defender:eventhub,2
raw/1743__USCA-APP-08__trellix_epo.log,USCA-APP-08,trellix:epo,trellix:epo,1
raw/1744__USCA-APP-08__wsus_client.log,USCA-APP-08,wsus:client,wsus:client,1
raw/1745__USCA-DC-01__XmlWinEventLog.log,USCA-DC-01,XmlWinEventLog:Security,XmlWinEventLog,143
raw/1746__USCA-FS-01__XmlWinEventLog.log,USCA-FS-01,XmlWinEventLog:Microsoft-Windows-Sysmon/Operational,XmlWinEventLog,6
raw/1747__USCA-FS-01__XmlWinEventLog.log,USCA-FS-01,XmlWinEventLog:Security,XmlWinEventLog,7
raw/1748__USCA-FS-01__ms_defender_eventhub.log,USCA-FS-01,ms:defender:eventhub,ms:defender:eventhub,2
raw/1749__USCA-FS-01__trellix_epo.log,USCA-FS-01,trellix:epo,trellix:epo,1
raw/1750__USCA-FS-02__XmlWinEventLog.log,USCA-FS-02,XmlWinEventLog:Microsoft-Windows-Sysmon/Operational,XmlWinEventLog,10
raw/1751__USCA-FS-02__XmlWinEventLog.log,USCA-FS-02,XmlWinEventLog:Security,XmlWinEventLog,2
raw/1752__USCA-FS-02__ms_defender_eventhub.log,USCA-FS-02,ms:defender:eventhub,ms:defender:eventhub,1
raw/1753__USCA-FS-03__XmlWinEventLog.log,USCA-FS-03,XmlWinEventLog:Microsoft-Windows-Sysmon/Operational,XmlWinEventLog,4
raw/1754__USCA-FS-03__XmlWinEventLog.log,USCA-FS-03,XmlWinEventLog:Security,XmlWinEventLog,8
raw/1755__USCA-FS-04__XmlWinEventLog.log,USCA-FS-04,XmlWinEventLog:Microsoft-Windows-Sysmon/Operational,XmlWinEventLog,5
raw/1756__USCA-FS-04__XmlWinEventLog.log,USCA-FS-04,XmlWinEventLog:Security,XmlWinEventLog,11
raw/1757__USCA-FW-01__pan_traffic.log,USCA-FW-01,pan:traffic,pan:traffic,79
raw/1758__USCA-FW-02__fortigate_traffic.log,USCA-FW-02,fortigate_traffic,fortigate_traffic,100
raw/1759__USCA-FW-03__cisco_asa.log,USCA-FW-03,cisco:asa,cisco:asa,104
raw/1760__USCA-JUMP-01__XmlWinEventLog.log,USCA-JUMP-01,XmlWinEventLog:Microsoft-Windows-Sysmon/Operational,XmlWinEventLog,10
raw/1761__USCA-JUMP-01__XmlWinEventLog.log,USCA-JUMP-01,XmlWinEventLog:Security,XmlWinEventLog,9
raw/1762__USCA-JUMP-01__ms_defender_eventhub.log,USCA-JUMP-01,ms:defender:eventhub,ms:defender:eventhub,2
raw/1763__USCA-JUMP-01__wsus_client.log,USCA-JUMP-01,wsus:client,wsus:client,1
raw/1764__USCA-JUMP-02__XmlWinEventLog.log,USCA-JUMP-02,XmlWinEventLog:Microsoft-Windows-Sysmon/Operational,XmlWinEventLog,9
raw/1765__USCA-JUMP-02__XmlWinEventLog.log,USCA-JUMP-02,XmlWinEventLog:Security,XmlWinEventLog,4
raw/1766__USCA-JUMP-02__ms_defender_eventhub.log,USCA-JUMP-02,ms:defender:eventhub,ms:defender:eventhub,2
raw/1767__USCA-JUMP-02__trellix_epo.log,USCA-JUMP-02,trellix:epo,trellix:epo,1
raw/1768__USCA-JUMP-02__wsus_client.log,USCA-JUMP-02,wsus:client,wsus:client,1
raw/1769__USCA-JUMP-03__XmlWinEventLog.log,USCA-JUMP-03,XmlWinEventLog:Microsoft-Windows-Sysmon/Operational,XmlWinEventLog,4
raw/1770__USCA-JUMP-03__XmlWinEventLog.log,USCA-JUMP-03,XmlWinEventLog:Security,XmlWinEventLog,10
raw/1771__USCA-JUMP-03__ms_defender_eventhub.log,USCA-JUMP-03,ms:defender:eventhub,ms:defender:eventhub,1
raw/1772__USCA-LNX-01__linux_audit.log,USCA-LNX-01,/var/log/audit/audit.log,linux_audit,102
raw/1773__USCA-LNX-01__linux_secure.log,USCA-LNX-01,/var/log/secure,linux_secure,19
raw/1774__USCA-LNX-01__syslog.log,USCA-LNX-01,/var/log/syslog,syslog,29
raw/1775__USCA-LNX-01__trellix_epo.log,USCA-LNX-01,trellix:epo,trellix:epo,2
raw/1776__USCA-LNX-02__linux_audit.log,USCA-LNX-02,/var/log/audit/audit.log,linux_audit,115
raw/1777__USCA-LNX-02__linux_secure.log,USCA-LNX-02,/var/log/secure,linux_secure,10
raw/1778__USCA-LNX-02__syslog.log,USCA-LNX-02,/var/log/syslog,syslog,32
raw/1779__USCA-LNX-03__linux_audit.log,USCA-LNX-03,/var/log/audit/audit.log,linux_audit,148
raw/1780__USCA-LNX-03__linux_secure.log,USCA-LNX-03,/var/log/secure,linux_secure,14
raw/1781__USCA-LNX-03__syslog.log,USCA-LNX-03,/var/log/syslog,syslog,30
raw/1782__USCA-LNX-03__ms_defender_eventhub.log,USCA-LNX-03,ms:defender:eventhub,ms:defender:eventhub,1
raw/1783__USCA-LNX-04__linux_audit.log,USCA-LNX-04,/var/log/audit/audit.log,linux_audit,122
raw/1784__USCA-LNX-04__linux_secure.log,USCA-LNX-04,/var/log/secure,linux_secure,17
raw/1785__USCA-LNX-04__syslog.log,USCA-LNX-04,/var/log/syslog,syslog,28
raw/1786__USCA-LNX-04__ms_defender_eventhub.log,USCA-LNX-04,ms:defender:eventhub,ms:defender:eventhub,1
raw/1787__USCA-LNX-05__linux_audit.log,USCA-LNX-05,/var/log/audit/audit.log,linux_audit,97
raw/1788__USCA-LNX-05__linux_secure.log,USCA-LNX-05,/var/log/secure,linux_secure,21
raw/1789__USCA-LNX-05__syslog.log,USCA-LNX-05,/var/log/syslog,syslog,31
raw/1790__USCA-LNX-05__ms_defender_eventhub.log,USCA-LNX-05,ms:defender:eventhub,ms:defender:eventhub,1
raw/1791__USCA-LNX-05__trellix_epo.log,USCA-LNX-05,trellix:epo,trellix:epo,1
raw/1792__USCA-LNX-06__linux_audit.log,USCA-LNX-06,/var/log/audit/audit.log,linux_audit,76
raw/1793__USCA-LNX-06__linux_secure.log,USCA-LNX-06,/var/log/secure,linux_secure,16
raw/1794__USCA-LNX-06__syslog.log,USCA-LNX-06,/var/log/syslog,syslog,29
raw/1795__USCA-LNX-07__linux_audit.log,USCA-LNX-07,/var/log/audit/audit.log,linux_audit,114
raw/1796__USCA-LNX-07__linux_secure.log,USCA-LNX-07,/var/log/secure,linux_secure,13
raw/1797__USCA-LNX-07__syslog.log,USCA-LNX-07,/var/log/syslog,syslog,34
raw/1798__USCA-LNX-08__linux_audit.log,USCA-LNX-08,/var/log/audit/audit.log,linux_audit,109
raw/1799__USCA-LNX-08__linux_secure.log,USCA-LNX-08,/var/log/secure,linux_secure,18
raw/1800__USCA-LNX-08__syslog.log,USCA-LNX-08,/var/log/syslog,syslog,22
raw/1801__USCA-LNX-08__ms_defender_eventhub.log,USCA-LNX-08,ms:defender:eventhub,ms:defender:eventhub,2
raw/1802__USCA-PACS-01__pacs_access.log,USCA-PACS-01,pacs:access,pacs:access,140
raw/1803__USCA-PAW-01__XmlWinEventLog.log,USCA-PAW-01,XmlWinEventLog:Microsoft-Windows-Sysmon/Operational,XmlWinEventLog,5
raw/1804__USCA-PAW-01__XmlWinEventLog.log,USCA-PAW-01,XmlWinEventLog:Security,XmlWinEventLog,2
raw/1805__USCA-PAW-01__ms_defender_eventhub.log,USCA-PAW-01,ms:defender:eventhub,ms:defender:eventhub,1
raw/1806__USCA-PAW-01__trellix_epo.log,USCA-PAW-01,trellix:epo,trellix:epo,1
raw/1807__USCA-PAW-02__XmlWinEventLog.log,USCA-PAW-02,XmlWinEventLog:Microsoft-Windows-Sysmon/Operational,XmlWinEventLog,9
raw/1808__USCA-PAW-02__XmlWinEventLog.log,USCA-PAW-02,XmlWinEventLog:Security,XmlWinEventLog,7
raw/1809__USCA-PAW-02__ms_defender_eventhub.log,USCA-PAW-02,ms:defender:eventhub,ms:defender:eventhub,1
raw/1810__USCA-PAW-02__trellix_epo.log,USCA-PAW-02,trellix:epo,trellix:epo,1
raw/1811__USCA-PAW-03__XmlWinEventLog.log,USCA-PAW-03,XmlWinEventLog:Microsoft-Windows-Sysmon/Operational,XmlWinEventLog,8
raw/1812__USCA-PAW-03__XmlWinEventLog.log,USCA-PAW-03,XmlWinEventLog:Security,XmlWinEventLog,7
raw/1813__USCA-PAW-03__ms_defender_eventhub.log,USCA-PAW-03,ms:defender:eventhub,ms:defender:eventhub,2
raw/1814__USCA-PAW-04__XmlWinEventLog.log,USCA-PAW-04,XmlWinEventLog:Microsoft-Windows-Sysmon/Operational,XmlWinEventLog,8
raw/1815__USCA-PAW-04__XmlWinEventLog.log,USCA-PAW-04,XmlWinEventLog:Security,XmlWinEventLog,5
raw/1816__USCA-PAW-04__trellix_epo.log,USCA-PAW-04,trellix:epo,trellix:epo,1
raw/1817__USCA-PAW-05__XmlWinEventLog.log,USCA-PAW-05,XmlWinEventLog:Microsoft-Windows-Sysmon/Operational,XmlWinEventLog,5
raw/1818__USCA-PAW-05__XmlWinEventLog.log,USCA-PAW-05,XmlWinEventLog:Security,XmlWinEventLog,8
raw/1819__USCA-PAW-05__trellix_epo.log,USCA-PAW-05,trellix:epo,trellix:epo,1
raw/1820__USCA-PAW-05__wsus_client.log,USCA-PAW-05,wsus:client,wsus:client,1
raw/1821__USCA-PAW-06__XmlWinEventLog.log,USCA-PAW-06,XmlWinEventLog:Microsoft-Windows-Sysmon/Operational,XmlWinEventLog,5
raw/1822__USCA-PAW-06__XmlWinEventLog.log,USCA-PAW-06,XmlWinEventLog:Security,XmlWinEventLog,10
raw/1823__USCA-PAW-06__trellix_epo.log,USCA-PAW-06,trellix:epo,trellix:epo,1
raw/1824__USCA-RTR-01__cisco_ios.log,USCA-RTR-01,cisco:ios,cisco:ios,53
raw/1825__USCA-RTR-02__juniper.log,USCA-RTR-02,juniper,juniper,20
raw/1826__USCA-RTR-02__juniper_junos_firewall.log,USCA-RTR-02,juniper:junos:firewall,juniper:junos:firewall,14
raw/1827__USCA-VDI-01__XmlWinEventLog.log,USCA-VDI-01,XmlWinEventLog:Microsoft-Windows-Sysmon/Operational,XmlWinEventLog,9
raw/1828__USCA-VDI-01__XmlWinEventLog.log,USCA-VDI-01,XmlWinEventLog:Security,XmlWinEventLog,5
raw/1829__USCA-VDI-01__ms_defender_eventhub.log,USCA-VDI-01,ms:defender:eventhub,ms:defender:eventhub,2
raw/1830__USCA-VDI-02__XmlWinEventLog.log,USCA-VDI-02,XmlWinEventLog:Microsoft-Windows-Sysmon/Operational,XmlWinEventLog,5
raw/1831__USCA-VDI-02__XmlWinEventLog.log,USCA-VDI-02,XmlWinEventLog:Security,XmlWinEventLog,2
raw/1832__USCA-VDI-02__ms_defender_eventhub.log,USCA-VDI-02,ms:defender:eventhub,ms:defender:eventhub,2
raw/1833__USCA-VDI-02__wsus_client.log,USCA-VDI-02,wsus:client,wsus:client,1
raw/1834__USCA-VDI-03__XmlWinEventLog.log,USCA-VDI-03,XmlWinEventLog:Microsoft-Windows-Sysmon/Operational,XmlWinEventLog,5
raw/1835__USCA-VDI-03__XmlWinEventLog.log,USCA-VDI-03,XmlWinEventLog:Security,XmlWinEventLog,6
raw/1836__USCA-VDI-03__ms_defender_eventhub.log,USCA-VDI-03,ms:defender:eventhub,ms:defender:eventhub,3
raw/1837__USCA-WS-0001__XmlWinEventLog.log,USCA-WS-0001,XmlWinEventLog:Microsoft-Windows-Sysmon/Operational,XmlWinEventLog,19
raw/1838__USCA-WS-0001__XmlWinEventLog.log,USCA-WS-0001,XmlWinEventLog:Security,XmlWinEventLog,14
raw/1839__USCA-WS-0001__ms_defender_eventhub.log,USCA-WS-0001,ms:defender:eventhub,ms:defender:eventhub,1
raw/1840__USCA-WS-0001__wsus_client.log,USCA-WS-0001,wsus:client,wsus:client,1
raw/1841__USCA-WS-0002__XmlWinEventLog.log,USCA-WS-0002,XmlWinEventLog:Microsoft-Windows-Sysmon/Operational,XmlWinEventLog,13
raw/1842__USCA-WS-0002__XmlWinEventLog.log,USCA-WS-0002,XmlWinEventLog:Security,XmlWinEventLog,7
raw/1843__USCA-WS-0002__ms_defender_eventhub.log,USCA-WS-0002,ms:defender:eventhub,ms:defender:eventhub,1
raw/1844__USCA-WS-0002__trellix_epo.log,USCA-WS-0002,trellix:epo,trellix:epo,1
raw/1845__USCA-WS-0002__wsus_client.log,USCA-WS-0002,wsus:client,wsus:client,1
raw/1846__USCA-WS-0003__XmlWinEventLog.log,USCA-WS-0003,XmlWinEventLog:Microsoft-Windows-Sysmon/Operational,XmlWinEventLog,8
raw/1847__USCA-WS-0003__XmlWinEventLog.log,USCA-WS-0003,XmlWinEventLog:Security,XmlWinEventLog,13
raw/1848__USCA-WS-0004__XmlWinEventLog.log,USCA-WS-0004,XmlWinEventLog:Microsoft-Windows-Sysmon/Operational,XmlWinEventLog,11
raw/1849__USCA-WS-0004__XmlWinEventLog.log,USCA-WS-0004,XmlWinEventLog:Security,XmlWinEventLog,16
raw/1850__USCA-WS-0004__sccm_client.log,USCA-WS-0004,sccm:client,sccm:client,1
raw/1851__USCA-WS-0004__trellix_epo.log,USCA-WS-0004,trellix:epo,trellix:epo,2
raw/1852__USCA-WS-0005__XmlWinEventLog.log,USCA-WS-0005,XmlWinEventLog:Microsoft-Windows-Sysmon/Operational,XmlWinEventLog,8
raw/1853__USCA-WS-0005__XmlWinEventLog.log,USCA-WS-0005,XmlWinEventLog:Security,XmlWinEventLog,9
raw/1854__USCA-WS-0005__ms_defender_eventhub.log,USCA-WS-0005,ms:defender:eventhub,ms:defender:eventhub,2
raw/1855__USCA-WS-0006__XmlWinEventLog.log,USCA-WS-0006,XmlWinEventLog:Microsoft-Windows-Sysmon/Operational,XmlWinEventLog,9
raw/1856__USCA-WS-0006__XmlWinEventLog.log,USCA-WS-0006,XmlWinEventLog:Security,XmlWinEventLog,12
raw/1857__USCA-WS-0007__XmlWinEventLog.log,USCA-WS-0007,XmlWinEventLog:Microsoft-Windows-Sysmon/Operational,XmlWinEventLog,9
raw/1858__USCA-WS-0007__XmlWinEventLog.log,USCA-WS-0007,XmlWinEventLog:Security,XmlWinEventLog,8
raw/1859__USCA-WS-0007__sccm_client.log,USCA-WS-0007,sccm:client,sccm:client,1
raw/1860__USCA-WS-0008__XmlWinEventLog.log,USCA-WS-0008,XmlWinEventLog:Microsoft-Windows-Sysmon/Operational,XmlWinEventLog,15
raw/1861__USCA-WS-0008__XmlWinEventLog.log,USCA-WS-0008,XmlWinEventLog:Security,XmlWinEventLog,12
raw/1862__USCA-WS-0009__XmlWinEventLog.log,USCA-WS-0009,XmlWinEventLog:Microsoft-Windows-Sysmon/Operational,XmlWinEventLog,8
raw/1863__USCA-WS-0009__XmlWinEventLog.log,USCA-WS-0009,XmlWinEventLog:Security,XmlWinEventLog,10
raw/1864__USCA-WS-0009__trellix_epo.log,USCA-WS-0009,trellix:epo,trellix:epo,1
raw/1865__USCA-WS-0010__XmlWinEventLog.log,USCA-WS-0010,XmlWinEventLog:Microsoft-Windows-Sysmon/Operational,XmlWinEventLog,9
raw/1866__USCA-WS-0010__XmlWinEventLog.log,USCA-WS-0010,XmlWinEventLog:Security,XmlWinEventLog,9
raw/1867__USCA-WS-0011__XmlWinEventLog.log,USCA-WS-0011,XmlWinEventLog:Microsoft-Windows-Sysmon/Operational,XmlWinEventLog,20
raw/1868__USCA-WS-0011__XmlWinEventLog.log,USCA-WS-0011,XmlWinEventLog:Security,XmlWinEventLog,11
raw/1869__USCA-WS-0011__ms_defender_eventhub.log,USCA-WS-0011,ms:defender:eventhub,ms:defender:eventhub,3
raw/1870__USCA-WS-0012__XmlWinEventLog.log,USCA-WS-0012,XmlWinEventLog:Microsoft-Windows-Sysmon/Operational,XmlWinEventLog,15
raw/1871__USCA-WS-0012__XmlWinEventLog.log,USCA-WS-0012,XmlWinEventLog:Security,XmlWinEventLog,7
raw/1872__USCA-WS-0012__ms_defender_eventhub.log,USCA-WS-0012,ms:defender:eventhub,ms:defender:eventhub,1
raw/1873__USCA-WS-0013__XmlWinEventLog.log,USCA-WS-0013,XmlWinEventLog:Microsoft-Windows-Sysmon/Operational,XmlWinEventLog,6
raw/1874__USCA-WS-0013__XmlWinEventLog.log,USCA-WS-0013,XmlWinEventLog:Security,XmlWinEventLog,8
raw/1875__USCA-WS-0013__ms_defender_eventhub.log,USCA-WS-0013,ms:defender:eventhub,ms:defender:eventhub,1
raw/1876__USCA-WS-0014__XmlWinEventLog.log,USCA-WS-0014,XmlWinEventLog:Microsoft-Windows-Sysmon/Operational,XmlWinEventLog,7
raw/1877__USCA-WS-0014__XmlWinEventLog.log,USCA-WS-0014,XmlWinEventLog:Security,XmlWinEventLog,10
raw/1878__USCA-WS-0014__trellix_epo.log,USCA-WS-0014,trellix:epo,trellix:epo,1
raw/1879__USCA-WS-0014__wsus_client.log,USCA-WS-0014,wsus:client,wsus:client,1
raw/1880__USCA-WS-0015__XmlWinEventLog.log,USCA-WS-0015,XmlWinEventLog:Microsoft-Windows-Sysmon/Operational,XmlWinEventLog,11
raw/1881__USCA-WS-0015__XmlWinEventLog.log,USCA-WS-0015,XmlWinEventLog:Security,XmlWinEventLog,11
raw/1882__USCA-WS-0015__ms_defender_eventhub.log,USCA-WS-0015,ms:defender:eventhub,ms:defender:eventhub,1
raw/1883__USCA-WS-0015__sccm_client.log,USCA-WS-0015,sccm:client,sccm:client,1
raw/1884__USCA-WS-0015__trellix_epo.log,USCA-WS-0015,trellix:epo,trellix:epo,1
raw/1885__USCA-WS-0015__wsus_client.log,USCA-WS-0015,wsus:client,wsus:client,1
raw/1886__USCA-WS-0016__XmlWinEventLog.log,USCA-WS-0016,XmlWinEventLog:Microsoft-Windows-Sysmon/Operational,XmlWinEventLog,7
raw/1887__USCA-WS-0016__XmlWinEventLog.log,USCA-WS-0016,XmlWinEventLog:Security,XmlWinEventLog,10
raw/1888__USCA-WS-0016__sccm_client.log,USCA-WS-0016,sccm:client,sccm:client,1
raw/1889__USCA-WS-0016__trellix_epo.log,USCA-WS-0016,trellix:epo,trellix:epo,1
raw/1890__USCA-WS-0017__XmlWinEventLog.log,USCA-WS-0017,XmlWinEventLog:Microsoft-Windows-Sysmon/Operational,XmlWinEventLog,10
raw/1891__USCA-WS-0017__XmlWinEventLog.log,USCA-WS-0017,XmlWinEventLog:Security,XmlWinEventLog,9
raw/1892__USCA-WS-0017__sccm_client.log,USCA-WS-0017,sccm:client,sccm:client,1
raw/1893__USCA-WS-0018__XmlWinEventLog.log,USCA-WS-0018,XmlWinEventLog:Microsoft-Windows-Sysmon/Operational,XmlWinEventLog,9
raw/1894__USCA-WS-0018__XmlWinEventLog.log,USCA-WS-0018,XmlWinEventLog:Security,XmlWinEventLog,10
raw/1895__USCA-WS-0018__ms_defender_eventhub.log,USCA-WS-0018,ms:defender:eventhub,ms:defender:eventhub,3
raw/1896__USCA-WS-0018__sccm_client.log,USCA-WS-0018,sccm:client,sccm:client,1
raw/1897__USCA-WS-0018__trellix_epo.log,USCA-WS-0018,trellix:epo,trellix:epo,1
raw/1898__USCA-WS-0018__wsus_client.log,USCA-WS-0018,wsus:client,wsus:client,1
raw/1899__USCA-WS-0019__XmlWinEventLog.log,USCA-WS-0019,XmlWinEventLog:Microsoft-Windows-Sysmon/Operational,XmlWinEventLog,11
raw/1900__USCA-WS-0019__XmlWinEventLog.log,USCA-WS-0019,XmlWinEventLog:Security,XmlWinEventLog,9
raw/1901__USCA-WS-0019__trellix_epo.log,USCA-WS-0019,trellix:epo,trellix:epo,1
raw/1902__USCA-WS-0020__XmlWinEventLog.log,USCA-WS-0020,XmlWinEventLog:Microsoft-Windows-Sysmon/Operational,XmlWinEventLog,13
raw/1903__USCA-WS-0020__XmlWinEventLog.log,USCA-WS-0020,XmlWinEventLog:Security,XmlWinEventLog,9
raw/1904__USCA-WS-0020__ms_defender_eventhub.log,USCA-WS-0020,ms:defender:eventhub,ms:defender:eventhub,1
raw/1905__USCA-WS-0021__XmlWinEventLog.log,USCA-WS-0021,XmlWinEventLog:Microsoft-Windows-Sysmon/Operational,XmlWinEventLog,9
raw/1906__USCA-WS-0021__XmlWinEventLog.log,USCA-WS-0021,XmlWinEventLog:Security,XmlWinEventLog,14
raw/1907__USCA-WS-0021__ms_defender_eventhub.log,USCA-WS-0021,ms:defender:eventhub,ms:defender:eventhub,2
raw/1908__USCA-WS-0022__XmlWinEventLog.log,USCA-WS-0022,XmlWinEventLog:Microsoft-Windows-Sysmon/Operational,XmlWinEventLog,10
raw/1909__USCA-WS-0022__XmlWinEventLog.log,USCA-WS-0022,XmlWinEventLog:Security,XmlWinEventLog,10
raw/1910__USCA-WS-0022__trellix_epo.log,USCA-WS-0022,trellix:epo,trellix:epo,1
raw/1911__USCA-WS-0023__XmlWinEventLog.log,USCA-WS-0023,XmlWinEventLog:Microsoft-Windows-Sysmon/Operational,XmlWinEventLog,8
raw/1912__USCA-WS-0023__XmlWinEventLog.log,USCA-WS-0023,XmlWinEventLog:Security,XmlWinEventLog,9
raw/1913__USCA-WS-0023__ms_defender_eventhub.log,USCA-WS-0023,ms:defender:eventhub,ms:defender:eventhub,3
raw/1914__USCA-WS-0023__sccm_client.log,USCA-WS-0023,sccm:client,sccm:client,1
raw/1915__USCA-WS-0023__trellix_epo.log,USCA-WS-0023,trellix:epo,trellix:epo,1
raw/1916__USCA-WS-0024__XmlWinEventLog.log,USCA-WS-0024,XmlWinEventLog:Microsoft-Windows-Sysmon/Operational,XmlWinEventLog,5
raw/1917__USCA-WS-0024__XmlWinEventLog.log,USCA-WS-0024,XmlWinEventLog:Security,XmlWinEventLog,15
raw/1918__USCA-WS-0024__ms_defender_eventhub.log,USCA-WS-0024,ms:defender:eventhub,ms:defender:eventhub,1
raw/1919__USCA-WS-0024__sccm_client.log,USCA-WS-0024,sccm:client,sccm:client,1
raw/1920__USCA-WS-0024__wsus_client.log,USCA-WS-0024,wsus:client,wsus:client,1
raw/1921__USCA-WS-0025__XmlWinEventLog.log,USCA-WS-0025,XmlWinEventLog:Microsoft-Windows-Sysmon/Operational,XmlWinEventLog,5
raw/1922__USCA-WS-0025__XmlWinEventLog.log,USCA-WS-0025,XmlWinEventLog:Security,XmlWinEventLog,7
raw/1923__USCA-WS-0025__ms_defender_eventhub.log,USCA-WS-0025,ms:defender:eventhub,ms:defender:eventhub,2
raw/1924__USCA-WS-0026__XmlWinEventLog.log,USCA-WS-0026,XmlWinEventLog:Microsoft-Windows-Sysmon/Operational,XmlWinEventLog,4
raw/1925__USCA-WS-0026__XmlWinEventLog.log,USCA-WS-0026,XmlWinEventLog:Security,XmlWinEventLog,7
raw/1926__USCA-WS-0027__XmlWinEventLog.log,USCA-WS-0027,XmlWinEventLog:Microsoft-Windows-Sysmon/Operational,XmlWinEventLog,10
raw/1927__USCA-WS-0027__XmlWinEventLog.log,USCA-WS-0027,XmlWinEventLog:Security,XmlWinEventLog,7
raw/1928__USCA-WS-0027__sccm_client.log,USCA-WS-0027,sccm:client,sccm:client,2
raw/1929__USCA-WS-0028__XmlWinEventLog.log,USCA-WS-0028,XmlWinEventLog:Microsoft-Windows-Sysmon/Operational,XmlWinEventLog,4
raw/1930__USCA-WS-0028__XmlWinEventLog.log,USCA-WS-0028,XmlWinEventLog:Security,XmlWinEventLog,6
raw/1931__USCA-WS-0028__ms_defender_eventhub.log,USCA-WS-0028,ms:defender:eventhub,ms:defender:eventhub,1
raw/1932__USCA-WS-0028__wsus_client.log,USCA-WS-0028,wsus:client,wsus:client,1
raw/1933__USCA-WS-0029__XmlWinEventLog.log,USCA-WS-0029,XmlWinEventLog:Microsoft-Windows-Sysmon/Operational,XmlWinEventLog,5
raw/1934__USCA-WS-0029__XmlWinEventLog.log,USCA-WS-0029,XmlWinEventLog:Security,XmlWinEventLog,5
raw/1935__USCA-WS-0029__sccm_client.log,USCA-WS-0029,sccm:client,sccm:client,1
raw/1936__USCA-WS-0030__XmlWinEventLog.log,USCA-WS-0030,XmlWinEventLog:Microsoft-Windows-Sysmon/Operational,XmlWinEventLog,6
raw/1937__USCA-WS-0030__XmlWinEventLog.log,USCA-WS-0030,XmlWinEventLog:Security,XmlWinEventLog,6
raw/1938__USCA-WS-0030__ms_defender_eventhub.log,USCA-WS-0030,ms:defender:eventhub,ms:defender:eventhub,2
raw/1939__USCA-WS-0031__XmlWinEventLog.log,USCA-WS-0031,XmlWinEventLog:Microsoft-Windows-Sysmon/Operational,XmlWinEventLog,6
raw/1940__USCA-WS-0031__XmlWinEventLog.log,USCA-WS-0031,XmlWinEventLog:Security,XmlWinEventLog,5
raw/1941__USCA-WS-0031__wsus_client.log,USCA-WS-0031,wsus:client,wsus:client,1
raw/1942__USCA-WS-0032__XmlWinEventLog.log,USCA-WS-0032,XmlWinEventLog:Microsoft-Windows-Sysmon/Operational,XmlWinEventLog,4
raw/1943__USCA-WS-0032__XmlWinEventLog.log,USCA-WS-0032,XmlWinEventLog:Security,XmlWinEventLog,7
raw/1944__USCA-WS-0032__wsus_client.log,USCA-WS-0032,wsus:client,wsus:client,1
raw/1945__USCA-WS-0033__XmlWinEventLog.log,USCA-WS-0033,XmlWinEventLog:Microsoft-Windows-Sysmon/Operational,XmlWinEventLog,8
raw/1946__USCA-WS-0033__XmlWinEventLog.log,USCA-WS-0033,XmlWinEventLog:Security,XmlWinEventLog,3
raw/1947__USCA-WS-0033__sccm_client.log,USCA-WS-0033,sccm:client,sccm:client,1
raw/1948__USCA-WS-0034__XmlWinEventLog.log,USCA-WS-0034,XmlWinEventLog:Microsoft-Windows-Sysmon/Operational,XmlWinEventLog,5
raw/1949__USCA-WS-0034__XmlWinEventLog.log,USCA-WS-0034,XmlWinEventLog:Security,XmlWinEventLog,6
raw/1950__USCA-WS-0034__ms_defender_eventhub.log,USCA-WS-0034,ms:defender:eventhub,ms:defender:eventhub,1
raw/1951__USCA-WS-0034__wsus_client.log,USCA-WS-0034,wsus:client,wsus:client,1
raw/1952__USCA-WS-0035__XmlWinEventLog.log,USCA-WS-0035,XmlWinEventLog:Microsoft-Windows-Sysmon/Operational,XmlWinEventLog,2
raw/1953__USCA-WS-0035__XmlWinEventLog.log,USCA-WS-0035,XmlWinEventLog:Security,XmlWinEventLog,6
raw/1954__USCA-WS-0035__ms_defender_eventhub.log,USCA-WS-0035,ms:defender:eventhub,ms:defender:eventhub,1
raw/1955__USCA-WS-0036__XmlWinEventLog.log,USCA-WS-0036,XmlWinEventLog:Microsoft-Windows-Sysmon/Operational,XmlWinEventLog,4
raw/1956__USCA-WS-0036__XmlWinEventLog.log,USCA-WS-0036,XmlWinEventLog:Security,XmlWinEventLog,2
raw/1957__USCA-WS-0036__sccm_client.log,USCA-WS-0036,sccm:client,sccm:client,1
raw/1958__USCA-WS-0037__XmlWinEventLog.log,USCA-WS-0037,XmlWinEventLog:Microsoft-Windows-Sysmon/Operational,XmlWinEventLog,7
raw/1959__USCA-WS-0037__XmlWinEventLog.log,USCA-WS-0037,XmlWinEventLog:Security,XmlWinEventLog,9
raw/1960__USCA-WS-0037__sccm_client.log,USCA-WS-0037,sccm:client,sccm:client,1
raw/1961__USCA-WS-0038__XmlWinEventLog.log,USCA-WS-0038,XmlWinEventLog:Microsoft-Windows-Sysmon/Operational,XmlWinEventLog,9
raw/1962__USCA-WS-0038__trellix_epo.log,USCA-WS-0038,trellix:epo,trellix:epo,1
raw/1963__USCA-WS-0039__XmlWinEventLog.log,USCA-WS-0039,XmlWinEventLog:Microsoft-Windows-Sysmon/Operational,XmlWinEventLog,7
raw/1964__USCA-WS-0039__XmlWinEventLog.log,USCA-WS-0039,XmlWinEventLog:Security,XmlWinEventLog,8
raw/1965__USCA-WS-0039__sccm_client.log,USCA-WS-0039,sccm:client,sccm:client,1
raw/1966__USCA-WS-0040__XmlWinEventLog.log,USCA-WS-0040,XmlWinEventLog:Microsoft-Windows-Sysmon/Operational,XmlWinEventLog,7
raw/1967__USCA-WS-0040__XmlWinEventLog.log,USCA-WS-0040,XmlWinEventLog:Security,XmlWinEventLog,5
raw/1968__USCA-WS-0040__sccm_client.log,USCA-WS-0040,sccm:client,sccm:client,2
raw/1969__USCA-WS-0041__XmlWinEventLog.log,USCA-WS-0041,XmlWinEventLog:Microsoft-Windows-Sysmon/Operational,XmlWinEventLog,7
raw/1970__USCA-WS-0041__XmlWinEventLog.log,USCA-WS-0041,XmlWinEventLog:Security,XmlWinEventLog,7
raw/1971__USCA-WS-0041__ms_defender_eventhub.log,USCA-WS-0041,ms:defender:eventhub,ms:defender:eventhub,2
raw/1972__USCA-WS-0041__wsus_client.log,USCA-WS-0041,wsus:client,wsus:client,1
raw/1973__USCA-WS-0042__XmlWinEventLog.log,USCA-WS-0042,XmlWinEventLog:Microsoft-Windows-Sysmon/Operational,XmlWinEventLog,4
raw/1974__USCA-WS-0042__XmlWinEventLog.log,USCA-WS-0042,XmlWinEventLog:Security,XmlWinEventLog,9
raw/1975__USCA-WS-0042__trellix_epo.log,USCA-WS-0042,trellix:epo,trellix:epo,1
raw/1976__USCA-WS-0043__XmlWinEventLog.log,USCA-WS-0043,XmlWinEventLog:Microsoft-Windows-Sysmon/Operational,XmlWinEventLog,9
raw/1977__USCA-WS-0043__XmlWinEventLog.log,USCA-WS-0043,XmlWinEventLog:Security,XmlWinEventLog,6
raw/1978__USCA-WS-0043__ms_defender_eventhub.log,USCA-WS-0043,ms:defender:eventhub,ms:defender:eventhub,2
raw/1979__USCA-WS-0044__XmlWinEventLog.log,USCA-WS-0044,XmlWinEventLog:Microsoft-Windows-Sysmon/Operational,XmlWinEventLog,4
raw/1980__USCA-WS-0044__XmlWinEventLog.log,USCA-WS-0044,XmlWinEventLog:Security,XmlWinEventLog,5
raw/1981__USCA-WS-0044__sccm_client.log,USCA-WS-0044,sccm:client,sccm:client,1
raw/1982__USCA-WS-0045__XmlWinEventLog.log,USCA-WS-0045,XmlWinEventLog:Microsoft-Windows-Sysmon/Operational,XmlWinEventLog,7
raw/1983__USCA-WS-0045__XmlWinEventLog.log,USCA-WS-0045,XmlWinEventLog:Security,XmlWinEventLog,9
raw/1984__USCA-WS-0045__wsus_client.log,USCA-WS-0045,wsus:client,wsus:client,1
raw/1985__USCA-WS-0046__XmlWinEventLog.log,USCA-WS-0046,XmlWinEventLog:Microsoft-Windows-Sysmon/Operational,XmlWinEventLog,16
raw/1986__USCA-WS-0046__XmlWinEventLog.log,USCA-WS-0046,XmlWinEventLog:Security,XmlWinEventLog,8
raw/1987__USCA-WS-0046__ms_defender_eventhub.log,USCA-WS-0046,ms:defender:eventhub,ms:defender:eventhub,3
raw/1988__USCA-WS-0046__trellix_epo.log,USCA-WS-0046,trellix:epo,trellix:epo,1
raw/1989__USCA-WS-0047__XmlWinEventLog.log,USCA-WS-0047,XmlWinEventLog:Microsoft-Windows-Sysmon/Operational,XmlWinEventLog,5
raw/1990__USCA-WS-0047__XmlWinEventLog.log,USCA-WS-0047,XmlWinEventLog:Security,XmlWinEventLog,10
raw/1991__USCA-WS-0047__ms_defender_eventhub.log,USCA-WS-0047,ms:defender:eventhub,ms:defender:eventhub,2
raw/1992__USCA-WS-0048__XmlWinEventLog.log,USCA-WS-0048,XmlWinEventLog:Microsoft-Windows-Sysmon/Operational,XmlWinEventLog,5
raw/1993__USCA-WS-0048__XmlWinEventLog.log,USCA-WS-0048,XmlWinEventLog:Security,XmlWinEventLog,8
raw/1994__USCA-WS-0048__wsus_client.log,USCA-WS-0048,wsus:client,wsus:client,1
raw/1995__USCA-WS-0049__XmlWinEventLog.log,USCA-WS-0049,XmlWinEventLog:Microsoft-Windows-Sysmon/Operational,XmlWinEventLog,6
raw/1996__USCA-WS-0049__XmlWinEventLog.log,USCA-WS-0049,XmlWinEventLog:Security,XmlWinEventLog,4
raw/1997__USCA-WS-0050__XmlWinEventLog.log,USCA-WS-0050,XmlWinEventLog:Microsoft-Windows-Sysmon/Operational,XmlWinEventLog,9
raw/1998__USCA-WS-0050__XmlWinEventLog.log,USCA-WS-0050,XmlWinEventLog:Security,XmlWinEventLog,7
raw/1999__USCA-WS-0050__sccm_client.log,USCA-WS-0050,sccm:client,sccm:client,1
raw/2000__USCA-WS-0050__wsus_client.log,USCA-WS-0050,wsus:client,wsus:client,1
raw/2001__USCA-WS-0051__XmlWinEventLog.log,USCA-WS-0051,XmlWinEventLog:Microsoft-Windows-Sysmon/Operational,XmlWinEventLog,5
raw/2002__USCA-WS-0051__XmlWinEventLog.log,USCA-WS-0051,XmlWinEventLog:Security,XmlWinEventLog,3
raw/2003__USCA-WS-0052__XmlWinEventLog.log,USCA-WS-0052,XmlWinEventLog:Microsoft-Windows-Sysmon/Operational,XmlWinEventLog,10
raw/2004__USCA-WS-0052__XmlWinEventLog.log,USCA-WS-0052,XmlWinEventLog:Security,XmlWinEventLog,11
raw/2005__USCA-WS-0053__XmlWinEventLog.log,USCA-WS-0053,XmlWinEventLog:Microsoft-Windows-Sysmon/Operational,XmlWinEventLog,9
raw/2006__USCA-WS-0053__XmlWinEventLog.log,USCA-WS-0053,XmlWinEventLog:Security,XmlWinEventLog,6
raw/2007__USCA-WS-0053__sccm_client.log,USCA-WS-0053,sccm:client,sccm:client,1
raw/2008__USCA-WS-0053__wsus_client.log,USCA-WS-0053,wsus:client,wsus:client,1
raw/2009__USCA-WS-0054__XmlWinEventLog.log,USCA-WS-0054,XmlWinEventLog:Microsoft-Windows-Sysmon/Operational,XmlWinEventLog,9
raw/2010__USCA-WS-0054__XmlWinEventLog.log,USCA-WS-0054,XmlWinEventLog:Security,XmlWinEventLog,13
raw/2011__USCA-WS-0054__ms_defender_eventhub.log,USCA-WS-0054,ms:defender:eventhub,ms:defender:eventhub,2
raw/2012__USCA-WS-0054__sccm_client.log,USCA-WS-0054,sccm:client,sccm:client,1
raw/2013__USCA-WS-0054__trellix_epo.log,USCA-WS-0054,trellix:epo,trellix:epo,1
raw/2014__USCA-WS-0055__XmlWinEventLog.log,USCA-WS-0055,XmlWinEventLog:Microsoft-Windows-Sysmon/Operational,XmlWinEventLog,6
raw/2015__USCA-WS-0055__XmlWinEventLog.log,USCA-WS-0055,XmlWinEventLog:Security,XmlWinEventLog,13
raw/2016__USCA-WS-0055__ms_defender_eventhub.log,USCA-WS-0055,ms:defender:eventhub,ms:defender:eventhub,1
raw/2017__USCA-WS-0056__XmlWinEventLog.log,USCA-WS-0056,XmlWinEventLog:Microsoft-Windows-Sysmon/Operational,XmlWinEventLog,4
raw/2018__USCA-WS-0056__XmlWinEventLog.log,USCA-WS-0056,XmlWinEventLog:Security,XmlWinEventLog,7
raw/2019__USCA-WS-0056__ms_defender_eventhub.log,USCA-WS-0056,ms:defender:eventhub,ms:defender:eventhub,1
raw/2020__USCA-WS-0056__trellix_epo.log,USCA-WS-0056,trellix:epo,trellix:epo,1
raw/2021__USCA-WS-0056__wsus_client.log,USCA-WS-0056,wsus:client,wsus:client,2
raw/2022__USCA-WS-0057__XmlWinEventLog.log,USCA-WS-0057,XmlWinEventLog:Microsoft-Windows-Sysmon/Operational,XmlWinEventLog,6
raw/2023__USCA-WS-0057__XmlWinEventLog.log,USCA-WS-0057,XmlWinEventLog:Security,XmlWinEventLog,5
raw/2024__USCA-WS-0058__XmlWinEventLog.log,USCA-WS-0058,XmlWinEventLog:Microsoft-Windows-Sysmon/Operational,XmlWinEventLog,9
raw/2025__USCA-WS-0058__XmlWinEventLog.log,USCA-WS-0058,XmlWinEventLog:Security,XmlWinEventLog,7
raw/2026__USCA-WS-0058__sccm_client.log,USCA-WS-0058,sccm:client,sccm:client,1
raw/2027__USCA-WS-0058__trellix_epo.log,USCA-WS-0058,trellix:epo,trellix:epo,1
raw/2028__USCA-WS-0059__XmlWinEventLog.log,USCA-WS-0059,XmlWinEventLog:Microsoft-Windows-Sysmon/Operational,XmlWinEventLog,5
raw/2029__USCA-WS-0059__XmlWinEventLog.log,USCA-WS-0059,XmlWinEventLog:Security,XmlWinEventLog,3
raw/2030__USCA-WS-0060__XmlWinEventLog.log,USCA-WS-0060,XmlWinEventLog:Microsoft-Windows-Sysmon/Operational,XmlWinEventLog,7
raw/2031__USCA-WS-0060__XmlWinEventLog.log,USCA-WS-0060,XmlWinEventLog:Security,XmlWinEventLog,3
raw/2032__USCA-WS-0060__ms_defender_eventhub.log,USCA-WS-0060,ms:defender:eventhub,ms:defender:eventhub,1
raw/2033__USCA-WS-0061__XmlWinEventLog.log,USCA-WS-0061,XmlWinEventLog:Microsoft-Windows-Sysmon/Operational,XmlWinEventLog,6
raw/2034__USCA-WS-0061__XmlWinEventLog.log,USCA-WS-0061,XmlWinEventLog:Security,XmlWinEventLog,7
raw/2035__USCA-WS-0062__XmlWinEventLog.log,USCA-WS-0062,XmlWinEventLog:Microsoft-Windows-Sysmon/Operational,XmlWinEventLog,8
raw/2036__USCA-WS-0062__XmlWinEventLog.log,USCA-WS-0062,XmlWinEventLog:Security,XmlWinEventLog,10
raw/2037__USCA-WS-0062__trellix_epo.log,USCA-WS-0062,trellix:epo,trellix:epo,1
raw/2038__USCA-WS-0063__XmlWinEventLog.log,USCA-WS-0063,XmlWinEventLog:Microsoft-Windows-Sysmon/Operational,XmlWinEventLog,9
raw/2039__USCA-WS-0063__XmlWinEventLog.log,USCA-WS-0063,XmlWinEventLog:Security,XmlWinEventLog,9
raw/2040__USCA-WS-0063__ms_defender_eventhub.log,USCA-WS-0063,ms:defender:eventhub,ms:defender:eventhub,1
raw/2041__USCA-WS-0063__trellix_epo.log,USCA-WS-0063,trellix:epo,trellix:epo,1
raw/2042__USCA-WS-0064__XmlWinEventLog.log,USCA-WS-0064,XmlWinEventLog:Microsoft-Windows-Sysmon/Operational,XmlWinEventLog,6
raw/2043__USCA-WS-0064__XmlWinEventLog.log,USCA-WS-0064,XmlWinEventLog:Security,XmlWinEventLog,6
raw/2044__USCA-WS-0064__trellix_epo.log,USCA-WS-0064,trellix:epo,trellix:epo,1
raw/2045__USCA-ZEEK-01__bro_conn_json.log,USCA-ZEEK-01,zeek:conn,bro:conn:json,1021
raw/2046__USCA-ZEEK-01__bro_dce_rpc_json.log,USCA-ZEEK-01,zeek:dce_rpc,bro:dce_rpc:json,92
raw/2047__USCA-ZEEK-01__bro_dns_json.log,USCA-ZEEK-01,zeek:dns,bro:dns:json,458
raw/2048__USCA-ZEEK-01__bro_http_json.log,USCA-ZEEK-01,zeek:http,bro:http:json,264
raw/2049__USCA-ZEEK-01__bro_smb_files_json.log,USCA-ZEEK-01,zeek:smb_files,bro:smb_files:json,127
raw/2050__USCA-ZEEK-01__bro_ssl_json.log,USCA-ZEEK-01,zeek:ssl,bro:ssl:json,420
raw/2051__USCP-APP-01__XmlWinEventLog.log,USCP-APP-01,XmlWinEventLog:Microsoft-Windows-Sysmon/Operational,XmlWinEventLog,7
raw/2052__USCP-APP-01__XmlWinEventLog.log,USCP-APP-01,XmlWinEventLog:Security,XmlWinEventLog,6
raw/2053__USCP-APP-01__ms_defender_eventhub.log,USCP-APP-01,ms:defender:eventhub,ms:defender:eventhub,3
raw/2054__USCP-APP-02__XmlWinEventLog.log,USCP-APP-02,XmlWinEventLog:Microsoft-Windows-Sysmon/Operational,XmlWinEventLog,10
raw/2055__USCP-APP-02__XmlWinEventLog.log,USCP-APP-02,XmlWinEventLog:Security,XmlWinEventLog,6
raw/2056__USCP-APP-03__XmlWinEventLog.log,USCP-APP-03,XmlWinEventLog:Microsoft-Windows-Sysmon/Operational,XmlWinEventLog,4
raw/2057__USCP-APP-03__XmlWinEventLog.log,USCP-APP-03,XmlWinEventLog:Security,XmlWinEventLog,7
raw/2058__USCP-APP-03__ms_defender_eventhub.log,USCP-APP-03,ms:defender:eventhub,ms:defender:eventhub,1
raw/2059__USCP-APP-03__trellix_epo.log,USCP-APP-03,trellix:epo,trellix:epo,1
raw/2060__USCP-APP-04__XmlWinEventLog.log,USCP-APP-04,XmlWinEventLog:Microsoft-Windows-Sysmon/Operational,XmlWinEventLog,5
raw/2061__USCP-APP-04__XmlWinEventLog.log,USCP-APP-04,XmlWinEventLog:Security,XmlWinEventLog,10
raw/2062__USCP-APP-04__ms_defender_eventhub.log,USCP-APP-04,ms:defender:eventhub,ms:defender:eventhub,4
raw/2063__USCP-APP-05__XmlWinEventLog.log,USCP-APP-05,XmlWinEventLog:Microsoft-Windows-Sysmon/Operational,XmlWinEventLog,4
raw/2064__USCP-APP-05__XmlWinEventLog.log,USCP-APP-05,XmlWinEventLog:Security,XmlWinEventLog,5
raw/2065__USCP-APP-05__sccm_client.log,USCP-APP-05,sccm:client,sccm:client,1
raw/2066__USCP-APP-05__trellix_epo.log,USCP-APP-05,trellix:epo,trellix:epo,1
raw/2067__USCP-APP-05__wsus_client.log,USCP-APP-05,wsus:client,wsus:client,2
raw/2068__USCP-APP-06__XmlWinEventLog.log,USCP-APP-06,XmlWinEventLog:Microsoft-Windows-Sysmon/Operational,XmlWinEventLog,16
raw/2069__USCP-APP-06__XmlWinEventLog.log,USCP-APP-06,XmlWinEventLog:Security,XmlWinEventLog,8
raw/2070__USCP-APP-06__ms_defender_eventhub.log,USCP-APP-06,ms:defender:eventhub,ms:defender:eventhub,5
raw/2071__USCP-APP-06__trellix_epo.log,USCP-APP-06,trellix:epo,trellix:epo,1
raw/2072__USCP-APP-07__XmlWinEventLog.log,USCP-APP-07,XmlWinEventLog:Microsoft-Windows-Sysmon/Operational,XmlWinEventLog,10
raw/2073__USCP-APP-07__XmlWinEventLog.log,USCP-APP-07,XmlWinEventLog:Security,XmlWinEventLog,5
raw/2074__USCP-APP-07__ms_defender_eventhub.log,USCP-APP-07,ms:defender:eventhub,ms:defender:eventhub,3
raw/2075__USCP-APP-08__XmlWinEventLog.log,USCP-APP-08,XmlWinEventLog:Microsoft-Windows-Sysmon/Operational,XmlWinEventLog,5
raw/2076__USCP-APP-08__XmlWinEventLog.log,USCP-APP-08,XmlWinEventLog:Security,XmlWinEventLog,2
raw/2077__USCP-APP-08__trellix_epo.log,USCP-APP-08,trellix:epo,trellix:epo,1
raw/2078__USCP-DC-01__XmlWinEventLog.log,USCP-DC-01,XmlWinEventLog:Security,XmlWinEventLog,141
raw/2079__USCP-FS-01__XmlWinEventLog.log,USCP-FS-01,XmlWinEventLog:Microsoft-Windows-Sysmon/Operational,XmlWinEventLog,6
raw/2080__USCP-FS-01__XmlWinEventLog.log,USCP-FS-01,XmlWinEventLog:Security,XmlWinEventLog,4
raw/2081__USCP-FS-01__wsus_client.log,USCP-FS-01,wsus:client,wsus:client,1
raw/2082__USCP-FS-02__XmlWinEventLog.log,USCP-FS-02,XmlWinEventLog:Microsoft-Windows-Sysmon/Operational,XmlWinEventLog,8
raw/2083__USCP-FS-02__XmlWinEventLog.log,USCP-FS-02,XmlWinEventLog:Security,XmlWinEventLog,4
raw/2084__USCP-FS-02__ms_defender_eventhub.log,USCP-FS-02,ms:defender:eventhub,ms:defender:eventhub,1
raw/2085__USCP-FS-02__trellix_epo.log,USCP-FS-02,trellix:epo,trellix:epo,1
raw/2086__USCP-FS-03__XmlWinEventLog.log,USCP-FS-03,XmlWinEventLog:Microsoft-Windows-Sysmon/Operational,XmlWinEventLog,4
raw/2087__USCP-FS-03__XmlWinEventLog.log,USCP-FS-03,XmlWinEventLog:Security,XmlWinEventLog,6
raw/2088__USCP-FS-04__XmlWinEventLog.log,USCP-FS-04,XmlWinEventLog:Microsoft-Windows-Sysmon/Operational,XmlWinEventLog,2
raw/2089__USCP-FS-04__XmlWinEventLog.log,USCP-FS-04,XmlWinEventLog:Security,XmlWinEventLog,9
raw/2090__USCP-FS-04__trellix_epo.log,USCP-FS-04,trellix:epo,trellix:epo,1
raw/2091__USCP-FW-01__pan_traffic.log,USCP-FW-01,pan:traffic,pan:traffic,124
raw/2092__USCP-FW-02__fortigate_traffic.log,USCP-FW-02,fortigate_traffic,fortigate_traffic,128
raw/2093__USCP-FW-03__cisco_asa.log,USCP-FW-03,cisco:asa,cisco:asa,90
raw/2094__USCP-JUMP-01__XmlWinEventLog.log,USCP-JUMP-01,XmlWinEventLog:Microsoft-Windows-Sysmon/Operational,XmlWinEventLog,6
raw/2095__USCP-JUMP-01__XmlWinEventLog.log,USCP-JUMP-01,XmlWinEventLog:Security,XmlWinEventLog,5
raw/2096__USCP-JUMP-01__ms_defender_eventhub.log,USCP-JUMP-01,ms:defender:eventhub,ms:defender:eventhub,2
raw/2097__USCP-JUMP-01__sccm_client.log,USCP-JUMP-01,sccm:client,sccm:client,1
raw/2098__USCP-JUMP-02__XmlWinEventLog.log,USCP-JUMP-02,XmlWinEventLog:Microsoft-Windows-Sysmon/Operational,XmlWinEventLog,4
raw/2099__USCP-JUMP-02__XmlWinEventLog.log,USCP-JUMP-02,XmlWinEventLog:Security,XmlWinEventLog,6
raw/2100__USCP-JUMP-02__ms_defender_eventhub.log,USCP-JUMP-02,ms:defender:eventhub,ms:defender:eventhub,1
raw/2101__USCP-JUMP-03__XmlWinEventLog.log,USCP-JUMP-03,XmlWinEventLog:Microsoft-Windows-Sysmon/Operational,XmlWinEventLog,11
raw/2102__USCP-JUMP-03__XmlWinEventLog.log,USCP-JUMP-03,XmlWinEventLog:Security,XmlWinEventLog,5
raw/2103__USCP-JUMP-03__ms_defender_eventhub.log,USCP-JUMP-03,ms:defender:eventhub,ms:defender:eventhub,2
raw/2104__USCP-LNX-01__linux_audit.log,USCP-LNX-01,/var/log/audit/audit.log,linux_audit,154
raw/2105__USCP-LNX-01__linux_secure.log,USCP-LNX-01,/var/log/secure,linux_secure,10
raw/2106__USCP-LNX-01__syslog.log,USCP-LNX-01,/var/log/syslog,syslog,26
raw/2107__USCP-LNX-01__ms_defender_eventhub.log,USCP-LNX-01,ms:defender:eventhub,ms:defender:eventhub,1
raw/2108__USCP-LNX-02__linux_audit.log,USCP-LNX-02,/var/log/audit/audit.log,linux_audit,121
raw/2109__USCP-LNX-02__linux_secure.log,USCP-LNX-02,/var/log/secure,linux_secure,12
raw/2110__USCP-LNX-02__syslog.log,USCP-LNX-02,/var/log/syslog,syslog,28
raw/2111__USCP-LNX-02__ms_defender_eventhub.log,USCP-LNX-02,ms:defender:eventhub,ms:defender:eventhub,1
raw/2112__USCP-LNX-03__linux_audit.log,USCP-LNX-03,/var/log/audit/audit.log,linux_audit,125
raw/2113__USCP-LNX-03__linux_secure.log,USCP-LNX-03,/var/log/secure,linux_secure,17
raw/2114__USCP-LNX-03__syslog.log,USCP-LNX-03,/var/log/syslog,syslog,26
raw/2115__USCP-LNX-04__linux_audit.log,USCP-LNX-04,/var/log/audit/audit.log,linux_audit,104
raw/2116__USCP-LNX-04__linux_secure.log,USCP-LNX-04,/var/log/secure,linux_secure,18
raw/2117__USCP-LNX-04__syslog.log,USCP-LNX-04,/var/log/syslog,syslog,30
raw/2118__USCP-LNX-04__trellix_epo.log,USCP-LNX-04,trellix:epo,trellix:epo,1
raw/2119__USCP-LNX-05__linux_audit.log,USCP-LNX-05,/var/log/audit/audit.log,linux_audit,74
raw/2120__USCP-LNX-05__linux_secure.log,USCP-LNX-05,/var/log/secure,linux_secure,12
raw/2121__USCP-LNX-05__syslog.log,USCP-LNX-05,/var/log/syslog,syslog,34
raw/2122__USCP-LNX-06__linux_audit.log,USCP-LNX-06,/var/log/audit/audit.log,linux_audit,81
raw/2123__USCP-LNX-06__linux_secure.log,USCP-LNX-06,/var/log/secure,linux_secure,14
raw/2124__USCP-LNX-06__syslog.log,USCP-LNX-06,/var/log/syslog,syslog,38
raw/2125__USCP-LNX-06__trellix_epo.log,USCP-LNX-06,trellix:epo,trellix:epo,1
raw/2126__USCP-LNX-07__linux_audit.log,USCP-LNX-07,/var/log/audit/audit.log,linux_audit,110
raw/2127__USCP-LNX-07__linux_secure.log,USCP-LNX-07,/var/log/secure,linux_secure,23
raw/2128__USCP-LNX-07__syslog.log,USCP-LNX-07,/var/log/syslog,syslog,23
raw/2129__USCP-LNX-07__ms_defender_eventhub.log,USCP-LNX-07,ms:defender:eventhub,ms:defender:eventhub,1
raw/2130__USCP-LNX-07__trellix_epo.log,USCP-LNX-07,trellix:epo,trellix:epo,1
raw/2131__USCP-LNX-08__linux_audit.log,USCP-LNX-08,/var/log/audit/audit.log,linux_audit,95
raw/2132__USCP-LNX-08__linux_secure.log,USCP-LNX-08,/var/log/secure,linux_secure,15
raw/2133__USCP-LNX-08__syslog.log,USCP-LNX-08,/var/log/syslog,syslog,23
raw/2134__USCP-PACS-01__pacs_access.log,USCP-PACS-01,pacs:access,pacs:access,121
raw/2135__USCP-PAW-01__XmlWinEventLog.log,USCP-PAW-01,XmlWinEventLog:Microsoft-Windows-Sysmon/Operational,XmlWinEventLog,5
raw/2136__USCP-PAW-01__XmlWinEventLog.log,USCP-PAW-01,XmlWinEventLog:Security,XmlWinEventLog,5
raw/2137__USCP-PAW-01__ms_defender_eventhub.log,USCP-PAW-01,ms:defender:eventhub,ms:defender:eventhub,1
raw/2138__USCP-PAW-02__XmlWinEventLog.log,USCP-PAW-02,XmlWinEventLog:Microsoft-Windows-Sysmon/Operational,XmlWinEventLog,5
raw/2139__USCP-PAW-02__XmlWinEventLog.log,USCP-PAW-02,XmlWinEventLog:Security,XmlWinEventLog,7
raw/2140__USCP-PAW-02__ms_defender_eventhub.log,USCP-PAW-02,ms:defender:eventhub,ms:defender:eventhub,4
raw/2141__USCP-PAW-03__XmlWinEventLog.log,USCP-PAW-03,XmlWinEventLog:Microsoft-Windows-Sysmon/Operational,XmlWinEventLog,7
raw/2142__USCP-PAW-03__XmlWinEventLog.log,USCP-PAW-03,XmlWinEventLog:Security,XmlWinEventLog,6
raw/2143__USCP-PAW-03__ms_defender_eventhub.log,USCP-PAW-03,ms:defender:eventhub,ms:defender:eventhub,5
raw/2144__USCP-PAW-04__XmlWinEventLog.log,USCP-PAW-04,XmlWinEventLog:Microsoft-Windows-Sysmon/Operational,XmlWinEventLog,5
raw/2145__USCP-PAW-04__XmlWinEventLog.log,USCP-PAW-04,XmlWinEventLog:Security,XmlWinEventLog,7
raw/2146__USCP-PAW-04__ms_defender_eventhub.log,USCP-PAW-04,ms:defender:eventhub,ms:defender:eventhub,1
raw/2147__USCP-PAW-04__trellix_epo.log,USCP-PAW-04,trellix:epo,trellix:epo,1
raw/2148__USCP-PAW-05__XmlWinEventLog.log,USCP-PAW-05,XmlWinEventLog:Microsoft-Windows-Sysmon/Operational,XmlWinEventLog,8
raw/2149__USCP-PAW-05__XmlWinEventLog.log,USCP-PAW-05,XmlWinEventLog:Security,XmlWinEventLog,4
raw/2150__USCP-PAW-05__ms_defender_eventhub.log,USCP-PAW-05,ms:defender:eventhub,ms:defender:eventhub,1
raw/2151__USCP-PAW-06__XmlWinEventLog.log,USCP-PAW-06,XmlWinEventLog:Microsoft-Windows-Sysmon/Operational,XmlWinEventLog,8
raw/2152__USCP-PAW-06__XmlWinEventLog.log,USCP-PAW-06,XmlWinEventLog:Security,XmlWinEventLog,4
raw/2153__USCP-RTR-01__cisco_ios.log,USCP-RTR-01,cisco:ios,cisco:ios,47
raw/2154__USCP-RTR-02__juniper.log,USCP-RTR-02,juniper,juniper,28
raw/2155__USCP-RTR-02__juniper_junos_firewall.log,USCP-RTR-02,juniper:junos:firewall,juniper:junos:firewall,16
raw/2156__USCP-VDI-01__XmlWinEventLog.log,USCP-VDI-01,XmlWinEventLog:Microsoft-Windows-Sysmon/Operational,XmlWinEventLog,4
raw/2157__USCP-VDI-01__XmlWinEventLog.log,USCP-VDI-01,XmlWinEventLog:Security,XmlWinEventLog,4
raw/2158__USCP-VDI-01__ms_defender_eventhub.log,USCP-VDI-01,ms:defender:eventhub,ms:defender:eventhub,2
raw/2159__USCP-VDI-02__XmlWinEventLog.log,USCP-VDI-02,XmlWinEventLog:Microsoft-Windows-Sysmon/Operational,XmlWinEventLog,8
raw/2160__USCP-VDI-02__XmlWinEventLog.log,USCP-VDI-02,XmlWinEventLog:Security,XmlWinEventLog,10
raw/2161__USCP-VDI-02__trellix_epo.log,USCP-VDI-02,trellix:epo,trellix:epo,1
raw/2162__USCP-VDI-03__XmlWinEventLog.log,USCP-VDI-03,XmlWinEventLog:Microsoft-Windows-Sysmon/Operational,XmlWinEventLog,2
raw/2163__USCP-VDI-03__XmlWinEventLog.log,USCP-VDI-03,XmlWinEventLog:Security,XmlWinEventLog,10
raw/2164__USCP-VDI-03__ms_defender_eventhub.log,USCP-VDI-03,ms:defender:eventhub,ms:defender:eventhub,1
raw/2165__USCP-VDI-03__trellix_epo.log,USCP-VDI-03,trellix:epo,trellix:epo,1
raw/2166__USCP-WS-0001__XmlWinEventLog.log,USCP-WS-0001,XmlWinEventLog:Microsoft-Windows-Sysmon/Operational,XmlWinEventLog,8
raw/2167__USCP-WS-0001__XmlWinEventLog.log,USCP-WS-0001,XmlWinEventLog:Security,XmlWinEventLog,10
raw/2168__USCP-WS-0001__ms_defender_eventhub.log,USCP-WS-0001,ms:defender:eventhub,ms:defender:eventhub,3
raw/2169__USCP-WS-0001__trellix_epo.log,USCP-WS-0001,trellix:epo,trellix:epo,1
raw/2170__USCP-WS-0002__XmlWinEventLog.log,USCP-WS-0002,XmlWinEventLog:Microsoft-Windows-Sysmon/Operational,XmlWinEventLog,9
raw/2171__USCP-WS-0002__XmlWinEventLog.log,USCP-WS-0002,XmlWinEventLog:Security,XmlWinEventLog,14
raw/2172__USCP-WS-0002__ms_defender_eventhub.log,USCP-WS-0002,ms:defender:eventhub,ms:defender:eventhub,2
raw/2173__USCP-WS-0002__sccm_client.log,USCP-WS-0002,sccm:client,sccm:client,1
raw/2174__USCP-WS-0002__trellix_epo.log,USCP-WS-0002,trellix:epo,trellix:epo,1
raw/2175__USCP-WS-0003__XmlWinEventLog.log,USCP-WS-0003,XmlWinEventLog:Microsoft-Windows-Sysmon/Operational,XmlWinEventLog,12
raw/2176__USCP-WS-0003__XmlWinEventLog.log,USCP-WS-0003,XmlWinEventLog:Security,XmlWinEventLog,10
raw/2177__USCP-WS-0003__trellix_epo.log,USCP-WS-0003,trellix:epo,trellix:epo,1
raw/2178__USCP-WS-0004__XmlWinEventLog.log,USCP-WS-0004,XmlWinEventLog:Microsoft-Windows-Sysmon/Operational,XmlWinEventLog,13
raw/2179__USCP-WS-0004__XmlWinEventLog.log,USCP-WS-0004,XmlWinEventLog:Security,XmlWinEventLog,10
raw/2180__USCP-WS-0004__wsus_client.log,USCP-WS-0004,wsus:client,wsus:client,1
raw/2181__USCP-WS-0005__XmlWinEventLog.log,USCP-WS-0005,XmlWinEventLog:Microsoft-Windows-Sysmon/Operational,XmlWinEventLog,11
raw/2182__USCP-WS-0005__XmlWinEventLog.log,USCP-WS-0005,XmlWinEventLog:Security,XmlWinEventLog,12
raw/2183__USCP-WS-0005__ms_defender_eventhub.log,USCP-WS-0005,ms:defender:eventhub,ms:defender:eventhub,2
raw/2184__USCP-WS-0005__trellix_epo.log,USCP-WS-0005,trellix:epo,trellix:epo,1
raw/2185__USCP-WS-0005__wsus_client.log,USCP-WS-0005,wsus:client,wsus:client,1
raw/2186__USCP-WS-0006__XmlWinEventLog.log,USCP-WS-0006,XmlWinEventLog:Microsoft-Windows-Sysmon/Operational,XmlWinEventLog,10
raw/2187__USCP-WS-0006__XmlWinEventLog.log,USCP-WS-0006,XmlWinEventLog:Security,XmlWinEventLog,10
raw/2188__USCP-WS-0007__XmlWinEventLog.log,USCP-WS-0007,XmlWinEventLog:Microsoft-Windows-Sysmon/Operational,XmlWinEventLog,16
raw/2189__USCP-WS-0007__XmlWinEventLog.log,USCP-WS-0007,XmlWinEventLog:Security,XmlWinEventLog,10
raw/2190__USCP-WS-0008__XmlWinEventLog.log,USCP-WS-0008,XmlWinEventLog:Microsoft-Windows-Sysmon/Operational,XmlWinEventLog,8
raw/2191__USCP-WS-0008__XmlWinEventLog.log,USCP-WS-0008,XmlWinEventLog:Security,XmlWinEventLog,8
raw/2192__USCP-WS-0008__sccm_client.log,USCP-WS-0008,sccm:client,sccm:client,1
raw/2193__USCP-WS-0008__trellix_epo.log,USCP-WS-0008,trellix:epo,trellix:epo,1
raw/2194__USCP-WS-0009__XmlWinEventLog.log,USCP-WS-0009,XmlWinEventLog:Microsoft-Windows-Sysmon/Operational,XmlWinEventLog,15
raw/2195__USCP-WS-0009__XmlWinEventLog.log,USCP-WS-0009,XmlWinEventLog:Security,XmlWinEventLog,12
raw/2196__USCP-WS-0009__ms_defender_eventhub.log,USCP-WS-0009,ms:defender:eventhub,ms:defender:eventhub,2
raw/2197__USCP-WS-0010__XmlWinEventLog.log,USCP-WS-0010,XmlWinEventLog:Microsoft-Windows-Sysmon/Operational,XmlWinEventLog,4
raw/2198__USCP-WS-0010__XmlWinEventLog.log,USCP-WS-0010,XmlWinEventLog:Security,XmlWinEventLog,8
raw/2199__USCP-WS-0011__XmlWinEventLog.log,USCP-WS-0011,XmlWinEventLog:Microsoft-Windows-Sysmon/Operational,XmlWinEventLog,11
raw/2200__USCP-WS-0011__XmlWinEventLog.log,USCP-WS-0011,XmlWinEventLog:Security,XmlWinEventLog,7
raw/2201__USCP-WS-0011__trellix_epo.log,USCP-WS-0011,trellix:epo,trellix:epo,1
raw/2202__USCP-WS-0012__XmlWinEventLog.log,USCP-WS-0012,XmlWinEventLog:Microsoft-Windows-Sysmon/Operational,XmlWinEventLog,11
raw/2203__USCP-WS-0012__XmlWinEventLog.log,USCP-WS-0012,XmlWinEventLog:Security,XmlWinEventLog,5
raw/2204__USCP-WS-0012__trellix_epo.log,USCP-WS-0012,trellix:epo,trellix:epo,1
raw/2205__USCP-WS-0013__XmlWinEventLog.log,USCP-WS-0013,XmlWinEventLog:Microsoft-Windows-Sysmon/Operational,XmlWinEventLog,7
raw/2206__USCP-WS-0013__XmlWinEventLog.log,USCP-WS-0013,XmlWinEventLog:Security,XmlWinEventLog,12
raw/2207__USCP-WS-0013__ms_defender_eventhub.log,USCP-WS-0013,ms:defender:eventhub,ms:defender:eventhub,2
raw/2208__USCP-WS-0013__sccm_client.log,USCP-WS-0013,sccm:client,sccm:client,1
raw/2209__USCP-WS-0014__XmlWinEventLog.log,USCP-WS-0014,XmlWinEventLog:Microsoft-Windows-Sysmon/Operational,XmlWinEventLog,14
raw/2210__USCP-WS-0014__XmlWinEventLog.log,USCP-WS-0014,XmlWinEventLog:Security,XmlWinEventLog,9
raw/2211__USCP-WS-0014__ms_defender_eventhub.log,USCP-WS-0014,ms:defender:eventhub,ms:defender:eventhub,3
raw/2212__USCP-WS-0014__sccm_client.log,USCP-WS-0014,sccm:client,sccm:client,1
raw/2213__USCP-WS-0015__XmlWinEventLog.log,USCP-WS-0015,XmlWinEventLog:Microsoft-Windows-Sysmon/Operational,XmlWinEventLog,8
raw/2214__USCP-WS-0015__XmlWinEventLog.log,USCP-WS-0015,XmlWinEventLog:Security,XmlWinEventLog,9
raw/2215__USCP-WS-0015__ms_defender_eventhub.log,USCP-WS-0015,ms:defender:eventhub,ms:defender:eventhub,3
raw/2216__USCP-WS-0016__XmlWinEventLog.log,USCP-WS-0016,XmlWinEventLog:Microsoft-Windows-Sysmon/Operational,XmlWinEventLog,7
raw/2217__USCP-WS-0016__XmlWinEventLog.log,USCP-WS-0016,XmlWinEventLog:Security,XmlWinEventLog,9
raw/2218__USCP-WS-0016__ms_defender_eventhub.log,USCP-WS-0016,ms:defender:eventhub,ms:defender:eventhub,1
raw/2219__USCP-WS-0016__wsus_client.log,USCP-WS-0016,wsus:client,wsus:client,1
raw/2220__USCP-WS-0017__XmlWinEventLog.log,USCP-WS-0017,XmlWinEventLog:Microsoft-Windows-Sysmon/Operational,XmlWinEventLog,10
raw/2221__USCP-WS-0017__XmlWinEventLog.log,USCP-WS-0017,XmlWinEventLog:Security,XmlWinEventLog,11
raw/2222__USCP-WS-0017__ms_defender_eventhub.log,USCP-WS-0017,ms:defender:eventhub,ms:defender:eventhub,2
raw/2223__USCP-WS-0017__trellix_epo.log,USCP-WS-0017,trellix:epo,trellix:epo,3
raw/2224__USCP-WS-0017__wsus_client.log,USCP-WS-0017,wsus:client,wsus:client,1
raw/2225__USCP-WS-0018__XmlWinEventLog.log,USCP-WS-0018,XmlWinEventLog:Microsoft-Windows-Sysmon/Operational,XmlWinEventLog,12
raw/2226__USCP-WS-0018__XmlWinEventLog.log,USCP-WS-0018,XmlWinEventLog:Security,XmlWinEventLog,7
raw/2227__USCP-WS-0018__wsus_client.log,USCP-WS-0018,wsus:client,wsus:client,1
raw/2228__USCP-WS-0019__XmlWinEventLog.log,USCP-WS-0019,XmlWinEventLog:Microsoft-Windows-Sysmon/Operational,XmlWinEventLog,8
raw/2229__USCP-WS-0019__XmlWinEventLog.log,USCP-WS-0019,XmlWinEventLog:Security,XmlWinEventLog,13
raw/2230__USCP-WS-0019__trellix_epo.log,USCP-WS-0019,trellix:epo,trellix:epo,2
raw/2231__USCP-WS-0020__XmlWinEventLog.log,USCP-WS-0020,XmlWinEventLog:Microsoft-Windows-Sysmon/Operational,XmlWinEventLog,5
raw/2232__USCP-WS-0020__XmlWinEventLog.log,USCP-WS-0020,XmlWinEventLog:Security,XmlWinEventLog,14
raw/2233__USCP-WS-0020__ms_defender_eventhub.log,USCP-WS-0020,ms:defender:eventhub,ms:defender:eventhub,2
raw/2234__USCP-WS-0021__XmlWinEventLog.log,USCP-WS-0021,XmlWinEventLog:Microsoft-Windows-Sysmon/Operational,XmlWinEventLog,11
raw/2235__USCP-WS-0021__XmlWinEventLog.log,USCP-WS-0021,XmlWinEventLog:Security,XmlWinEventLog,10
raw/2236__USCP-WS-0022__XmlWinEventLog.log,USCP-WS-0022,XmlWinEventLog:Microsoft-Windows-Sysmon/Operational,XmlWinEventLog,11
raw/2237__USCP-WS-0022__XmlWinEventLog.log,USCP-WS-0022,XmlWinEventLog:Security,XmlWinEventLog,12
raw/2238__USCP-WS-0022__trellix_epo.log,USCP-WS-0022,trellix:epo,trellix:epo,2
raw/2239__USCP-WS-0023__XmlWinEventLog.log,USCP-WS-0023,XmlWinEventLog:Microsoft-Windows-Sysmon/Operational,XmlWinEventLog,11
raw/2240__USCP-WS-0023__XmlWinEventLog.log,USCP-WS-0023,XmlWinEventLog:Security,XmlWinEventLog,9
raw/2241__USCP-WS-0023__sccm_client.log,USCP-WS-0023,sccm:client,sccm:client,1
raw/2242__USCP-WS-0023__trellix_epo.log,USCP-WS-0023,trellix:epo,trellix:epo,1
raw/2243__USCP-WS-0023__wsus_client.log,USCP-WS-0023,wsus:client,wsus:client,1
raw/2244__USCP-WS-0024__XmlWinEventLog.log,USCP-WS-0024,XmlWinEventLog:Microsoft-Windows-Sysmon/Operational,XmlWinEventLog,5
raw/2245__USCP-WS-0024__XmlWinEventLog.log,USCP-WS-0024,XmlWinEventLog:Security,XmlWinEventLog,13
raw/2246__USCP-WS-0024__ms_defender_eventhub.log,USCP-WS-0024,ms:defender:eventhub,ms:defender:eventhub,2
raw/2247__USCP-WS-0024__trellix_epo.log,USCP-WS-0024,trellix:epo,trellix:epo,1
raw/2248__USCP-WS-0024__wsus_client.log,USCP-WS-0024,wsus:client,wsus:client,1
raw/2249__USCP-WS-0025__XmlWinEventLog.log,USCP-WS-0025,XmlWinEventLog:Microsoft-Windows-Sysmon/Operational,XmlWinEventLog,3
raw/2250__USCP-WS-0025__XmlWinEventLog.log,USCP-WS-0025,XmlWinEventLog:Security,XmlWinEventLog,6
raw/2251__USCP-WS-0025__ms_defender_eventhub.log,USCP-WS-0025,ms:defender:eventhub,ms:defender:eventhub,1
raw/2252__USCP-WS-0025__sccm_client.log,USCP-WS-0025,sccm:client,sccm:client,1
raw/2253__USCP-WS-0025__trellix_epo.log,USCP-WS-0025,trellix:epo,trellix:epo,1
raw/2254__USCP-WS-0026__XmlWinEventLog.log,USCP-WS-0026,XmlWinEventLog:Microsoft-Windows-Sysmon/Operational,XmlWinEventLog,4
raw/2255__USCP-WS-0026__XmlWinEventLog.log,USCP-WS-0026,XmlWinEventLog:Security,XmlWinEventLog,8
raw/2256__USCP-WS-0026__ms_defender_eventhub.log,USCP-WS-0026,ms:defender:eventhub,ms:defender:eventhub,1
raw/2257__USCP-WS-0026__trellix_epo.log,USCP-WS-0026,trellix:epo,trellix:epo,2
raw/2258__USCP-WS-0027__XmlWinEventLog.log,USCP-WS-0027,XmlWinEventLog:Microsoft-Windows-Sysmon/Operational,XmlWinEventLog,10
raw/2259__USCP-WS-0027__XmlWinEventLog.log,USCP-WS-0027,XmlWinEventLog:Security,XmlWinEventLog,5
raw/2260__USCP-WS-0027__ms_defender_eventhub.log,USCP-WS-0027,ms:defender:eventhub,ms:defender:eventhub,1
raw/2261__USCP-WS-0027__trellix_epo.log,USCP-WS-0027,trellix:epo,trellix:epo,1
raw/2262__USCP-WS-0028__XmlWinEventLog.log,USCP-WS-0028,XmlWinEventLog:Microsoft-Windows-Sysmon/Operational,XmlWinEventLog,5
raw/2263__USCP-WS-0028__XmlWinEventLog.log,USCP-WS-0028,XmlWinEventLog:Security,XmlWinEventLog,9
raw/2264__USCP-WS-0028__ms_defender_eventhub.log,USCP-WS-0028,ms:defender:eventhub,ms:defender:eventhub,1
raw/2265__USCP-WS-0028__trellix_epo.log,USCP-WS-0028,trellix:epo,trellix:epo,1
raw/2266__USCP-WS-0029__XmlWinEventLog.log,USCP-WS-0029,XmlWinEventLog:Microsoft-Windows-Sysmon/Operational,XmlWinEventLog,5
raw/2267__USCP-WS-0029__XmlWinEventLog.log,USCP-WS-0029,XmlWinEventLog:Security,XmlWinEventLog,8
raw/2268__USCP-WS-0030__XmlWinEventLog.log,USCP-WS-0030,XmlWinEventLog:Microsoft-Windows-Sysmon/Operational,XmlWinEventLog,8
raw/2269__USCP-WS-0030__XmlWinEventLog.log,USCP-WS-0030,XmlWinEventLog:Security,XmlWinEventLog,8
raw/2270__USCP-WS-0030__ms_defender_eventhub.log,USCP-WS-0030,ms:defender:eventhub,ms:defender:eventhub,2
raw/2271__USCP-WS-0031__XmlWinEventLog.log,USCP-WS-0031,XmlWinEventLog:Microsoft-Windows-Sysmon/Operational,XmlWinEventLog,4
raw/2272__USCP-WS-0031__XmlWinEventLog.log,USCP-WS-0031,XmlWinEventLog:Security,XmlWinEventLog,6
raw/2273__USCP-WS-0031__wsus_client.log,USCP-WS-0031,wsus:client,wsus:client,1
raw/2274__USCP-WS-0032__XmlWinEventLog.log,USCP-WS-0032,XmlWinEventLog:Microsoft-Windows-Sysmon/Operational,XmlWinEventLog,4
raw/2275__USCP-WS-0032__XmlWinEventLog.log,USCP-WS-0032,XmlWinEventLog:Security,XmlWinEventLog,6
raw/2276__USCP-WS-0032__sccm_client.log,USCP-WS-0032,sccm:client,sccm:client,1
raw/2277__USCP-WS-0033__XmlWinEventLog.log,USCP-WS-0033,XmlWinEventLog:Microsoft-Windows-Sysmon/Operational,XmlWinEventLog,3
raw/2278__USCP-WS-0033__XmlWinEventLog.log,USCP-WS-0033,XmlWinEventLog:Security,XmlWinEventLog,5
raw/2279__USCP-WS-0033__ms_defender_eventhub.log,USCP-WS-0033,ms:defender:eventhub,ms:defender:eventhub,2
raw/2280__USCP-WS-0034__XmlWinEventLog.log,USCP-WS-0034,XmlWinEventLog:Microsoft-Windows-Sysmon/Operational,XmlWinEventLog,8
raw/2281__USCP-WS-0034__XmlWinEventLog.log,USCP-WS-0034,XmlWinEventLog:Security,XmlWinEventLog,7
raw/2282__USCP-WS-0034__ms_defender_eventhub.log,USCP-WS-0034,ms:defender:eventhub,ms:defender:eventhub,2
raw/2283__USCP-WS-0034__trellix_epo.log,USCP-WS-0034,trellix:epo,trellix:epo,1
raw/2284__USCP-WS-0035__XmlWinEventLog.log,USCP-WS-0035,XmlWinEventLog:Microsoft-Windows-Sysmon/Operational,XmlWinEventLog,6
raw/2285__USCP-WS-0035__XmlWinEventLog.log,USCP-WS-0035,XmlWinEventLog:Security,XmlWinEventLog,3
raw/2286__USCP-WS-0035__ms_defender_eventhub.log,USCP-WS-0035,ms:defender:eventhub,ms:defender:eventhub,2
raw/2287__USCP-WS-0035__sccm_client.log,USCP-WS-0035,sccm:client,sccm:client,1
raw/2288__USCP-WS-0036__XmlWinEventLog.log,USCP-WS-0036,XmlWinEventLog:Microsoft-Windows-Sysmon/Operational,XmlWinEventLog,5
raw/2289__USCP-WS-0036__XmlWinEventLog.log,USCP-WS-0036,XmlWinEventLog:Security,XmlWinEventLog,4
raw/2290__USCP-WS-0037__XmlWinEventLog.log,USCP-WS-0037,XmlWinEventLog:Microsoft-Windows-Sysmon/Operational,XmlWinEventLog,7
raw/2291__USCP-WS-0037__XmlWinEventLog.log,USCP-WS-0037,XmlWinEventLog:Security,XmlWinEventLog,4
raw/2292__USCP-WS-0038__XmlWinEventLog.log,USCP-WS-0038,XmlWinEventLog:Microsoft-Windows-Sysmon/Operational,XmlWinEventLog,7
raw/2293__USCP-WS-0038__ms_defender_eventhub.log,USCP-WS-0038,ms:defender:eventhub,ms:defender:eventhub,4
raw/2294__USCP-WS-0038__wsus_client.log,USCP-WS-0038,wsus:client,wsus:client,1
raw/2295__USCP-WS-0039__XmlWinEventLog.log,USCP-WS-0039,XmlWinEventLog:Microsoft-Windows-Sysmon/Operational,XmlWinEventLog,3
raw/2296__USCP-WS-0039__XmlWinEventLog.log,USCP-WS-0039,XmlWinEventLog:Security,XmlWinEventLog,6
raw/2297__USCP-WS-0039__ms_defender_eventhub.log,USCP-WS-0039,ms:defender:eventhub,ms:defender:eventhub,2
raw/2298__USCP-WS-0040__XmlWinEventLog.log,USCP-WS-0040,XmlWinEventLog:Microsoft-Windows-Sysmon/Operational,XmlWinEventLog,1
raw/2299__USCP-WS-0040__XmlWinEventLog.log,USCP-WS-0040,XmlWinEventLog:Security,XmlWinEventLog,1
raw/2300__USCP-WS-0041__XmlWinEventLog.log,USCP-WS-0041,XmlWinEventLog:Microsoft-Windows-Sysmon/Operational,XmlWinEventLog,5
raw/2301__USCP-WS-0041__XmlWinEventLog.log,USCP-WS-0041,XmlWinEventLog:Security,XmlWinEventLog,4
raw/2302__USCP-WS-0042__XmlWinEventLog.log,USCP-WS-0042,XmlWinEventLog:Microsoft-Windows-Sysmon/Operational,XmlWinEventLog,8
raw/2303__USCP-WS-0042__XmlWinEventLog.log,USCP-WS-0042,XmlWinEventLog:Security,XmlWinEventLog,3
raw/2304__USCP-WS-0042__ms_defender_eventhub.log,USCP-WS-0042,ms:defender:eventhub,ms:defender:eventhub,1
raw/2305__USCP-WS-0043__XmlWinEventLog.log,USCP-WS-0043,XmlWinEventLog:Microsoft-Windows-Sysmon/Operational,XmlWinEventLog,8
raw/2306__USCP-WS-0043__XmlWinEventLog.log,USCP-WS-0043,XmlWinEventLog:Security,XmlWinEventLog,8
raw/2307__USCP-WS-0044__XmlWinEventLog.log,USCP-WS-0044,XmlWinEventLog:Microsoft-Windows-Sysmon/Operational,XmlWinEventLog,3
raw/2308__USCP-WS-0044__XmlWinEventLog.log,USCP-WS-0044,XmlWinEventLog:Security,XmlWinEventLog,4
raw/2309__USCP-WS-0044__trellix_epo.log,USCP-WS-0044,trellix:epo,trellix:epo,1
raw/2310__USCP-WS-0045__XmlWinEventLog.log,USCP-WS-0045,XmlWinEventLog:Microsoft-Windows-Sysmon/Operational,XmlWinEventLog,13
raw/2311__USCP-WS-0045__XmlWinEventLog.log,USCP-WS-0045,XmlWinEventLog:Security,XmlWinEventLog,10
raw/2312__USCP-WS-0045__ms_defender_eventhub.log,USCP-WS-0045,ms:defender:eventhub,ms:defender:eventhub,2
raw/2313__USCP-WS-0045__trellix_epo.log,USCP-WS-0045,trellix:epo,trellix:epo,1
raw/2314__USCP-WS-0045__wsus_client.log,USCP-WS-0045,wsus:client,wsus:client,1
raw/2315__USCP-WS-0046__XmlWinEventLog.log,USCP-WS-0046,XmlWinEventLog:Microsoft-Windows-Sysmon/Operational,XmlWinEventLog,6
raw/2316__USCP-WS-0046__XmlWinEventLog.log,USCP-WS-0046,XmlWinEventLog:Security,XmlWinEventLog,6
raw/2317__USCP-WS-0047__XmlWinEventLog.log,USCP-WS-0047,XmlWinEventLog:Microsoft-Windows-Sysmon/Operational,XmlWinEventLog,8
raw/2318__USCP-WS-0047__XmlWinEventLog.log,USCP-WS-0047,XmlWinEventLog:Security,XmlWinEventLog,7
raw/2319__USCP-WS-0047__ms_defender_eventhub.log,USCP-WS-0047,ms:defender:eventhub,ms:defender:eventhub,6
raw/2320__USCP-WS-0048__XmlWinEventLog.log,USCP-WS-0048,XmlWinEventLog:Microsoft-Windows-Sysmon/Operational,XmlWinEventLog,8
raw/2321__USCP-WS-0048__XmlWinEventLog.log,USCP-WS-0048,XmlWinEventLog:Security,XmlWinEventLog,4
raw/2322__USCP-WS-0049__XmlWinEventLog.log,USCP-WS-0049,XmlWinEventLog:Microsoft-Windows-Sysmon/Operational,XmlWinEventLog,10
raw/2323__USCP-WS-0049__XmlWinEventLog.log,USCP-WS-0049,XmlWinEventLog:Security,XmlWinEventLog,7
raw/2324__USCP-WS-0049__ms_defender_eventhub.log,USCP-WS-0049,ms:defender:eventhub,ms:defender:eventhub,2
raw/2325__USCP-WS-0050__XmlWinEventLog.log,USCP-WS-0050,XmlWinEventLog:Microsoft-Windows-Sysmon/Operational,XmlWinEventLog,6
raw/2326__USCP-WS-0050__XmlWinEventLog.log,USCP-WS-0050,XmlWinEventLog:Security,XmlWinEventLog,9
raw/2327__USCP-WS-0050__sccm_client.log,USCP-WS-0050,sccm:client,sccm:client,1
raw/2328__USCP-WS-0051__XmlWinEventLog.log,USCP-WS-0051,XmlWinEventLog:Microsoft-Windows-Sysmon/Operational,XmlWinEventLog,5
raw/2329__USCP-WS-0051__XmlWinEventLog.log,USCP-WS-0051,XmlWinEventLog:Security,XmlWinEventLog,7
raw/2330__USCP-WS-0051__ms_defender_eventhub.log,USCP-WS-0051,ms:defender:eventhub,ms:defender:eventhub,2
raw/2331__USCP-WS-0051__wsus_client.log,USCP-WS-0051,wsus:client,wsus:client,1
raw/2332__USCP-WS-0052__XmlWinEventLog.log,USCP-WS-0052,XmlWinEventLog:Microsoft-Windows-Sysmon/Operational,XmlWinEventLog,6
raw/2333__USCP-WS-0052__XmlWinEventLog.log,USCP-WS-0052,XmlWinEventLog:Security,XmlWinEventLog,2
raw/2334__USCP-WS-0052__ms_defender_eventhub.log,USCP-WS-0052,ms:defender:eventhub,ms:defender:eventhub,1
raw/2335__USCP-WS-0053__XmlWinEventLog.log,USCP-WS-0053,XmlWinEventLog:Microsoft-Windows-Sysmon/Operational,XmlWinEventLog,7
raw/2336__USCP-WS-0053__XmlWinEventLog.log,USCP-WS-0053,XmlWinEventLog:Security,XmlWinEventLog,4
raw/2337__USCP-WS-0053__wsus_client.log,USCP-WS-0053,wsus:client,wsus:client,1
raw/2338__USCP-WS-0054__XmlWinEventLog.log,USCP-WS-0054,XmlWinEventLog:Microsoft-Windows-Sysmon/Operational,XmlWinEventLog,8
raw/2339__USCP-WS-0054__XmlWinEventLog.log,USCP-WS-0054,XmlWinEventLog:Security,XmlWinEventLog,4
raw/2340__USCP-WS-0055__XmlWinEventLog.log,USCP-WS-0055,XmlWinEventLog:Microsoft-Windows-Sysmon/Operational,XmlWinEventLog,1
raw/2341__USCP-WS-0055__XmlWinEventLog.log,USCP-WS-0055,XmlWinEventLog:Security,XmlWinEventLog,11
raw/2342__USCP-WS-0055__ms_defender_eventhub.log,USCP-WS-0055,ms:defender:eventhub,ms:defender:eventhub,3
raw/2343__USCP-WS-0056__XmlWinEventLog.log,USCP-WS-0056,XmlWinEventLog:Microsoft-Windows-Sysmon/Operational,XmlWinEventLog,8
raw/2344__USCP-WS-0056__XmlWinEventLog.log,USCP-WS-0056,XmlWinEventLog:Security,XmlWinEventLog,8
raw/2345__USCP-WS-0056__wsus_client.log,USCP-WS-0056,wsus:client,wsus:client,1
raw/2346__USCP-WS-0057__XmlWinEventLog.log,USCP-WS-0057,XmlWinEventLog:Microsoft-Windows-Sysmon/Operational,XmlWinEventLog,2
raw/2347__USCP-WS-0057__XmlWinEventLog.log,USCP-WS-0057,XmlWinEventLog:Security,XmlWinEventLog,5
raw/2348__USCP-WS-0057__ms_defender_eventhub.log,USCP-WS-0057,ms:defender:eventhub,ms:defender:eventhub,1
raw/2349__USCP-WS-0057__wsus_client.log,USCP-WS-0057,wsus:client,wsus:client,1
raw/2350__USCP-WS-0058__XmlWinEventLog.log,USCP-WS-0058,XmlWinEventLog:Microsoft-Windows-Sysmon/Operational,XmlWinEventLog,7
raw/2351__USCP-WS-0058__XmlWinEventLog.log,USCP-WS-0058,XmlWinEventLog:Security,XmlWinEventLog,4
raw/2352__USCP-WS-0058__ms_defender_eventhub.log,USCP-WS-0058,ms:defender:eventhub,ms:defender:eventhub,1
raw/2353__USCP-WS-0058__trellix_epo.log,USCP-WS-0058,trellix:epo,trellix:epo,1
raw/2354__USCP-WS-0059__XmlWinEventLog.log,USCP-WS-0059,XmlWinEventLog:Microsoft-Windows-Sysmon/Operational,XmlWinEventLog,8
raw/2355__USCP-WS-0059__XmlWinEventLog.log,USCP-WS-0059,XmlWinEventLog:Security,XmlWinEventLog,8
raw/2356__USCP-WS-0059__ms_defender_eventhub.log,USCP-WS-0059,ms:defender:eventhub,ms:defender:eventhub,1
raw/2357__USCP-WS-0059__wsus_client.log,USCP-WS-0059,wsus:client,wsus:client,2
raw/2358__USCP-WS-0060__XmlWinEventLog.log,USCP-WS-0060,XmlWinEventLog:Microsoft-Windows-Sysmon/Operational,XmlWinEventLog,8
raw/2359__USCP-WS-0060__XmlWinEventLog.log,USCP-WS-0060,XmlWinEventLog:Security,XmlWinEventLog,8
raw/2360__USCP-WS-0060__ms_defender_eventhub.log,USCP-WS-0060,ms:defender:eventhub,ms:defender:eventhub,1
raw/2361__USCP-WS-0061__XmlWinEventLog.log,USCP-WS-0061,XmlWinEventLog:Microsoft-Windows-Sysmon/Operational,XmlWinEventLog,5
raw/2362__USCP-WS-0061__XmlWinEventLog.log,USCP-WS-0061,XmlWinEventLog:Security,XmlWinEventLog,7
raw/2363__USCP-WS-0061__ms_defender_eventhub.log,USCP-WS-0061,ms:defender:eventhub,ms:defender:eventhub,1
raw/2364__USCP-WS-0061__trellix_epo.log,USCP-WS-0061,trellix:epo,trellix:epo,1
raw/2365__USCP-WS-0061__wsus_client.log,USCP-WS-0061,wsus:client,wsus:client,1
raw/2366__USCP-WS-0062__XmlWinEventLog.log,USCP-WS-0062,XmlWinEventLog:Microsoft-Windows-Sysmon/Operational,XmlWinEventLog,7
raw/2367__USCP-WS-0062__XmlWinEventLog.log,USCP-WS-0062,XmlWinEventLog:Security,XmlWinEventLog,3
raw/2368__USCP-WS-0062__ms_defender_eventhub.log,USCP-WS-0062,ms:defender:eventhub,ms:defender:eventhub,2
raw/2369__USCP-WS-0063__XmlWinEventLog.log,USCP-WS-0063,XmlWinEventLog:Microsoft-Windows-Sysmon/Operational,XmlWinEventLog,4
raw/2370__USCP-WS-0063__XmlWinEventLog.log,USCP-WS-0063,XmlWinEventLog:Security,XmlWinEventLog,6
raw/2371__USCP-WS-0063__ms_defender_eventhub.log,USCP-WS-0063,ms:defender:eventhub,ms:defender:eventhub,3
raw/2372__USCP-WS-0064__XmlWinEventLog.log,USCP-WS-0064,XmlWinEventLog:Microsoft-Windows-Sysmon/Operational,XmlWinEventLog,5
raw/2373__USCP-WS-0064__XmlWinEventLog.log,USCP-WS-0064,XmlWinEventLog:Security,XmlWinEventLog,6
raw/2374__USCP-WS-0064__ms_defender_eventhub.log,USCP-WS-0064,ms:defender:eventhub,ms:defender:eventhub,1
raw/2375__USCP-ZEEK-01__bro_conn_json.log,USCP-ZEEK-01,zeek:conn,bro:conn:json,1004
raw/2376__USCP-ZEEK-01__bro_dce_rpc_json.log,USCP-ZEEK-01,zeek:dce_rpc,bro:dce_rpc:json,102
raw/2377__USCP-ZEEK-01__bro_dns_json.log,USCP-ZEEK-01,zeek:dns,bro:dns:json,449
raw/2378__USCP-ZEEK-01__bro_http_json.log,USCP-ZEEK-01,zeek:http,bro:http:json,264
raw/2379__USCP-ZEEK-01__bro_smb_files_json.log,USCP-ZEEK-01,zeek:smb_files,bro:smb_files:json,98
raw/2380__USCP-ZEEK-01__bro_ssl_json.log,USCP-ZEEK-01,zeek:ssl,bro:ssl:json,389
raw/2381__USHQ-APP-01__XmlWinEventLog.log,USHQ-APP-01,XmlWinEventLog:Microsoft-Windows-Sysmon/Operational,XmlWinEventLog,11
raw/2382__USHQ-APP-01__XmlWinEventLog.log,USHQ-APP-01,XmlWinEventLog:Security,XmlWinEventLog,4
raw/2383__USHQ-APP-01__trellix_epo.log,USHQ-APP-01,trellix:epo,trellix:epo,1
raw/2384__USHQ-APP-02__XmlWinEventLog.log,USHQ-APP-02,XmlWinEventLog:Microsoft-Windows-Sysmon/Operational,XmlWinEventLog,5
raw/2385__USHQ-APP-02__XmlWinEventLog.log,USHQ-APP-02,XmlWinEventLog:Security,XmlWinEventLog,5
raw/2386__USHQ-APP-02__ms_defender_eventhub.log,USHQ-APP-02,ms:defender:eventhub,ms:defender:eventhub,1
raw/2387__USHQ-APP-03__XmlWinEventLog.log,USHQ-APP-03,XmlWinEventLog:Microsoft-Windows-Sysmon/Operational,XmlWinEventLog,7
raw/2388__USHQ-APP-03__XmlWinEventLog.log,USHQ-APP-03,XmlWinEventLog:Security,XmlWinEventLog,9
raw/2389__USHQ-APP-04__XmlWinEventLog.log,USHQ-APP-04,XmlWinEventLog:Microsoft-Windows-Sysmon/Operational,XmlWinEventLog,9
raw/2390__USHQ-APP-04__XmlWinEventLog.log,USHQ-APP-04,XmlWinEventLog:Security,XmlWinEventLog,6
raw/2391__USHQ-APP-04__ms_defender_eventhub.log,USHQ-APP-04,ms:defender:eventhub,ms:defender:eventhub,2
raw/2392__USHQ-APP-05__XmlWinEventLog.log,USHQ-APP-05,XmlWinEventLog:Microsoft-Windows-Sysmon/Operational,XmlWinEventLog,4
raw/2393__USHQ-APP-05__XmlWinEventLog.log,USHQ-APP-05,XmlWinEventLog:Security,XmlWinEventLog,2
raw/2394__USHQ-APP-05__wsus_client.log,USHQ-APP-05,wsus:client,wsus:client,1
raw/2395__USHQ-APP-06__XmlWinEventLog.log,USHQ-APP-06,XmlWinEventLog:Microsoft-Windows-Sysmon/Operational,XmlWinEventLog,2
raw/2396__USHQ-APP-06__XmlWinEventLog.log,USHQ-APP-06,XmlWinEventLog:Security,XmlWinEventLog,6
raw/2397__USHQ-APP-06__trellix_epo.log,USHQ-APP-06,trellix:epo,trellix:epo,1
raw/2398__USHQ-APP-06__wsus_client.log,USHQ-APP-06,wsus:client,wsus:client,1
raw/2399__USHQ-APP-07__XmlWinEventLog.log,USHQ-APP-07,XmlWinEventLog:Microsoft-Windows-Sysmon/Operational,XmlWinEventLog,4
raw/2400__USHQ-APP-07__XmlWinEventLog.log,USHQ-APP-07,XmlWinEventLog:Security,XmlWinEventLog,6
raw/2401__USHQ-APP-07__ms_defender_eventhub.log,USHQ-APP-07,ms:defender:eventhub,ms:defender:eventhub,1
raw/2402__USHQ-APP-07__sccm_client.log,USHQ-APP-07,sccm:client,sccm:client,1
raw/2403__USHQ-APP-07__wsus_client.log,USHQ-APP-07,wsus:client,wsus:client,1
raw/2404__USHQ-APP-08__XmlWinEventLog.log,USHQ-APP-08,XmlWinEventLog:Microsoft-Windows-Sysmon/Operational,XmlWinEventLog,11
raw/2405__USHQ-APP-08__XmlWinEventLog.log,USHQ-APP-08,XmlWinEventLog:Security,XmlWinEventLog,8
raw/2406__USHQ-APP-08__ms_defender_eventhub.log,USHQ-APP-08,ms:defender:eventhub,ms:defender:eventhub,1
raw/2407__USHQ-APP-08__trellix_epo.log,USHQ-APP-08,trellix:epo,trellix:epo,1
raw/2408__USHQ-APP-08__wsus_client.log,USHQ-APP-08,wsus:client,wsus:client,1
raw/2409__USHQ-DC-01__XmlWinEventLog.log,USHQ-DC-01,XmlWinEventLog:Security,XmlWinEventLog,139
raw/2410__USHQ-FS-01__XmlWinEventLog.log,USHQ-FS-01,XmlWinEventLog:Microsoft-Windows-Sysmon/Operational,XmlWinEventLog,10
raw/2411__USHQ-FS-01__XmlWinEventLog.log,USHQ-FS-01,XmlWinEventLog:Security,XmlWinEventLog,6
raw/2412__USHQ-FS-01__ms_defender_eventhub.log,USHQ-FS-01,ms:defender:eventhub,ms:defender:eventhub,3
raw/2413__USHQ-FS-01__sccm_client.log,USHQ-FS-01,sccm:client,sccm:client,1
raw/2414__USHQ-FS-02__XmlWinEventLog.log,USHQ-FS-02,XmlWinEventLog:Microsoft-Windows-Sysmon/Operational,XmlWinEventLog,9
raw/2415__USHQ-FS-02__XmlWinEventLog.log,USHQ-FS-02,XmlWinEventLog:Security,XmlWinEventLog,3
raw/2416__USHQ-FS-02__ms_defender_eventhub.log,USHQ-FS-02,ms:defender:eventhub,ms:defender:eventhub,1
raw/2417__USHQ-FS-02__wsus_client.log,USHQ-FS-02,wsus:client,wsus:client,1
raw/2418__USHQ-FS-03__XmlWinEventLog.log,USHQ-FS-03,XmlWinEventLog:Microsoft-Windows-Sysmon/Operational,XmlWinEventLog,11
raw/2419__USHQ-FS-03__XmlWinEventLog.log,USHQ-FS-03,XmlWinEventLog:Security,XmlWinEventLog,2
raw/2420__USHQ-FS-03__ms_defender_eventhub.log,USHQ-FS-03,ms:defender:eventhub,ms:defender:eventhub,1
raw/2421__USHQ-FS-03__trellix_epo.log,USHQ-FS-03,trellix:epo,trellix:epo,2
raw/2422__USHQ-FS-04__XmlWinEventLog.log,USHQ-FS-04,XmlWinEventLog:Microsoft-Windows-Sysmon/Operational,XmlWinEventLog,3
raw/2423__USHQ-FS-04__XmlWinEventLog.log,USHQ-FS-04,XmlWinEventLog:Security,XmlWinEventLog,6
raw/2424__USHQ-FW-01__pan_traffic.log,USHQ-FW-01,pan:traffic,pan:traffic,117
raw/2425__USHQ-FW-02__fortigate_traffic.log,USHQ-FW-02,fortigate_traffic,fortigate_traffic,125
raw/2426__USHQ-FW-03__cisco_asa.log,USHQ-FW-03,cisco:asa,cisco:asa,109
raw/2427__USHQ-JUMP-01__XmlWinEventLog.log,USHQ-JUMP-01,XmlWinEventLog:Microsoft-Windows-Sysmon/Operational,XmlWinEventLog,8
raw/2428__USHQ-JUMP-01__XmlWinEventLog.log,USHQ-JUMP-01,XmlWinEventLog:Security,XmlWinEventLog,2
raw/2429__USHQ-JUMP-01__ms_defender_eventhub.log,USHQ-JUMP-01,ms:defender:eventhub,ms:defender:eventhub,2
raw/2430__USHQ-JUMP-01__wsus_client.log,USHQ-JUMP-01,wsus:client,wsus:client,1
raw/2431__USHQ-JUMP-02__XmlWinEventLog.log,USHQ-JUMP-02,XmlWinEventLog:Microsoft-Windows-Sysmon/Operational,XmlWinEventLog,9
raw/2432__USHQ-JUMP-02__XmlWinEventLog.log,USHQ-JUMP-02,XmlWinEventLog:Security,XmlWinEventLog,5
raw/2433__USHQ-JUMP-02__ms_defender_eventhub.log,USHQ-JUMP-02,ms:defender:eventhub,ms:defender:eventhub,2
raw/2434__USHQ-JUMP-03__XmlWinEventLog.log,USHQ-JUMP-03,XmlWinEventLog:Microsoft-Windows-Sysmon/Operational,XmlWinEventLog,4
raw/2435__USHQ-JUMP-03__XmlWinEventLog.log,USHQ-JUMP-03,XmlWinEventLog:Security,XmlWinEventLog,9
raw/2436__USHQ-LNX-01__linux_audit.log,USHQ-LNX-01,/var/log/audit/audit.log,linux_audit,110
raw/2437__USHQ-LNX-01__linux_secure.log,USHQ-LNX-01,/var/log/secure,linux_secure,30
raw/2438__USHQ-LNX-01__syslog.log,USHQ-LNX-01,/var/log/syslog,syslog,32
raw/2439__USHQ-LNX-01__ms_defender_eventhub.log,USHQ-LNX-01,ms:defender:eventhub,ms:defender:eventhub,1
raw/2440__USHQ-LNX-02__linux_audit.log,USHQ-LNX-02,/var/log/audit/audit.log,linux_audit,125
raw/2441__USHQ-LNX-02__linux_secure.log,USHQ-LNX-02,/var/log/secure,linux_secure,27
raw/2442__USHQ-LNX-02__syslog.log,USHQ-LNX-02,/var/log/syslog,syslog,28
raw/2443__USHQ-LNX-03__linux_audit.log,USHQ-LNX-03,/var/log/audit/audit.log,linux_audit,128
raw/2444__USHQ-LNX-03__linux_secure.log,USHQ-LNX-03,/var/log/secure,linux_secure,21
raw/2445__USHQ-LNX-03__syslog.log,USHQ-LNX-03,/var/log/syslog,syslog,30
raw/2446__USHQ-LNX-03__trellix_epo.log,USHQ-LNX-03,trellix:epo,trellix:epo,1
raw/2447__USHQ-LNX-04__linux_audit.log,USHQ-LNX-04,/var/log/audit/audit.log,linux_audit,106
raw/2448__USHQ-LNX-04__linux_secure.log,USHQ-LNX-04,/var/log/secure,linux_secure,24
raw/2449__USHQ-LNX-04__syslog.log,USHQ-LNX-04,/var/log/syslog,syslog,43
raw/2450__USHQ-LNX-05__linux_audit.log,USHQ-LNX-05,/var/log/audit/audit.log,linux_audit,96
raw/2451__USHQ-LNX-05__linux_secure.log,USHQ-LNX-05,/var/log/secure,linux_secure,19
raw/2452__USHQ-LNX-05__syslog.log,USHQ-LNX-05,/var/log/syslog,syslog,32
raw/2453__USHQ-LNX-05__ms_defender_eventhub.log,USHQ-LNX-05,ms:defender:eventhub,ms:defender:eventhub,1
raw/2454__USHQ-LNX-05__trellix_epo.log,USHQ-LNX-05,trellix:epo,trellix:epo,1
raw/2455__USHQ-LNX-06__linux_audit.log,USHQ-LNX-06,/var/log/audit/audit.log,linux_audit,135
raw/2456__USHQ-LNX-06__linux_secure.log,USHQ-LNX-06,/var/log/secure,linux_secure,23
raw/2457__USHQ-LNX-06__syslog.log,USHQ-LNX-06,/var/log/syslog,syslog,31
raw/2458__USHQ-LNX-07__linux_audit.log,USHQ-LNX-07,/var/log/audit/audit.log,linux_audit,125
raw/2459__USHQ-LNX-07__linux_secure.log,USHQ-LNX-07,/var/log/secure,linux_secure,11
raw/2460__USHQ-LNX-07__syslog.log,USHQ-LNX-07,/var/log/syslog,syslog,29
raw/2461__USHQ-LNX-08__linux_audit.log,USHQ-LNX-08,/var/log/audit/audit.log,linux_audit,74
raw/2462__USHQ-LNX-08__linux_secure.log,USHQ-LNX-08,/var/log/secure,linux_secure,21
raw/2463__USHQ-LNX-08__syslog.log,USHQ-LNX-08,/var/log/syslog,syslog,28
raw/2464__USHQ-LNX-08__ms_defender_eventhub.log,USHQ-LNX-08,ms:defender:eventhub,ms:defender:eventhub,1
raw/2465__USHQ-PACS-01__pacs_access.log,USHQ-PACS-01,pacs:access,pacs:access,132
raw/2466__USHQ-PAW-01__XmlWinEventLog.log,USHQ-PAW-01,XmlWinEventLog:Microsoft-Windows-Sysmon/Operational,XmlWinEventLog,6
raw/2467__USHQ-PAW-01__XmlWinEventLog.log,USHQ-PAW-01,XmlWinEventLog:Security,XmlWinEventLog,8
raw/2468__USHQ-PAW-01__trellix_epo.log,USHQ-PAW-01,trellix:epo,trellix:epo,2
raw/2469__USHQ-PAW-01__wsus_client.log,USHQ-PAW-01,wsus:client,wsus:client,1
raw/2470__USHQ-PAW-02__XmlWinEventLog.log,USHQ-PAW-02,XmlWinEventLog:Microsoft-Windows-Sysmon/Operational,XmlWinEventLog,6
raw/2471__USHQ-PAW-02__XmlWinEventLog.log,USHQ-PAW-02,XmlWinEventLog:Security,XmlWinEventLog,4
raw/2472__USHQ-PAW-02__ms_defender_eventhub.log,USHQ-PAW-02,ms:defender:eventhub,ms:defender:eventhub,1
raw/2473__USHQ-PAW-02__trellix_epo.log,USHQ-PAW-02,trellix:epo,trellix:epo,1
raw/2474__USHQ-PAW-03__XmlWinEventLog.log,USHQ-PAW-03,XmlWinEventLog:Microsoft-Windows-Sysmon/Operational,XmlWinEventLog,3
raw/2475__USHQ-PAW-03__XmlWinEventLog.log,USHQ-PAW-03,XmlWinEventLog:Security,XmlWinEventLog,4
raw/2476__USHQ-PAW-03__ms_defender_eventhub.log,USHQ-PAW-03,ms:defender:eventhub,ms:defender:eventhub,1
raw/2477__USHQ-PAW-04__XmlWinEventLog.log,USHQ-PAW-04,XmlWinEventLog:Microsoft-Windows-Sysmon/Operational,XmlWinEventLog,9
raw/2478__USHQ-PAW-04__XmlWinEventLog.log,USHQ-PAW-04,XmlWinEventLog:Security,XmlWinEventLog,6
raw/2479__USHQ-PAW-04__sccm_client.log,USHQ-PAW-04,sccm:client,sccm:client,1
raw/2480__USHQ-PAW-05__XmlWinEventLog.log,USHQ-PAW-05,XmlWinEventLog:Microsoft-Windows-Sysmon/Operational,XmlWinEventLog,6
raw/2481__USHQ-PAW-05__XmlWinEventLog.log,USHQ-PAW-05,XmlWinEventLog:Security,XmlWinEventLog,11
raw/2482__USHQ-PAW-05__ms_defender_eventhub.log,USHQ-PAW-05,ms:defender:eventhub,ms:defender:eventhub,1
raw/2483__USHQ-PAW-05__trellix_epo.log,USHQ-PAW-05,trellix:epo,trellix:epo,1
raw/2484__USHQ-PAW-06__XmlWinEventLog.log,USHQ-PAW-06,XmlWinEventLog:Microsoft-Windows-Sysmon/Operational,XmlWinEventLog,8
raw/2485__USHQ-PAW-06__XmlWinEventLog.log,USHQ-PAW-06,XmlWinEventLog:Security,XmlWinEventLog,6
raw/2486__USHQ-PAW-06__sccm_client.log,USHQ-PAW-06,sccm:client,sccm:client,1
raw/2487__USHQ-PRINT-01__print_events.log,USHQ-PRINT-01,print:events,print:events,277
raw/2488__USHQ-RTR-01__cisco_ios.log,USHQ-RTR-01,cisco:ios,cisco:ios,52
raw/2489__USHQ-RTR-02__juniper.log,USHQ-RTR-02,juniper,juniper,15
raw/2490__USHQ-RTR-02__juniper_junos_firewall.log,USHQ-RTR-02,juniper:junos:firewall,juniper:junos:firewall,15
raw/2491__USHQ-VDI-01__XmlWinEventLog.log,USHQ-VDI-01,XmlWinEventLog:Microsoft-Windows-Sysmon/Operational,XmlWinEventLog,13
raw/2492__USHQ-VDI-01__XmlWinEventLog.log,USHQ-VDI-01,XmlWinEventLog:Security,XmlWinEventLog,4
raw/2493__USHQ-VDI-01__ms_defender_eventhub.log,USHQ-VDI-01,ms:defender:eventhub,ms:defender:eventhub,3
raw/2494__USHQ-VDI-01__vdi_session.log,USHQ-VDI-01,vdi:session,vdi:session,249
raw/2495__USHQ-VDI-01__wsus_client.log,USHQ-VDI-01,wsus:client,wsus:client,1
raw/2496__USHQ-VDI-02__XmlWinEventLog.log,USHQ-VDI-02,XmlWinEventLog:Microsoft-Windows-Sysmon/Operational,XmlWinEventLog,6
raw/2497__USHQ-VDI-02__XmlWinEventLog.log,USHQ-VDI-02,XmlWinEventLog:Security,XmlWinEventLog,5
raw/2498__USHQ-VDI-02__ms_defender_eventhub.log,USHQ-VDI-02,ms:defender:eventhub,ms:defender:eventhub,2
raw/2499__USHQ-VDI-02__sccm_client.log,USHQ-VDI-02,sccm:client,sccm:client,1
raw/2500__USHQ-VDI-03__XmlWinEventLog.log,USHQ-VDI-03,XmlWinEventLog:Microsoft-Windows-Sysmon/Operational,XmlWinEventLog,5
raw/2501__USHQ-VDI-03__XmlWinEventLog.log,USHQ-VDI-03,XmlWinEventLog:Security,XmlWinEventLog,4
raw/2502__USHQ-VDI-03__sccm_client.log,USHQ-VDI-03,sccm:client,sccm:client,1
raw/2503__USHQ-WS-0001__XmlWinEventLog.log,USHQ-WS-0001,XmlWinEventLog:Microsoft-Windows-Sysmon/Operational,XmlWinEventLog,12
raw/2504__USHQ-WS-0001__XmlWinEventLog.log,USHQ-WS-0001,XmlWinEventLog:Security,XmlWinEventLog,9
raw/2505__USHQ-WS-0001__ms_defender_eventhub.log,USHQ-WS-0001,ms:defender:eventhub,ms:defender:eventhub,2
raw/2506__USHQ-WS-0001__trellix_epo.log,USHQ-WS-0001,trellix:epo,trellix:epo,1
raw/2507__USHQ-WS-0002__XmlWinEventLog.log,USHQ-WS-0002,XmlWinEventLog:Microsoft-Windows-Sysmon/Operational,XmlWinEventLog,8
raw/2508__USHQ-WS-0002__XmlWinEventLog.log,USHQ-WS-0002,XmlWinEventLog:Security,XmlWinEventLog,12
raw/2509__USHQ-WS-0002__ms_defender_eventhub.log,USHQ-WS-0002,ms:defender:eventhub,ms:defender:eventhub,2
raw/2510__USHQ-WS-0002__wsus_client.log,USHQ-WS-0002,wsus:client,wsus:client,1
raw/2511__USHQ-WS-0003__XmlWinEventLog.log,USHQ-WS-0003,XmlWinEventLog:Microsoft-Windows-Sysmon/Operational,XmlWinEventLog,13
raw/2512__USHQ-WS-0003__XmlWinEventLog.log,USHQ-WS-0003,XmlWinEventLog:Security,XmlWinEventLog,14
raw/2513__USHQ-WS-0003__sccm_client.log,USHQ-WS-0003,sccm:client,sccm:client,1
raw/2514__USHQ-WS-0004__XmlWinEventLog.log,USHQ-WS-0004,XmlWinEventLog:Microsoft-Windows-Sysmon/Operational,XmlWinEventLog,11
raw/2515__USHQ-WS-0004__XmlWinEventLog.log,USHQ-WS-0004,XmlWinEventLog:Security,XmlWinEventLog,11
raw/2516__USHQ-WS-0004__sccm_client.log,USHQ-WS-0004,sccm:client,sccm:client,1
raw/2517__USHQ-WS-0005__XmlWinEventLog.log,USHQ-WS-0005,XmlWinEventLog:Microsoft-Windows-Sysmon/Operational,XmlWinEventLog,10
raw/2518__USHQ-WS-0005__XmlWinEventLog.log,USHQ-WS-0005,XmlWinEventLog:Security,XmlWinEventLog,11
raw/2519__USHQ-WS-0005__ms_defender_eventhub.log,USHQ-WS-0005,ms:defender:eventhub,ms:defender:eventhub,1
raw/2520__USHQ-WS-0006__XmlWinEventLog.log,USHQ-WS-0006,XmlWinEventLog:Microsoft-Windows-Sysmon/Operational,XmlWinEventLog,13
raw/2521__USHQ-WS-0006__XmlWinEventLog.log,USHQ-WS-0006,XmlWinEventLog:Security,XmlWinEventLog,11
raw/2522__USHQ-WS-0006__ms_defender_eventhub.log,USHQ-WS-0006,ms:defender:eventhub,ms:defender:eventhub,4
raw/2523__USHQ-WS-0006__sccm_client.log,USHQ-WS-0006,sccm:client,sccm:client,1
raw/2524__USHQ-WS-0007__XmlWinEventLog.log,USHQ-WS-0007,XmlWinEventLog:Microsoft-Windows-Sysmon/Operational,XmlWinEventLog,9
raw/2525__USHQ-WS-0007__XmlWinEventLog.log,USHQ-WS-0007,XmlWinEventLog:Security,XmlWinEventLog,7
raw/2526__USHQ-WS-0008__XmlWinEventLog.log,USHQ-WS-0008,XmlWinEventLog:Microsoft-Windows-Sysmon/Operational,XmlWinEventLog,10
raw/2527__USHQ-WS-0008__XmlWinEventLog.log,USHQ-WS-0008,XmlWinEventLog:Security,XmlWinEventLog,11
raw/2528__USHQ-WS-0008__ms_defender_eventhub.log,USHQ-WS-0008,ms:defender:eventhub,ms:defender:eventhub,1
raw/2529__USHQ-WS-0009__XmlWinEventLog.log,USHQ-WS-0009,XmlWinEventLog:Microsoft-Windows-Sysmon/Operational,XmlWinEventLog,10
raw/2530__USHQ-WS-0009__XmlWinEventLog.log,USHQ-WS-0009,XmlWinEventLog:Security,XmlWinEventLog,9
raw/2531__USHQ-WS-0009__sccm_client.log,USHQ-WS-0009,sccm:client,sccm:client,1
raw/2532__USHQ-WS-0010__XmlWinEventLog.log,USHQ-WS-0010,XmlWinEventLog:Microsoft-Windows-Sysmon/Operational,XmlWinEventLog,8
raw/2533__USHQ-WS-0010__XmlWinEventLog.log,USHQ-WS-0010,XmlWinEventLog:Security,XmlWinEventLog,8
raw/2534__USHQ-WS-0010__trellix_epo.log,USHQ-WS-0010,trellix:epo,trellix:epo,2
raw/2535__USHQ-WS-0011__XmlWinEventLog.log,USHQ-WS-0011,XmlWinEventLog:Microsoft-Windows-Sysmon/Operational,XmlWinEventLog,12
raw/2536__USHQ-WS-0011__XmlWinEventLog.log,USHQ-WS-0011,XmlWinEventLog:Security,XmlWinEventLog,7
raw/2537__USHQ-WS-0012__XmlWinEventLog.log,USHQ-WS-0012,XmlWinEventLog:Microsoft-Windows-Sysmon/Operational,XmlWinEventLog,12
raw/2538__USHQ-WS-0012__XmlWinEventLog.log,USHQ-WS-0012,XmlWinEventLog:Security,XmlWinEventLog,9
raw/2539__USHQ-WS-0012__ms_defender_eventhub.log,USHQ-WS-0012,ms:defender:eventhub,ms:defender:eventhub,1
raw/2540__USHQ-WS-0013__XmlWinEventLog.log,USHQ-WS-0013,XmlWinEventLog:Microsoft-Windows-Sysmon/Operational,XmlWinEventLog,8
raw/2541__USHQ-WS-0013__XmlWinEventLog.log,USHQ-WS-0013,XmlWinEventLog:Security,XmlWinEventLog,14
raw/2542__USHQ-WS-0013__ms_defender_eventhub.log,USHQ-WS-0013,ms:defender:eventhub,ms:defender:eventhub,1
raw/2543__USHQ-WS-0013__sccm_client.log,USHQ-WS-0013,sccm:client,sccm:client,2
raw/2544__USHQ-WS-0013__wsus_client.log,USHQ-WS-0013,wsus:client,wsus:client,1
raw/2545__USHQ-WS-0014__XmlWinEventLog.log,USHQ-WS-0014,XmlWinEventLog:Microsoft-Windows-Sysmon/Operational,XmlWinEventLog,10
raw/2546__USHQ-WS-0014__XmlWinEventLog.log,USHQ-WS-0014,XmlWinEventLog:Security,XmlWinEventLog,13
raw/2547__USHQ-WS-0014__ms_defender_eventhub.log,USHQ-WS-0014,ms:defender:eventhub,ms:defender:eventhub,3
raw/2548__USHQ-WS-0015__XmlWinEventLog.log,USHQ-WS-0015,XmlWinEventLog:Microsoft-Windows-Sysmon/Operational,XmlWinEventLog,11
raw/2549__USHQ-WS-0015__XmlWinEventLog.log,USHQ-WS-0015,XmlWinEventLog:Security,XmlWinEventLog,9
raw/2550__USHQ-WS-0015__trellix_epo.log,USHQ-WS-0015,trellix:epo,trellix:epo,1
raw/2551__USHQ-WS-0016__XmlWinEventLog.log,USHQ-WS-0016,XmlWinEventLog:Microsoft-Windows-Sysmon/Operational,XmlWinEventLog,6
raw/2552__USHQ-WS-0016__XmlWinEventLog.log,USHQ-WS-0016,XmlWinEventLog:Security,XmlWinEventLog,9
raw/2553__USHQ-WS-0017__XmlWinEventLog.log,USHQ-WS-0017,XmlWinEventLog:Microsoft-Windows-Sysmon/Operational,XmlWinEventLog,10
raw/2554__USHQ-WS-0017__XmlWinEventLog.log,USHQ-WS-0017,XmlWinEventLog:Security,XmlWinEventLog,13
raw/2555__USHQ-WS-0017__ms_defender_eventhub.log,USHQ-WS-0017,ms:defender:eventhub,ms:defender:eventhub,1
raw/2556__USHQ-WS-0018__XmlWinEventLog.log,USHQ-WS-0018,XmlWinEventLog:Microsoft-Windows-Sysmon/Operational,XmlWinEventLog,15
raw/2557__USHQ-WS-0018__XmlWinEventLog.log,USHQ-WS-0018,XmlWinEventLog:Security,XmlWinEventLog,11
raw/2558__USHQ-WS-0018__ms_defender_eventhub.log,USHQ-WS-0018,ms:defender:eventhub,ms:defender:eventhub,3
raw/2559__USHQ-WS-0019__XmlWinEventLog.log,USHQ-WS-0019,XmlWinEventLog:Microsoft-Windows-Sysmon/Operational,XmlWinEventLog,5
raw/2560__USHQ-WS-0019__XmlWinEventLog.log,USHQ-WS-0019,XmlWinEventLog:Security,XmlWinEventLog,7
raw/2561__USHQ-WS-0020__XmlWinEventLog.log,USHQ-WS-0020,XmlWinEventLog:Microsoft-Windows-Sysmon/Operational,XmlWinEventLog,11
raw/2562__USHQ-WS-0020__XmlWinEventLog.log,USHQ-WS-0020,XmlWinEventLog:Security,XmlWinEventLog,8
raw/2563__USHQ-WS-0020__ms_defender_eventhub.log,USHQ-WS-0020,ms:defender:eventhub,ms:defender:eventhub,1
raw/2564__USHQ-WS-0021__XmlWinEventLog.log,USHQ-WS-0021,XmlWinEventLog:Microsoft-Windows-Sysmon/Operational,XmlWinEventLog,9
raw/2565__USHQ-WS-0021__XmlWinEventLog.log,USHQ-WS-0021,XmlWinEventLog:Security,XmlWinEventLog,7
raw/2566__USHQ-WS-0021__ms_defender_eventhub.log,USHQ-WS-0021,ms:defender:eventhub,ms:defender:eventhub,1
raw/2567__USHQ-WS-0021__trellix_epo.log,USHQ-WS-0021,trellix:epo,trellix:epo,1
raw/2568__USHQ-WS-0022__XmlWinEventLog.log,USHQ-WS-0022,XmlWinEventLog:Microsoft-Windows-Sysmon/Operational,XmlWinEventLog,13
raw/2569__USHQ-WS-0022__XmlWinEventLog.log,USHQ-WS-0022,XmlWinEventLog:Security,XmlWinEventLog,11
raw/2570__USHQ-WS-0023__XmlWinEventLog.log,USHQ-WS-0023,XmlWinEventLog:Microsoft-Windows-Sysmon/Operational,XmlWinEventLog,10
raw/2571__USHQ-WS-0023__XmlWinEventLog.log,USHQ-WS-0023,XmlWinEventLog:Security,XmlWinEventLog,10
raw/2572__USHQ-WS-0023__ms_defender_eventhub.log,USHQ-WS-0023,ms:defender:eventhub,ms:defender:eventhub,2
raw/2573__USHQ-WS-0024__XmlWinEventLog.log,USHQ-WS-0024,XmlWinEventLog:Microsoft-Windows-Sysmon/Operational,XmlWinEventLog,11
raw/2574__USHQ-WS-0024__XmlWinEventLog.log,USHQ-WS-0024,XmlWinEventLog:Security,XmlWinEventLog,10
raw/2575__USHQ-WS-0025__XmlWinEventLog.log,USHQ-WS-0025,XmlWinEventLog:Microsoft-Windows-Sysmon/Operational,XmlWinEventLog,1
raw/2576__USHQ-WS-0025__XmlWinEventLog.log,USHQ-WS-0025,XmlWinEventLog:Security,XmlWinEventLog,5
raw/2577__USHQ-WS-0025__wsus_client.log,USHQ-WS-0025,wsus:client,wsus:client,1
raw/2578__USHQ-WS-0026__XmlWinEventLog.log,USHQ-WS-0026,XmlWinEventLog:Microsoft-Windows-Sysmon/Operational,XmlWinEventLog,10
raw/2579__USHQ-WS-0026__XmlWinEventLog.log,USHQ-WS-0026,XmlWinEventLog:Security,XmlWinEventLog,12
raw/2580__USHQ-WS-0026__ms_defender_eventhub.log,USHQ-WS-0026,ms:defender:eventhub,ms:defender:eventhub,2
raw/2581__USHQ-WS-0027__XmlWinEventLog.log,USHQ-WS-0027,XmlWinEventLog:Microsoft-Windows-Sysmon/Operational,XmlWinEventLog,6
raw/2582__USHQ-WS-0027__XmlWinEventLog.log,USHQ-WS-0027,XmlWinEventLog:Security,XmlWinEventLog,7
raw/2583__USHQ-WS-0027__trellix_epo.log,USHQ-WS-0027,trellix:epo,trellix:epo,1
raw/2584__USHQ-WS-0028__XmlWinEventLog.log,USHQ-WS-0028,XmlWinEventLog:Microsoft-Windows-Sysmon/Operational,XmlWinEventLog,6
raw/2585__USHQ-WS-0028__XmlWinEventLog.log,USHQ-WS-0028,XmlWinEventLog:Security,XmlWinEventLog,4
raw/2586__USHQ-WS-0028__ms_defender_eventhub.log,USHQ-WS-0028,ms:defender:eventhub,ms:defender:eventhub,1
raw/2587__USHQ-WS-0028__trellix_epo.log,USHQ-WS-0028,trellix:epo,trellix:epo,1
raw/2588__USHQ-WS-0029__XmlWinEventLog.log,USHQ-WS-0029,XmlWinEventLog:Microsoft-Windows-Sysmon/Operational,XmlWinEventLog,8
raw/2589__USHQ-WS-0029__XmlWinEventLog.log,USHQ-WS-0029,XmlWinEventLog:Security,XmlWinEventLog,2
raw/2590__USHQ-WS-0029__sccm_client.log,USHQ-WS-0029,sccm:client,sccm:client,1
raw/2591__USHQ-WS-0029__trellix_epo.log,USHQ-WS-0029,trellix:epo,trellix:epo,1
raw/2592__USHQ-WS-0030__XmlWinEventLog.log,USHQ-WS-0030,XmlWinEventLog:Microsoft-Windows-Sysmon/Operational,XmlWinEventLog,10
raw/2593__USHQ-WS-0030__XmlWinEventLog.log,USHQ-WS-0030,XmlWinEventLog:Security,XmlWinEventLog,3
raw/2594__USHQ-WS-0031__XmlWinEventLog.log,USHQ-WS-0031,XmlWinEventLog:Microsoft-Windows-Sysmon/Operational,XmlWinEventLog,6
raw/2595__USHQ-WS-0031__XmlWinEventLog.log,USHQ-WS-0031,XmlWinEventLog:Security,XmlWinEventLog,5
raw/2596__USHQ-WS-0031__ms_defender_eventhub.log,USHQ-WS-0031,ms:defender:eventhub,ms:defender:eventhub,1
raw/2597__USHQ-WS-0031__trellix_epo.log,USHQ-WS-0031,trellix:epo,trellix:epo,1
raw/2598__USHQ-WS-0032__XmlWinEventLog.log,USHQ-WS-0032,XmlWinEventLog:Microsoft-Windows-Sysmon/Operational,XmlWinEventLog,7
raw/2599__USHQ-WS-0032__XmlWinEventLog.log,USHQ-WS-0032,XmlWinEventLog:Security,XmlWinEventLog,7
raw/2600__USHQ-WS-0032__wsus_client.log,USHQ-WS-0032,wsus:client,wsus:client,2
raw/2601__USHQ-WS-0033__XmlWinEventLog.log,USHQ-WS-0033,XmlWinEventLog:Microsoft-Windows-Sysmon/Operational,XmlWinEventLog,8
raw/2602__USHQ-WS-0033__XmlWinEventLog.log,USHQ-WS-0033,XmlWinEventLog:Security,XmlWinEventLog,3
raw/2603__USHQ-WS-0033__trellix_epo.log,USHQ-WS-0033,trellix:epo,trellix:epo,1
raw/2604__USHQ-WS-0033__wsus_client.log,USHQ-WS-0033,wsus:client,wsus:client,1
raw/2605__USHQ-WS-0034__XmlWinEventLog.log,USHQ-WS-0034,XmlWinEventLog:Microsoft-Windows-Sysmon/Operational,XmlWinEventLog,6
raw/2606__USHQ-WS-0034__XmlWinEventLog.log,USHQ-WS-0034,XmlWinEventLog:Security,XmlWinEventLog,5
raw/2607__USHQ-WS-0034__ms_defender_eventhub.log,USHQ-WS-0034,ms:defender:eventhub,ms:defender:eventhub,2
raw/2608__USHQ-WS-0035__XmlWinEventLog.log,USHQ-WS-0035,XmlWinEventLog:Microsoft-Windows-Sysmon/Operational,XmlWinEventLog,8
raw/2609__USHQ-WS-0035__XmlWinEventLog.log,USHQ-WS-0035,XmlWinEventLog:Security,XmlWinEventLog,1
raw/2610__USHQ-WS-0035__ms_defender_eventhub.log,USHQ-WS-0035,ms:defender:eventhub,ms:defender:eventhub,1
raw/2611__USHQ-WS-0035__trellix_epo.log,USHQ-WS-0035,trellix:epo,trellix:epo,1
raw/2612__USHQ-WS-0036__XmlWinEventLog.log,USHQ-WS-0036,XmlWinEventLog:Microsoft-Windows-Sysmon/Operational,XmlWinEventLog,6
raw/2613__USHQ-WS-0036__XmlWinEventLog.log,USHQ-WS-0036,XmlWinEventLog:Security,XmlWinEventLog,7
raw/2614__USHQ-WS-0036__ms_defender_eventhub.log,USHQ-WS-0036,ms:defender:eventhub,ms:defender:eventhub,2
raw/2615__USHQ-WS-0037__XmlWinEventLog.log,USHQ-WS-0037,XmlWinEventLog:Microsoft-Windows-Sysmon/Operational,XmlWinEventLog,5
raw/2616__USHQ-WS-0037__XmlWinEventLog.log,USHQ-WS-0037,XmlWinEventLog:Security,XmlWinEventLog,3
raw/2617__USHQ-WS-0037__trellix_epo.log,USHQ-WS-0037,trellix:epo,trellix:epo,2
raw/2618__USHQ-WS-0037__wsus_client.log,USHQ-WS-0037,wsus:client,wsus:client,1
raw/2619__USHQ-WS-0038__XmlWinEventLog.log,USHQ-WS-0038,XmlWinEventLog:Microsoft-Windows-Sysmon/Operational,XmlWinEventLog,5
raw/2620__USHQ-WS-0038__XmlWinEventLog.log,USHQ-WS-0038,XmlWinEventLog:Security,XmlWinEventLog,6
raw/2621__USHQ-WS-0038__ms_defender_eventhub.log,USHQ-WS-0038,ms:defender:eventhub,ms:defender:eventhub,4
raw/2622__USHQ-WS-0038__sccm_client.log,USHQ-WS-0038,sccm:client,sccm:client,1
raw/2623__USHQ-WS-0039__XmlWinEventLog.log,USHQ-WS-0039,XmlWinEventLog:Microsoft-Windows-Sysmon/Operational,XmlWinEventLog,6
raw/2624__USHQ-WS-0039__XmlWinEventLog.log,USHQ-WS-0039,XmlWinEventLog:Security,XmlWinEventLog,6
raw/2625__USHQ-WS-0039__ms_defender_eventhub.log,USHQ-WS-0039,ms:defender:eventhub,ms:defender:eventhub,3
raw/2626__USHQ-WS-0040__XmlWinEventLog.log,USHQ-WS-0040,XmlWinEventLog:Microsoft-Windows-Sysmon/Operational,XmlWinEventLog,4
raw/2627__USHQ-WS-0040__XmlWinEventLog.log,USHQ-WS-0040,XmlWinEventLog:Security,XmlWinEventLog,4
raw/2628__USHQ-WS-0040__ms_defender_eventhub.log,USHQ-WS-0040,ms:defender:eventhub,ms:defender:eventhub,3
raw/2629__USHQ-WS-0040__trellix_epo.log,USHQ-WS-0040,trellix:epo,trellix:epo,1
raw/2630__USHQ-WS-0041__XmlWinEventLog.log,USHQ-WS-0041,XmlWinEventLog:Microsoft-Windows-Sysmon/Operational,XmlWinEventLog,4
raw/2631__USHQ-WS-0041__XmlWinEventLog.log,USHQ-WS-0041,XmlWinEventLog:Security,XmlWinEventLog,1
raw/2632__USHQ-WS-0041__ms_defender_eventhub.log,USHQ-WS-0041,ms:defender:eventhub,ms:defender:eventhub,1
raw/2633__USHQ-WS-0042__XmlWinEventLog.log,USHQ-WS-0042,XmlWinEventLog:Microsoft-Windows-Sysmon/Operational,XmlWinEventLog,8
raw/2634__USHQ-WS-0042__XmlWinEventLog.log,USHQ-WS-0042,XmlWinEventLog:Security,XmlWinEventLog,5
raw/2635__USHQ-WS-0042__ms_defender_eventhub.log,USHQ-WS-0042,ms:defender:eventhub,ms:defender:eventhub,1
raw/2636__USHQ-WS-0042__trellix_epo.log,USHQ-WS-0042,trellix:epo,trellix:epo,1
raw/2637__USHQ-WS-0043__XmlWinEventLog.log,USHQ-WS-0043,XmlWinEventLog:Microsoft-Windows-Sysmon/Operational,XmlWinEventLog,6
raw/2638__USHQ-WS-0043__XmlWinEventLog.log,USHQ-WS-0043,XmlWinEventLog:Security,XmlWinEventLog,8
raw/2639__USHQ-WS-0043__ms_defender_eventhub.log,USHQ-WS-0043,ms:defender:eventhub,ms:defender:eventhub,1
raw/2640__USHQ-WS-0043__trellix_epo.log,USHQ-WS-0043,trellix:epo,trellix:epo,1
raw/2641__USHQ-WS-0044__XmlWinEventLog.log,USHQ-WS-0044,XmlWinEventLog:Microsoft-Windows-Sysmon/Operational,XmlWinEventLog,4
raw/2642__USHQ-WS-0044__XmlWinEventLog.log,USHQ-WS-0044,XmlWinEventLog:Security,XmlWinEventLog,4
raw/2643__USHQ-WS-0045__XmlWinEventLog.log,USHQ-WS-0045,XmlWinEventLog:Microsoft-Windows-Sysmon/Operational,XmlWinEventLog,10
raw/2644__USHQ-WS-0045__XmlWinEventLog.log,USHQ-WS-0045,XmlWinEventLog:Security,XmlWinEventLog,6
raw/2645__USHQ-WS-0045__sccm_client.log,USHQ-WS-0045,sccm:client,sccm:client,1
raw/2646__USHQ-WS-0045__trellix_epo.log,USHQ-WS-0045,trellix:epo,trellix:epo,1
raw/2647__USHQ-WS-0046__XmlWinEventLog.log,USHQ-WS-0046,XmlWinEventLog:Microsoft-Windows-Sysmon/Operational,XmlWinEventLog,11
raw/2648__USHQ-WS-0046__XmlWinEventLog.log,USHQ-WS-0046,XmlWinEventLog:Security,XmlWinEventLog,3
raw/2649__USHQ-WS-0046__ms_defender_eventhub.log,USHQ-WS-0046,ms:defender:eventhub,ms:defender:eventhub,4
raw/2650__USHQ-WS-0046__wsus_client.log,USHQ-WS-0046,wsus:client,wsus:client,1
raw/2651__USHQ-WS-0047__XmlWinEventLog.log,USHQ-WS-0047,XmlWinEventLog:Microsoft-Windows-Sysmon/Operational,XmlWinEventLog,5
raw/2652__USHQ-WS-0047__XmlWinEventLog.log,USHQ-WS-0047,XmlWinEventLog:Security,XmlWinEventLog,5
raw/2653__USHQ-WS-0047__trellix_epo.log,USHQ-WS-0047,trellix:epo,trellix:epo,1
raw/2654__USHQ-WS-0048__XmlWinEventLog.log,USHQ-WS-0048,XmlWinEventLog:Microsoft-Windows-Sysmon/Operational,XmlWinEventLog,5
raw/2655__USHQ-WS-0048__XmlWinEventLog.log,USHQ-WS-0048,XmlWinEventLog:Security,XmlWinEventLog,4
raw/2656__USHQ-WS-0048__ms_defender_eventhub.log,USHQ-WS-0048,ms:defender:eventhub,ms:defender:eventhub,3
raw/2657__USHQ-WS-0048__sccm_client.log,USHQ-WS-0048,sccm:client,sccm:client,1
raw/2658__USHQ-WS-0048__trellix_epo.log,USHQ-WS-0048,trellix:epo,trellix:epo,1
raw/2659__USHQ-WS-0049__XmlWinEventLog.log,USHQ-WS-0049,XmlWinEventLog:Microsoft-Windows-Sysmon/Operational,XmlWinEventLog,6
raw/2660__USHQ-WS-0049__XmlWinEventLog.log,USHQ-WS-0049,XmlWinEventLog:Security,XmlWinEventLog,4
raw/2661__USHQ-WS-0050__XmlWinEventLog.log,USHQ-WS-0050,XmlWinEventLog:Microsoft-Windows-Sysmon/Operational,XmlWinEventLog,10
raw/2662__USHQ-WS-0050__XmlWinEventLog.log,USHQ-WS-0050,XmlWinEventLog:Security,XmlWinEventLog,8
raw/2663__USHQ-WS-0050__ms_defender_eventhub.log,USHQ-WS-0050,ms:defender:eventhub,ms:defender:eventhub,1
raw/2664__USHQ-WS-0050__trellix_epo.log,USHQ-WS-0050,trellix:epo,trellix:epo,1
raw/2665__USHQ-WS-0051__XmlWinEventLog.log,USHQ-WS-0051,XmlWinEventLog:Microsoft-Windows-Sysmon/Operational,XmlWinEventLog,3
raw/2666__USHQ-WS-0051__XmlWinEventLog.log,USHQ-WS-0051,XmlWinEventLog:Security,XmlWinEventLog,3
raw/2667__USHQ-WS-0052__XmlWinEventLog.log,USHQ-WS-0052,XmlWinEventLog:Microsoft-Windows-Sysmon/Operational,XmlWinEventLog,7
raw/2668__USHQ-WS-0052__XmlWinEventLog.log,USHQ-WS-0052,XmlWinEventLog:Security,XmlWinEventLog,5
raw/2669__USHQ-WS-0052__wsus_client.log,USHQ-WS-0052,wsus:client,wsus:client,1
raw/2670__USHQ-WS-0053__XmlWinEventLog.log,USHQ-WS-0053,XmlWinEventLog:Microsoft-Windows-Sysmon/Operational,XmlWinEventLog,9
raw/2671__USHQ-WS-0053__XmlWinEventLog.log,USHQ-WS-0053,XmlWinEventLog:Security,XmlWinEventLog,7
raw/2672__USHQ-WS-0053__ms_defender_eventhub.log,USHQ-WS-0053,ms:defender:eventhub,ms:defender:eventhub,1
raw/2673__USHQ-WS-0053__sccm_client.log,USHQ-WS-0053,sccm:client,sccm:client,1
raw/2674__USHQ-WS-0054__XmlWinEventLog.log,USHQ-WS-0054,XmlWinEventLog:Microsoft-Windows-Sysmon/Operational,XmlWinEventLog,5
raw/2675__USHQ-WS-0054__XmlWinEventLog.log,USHQ-WS-0054,XmlWinEventLog:Security,XmlWinEventLog,4
raw/2676__USHQ-WS-0054__ms_defender_eventhub.log,USHQ-WS-0054,ms:defender:eventhub,ms:defender:eventhub,1
raw/2677__USHQ-WS-0054__trellix_epo.log,USHQ-WS-0054,trellix:epo,trellix:epo,1
raw/2678__USHQ-WS-0055__XmlWinEventLog.log,USHQ-WS-0055,XmlWinEventLog:Microsoft-Windows-Sysmon/Operational,XmlWinEventLog,5
raw/2679__USHQ-WS-0055__XmlWinEventLog.log,USHQ-WS-0055,XmlWinEventLog:Security,XmlWinEventLog,2
raw/2680__USHQ-WS-0055__ms_defender_eventhub.log,USHQ-WS-0055,ms:defender:eventhub,ms:defender:eventhub,2
raw/2681__USHQ-WS-0055__sccm_client.log,USHQ-WS-0055,sccm:client,sccm:client,1
raw/2682__USHQ-WS-0056__XmlWinEventLog.log,USHQ-WS-0056,XmlWinEventLog:Microsoft-Windows-Sysmon/Operational,XmlWinEventLog,7
raw/2683__USHQ-WS-0056__XmlWinEventLog.log,USHQ-WS-0056,XmlWinEventLog:Security,XmlWinEventLog,6
raw/2684__USHQ-WS-0056__ms_defender_eventhub.log,USHQ-WS-0056,ms:defender:eventhub,ms:defender:eventhub,4
raw/2685__USHQ-WS-0056__trellix_epo.log,USHQ-WS-0056,trellix:epo,trellix:epo,1
raw/2686__USHQ-WS-0057__XmlWinEventLog.log,USHQ-WS-0057,XmlWinEventLog:Microsoft-Windows-Sysmon/Operational,XmlWinEventLog,8
raw/2687__USHQ-WS-0057__XmlWinEventLog.log,USHQ-WS-0057,XmlWinEventLog:Security,XmlWinEventLog,6
raw/2688__USHQ-WS-0057__ms_defender_eventhub.log,USHQ-WS-0057,ms:defender:eventhub,ms:defender:eventhub,3
raw/2689__USHQ-WS-0058__XmlWinEventLog.log,USHQ-WS-0058,XmlWinEventLog:Microsoft-Windows-Sysmon/Operational,XmlWinEventLog,6
raw/2690__USHQ-WS-0058__XmlWinEventLog.log,USHQ-WS-0058,XmlWinEventLog:Security,XmlWinEventLog,1
raw/2691__USHQ-WS-0058__sccm_client.log,USHQ-WS-0058,sccm:client,sccm:client,1
raw/2692__USHQ-WS-0059__XmlWinEventLog.log,USHQ-WS-0059,XmlWinEventLog:Microsoft-Windows-Sysmon/Operational,XmlWinEventLog,9
raw/2693__USHQ-WS-0059__XmlWinEventLog.log,USHQ-WS-0059,XmlWinEventLog:Security,XmlWinEventLog,5
raw/2694__USHQ-WS-0059__sccm_client.log,USHQ-WS-0059,sccm:client,sccm:client,1
raw/2695__USHQ-WS-0059__trellix_epo.log,USHQ-WS-0059,trellix:epo,trellix:epo,2
raw/2696__USHQ-WS-0060__XmlWinEventLog.log,USHQ-WS-0060,XmlWinEventLog:Microsoft-Windows-Sysmon/Operational,XmlWinEventLog,9
raw/2697__USHQ-WS-0060__XmlWinEventLog.log,USHQ-WS-0060,XmlWinEventLog:Security,XmlWinEventLog,10
raw/2698__USHQ-WS-0060__ms_defender_eventhub.log,USHQ-WS-0060,ms:defender:eventhub,ms:defender:eventhub,1
raw/2699__USHQ-WS-0061__XmlWinEventLog.log,USHQ-WS-0061,XmlWinEventLog:Microsoft-Windows-Sysmon/Operational,XmlWinEventLog,13
raw/2700__USHQ-WS-0061__XmlWinEventLog.log,USHQ-WS-0061,XmlWinEventLog:Security,XmlWinEventLog,3
raw/2701__USHQ-WS-0061__wsus_client.log,USHQ-WS-0061,wsus:client,wsus:client,1
raw/2702__USHQ-WS-0062__XmlWinEventLog.log,USHQ-WS-0062,XmlWinEventLog:Microsoft-Windows-Sysmon/Operational,XmlWinEventLog,8
raw/2703__USHQ-WS-0062__XmlWinEventLog.log,USHQ-WS-0062,XmlWinEventLog:Security,XmlWinEventLog,8
raw/2704__USHQ-WS-0062__wsus_client.log,USHQ-WS-0062,wsus:client,wsus:client,1
raw/2705__USHQ-WS-0063__XmlWinEventLog.log,USHQ-WS-0063,XmlWinEventLog:Microsoft-Windows-Sysmon/Operational,XmlWinEventLog,6
raw/2706__USHQ-WS-0063__XmlWinEventLog.log,USHQ-WS-0063,XmlWinEventLog:Security,XmlWinEventLog,9
raw/2707__USHQ-WS-0064__XmlWinEventLog.log,USHQ-WS-0064,XmlWinEventLog:Microsoft-Windows-Sysmon/Operational,XmlWinEventLog,8
raw/2708__USHQ-WS-0064__XmlWinEventLog.log,USHQ-WS-0064,XmlWinEventLog:Security,XmlWinEventLog,3
raw/2709__USHQ-WS-0064__ms_defender_eventhub.log,USHQ-WS-0064,ms:defender:eventhub,ms:defender:eventhub,2
raw/2710__USHQ-ZEEK-01__bro_conn_json.log,USHQ-ZEEK-01,zeek:conn,bro:conn:json,1034
raw/2711__USHQ-ZEEK-01__bro_dce_rpc_json.log,USHQ-ZEEK-01,zeek:dce_rpc,bro:dce_rpc:json,91
raw/2712__USHQ-ZEEK-01__bro_dns_json.log,USHQ-ZEEK-01,zeek:dns,bro:dns:json,471
raw/2713__USHQ-ZEEK-01__bro_http_json.log,USHQ-ZEEK-01,zeek:http,bro:http:json,276
raw/2714__USHQ-ZEEK-01__bro_smb_files_json.log,USHQ-ZEEK-01,zeek:smb_files,bro:smb_files:json,112
raw/2715__USHQ-ZEEK-01__bro_ssl_json.log,USHQ-ZEEK-01,zeek:ssl,bro:ssl:json,393
raw/2716__USNO-APP-01__XmlWinEventLog.log,USNO-APP-01,XmlWinEventLog:Microsoft-Windows-Sysmon/Operational,XmlWinEventLog,14
raw/2717__USNO-APP-01__XmlWinEventLog.log,USNO-APP-01,XmlWinEventLog:Security,XmlWinEventLog,8
raw/2718__USNO-APP-01__ms_defender_eventhub.log,USNO-APP-01,ms:defender:eventhub,ms:defender:eventhub,2
raw/2719__USNO-APP-01__trellix_epo.log,USNO-APP-01,trellix:epo,trellix:epo,1
raw/2720__USNO-APP-02__XmlWinEventLog.log,USNO-APP-02,XmlWinEventLog:Microsoft-Windows-Sysmon/Operational,XmlWinEventLog,6
raw/2721__USNO-APP-02__XmlWinEventLog.log,USNO-APP-02,XmlWinEventLog:Security,XmlWinEventLog,3
raw/2722__USNO-APP-02__ms_defender_eventhub.log,USNO-APP-02,ms:defender:eventhub,ms:defender:eventhub,3
raw/2723__USNO-APP-02__trellix_epo.log,USNO-APP-02,trellix:epo,trellix:epo,2
raw/2724__USNO-APP-03__XmlWinEventLog.log,USNO-APP-03,XmlWinEventLog:Microsoft-Windows-Sysmon/Operational,XmlWinEventLog,8
raw/2725__USNO-APP-03__XmlWinEventLog.log,USNO-APP-03,XmlWinEventLog:Security,XmlWinEventLog,5
raw/2726__USNO-APP-03__trellix_epo.log,USNO-APP-03,trellix:epo,trellix:epo,1
raw/2727__USNO-APP-04__XmlWinEventLog.log,USNO-APP-04,XmlWinEventLog:Microsoft-Windows-Sysmon/Operational,XmlWinEventLog,11
raw/2728__USNO-APP-04__XmlWinEventLog.log,USNO-APP-04,XmlWinEventLog:Security,XmlWinEventLog,6
raw/2729__USNO-APP-04__wsus_client.log,USNO-APP-04,wsus:client,wsus:client,1
raw/2730__USNO-APP-05__XmlWinEventLog.log,USNO-APP-05,XmlWinEventLog:Microsoft-Windows-Sysmon/Operational,XmlWinEventLog,6
raw/2731__USNO-APP-05__XmlWinEventLog.log,USNO-APP-05,XmlWinEventLog:Security,XmlWinEventLog,3
raw/2732__USNO-APP-06__XmlWinEventLog.log,USNO-APP-06,XmlWinEventLog:Microsoft-Windows-Sysmon/Operational,XmlWinEventLog,7
raw/2733__USNO-APP-06__XmlWinEventLog.log,USNO-APP-06,XmlWinEventLog:Security,XmlWinEventLog,11
raw/2734__USNO-APP-06__ms_defender_eventhub.log,USNO-APP-06,ms:defender:eventhub,ms:defender:eventhub,1
raw/2735__USNO-APP-06__trellix_epo.log,USNO-APP-06,trellix:epo,trellix:epo,1
raw/2736__USNO-APP-07__XmlWinEventLog.log,USNO-APP-07,XmlWinEventLog:Microsoft-Windows-Sysmon/Operational,XmlWinEventLog,4
raw/2737__USNO-APP-07__XmlWinEventLog.log,USNO-APP-07,XmlWinEventLog:Security,XmlWinEventLog,4
raw/2738__USNO-APP-07__trellix_epo.log,USNO-APP-07,trellix:epo,trellix:epo,1
raw/2739__USNO-APP-07__wsus_client.log,USNO-APP-07,wsus:client,wsus:client,1
raw/2740__USNO-APP-08__XmlWinEventLog.log,USNO-APP-08,XmlWinEventLog:Microsoft-Windows-Sysmon/Operational,XmlWinEventLog,9
raw/2741__USNO-APP-08__XmlWinEventLog.log,USNO-APP-08,XmlWinEventLog:Security,XmlWinEventLog,8
raw/2742__USNO-APP-08__trellix_epo.log,USNO-APP-08,trellix:epo,trellix:epo,2
raw/2743__USNO-DC-01__XmlWinEventLog.log,USNO-DC-01,XmlWinEventLog:Security,XmlWinEventLog,137
raw/2744__USNO-FS-01__XmlWinEventLog.log,USNO-FS-01,XmlWinEventLog:Microsoft-Windows-Sysmon/Operational,XmlWinEventLog,11
raw/2745__USNO-FS-01__XmlWinEventLog.log,USNO-FS-01,XmlWinEventLog:Security,XmlWinEventLog,6
raw/2746__USNO-FS-01__sccm_client.log,USNO-FS-01,sccm:client,sccm:client,1
raw/2747__USNO-FS-01__wsus_client.log,USNO-FS-01,wsus:client,wsus:client,1
raw/2748__USNO-FS-02__XmlWinEventLog.log,USNO-FS-02,XmlWinEventLog:Microsoft-Windows-Sysmon/Operational,XmlWinEventLog,11
raw/2749__USNO-FS-02__XmlWinEventLog.log,USNO-FS-02,XmlWinEventLog:Security,XmlWinEventLog,4
raw/2750__USNO-FS-02__wsus_client.log,USNO-FS-02,wsus:client,wsus:client,1
raw/2751__USNO-FS-03__XmlWinEventLog.log,USNO-FS-03,XmlWinEventLog:Microsoft-Windows-Sysmon/Operational,XmlWinEventLog,4
raw/2752__USNO-FS-03__XmlWinEventLog.log,USNO-FS-03,XmlWinEventLog:Security,XmlWinEventLog,3
raw/2753__USNO-FS-03__ms_defender_eventhub.log,USNO-FS-03,ms:defender:eventhub,ms:defender:eventhub,3
raw/2754__USNO-FS-03__sccm_client.log,USNO-FS-03,sccm:client,sccm:client,1
raw/2755__USNO-FS-03__trellix_epo.log,USNO-FS-03,trellix:epo,trellix:epo,1
raw/2756__USNO-FS-04__XmlWinEventLog.log,USNO-FS-04,XmlWinEventLog:Microsoft-Windows-Sysmon/Operational,XmlWinEventLog,4
raw/2757__USNO-FS-04__XmlWinEventLog.log,USNO-FS-04,XmlWinEventLog:Security,XmlWinEventLog,4
raw/2758__USNO-FS-04__ms_defender_eventhub.log,USNO-FS-04,ms:defender:eventhub,ms:defender:eventhub,1
raw/2759__USNO-FS-04__trellix_epo.log,USNO-FS-04,trellix:epo,trellix:epo,1
raw/2760__USNO-FW-01__pan_traffic.log,USNO-FW-01,pan:traffic,pan:traffic,111
raw/2761__USNO-FW-02__fortigate_traffic.log,USNO-FW-02,fortigate_traffic,fortigate_traffic,108
raw/2762__USNO-FW-03__cisco_asa.log,USNO-FW-03,cisco:asa,cisco:asa,108
raw/2763__USNO-IVANTI-01__ivanti_events.log,USNO-IVANTI-01,ivanti:events,ivanti:events,267
raw/2764__USNO-JUMP-01__XmlWinEventLog.log,USNO-JUMP-01,XmlWinEventLog:Microsoft-Windows-Sysmon/Operational,XmlWinEventLog,10
raw/2765__USNO-JUMP-01__XmlWinEventLog.log,USNO-JUMP-01,XmlWinEventLog:Security,XmlWinEventLog,9
raw/2766__USNO-JUMP-01__ms_defender_eventhub.log,USNO-JUMP-01,ms:defender:eventhub,ms:defender:eventhub,1
raw/2767__USNO-JUMP-01__sccm_client.log,USNO-JUMP-01,sccm:client,sccm:client,1
raw/2768__USNO-JUMP-02__XmlWinEventLog.log,USNO-JUMP-02,XmlWinEventLog:Microsoft-Windows-Sysmon/Operational,XmlWinEventLog,10
raw/2769__USNO-JUMP-02__XmlWinEventLog.log,USNO-JUMP-02,XmlWinEventLog:Security,XmlWinEventLog,6
raw/2770__USNO-JUMP-02__ms_defender_eventhub.log,USNO-JUMP-02,ms:defender:eventhub,ms:defender:eventhub,1
raw/2771__USNO-JUMP-03__XmlWinEventLog.log,USNO-JUMP-03,XmlWinEventLog:Microsoft-Windows-Sysmon/Operational,XmlWinEventLog,7
raw/2772__USNO-JUMP-03__XmlWinEventLog.log,USNO-JUMP-03,XmlWinEventLog:Security,XmlWinEventLog,10
raw/2773__USNO-JUMP-03__trellix_epo.log,USNO-JUMP-03,trellix:epo,trellix:epo,1
raw/2774__USNO-JUMP-03__wsus_client.log,USNO-JUMP-03,wsus:client,wsus:client,1
raw/2775__USNO-LNX-01__linux_audit.log,USNO-LNX-01,/var/log/audit/audit.log,linux_audit,129
raw/2776__USNO-LNX-01__linux_secure.log,USNO-LNX-01,/var/log/secure,linux_secure,18
raw/2777__USNO-LNX-01__syslog.log,USNO-LNX-01,/var/log/syslog,syslog,20
raw/2778__USNO-LNX-01__ms_defender_eventhub.log,USNO-LNX-01,ms:defender:eventhub,ms:defender:eventhub,1
raw/2779__USNO-LNX-02__linux_audit.log,USNO-LNX-02,/var/log/audit/audit.log,linux_audit,177
raw/2780__USNO-LNX-02__linux_secure.log,USNO-LNX-02,/var/log/secure,linux_secure,25
raw/2781__USNO-LNX-02__syslog.log,USNO-LNX-02,/var/log/syslog,syslog,33
raw/2782__USNO-LNX-02__ms_defender_eventhub.log,USNO-LNX-02,ms:defender:eventhub,ms:defender:eventhub,1
raw/2783__USNO-LNX-03__linux_audit.log,USNO-LNX-03,/var/log/audit/audit.log,linux_audit,87
raw/2784__USNO-LNX-03__linux_secure.log,USNO-LNX-03,/var/log/secure,linux_secure,19
raw/2785__USNO-LNX-03__syslog.log,USNO-LNX-03,/var/log/syslog,syslog,22
raw/2786__USNO-LNX-04__linux_audit.log,USNO-LNX-04,/var/log/audit/audit.log,linux_audit,104
raw/2787__USNO-LNX-04__linux_secure.log,USNO-LNX-04,/var/log/secure,linux_secure,20
raw/2788__USNO-LNX-04__syslog.log,USNO-LNX-04,/var/log/syslog,syslog,26
raw/2789__USNO-LNX-05__linux_audit.log,USNO-LNX-05,/var/log/audit/audit.log,linux_audit,104
raw/2790__USNO-LNX-05__linux_secure.log,USNO-LNX-05,/var/log/secure,linux_secure,17
raw/2791__USNO-LNX-05__syslog.log,USNO-LNX-05,/var/log/syslog,syslog,36
raw/2792__USNO-LNX-05__ms_defender_eventhub.log,USNO-LNX-05,ms:defender:eventhub,ms:defender:eventhub,1
raw/2793__USNO-LNX-06__linux_audit.log,USNO-LNX-06,/var/log/audit/audit.log,linux_audit,101
raw/2794__USNO-LNX-06__linux_secure.log,USNO-LNX-06,/var/log/secure,linux_secure,18
raw/2795__USNO-LNX-06__syslog.log,USNO-LNX-06,/var/log/syslog,syslog,24
raw/2796__USNO-LNX-07__linux_audit.log,USNO-LNX-07,/var/log/audit/audit.log,linux_audit,125
raw/2797__USNO-LNX-07__linux_secure.log,USNO-LNX-07,/var/log/secure,linux_secure,20
raw/2798__USNO-LNX-07__syslog.log,USNO-LNX-07,/var/log/syslog,syslog,32
raw/2799__USNO-LNX-07__ms_defender_eventhub.log,USNO-LNX-07,ms:defender:eventhub,ms:defender:eventhub,1
raw/2800__USNO-LNX-07__trellix_epo.log,USNO-LNX-07,trellix:epo,trellix:epo,1
raw/2801__USNO-LNX-08__linux_audit.log,USNO-LNX-08,/var/log/audit/audit.log,linux_audit,96
raw/2802__USNO-LNX-08__linux_secure.log,USNO-LNX-08,/var/log/secure,linux_secure,9
raw/2803__USNO-LNX-08__syslog.log,USNO-LNX-08,/var/log/syslog,syslog,42
raw/2804__USNO-MFT-01__mft_transfer.log,USNO-MFT-01,mft:transfer,mft:transfer,249
raw/2805__USNO-PACS-01__pacs_access.log,USNO-PACS-01,pacs:access,pacs:access,148
raw/2806__USNO-PAW-01__XmlWinEventLog.log,USNO-PAW-01,XmlWinEventLog:Microsoft-Windows-Sysmon/Operational,XmlWinEventLog,8
raw/2807__USNO-PAW-01__XmlWinEventLog.log,USNO-PAW-01,XmlWinEventLog:Security,XmlWinEventLog,2
raw/2808__USNO-PAW-02__XmlWinEventLog.log,USNO-PAW-02,XmlWinEventLog:Microsoft-Windows-Sysmon/Operational,XmlWinEventLog,9
raw/2809__USNO-PAW-02__XmlWinEventLog.log,USNO-PAW-02,XmlWinEventLog:Security,XmlWinEventLog,4
raw/2810__USNO-PAW-02__trellix_epo.log,USNO-PAW-02,trellix:epo,trellix:epo,1
raw/2811__USNO-PAW-02__wsus_client.log,USNO-PAW-02,wsus:client,wsus:client,1
raw/2812__USNO-PAW-03__XmlWinEventLog.log,USNO-PAW-03,XmlWinEventLog:Microsoft-Windows-Sysmon/Operational,XmlWinEventLog,3
raw/2813__USNO-PAW-03__XmlWinEventLog.log,USNO-PAW-03,XmlWinEventLog:Security,XmlWinEventLog,8
raw/2814__USNO-PAW-04__XmlWinEventLog.log,USNO-PAW-04,XmlWinEventLog:Microsoft-Windows-Sysmon/Operational,XmlWinEventLog,4
raw/2815__USNO-PAW-04__XmlWinEventLog.log,USNO-PAW-04,XmlWinEventLog:Security,XmlWinEventLog,5
raw/2816__USNO-PAW-04__sccm_client.log,USNO-PAW-04,sccm:client,sccm:client,1
raw/2817__USNO-PAW-04__trellix_epo.log,USNO-PAW-04,trellix:epo,trellix:epo,1
raw/2818__USNO-PAW-05__XmlWinEventLog.log,USNO-PAW-05,XmlWinEventLog:Microsoft-Windows-Sysmon/Operational,XmlWinEventLog,5
raw/2819__USNO-PAW-05__XmlWinEventLog.log,USNO-PAW-05,XmlWinEventLog:Security,XmlWinEventLog,8
raw/2820__USNO-PAW-05__ms_defender_eventhub.log,USNO-PAW-05,ms:defender:eventhub,ms:defender:eventhub,3
raw/2821__USNO-PAW-06__XmlWinEventLog.log,USNO-PAW-06,XmlWinEventLog:Microsoft-Windows-Sysmon/Operational,XmlWinEventLog,7
raw/2822__USNO-PAW-06__XmlWinEventLog.log,USNO-PAW-06,XmlWinEventLog:Security,XmlWinEventLog,8
raw/2823__USNO-PAW-06__ms_defender_eventhub.log,USNO-PAW-06,ms:defender:eventhub,ms:defender:eventhub,1
raw/2824__USNO-PAW-06__sccm_client.log,USNO-PAW-06,sccm:client,sccm:client,1
raw/2825__USNO-RADIUS-01__radius.log,USNO-RADIUS-01,radius,radius,109
raw/2826__USNO-RTR-01__cisco_ios.log,USNO-RTR-01,cisco:ios,cisco:ios,51
raw/2827__USNO-RTR-02__juniper.log,USNO-RTR-02,juniper,juniper,25
raw/2828__USNO-RTR-02__juniper_junos_firewall.log,USNO-RTR-02,juniper:junos:firewall,juniper:junos:firewall,16
raw/2829__USNO-TACACS-01__tacacs.log,USNO-TACACS-01,tacacs,tacacs,137
raw/2830__USNO-TEN-01__tenable_io_vuln.log,USNO-TEN-01,tenable:io:vuln,tenable:io:vuln,224
raw/2831__USNO-VDI-01__XmlWinEventLog.log,USNO-VDI-01,XmlWinEventLog:Microsoft-Windows-Sysmon/Operational,XmlWinEventLog,7
raw/2832__USNO-VDI-01__XmlWinEventLog.log,USNO-VDI-01,XmlWinEventLog:Security,XmlWinEventLog,3
raw/2833__USNO-VDI-01__ms_defender_eventhub.log,USNO-VDI-01,ms:defender:eventhub,ms:defender:eventhub,3
raw/2834__USNO-VDI-01__trellix_epo.log,USNO-VDI-01,trellix:epo,trellix:epo,1
raw/2835__USNO-VDI-02__XmlWinEventLog.log,USNO-VDI-02,XmlWinEventLog:Microsoft-Windows-Sysmon/Operational,XmlWinEventLog,4
raw/2836__USNO-VDI-02__XmlWinEventLog.log,USNO-VDI-02,XmlWinEventLog:Security,XmlWinEventLog,6
raw/2837__USNO-VDI-02__sccm_client.log,USNO-VDI-02,sccm:client,sccm:client,1
raw/2838__USNO-VDI-02__trellix_epo.log,USNO-VDI-02,trellix:epo,trellix:epo,1
raw/2839__USNO-VDI-03__XmlWinEventLog.log,USNO-VDI-03,XmlWinEventLog:Microsoft-Windows-Sysmon/Operational,XmlWinEventLog,8
raw/2840__USNO-VDI-03__XmlWinEventLog.log,USNO-VDI-03,XmlWinEventLog:Security,XmlWinEventLog,2
raw/2841__USNO-VDI-03__ms_defender_eventhub.log,USNO-VDI-03,ms:defender:eventhub,ms:defender:eventhub,1
raw/2842__USNO-VDI-03__wsus_client.log,USNO-VDI-03,wsus:client,wsus:client,2
raw/2843__USNO-WS-0001__XmlWinEventLog.log,USNO-WS-0001,XmlWinEventLog:Microsoft-Windows-Sysmon/Operational,XmlWinEventLog,10
raw/2844__USNO-WS-0001__XmlWinEventLog.log,USNO-WS-0001,XmlWinEventLog:Security,XmlWinEventLog,5
raw/2845__USNO-WS-0001__ms_defender_eventhub.log,USNO-WS-0001,ms:defender:eventhub,ms:defender:eventhub,1
raw/2846__USNO-WS-0001__wsus_client.log,USNO-WS-0001,wsus:client,wsus:client,1
raw/2847__USNO-WS-0002__XmlWinEventLog.log,USNO-WS-0002,XmlWinEventLog:Microsoft-Windows-Sysmon/Operational,XmlWinEventLog,9
raw/2848__USNO-WS-0002__XmlWinEventLog.log,USNO-WS-0002,XmlWinEventLog:Security,XmlWinEventLog,5
raw/2849__USNO-WS-0002__ms_defender_eventhub.log,USNO-WS-0002,ms:defender:eventhub,ms:defender:eventhub,2
raw/2850__USNO-WS-0003__XmlWinEventLog.log,USNO-WS-0003,XmlWinEventLog:Microsoft-Windows-Sysmon/Operational,XmlWinEventLog,6
raw/2851__USNO-WS-0003__XmlWinEventLog.log,USNO-WS-0003,XmlWinEventLog:Security,XmlWinEventLog,7
raw/2852__USNO-WS-0004__XmlWinEventLog.log,USNO-WS-0004,XmlWinEventLog:Microsoft-Windows-Sysmon/Operational,XmlWinEventLog,10
raw/2853__USNO-WS-0004__XmlWinEventLog.log,USNO-WS-0004,XmlWinEventLog:Security,XmlWinEventLog,12
raw/2854__USNO-WS-0005__XmlWinEventLog.log,USNO-WS-0005,XmlWinEventLog:Microsoft-Windows-Sysmon/Operational,XmlWinEventLog,14
raw/2855__USNO-WS-0005__XmlWinEventLog.log,USNO-WS-0005,XmlWinEventLog:Security,XmlWinEventLog,17
raw/2856__USNO-WS-0005__ms_defender_eventhub.log,USNO-WS-0005,ms:defender:eventhub,ms:defender:eventhub,3
raw/2857__USNO-WS-0006__XmlWinEventLog.log,USNO-WS-0006,XmlWinEventLog:Microsoft-Windows-Sysmon/Operational,XmlWinEventLog,7
raw/2858__USNO-WS-0006__XmlWinEventLog.log,USNO-WS-0006,XmlWinEventLog:Security,XmlWinEventLog,7
raw/2859__USNO-WS-0006__sccm_client.log,USNO-WS-0006,sccm:client,sccm:client,1
raw/2860__USNO-WS-0006__trellix_epo.log,USNO-WS-0006,trellix:epo,trellix:epo,1
raw/2861__USNO-WS-0007__XmlWinEventLog.log,USNO-WS-0007,XmlWinEventLog:Microsoft-Windows-Sysmon/Operational,XmlWinEventLog,10
raw/2862__USNO-WS-0007__XmlWinEventLog.log,USNO-WS-0007,XmlWinEventLog:Security,XmlWinEventLog,6
raw/2863__USNO-WS-0007__ms_defender_eventhub.log,USNO-WS-0007,ms:defender:eventhub,ms:defender:eventhub,1
raw/2864__USNO-WS-0008__XmlWinEventLog.log,USNO-WS-0008,XmlWinEventLog:Microsoft-Windows-Sysmon/Operational,XmlWinEventLog,12
raw/2865__USNO-WS-0008__XmlWinEventLog.log,USNO-WS-0008,XmlWinEventLog:Security,XmlWinEventLog,6
raw/2866__USNO-WS-0009__XmlWinEventLog.log,USNO-WS-0009,XmlWinEventLog:Microsoft-Windows-Sysmon/Operational,XmlWinEventLog,11
raw/2867__USNO-WS-0009__XmlWinEventLog.log,USNO-WS-0009,XmlWinEventLog:Security,XmlWinEventLog,12
raw/2868__USNO-WS-0009__ms_defender_eventhub.log,USNO-WS-0009,ms:defender:eventhub,ms:defender:eventhub,1
raw/2869__USNO-WS-0010__XmlWinEventLog.log,USNO-WS-0010,XmlWinEventLog:Microsoft-Windows-Sysmon/Operational,XmlWinEventLog,11
raw/2870__USNO-WS-0010__XmlWinEventLog.log,USNO-WS-0010,XmlWinEventLog:Security,XmlWinEventLog,4
raw/2871__USNO-WS-0011__XmlWinEventLog.log,USNO-WS-0011,XmlWinEventLog:Microsoft-Windows-Sysmon/Operational,XmlWinEventLog,7
raw/2872__USNO-WS-0011__XmlWinEventLog.log,USNO-WS-0011,XmlWinEventLog:Security,XmlWinEventLog,13
raw/2873__USNO-WS-0011__wsus_client.log,USNO-WS-0011,wsus:client,wsus:client,1
raw/2874__USNO-WS-0012__XmlWinEventLog.log,USNO-WS-0012,XmlWinEventLog:Microsoft-Windows-Sysmon/Operational,XmlWinEventLog,7
raw/2875__USNO-WS-0012__XmlWinEventLog.log,USNO-WS-0012,XmlWinEventLog:Security,XmlWinEventLog,7
raw/2876__USNO-WS-0012__ms_defender_eventhub.log,USNO-WS-0012,ms:defender:eventhub,ms:defender:eventhub,3
raw/2877__USNO-WS-0012__wsus_client.log,USNO-WS-0012,wsus:client,wsus:client,2
raw/2878__USNO-WS-0013__XmlWinEventLog.log,USNO-WS-0013,XmlWinEventLog:Microsoft-Windows-Sysmon/Operational,XmlWinEventLog,7
raw/2879__USNO-WS-0013__XmlWinEventLog.log,USNO-WS-0013,XmlWinEventLog:Security,XmlWinEventLog,12
raw/2880__USNO-WS-0013__sccm_client.log,USNO-WS-0013,sccm:client,sccm:client,1
raw/2881__USNO-WS-0014__XmlWinEventLog.log,USNO-WS-0014,XmlWinEventLog:Microsoft-Windows-Sysmon/Operational,XmlWinEventLog,8
raw/2882__USNO-WS-0014__XmlWinEventLog.log,USNO-WS-0014,XmlWinEventLog:Security,XmlWinEventLog,9
raw/2883__USNO-WS-0014__ms_defender_eventhub.log,USNO-WS-0014,ms:defender:eventhub,ms:defender:eventhub,1
raw/2884__USNO-WS-0015__XmlWinEventLog.log,USNO-WS-0015,XmlWinEventLog:Microsoft-Windows-Sysmon/Operational,XmlWinEventLog,4
raw/2885__USNO-WS-0015__XmlWinEventLog.log,USNO-WS-0015,XmlWinEventLog:Security,XmlWinEventLog,3
raw/2886__USNO-WS-0016__XmlWinEventLog.log,USNO-WS-0016,XmlWinEventLog:Microsoft-Windows-Sysmon/Operational,XmlWinEventLog,12
raw/2887__USNO-WS-0016__XmlWinEventLog.log,USNO-WS-0016,XmlWinEventLog:Security,XmlWinEventLog,10
raw/2888__USNO-WS-0016__ms_defender_eventhub.log,USNO-WS-0016,ms:defender:eventhub,ms:defender:eventhub,2
raw/2889__USNO-WS-0016__wsus_client.log,USNO-WS-0016,wsus:client,wsus:client,2
raw/2890__USNO-WS-0017__XmlWinEventLog.log,USNO-WS-0017,XmlWinEventLog:Microsoft-Windows-Sysmon/Operational,XmlWinEventLog,7
raw/2891__USNO-WS-0017__XmlWinEventLog.log,USNO-WS-0017,XmlWinEventLog:Security,XmlWinEventLog,7
raw/2892__USNO-WS-0018__XmlWinEventLog.log,USNO-WS-0018,XmlWinEventLog:Microsoft-Windows-Sysmon/Operational,XmlWinEventLog,7
raw/2893__USNO-WS-0018__XmlWinEventLog.log,USNO-WS-0018,XmlWinEventLog:Security,XmlWinEventLog,11
raw/2894__USNO-WS-0018__ms_defender_eventhub.log,USNO-WS-0018,ms:defender:eventhub,ms:defender:eventhub,1
raw/2895__USNO-WS-0019__XmlWinEventLog.log,USNO-WS-0019,XmlWinEventLog:Microsoft-Windows-Sysmon/Operational,XmlWinEventLog,8
raw/2896__USNO-WS-0019__XmlWinEventLog.log,USNO-WS-0019,XmlWinEventLog:Security,XmlWinEventLog,9
raw/2897__USNO-WS-0019__ms_defender_eventhub.log,USNO-WS-0019,ms:defender:eventhub,ms:defender:eventhub,2
raw/2898__USNO-WS-0020__XmlWinEventLog.log,USNO-WS-0020,XmlWinEventLog:Microsoft-Windows-Sysmon/Operational,XmlWinEventLog,8
raw/2899__USNO-WS-0020__XmlWinEventLog.log,USNO-WS-0020,XmlWinEventLog:Security,XmlWinEventLog,13
raw/2900__USNO-WS-0020__sccm_client.log,USNO-WS-0020,sccm:client,sccm:client,1
raw/2901__USNO-WS-0021__XmlWinEventLog.log,USNO-WS-0021,XmlWinEventLog:Microsoft-Windows-Sysmon/Operational,XmlWinEventLog,5
raw/2902__USNO-WS-0021__XmlWinEventLog.log,USNO-WS-0021,XmlWinEventLog:Security,XmlWinEventLog,8
raw/2903__USNO-WS-0022__XmlWinEventLog.log,USNO-WS-0022,XmlWinEventLog:Microsoft-Windows-Sysmon/Operational,XmlWinEventLog,13
raw/2904__USNO-WS-0022__XmlWinEventLog.log,USNO-WS-0022,XmlWinEventLog:Security,XmlWinEventLog,7
raw/2905__USNO-WS-0022__trellix_epo.log,USNO-WS-0022,trellix:epo,trellix:epo,1
raw/2906__USNO-WS-0023__XmlWinEventLog.log,USNO-WS-0023,XmlWinEventLog:Microsoft-Windows-Sysmon/Operational,XmlWinEventLog,9
raw/2907__USNO-WS-0023__XmlWinEventLog.log,USNO-WS-0023,XmlWinEventLog:Security,XmlWinEventLog,11
raw/2908__USNO-WS-0024__XmlWinEventLog.log,USNO-WS-0024,XmlWinEventLog:Microsoft-Windows-Sysmon/Operational,XmlWinEventLog,8
raw/2909__USNO-WS-0024__XmlWinEventLog.log,USNO-WS-0024,XmlWinEventLog:Security,XmlWinEventLog,16
raw/2910__USNO-WS-0024__ms_defender_eventhub.log,USNO-WS-0024,ms:defender:eventhub,ms:defender:eventhub,1
raw/2911__USNO-WS-0024__sccm_client.log,USNO-WS-0024,sccm:client,sccm:client,2
raw/2912__USNO-WS-0024__trellix_epo.log,USNO-WS-0024,trellix:epo,trellix:epo,1
raw/2913__USNO-WS-0025__XmlWinEventLog.log,USNO-WS-0025,XmlWinEventLog:Microsoft-Windows-Sysmon/Operational,XmlWinEventLog,5
raw/2914__USNO-WS-0025__XmlWinEventLog.log,USNO-WS-0025,XmlWinEventLog:Security,XmlWinEventLog,6
raw/2915__USNO-WS-0025__ms_defender_eventhub.log,USNO-WS-0025,ms:defender:eventhub,ms:defender:eventhub,1
raw/2916__USNO-WS-0025__wsus_client.log,USNO-WS-0025,wsus:client,wsus:client,1
raw/2917__USNO-WS-0026__XmlWinEventLog.log,USNO-WS-0026,XmlWinEventLog:Microsoft-Windows-Sysmon/Operational,XmlWinEventLog,4
raw/2918__USNO-WS-0026__XmlWinEventLog.log,USNO-WS-0026,XmlWinEventLog:Security,XmlWinEventLog,3
raw/2919__USNO-WS-0026__ms_defender_eventhub.log,USNO-WS-0026,ms:defender:eventhub,ms:defender:eventhub,3
raw/2920__USNO-WS-0026__wsus_client.log,USNO-WS-0026,wsus:client,wsus:client,3
raw/2921__USNO-WS-0027__XmlWinEventLog.log,USNO-WS-0027,XmlWinEventLog:Microsoft-Windows-Sysmon/Operational,XmlWinEventLog,5
raw/2922__USNO-WS-0027__XmlWinEventLog.log,USNO-WS-0027,XmlWinEventLog:Security,XmlWinEventLog,4
raw/2923__USNO-WS-0027__ms_defender_eventhub.log,USNO-WS-0027,ms:defender:eventhub,ms:defender:eventhub,2
raw/2924__USNO-WS-0028__XmlWinEventLog.log,USNO-WS-0028,XmlWinEventLog:Microsoft-Windows-Sysmon/Operational,XmlWinEventLog,4
raw/2925__USNO-WS-0028__XmlWinEventLog.log,USNO-WS-0028,XmlWinEventLog:Security,XmlWinEventLog,3
raw/2926__USNO-WS-0028__trellix_epo.log,USNO-WS-0028,trellix:epo,trellix:epo,1
raw/2927__USNO-WS-0028__wsus_client.log,USNO-WS-0028,wsus:client,wsus:client,1
raw/2928__USNO-WS-0029__XmlWinEventLog.log,USNO-WS-0029,XmlWinEventLog:Microsoft-Windows-Sysmon/Operational,XmlWinEventLog,10
raw/2929__USNO-WS-0029__XmlWinEventLog.log,USNO-WS-0029,XmlWinEventLog:Security,XmlWinEventLog,6
raw/2930__USNO-WS-0030__XmlWinEventLog.log,USNO-WS-0030,XmlWinEventLog:Microsoft-Windows-Sysmon/Operational,XmlWinEventLog,6
raw/2931__USNO-WS-0030__XmlWinEventLog.log,USNO-WS-0030,XmlWinEventLog:Security,XmlWinEventLog,6
raw/2932__USNO-WS-0030__ms_defender_eventhub.log,USNO-WS-0030,ms:defender:eventhub,ms:defender:eventhub,2
raw/2933__USNO-WS-0030__trellix_epo.log,USNO-WS-0030,trellix:epo,trellix:epo,1
raw/2934__USNO-WS-0030__wsus_client.log,USNO-WS-0030,wsus:client,wsus:client,1
raw/2935__USNO-WS-0031__XmlWinEventLog.log,USNO-WS-0031,XmlWinEventLog:Microsoft-Windows-Sysmon/Operational,XmlWinEventLog,5
raw/2936__USNO-WS-0031__XmlWinEventLog.log,USNO-WS-0031,XmlWinEventLog:Security,XmlWinEventLog,2
raw/2937__USNO-WS-0031__ms_defender_eventhub.log,USNO-WS-0031,ms:defender:eventhub,ms:defender:eventhub,4
raw/2938__USNO-WS-0031__trellix_epo.log,USNO-WS-0031,trellix:epo,trellix:epo,1
raw/2939__USNO-WS-0032__XmlWinEventLog.log,USNO-WS-0032,XmlWinEventLog:Microsoft-Windows-Sysmon/Operational,XmlWinEventLog,8
raw/2940__USNO-WS-0032__XmlWinEventLog.log,USNO-WS-0032,XmlWinEventLog:Security,XmlWinEventLog,6
raw/2941__USNO-WS-0032__ms_defender_eventhub.log,USNO-WS-0032,ms:defender:eventhub,ms:defender:eventhub,1
raw/2942__USNO-WS-0032__sccm_client.log,USNO-WS-0032,sccm:client,sccm:client,1
raw/2943__USNO-WS-0033__XmlWinEventLog.log,USNO-WS-0033,XmlWinEventLog:Microsoft-Windows-Sysmon/Operational,XmlWinEventLog,6
raw/2944__USNO-WS-0033__XmlWinEventLog.log,USNO-WS-0033,XmlWinEventLog:Security,XmlWinEventLog,4
raw/2945__USNO-WS-0033__sccm_client.log,USNO-WS-0033,sccm:client,sccm:client,1
raw/2946__USNO-WS-0034__XmlWinEventLog.log,USNO-WS-0034,XmlWinEventLog:Microsoft-Windows-Sysmon/Operational,XmlWinEventLog,9
raw/2947__USNO-WS-0034__XmlWinEventLog.log,USNO-WS-0034,XmlWinEventLog:Security,XmlWinEventLog,4
raw/2948__USNO-WS-0035__XmlWinEventLog.log,USNO-WS-0035,XmlWinEventLog:Microsoft-Windows-Sysmon/Operational,XmlWinEventLog,7
raw/2949__USNO-WS-0035__XmlWinEventLog.log,USNO-WS-0035,XmlWinEventLog:Security,XmlWinEventLog,7
raw/2950__USNO-WS-0035__ms_defender_eventhub.log,USNO-WS-0035,ms:defender:eventhub,ms:defender:eventhub,1
raw/2951__USNO-WS-0035__trellix_epo.log,USNO-WS-0035,trellix:epo,trellix:epo,1
raw/2952__USNO-WS-0036__XmlWinEventLog.log,USNO-WS-0036,XmlWinEventLog:Microsoft-Windows-Sysmon/Operational,XmlWinEventLog,9
raw/2953__USNO-WS-0036__XmlWinEventLog.log,USNO-WS-0036,XmlWinEventLog:Security,XmlWinEventLog,7
raw/2954__USNO-WS-0036__ms_defender_eventhub.log,USNO-WS-0036,ms:defender:eventhub,ms:defender:eventhub,3
raw/2955__USNO-WS-0037__XmlWinEventLog.log,USNO-WS-0037,XmlWinEventLog:Microsoft-Windows-Sysmon/Operational,XmlWinEventLog,3
raw/2956__USNO-WS-0037__XmlWinEventLog.log,USNO-WS-0037,XmlWinEventLog:Security,XmlWinEventLog,8
raw/2957__USNO-WS-0037__ms_defender_eventhub.log,USNO-WS-0037,ms:defender:eventhub,ms:defender:eventhub,2
raw/2958__USNO-WS-0038__XmlWinEventLog.log,USNO-WS-0038,XmlWinEventLog:Microsoft-Windows-Sysmon/Operational,XmlWinEventLog,7
raw/2959__USNO-WS-0038__XmlWinEventLog.log,USNO-WS-0038,XmlWinEventLog:Security,XmlWinEventLog,9
raw/2960__USNO-WS-0038__sccm_client.log,USNO-WS-0038,sccm:client,sccm:client,1
raw/2961__USNO-WS-0039__XmlWinEventLog.log,USNO-WS-0039,XmlWinEventLog:Microsoft-Windows-Sysmon/Operational,XmlWinEventLog,7
raw/2962__USNO-WS-0039__XmlWinEventLog.log,USNO-WS-0039,XmlWinEventLog:Security,XmlWinEventLog,6
raw/2963__USNO-WS-0039__ms_defender_eventhub.log,USNO-WS-0039,ms:defender:eventhub,ms:defender:eventhub,2
raw/2964__USNO-WS-0039__trellix_epo.log,USNO-WS-0039,trellix:epo,trellix:epo,1
raw/2965__USNO-WS-0040__XmlWinEventLog.log,USNO-WS-0040,XmlWinEventLog:Microsoft-Windows-Sysmon/Operational,XmlWinEventLog,5
raw/2966__USNO-WS-0040__XmlWinEventLog.log,USNO-WS-0040,XmlWinEventLog:Security,XmlWinEventLog,7
raw/2967__USNO-WS-0040__wsus_client.log,USNO-WS-0040,wsus:client,wsus:client,1
raw/2968__USNO-WS-0041__XmlWinEventLog.log,USNO-WS-0041,XmlWinEventLog:Microsoft-Windows-Sysmon/Operational,XmlWinEventLog,5
raw/2969__USNO-WS-0041__XmlWinEventLog.log,USNO-WS-0041,XmlWinEventLog:Security,XmlWinEventLog,3
raw/2970__USNO-WS-0042__XmlWinEventLog.log,USNO-WS-0042,XmlWinEventLog:Microsoft-Windows-Sysmon/Operational,XmlWinEventLog,7
raw/2971__USNO-WS-0042__XmlWinEventLog.log,USNO-WS-0042,XmlWinEventLog:Security,XmlWinEventLog,8
raw/2972__USNO-WS-0042__ms_defender_eventhub.log,USNO-WS-0042,ms:defender:eventhub,ms:defender:eventhub,1
raw/2973__USNO-WS-0043__XmlWinEventLog.log,USNO-WS-0043,XmlWinEventLog:Microsoft-Windows-Sysmon/Operational,XmlWinEventLog,10
raw/2974__USNO-WS-0043__XmlWinEventLog.log,USNO-WS-0043,XmlWinEventLog:Security,XmlWinEventLog,5
raw/2975__USNO-WS-0044__XmlWinEventLog.log,USNO-WS-0044,XmlWinEventLog:Microsoft-Windows-Sysmon/Operational,XmlWinEventLog,11
raw/2976__USNO-WS-0044__XmlWinEventLog.log,USNO-WS-0044,XmlWinEventLog:Security,XmlWinEventLog,6
raw/2977__USNO-WS-0044__ms_defender_eventhub.log,USNO-WS-0044,ms:defender:eventhub,ms:defender:eventhub,1
raw/2978__USNO-WS-0044__wsus_client.log,USNO-WS-0044,wsus:client,wsus:client,2
raw/2979__USNO-WS-0045__XmlWinEventLog.log,USNO-WS-0045,XmlWinEventLog:Microsoft-Windows-Sysmon/Operational,XmlWinEventLog,7
raw/2980__USNO-WS-0045__XmlWinEventLog.log,USNO-WS-0045,XmlWinEventLog:Security,XmlWinEventLog,4
raw/2981__USNO-WS-0045__ms_defender_eventhub.log,USNO-WS-0045,ms:defender:eventhub,ms:defender:eventhub,1
raw/2982__USNO-WS-0045__sccm_client.log,USNO-WS-0045,sccm:client,sccm:client,2
raw/2983__USNO-WS-0046__XmlWinEventLog.log,USNO-WS-0046,XmlWinEventLog:Microsoft-Windows-Sysmon/Operational,XmlWinEventLog,10
raw/2984__USNO-WS-0046__XmlWinEventLog.log,USNO-WS-0046,XmlWinEventLog:Security,XmlWinEventLog,5
raw/2985__USNO-WS-0046__ms_defender_eventhub.log,USNO-WS-0046,ms:defender:eventhub,ms:defender:eventhub,1
raw/2986__USNO-WS-0046__sccm_client.log,USNO-WS-0046,sccm:client,sccm:client,1
raw/2987__USNO-WS-0046__trellix_epo.log,USNO-WS-0046,trellix:epo,trellix:epo,2
raw/2988__USNO-WS-0047__XmlWinEventLog.log,USNO-WS-0047,XmlWinEventLog:Microsoft-Windows-Sysmon/Operational,XmlWinEventLog,11
raw/2989__USNO-WS-0047__XmlWinEventLog.log,USNO-WS-0047,XmlWinEventLog:Security,XmlWinEventLog,5
raw/2990__USNO-WS-0047__ms_defender_eventhub.log,USNO-WS-0047,ms:defender:eventhub,ms:defender:eventhub,2
raw/2991__USNO-WS-0048__XmlWinEventLog.log,USNO-WS-0048,XmlWinEventLog:Microsoft-Windows-Sysmon/Operational,XmlWinEventLog,5
raw/2992__USNO-WS-0048__XmlWinEventLog.log,USNO-WS-0048,XmlWinEventLog:Security,XmlWinEventLog,8
raw/2993__USNO-WS-0048__sccm_client.log,USNO-WS-0048,sccm:client,sccm:client,1
raw/2994__USNO-WS-0049__XmlWinEventLog.log,USNO-WS-0049,XmlWinEventLog:Microsoft-Windows-Sysmon/Operational,XmlWinEventLog,7
raw/2995__USNO-WS-0049__XmlWinEventLog.log,USNO-WS-0049,XmlWinEventLog:Security,XmlWinEventLog,4
raw/2996__USNO-WS-0049__trellix_epo.log,USNO-WS-0049,trellix:epo,trellix:epo,1
raw/2997__USNO-WS-0050__XmlWinEventLog.log,USNO-WS-0050,XmlWinEventLog:Microsoft-Windows-Sysmon/Operational,XmlWinEventLog,2
raw/2998__USNO-WS-0050__XmlWinEventLog.log,USNO-WS-0050,XmlWinEventLog:Security,XmlWinEventLog,5
raw/2999__USNO-WS-0050__ms_defender_eventhub.log,USNO-WS-0050,ms:defender:eventhub,ms:defender:eventhub,1
raw/3000__USNO-WS-0050__sccm_client.log,USNO-WS-0050,sccm:client,sccm:client,1
raw/3001__USNO-WS-0050__trellix_epo.log,USNO-WS-0050,trellix:epo,trellix:epo,1
raw/3002__USNO-WS-0051__XmlWinEventLog.log,USNO-WS-0051,XmlWinEventLog:Microsoft-Windows-Sysmon/Operational,XmlWinEventLog,3
raw/3003__USNO-WS-0051__XmlWinEventLog.log,USNO-WS-0051,XmlWinEventLog:Security,XmlWinEventLog,2
raw/3004__USNO-WS-0052__XmlWinEventLog.log,USNO-WS-0052,XmlWinEventLog:Microsoft-Windows-Sysmon/Operational,XmlWinEventLog,6
raw/3005__USNO-WS-0052__XmlWinEventLog.log,USNO-WS-0052,XmlWinEventLog:Security,XmlWinEventLog,2
raw/3006__USNO-WS-0053__XmlWinEventLog.log,USNO-WS-0053,XmlWinEventLog:Microsoft-Windows-Sysmon/Operational,XmlWinEventLog,6
raw/3007__USNO-WS-0053__XmlWinEventLog.log,USNO-WS-0053,XmlWinEventLog:Security,XmlWinEventLog,7
raw/3008__USNO-WS-0054__XmlWinEventLog.log,USNO-WS-0054,XmlWinEventLog:Microsoft-Windows-Sysmon/Operational,XmlWinEventLog,9
raw/3009__USNO-WS-0054__XmlWinEventLog.log,USNO-WS-0054,XmlWinEventLog:Security,XmlWinEventLog,3
raw/3010__USNO-WS-0054__ms_defender_eventhub.log,USNO-WS-0054,ms:defender:eventhub,ms:defender:eventhub,1
raw/3011__USNO-WS-0055__XmlWinEventLog.log,USNO-WS-0055,XmlWinEventLog:Microsoft-Windows-Sysmon/Operational,XmlWinEventLog,5
raw/3012__USNO-WS-0055__XmlWinEventLog.log,USNO-WS-0055,XmlWinEventLog:Security,XmlWinEventLog,8
raw/3013__USNO-WS-0055__ms_defender_eventhub.log,USNO-WS-0055,ms:defender:eventhub,ms:defender:eventhub,1
raw/3014__USNO-WS-0056__XmlWinEventLog.log,USNO-WS-0056,XmlWinEventLog:Microsoft-Windows-Sysmon/Operational,XmlWinEventLog,6
raw/3015__USNO-WS-0056__XmlWinEventLog.log,USNO-WS-0056,XmlWinEventLog:Security,XmlWinEventLog,8
raw/3016__USNO-WS-0056__ms_defender_eventhub.log,USNO-WS-0056,ms:defender:eventhub,ms:defender:eventhub,3
raw/3017__USNO-WS-0056__sccm_client.log,USNO-WS-0056,sccm:client,sccm:client,2
raw/3018__USNO-WS-0057__XmlWinEventLog.log,USNO-WS-0057,XmlWinEventLog:Microsoft-Windows-Sysmon/Operational,XmlWinEventLog,7
raw/3019__USNO-WS-0057__XmlWinEventLog.log,USNO-WS-0057,XmlWinEventLog:Security,XmlWinEventLog,3
raw/3020__USNO-WS-0057__ms_defender_eventhub.log,USNO-WS-0057,ms:defender:eventhub,ms:defender:eventhub,1
raw/3021__USNO-WS-0057__trellix_epo.log,USNO-WS-0057,trellix:epo,trellix:epo,1
raw/3022__USNO-WS-0057__wsus_client.log,USNO-WS-0057,wsus:client,wsus:client,1
raw/3023__USNO-WS-0058__XmlWinEventLog.log,USNO-WS-0058,XmlWinEventLog:Microsoft-Windows-Sysmon/Operational,XmlWinEventLog,7
raw/3024__USNO-WS-0058__XmlWinEventLog.log,USNO-WS-0058,XmlWinEventLog:Security,XmlWinEventLog,8
raw/3025__USNO-WS-0058__ms_defender_eventhub.log,USNO-WS-0058,ms:defender:eventhub,ms:defender:eventhub,2
raw/3026__USNO-WS-0059__XmlWinEventLog.log,USNO-WS-0059,XmlWinEventLog:Microsoft-Windows-Sysmon/Operational,XmlWinEventLog,5
raw/3027__USNO-WS-0059__XmlWinEventLog.log,USNO-WS-0059,XmlWinEventLog:Security,XmlWinEventLog,5
raw/3028__USNO-WS-0059__trellix_epo.log,USNO-WS-0059,trellix:epo,trellix:epo,2
raw/3029__USNO-WS-0060__XmlWinEventLog.log,USNO-WS-0060,XmlWinEventLog:Microsoft-Windows-Sysmon/Operational,XmlWinEventLog,8
raw/3030__USNO-WS-0060__XmlWinEventLog.log,USNO-WS-0060,XmlWinEventLog:Security,XmlWinEventLog,8
raw/3031__USNO-WS-0060__ms_defender_eventhub.log,USNO-WS-0060,ms:defender:eventhub,ms:defender:eventhub,1
raw/3032__USNO-WS-0061__XmlWinEventLog.log,USNO-WS-0061,XmlWinEventLog:Microsoft-Windows-Sysmon/Operational,XmlWinEventLog,7
raw/3033__USNO-WS-0061__XmlWinEventLog.log,USNO-WS-0061,XmlWinEventLog:Security,XmlWinEventLog,10
raw/3034__USNO-WS-0061__wsus_client.log,USNO-WS-0061,wsus:client,wsus:client,1
raw/3035__USNO-WS-0062__XmlWinEventLog.log,USNO-WS-0062,XmlWinEventLog:Microsoft-Windows-Sysmon/Operational,XmlWinEventLog,9
raw/3036__USNO-WS-0062__XmlWinEventLog.log,USNO-WS-0062,XmlWinEventLog:Security,XmlWinEventLog,8
raw/3037__USNO-WS-0062__ms_defender_eventhub.log,USNO-WS-0062,ms:defender:eventhub,ms:defender:eventhub,3
raw/3038__USNO-WS-0062__trellix_epo.log,USNO-WS-0062,trellix:epo,trellix:epo,1
raw/3039__USNO-WS-0063__XmlWinEventLog.log,USNO-WS-0063,XmlWinEventLog:Microsoft-Windows-Sysmon/Operational,XmlWinEventLog,6
raw/3040__USNO-WS-0063__XmlWinEventLog.log,USNO-WS-0063,XmlWinEventLog:Security,XmlWinEventLog,4
raw/3041__USNO-WS-0063__trellix_epo.log,USNO-WS-0063,trellix:epo,trellix:epo,1
raw/3042__USNO-WS-0064__XmlWinEventLog.log,USNO-WS-0064,XmlWinEventLog:Microsoft-Windows-Sysmon/Operational,XmlWinEventLog,5
raw/3043__USNO-WS-0064__XmlWinEventLog.log,USNO-WS-0064,XmlWinEventLog:Security,XmlWinEventLog,6
raw/3044__USNO-WS-0064__trellix_epo.log,USNO-WS-0064,trellix:epo,trellix:epo,1
raw/3045__USNO-ZEEK-01__bro_conn_json.log,USNO-ZEEK-01,zeek:conn,bro:conn:json,1099
raw/3046__USNO-ZEEK-01__bro_dce_rpc_json.log,USNO-ZEEK-01,zeek:dce_rpc,bro:dce_rpc:json,84
raw/3047__USNO-ZEEK-01__bro_dns_json.log,USNO-ZEEK-01,zeek:dns,bro:dns:json,464
raw/3048__USNO-ZEEK-01__bro_http_json.log,USNO-ZEEK-01,zeek:http,bro:http:json,265
raw/3049__USNO-ZEEK-01__bro_smb_files_json.log,USNO-ZEEK-01,zeek:smb_files,bro:smb_files:json,92
raw/3050__USNO-ZEEK-01__bro_ssl_json.log,USNO-ZEEK-01,zeek:ssl,bro:ssl:json,408
raw/3051__USOH-APP-01__XmlWinEventLog.log,USOH-APP-01,XmlWinEventLog:Microsoft-Windows-Sysmon/Operational,XmlWinEventLog,7
raw/3052__USOH-APP-01__XmlWinEventLog.log,USOH-APP-01,XmlWinEventLog:Security,XmlWinEventLog,9
raw/3053__USOH-APP-01__ms_defender_eventhub.log,USOH-APP-01,ms:defender:eventhub,ms:defender:eventhub,2
raw/3054__USOH-APP-02__XmlWinEventLog.log,USOH-APP-02,XmlWinEventLog:Microsoft-Windows-Sysmon/Operational,XmlWinEventLog,4
raw/3055__USOH-APP-02__XmlWinEventLog.log,USOH-APP-02,XmlWinEventLog:Security,XmlWinEventLog,9
raw/3056__USOH-APP-02__sccm_client.log,USOH-APP-02,sccm:client,sccm:client,1
raw/3057__USOH-APP-02__trellix_epo.log,USOH-APP-02,trellix:epo,trellix:epo,1
raw/3058__USOH-APP-03__XmlWinEventLog.log,USOH-APP-03,XmlWinEventLog:Microsoft-Windows-Sysmon/Operational,XmlWinEventLog,5
raw/3059__USOH-APP-03__XmlWinEventLog.log,USOH-APP-03,XmlWinEventLog:Security,XmlWinEventLog,5
raw/3060__USOH-APP-03__ms_defender_eventhub.log,USOH-APP-03,ms:defender:eventhub,ms:defender:eventhub,1
raw/3061__USOH-APP-03__sccm_client.log,USOH-APP-03,sccm:client,sccm:client,1
raw/3062__USOH-APP-04__XmlWinEventLog.log,USOH-APP-04,XmlWinEventLog:Microsoft-Windows-Sysmon/Operational,XmlWinEventLog,7
raw/3063__USOH-APP-04__XmlWinEventLog.log,USOH-APP-04,XmlWinEventLog:Security,XmlWinEventLog,5
raw/3064__USOH-APP-04__sccm_client.log,USOH-APP-04,sccm:client,sccm:client,1
raw/3065__USOH-APP-04__wsus_client.log,USOH-APP-04,wsus:client,wsus:client,1
raw/3066__USOH-APP-05__XmlWinEventLog.log,USOH-APP-05,XmlWinEventLog:Microsoft-Windows-Sysmon/Operational,XmlWinEventLog,10
raw/3067__USOH-APP-05__XmlWinEventLog.log,USOH-APP-05,XmlWinEventLog:Security,XmlWinEventLog,3
raw/3068__USOH-APP-05__ms_defender_eventhub.log,USOH-APP-05,ms:defender:eventhub,ms:defender:eventhub,1
raw/3069__USOH-APP-05__wsus_client.log,USOH-APP-05,wsus:client,wsus:client,1
raw/3070__USOH-APP-06__XmlWinEventLog.log,USOH-APP-06,XmlWinEventLog:Microsoft-Windows-Sysmon/Operational,XmlWinEventLog,4
raw/3071__USOH-APP-06__XmlWinEventLog.log,USOH-APP-06,XmlWinEventLog:Security,XmlWinEventLog,2
raw/3072__USOH-APP-07__XmlWinEventLog.log,USOH-APP-07,XmlWinEventLog:Microsoft-Windows-Sysmon/Operational,XmlWinEventLog,7
raw/3073__USOH-APP-07__XmlWinEventLog.log,USOH-APP-07,XmlWinEventLog:Security,XmlWinEventLog,7
raw/3074__USOH-APP-08__XmlWinEventLog.log,USOH-APP-08,XmlWinEventLog:Microsoft-Windows-Sysmon/Operational,XmlWinEventLog,11
raw/3075__USOH-APP-08__XmlWinEventLog.log,USOH-APP-08,XmlWinEventLog:Security,XmlWinEventLog,3
raw/3076__USOH-APP-08__trellix_epo.log,USOH-APP-08,trellix:epo,trellix:epo,1
raw/3077__USOH-DC-01__XmlWinEventLog.log,USOH-DC-01,XmlWinEventLog:Security,XmlWinEventLog,145
raw/3078__USOH-FS-01__XmlWinEventLog.log,USOH-FS-01,XmlWinEventLog:Microsoft-Windows-Sysmon/Operational,XmlWinEventLog,11
raw/3079__USOH-FS-01__XmlWinEventLog.log,USOH-FS-01,XmlWinEventLog:Security,XmlWinEventLog,3
raw/3080__USOH-FS-01__ms_defender_eventhub.log,USOH-FS-01,ms:defender:eventhub,ms:defender:eventhub,2
raw/3081__USOH-FS-02__XmlWinEventLog.log,USOH-FS-02,XmlWinEventLog:Microsoft-Windows-Sysmon/Operational,XmlWinEventLog,12
raw/3082__USOH-FS-02__XmlWinEventLog.log,USOH-FS-02,XmlWinEventLog:Security,XmlWinEventLog,6
raw/3083__USOH-FS-02__trellix_epo.log,USOH-FS-02,trellix:epo,trellix:epo,1
raw/3084__USOH-FS-02__wsus_client.log,USOH-FS-02,wsus:client,wsus:client,3
raw/3085__USOH-FS-03__XmlWinEventLog.log,USOH-FS-03,XmlWinEventLog:Microsoft-Windows-Sysmon/Operational,XmlWinEventLog,5
raw/3086__USOH-FS-03__XmlWinEventLog.log,USOH-FS-03,XmlWinEventLog:Security,XmlWinEventLog,5
raw/3087__USOH-FS-03__wsus_client.log,USOH-FS-03,wsus:client,wsus:client,1
raw/3088__USOH-FS-04__XmlWinEventLog.log,USOH-FS-04,XmlWinEventLog:Microsoft-Windows-Sysmon/Operational,XmlWinEventLog,7
raw/3089__USOH-FS-04__XmlWinEventLog.log,USOH-FS-04,XmlWinEventLog:Security,XmlWinEventLog,4
raw/3090__USOH-FS-04__ms_defender_eventhub.log,USOH-FS-04,ms:defender:eventhub,ms:defender:eventhub,1
raw/3091__USOH-FS-04__sccm_client.log,USOH-FS-04,sccm:client,sccm:client,1
raw/3092__USOH-FW-01__pan_traffic.log,USOH-FW-01,pan:traffic,pan:traffic,114
raw/3093__USOH-FW-02__fortigate_traffic.log,USOH-FW-02,fortigate_traffic,fortigate_traffic,114
raw/3094__USOH-FW-03__cisco_asa.log,USOH-FW-03,cisco:asa,cisco:asa,100
raw/3095__USOH-JUMP-01__XmlWinEventLog.log,USOH-JUMP-01,XmlWinEventLog:Microsoft-Windows-Sysmon/Operational,XmlWinEventLog,4
raw/3096__USOH-JUMP-01__XmlWinEventLog.log,USOH-JUMP-01,XmlWinEventLog:Security,XmlWinEventLog,9
raw/3097__USOH-JUMP-01__ms_defender_eventhub.log,USOH-JUMP-01,ms:defender:eventhub,ms:defender:eventhub,1
raw/3098__USOH-JUMP-01__wsus_client.log,USOH-JUMP-01,wsus:client,wsus:client,1
raw/3099__USOH-JUMP-02__XmlWinEventLog.log,USOH-JUMP-02,XmlWinEventLog:Microsoft-Windows-Sysmon/Operational,XmlWinEventLog,8
raw/3100__USOH-JUMP-02__XmlWinEventLog.log,USOH-JUMP-02,XmlWinEventLog:Security,XmlWinEventLog,13
raw/3101__USOH-JUMP-02__ms_defender_eventhub.log,USOH-JUMP-02,ms:defender:eventhub,ms:defender:eventhub,2
raw/3102__USOH-JUMP-02__sccm_client.log,USOH-JUMP-02,sccm:client,sccm:client,1
raw/3103__USOH-JUMP-03__XmlWinEventLog.log,USOH-JUMP-03,XmlWinEventLog:Microsoft-Windows-Sysmon/Operational,XmlWinEventLog,9
raw/3104__USOH-JUMP-03__XmlWinEventLog.log,USOH-JUMP-03,XmlWinEventLog:Security,XmlWinEventLog,7
raw/3105__USOH-LNX-01__linux_audit.log,USOH-LNX-01,/var/log/audit/audit.log,linux_audit,102
raw/3106__USOH-LNX-01__linux_secure.log,USOH-LNX-01,/var/log/secure,linux_secure,17
raw/3107__USOH-LNX-01__syslog.log,USOH-LNX-01,/var/log/syslog,syslog,37
raw/3108__USOH-LNX-01__ms_defender_eventhub.log,USOH-LNX-01,ms:defender:eventhub,ms:defender:eventhub,1
raw/3109__USOH-LNX-02__linux_audit.log,USOH-LNX-02,/var/log/audit/audit.log,linux_audit,70
raw/3110__USOH-LNX-02__linux_secure.log,USOH-LNX-02,/var/log/secure,linux_secure,13
raw/3111__USOH-LNX-02__syslog.log,USOH-LNX-02,/var/log/syslog,syslog,31
raw/3112__USOH-LNX-02__ms_defender_eventhub.log,USOH-LNX-02,ms:defender:eventhub,ms:defender:eventhub,1
raw/3113__USOH-LNX-02__trellix_epo.log,USOH-LNX-02,trellix:epo,trellix:epo,1
raw/3114__USOH-LNX-03__linux_audit.log,USOH-LNX-03,/var/log/audit/audit.log,linux_audit,107
raw/3115__USOH-LNX-03__linux_secure.log,USOH-LNX-03,/var/log/secure,linux_secure,15
raw/3116__USOH-LNX-03__syslog.log,USOH-LNX-03,/var/log/syslog,syslog,31
raw/3117__USOH-LNX-04__linux_audit.log,USOH-LNX-04,/var/log/audit/audit.log,linux_audit,111
raw/3118__USOH-LNX-04__linux_secure.log,USOH-LNX-04,/var/log/secure,linux_secure,15
raw/3119__USOH-LNX-04__syslog.log,USOH-LNX-04,/var/log/syslog,syslog,37
raw/3120__USOH-LNX-04__trellix_epo.log,USOH-LNX-04,trellix:epo,trellix:epo,1
raw/3121__USOH-LNX-05__linux_audit.log,USOH-LNX-05,/var/log/audit/audit.log,linux_audit,71
raw/3122__USOH-LNX-05__linux_secure.log,USOH-LNX-05,/var/log/secure,linux_secure,21
raw/3123__USOH-LNX-05__syslog.log,USOH-LNX-05,/var/log/syslog,syslog,34
raw/3124__USOH-LNX-05__ms_defender_eventhub.log,USOH-LNX-05,ms:defender:eventhub,ms:defender:eventhub,1
raw/3125__USOH-LNX-06__linux_audit.log,USOH-LNX-06,/var/log/audit/audit.log,linux_audit,140
raw/3126__USOH-LNX-06__linux_secure.log,USOH-LNX-06,/var/log/secure,linux_secure,18
raw/3127__USOH-LNX-06__syslog.log,USOH-LNX-06,/var/log/syslog,syslog,42
raw/3128__USOH-LNX-06__ms_defender_eventhub.log,USOH-LNX-06,ms:defender:eventhub,ms:defender:eventhub,1
raw/3129__USOH-LNX-07__linux_audit.log,USOH-LNX-07,/var/log/audit/audit.log,linux_audit,93
raw/3130__USOH-LNX-07__linux_secure.log,USOH-LNX-07,/var/log/secure,linux_secure,15
raw/3131__USOH-LNX-07__syslog.log,USOH-LNX-07,/var/log/syslog,syslog,35
raw/3132__USOH-LNX-08__linux_audit.log,USOH-LNX-08,/var/log/audit/audit.log,linux_audit,95
raw/3133__USOH-LNX-08__linux_secure.log,USOH-LNX-08,/var/log/secure,linux_secure,19
raw/3134__USOH-LNX-08__syslog.log,USOH-LNX-08,/var/log/syslog,syslog,22
raw/3135__USOH-LNX-08__trellix_epo.log,USOH-LNX-08,trellix:epo,trellix:epo,1
raw/3136__USOH-PACS-01__pacs_access.log,USOH-PACS-01,pacs:access,pacs:access,130
raw/3137__USOH-PAW-01__XmlWinEventLog.log,USOH-PAW-01,XmlWinEventLog:Microsoft-Windows-Sysmon/Operational,XmlWinEventLog,11
raw/3138__USOH-PAW-01__XmlWinEventLog.log,USOH-PAW-01,XmlWinEventLog:Security,XmlWinEventLog,3
raw/3139__USOH-PAW-01__sccm_client.log,USOH-PAW-01,sccm:client,sccm:client,1
raw/3140__USOH-PAW-02__XmlWinEventLog.log,USOH-PAW-02,XmlWinEventLog:Microsoft-Windows-Sysmon/Operational,XmlWinEventLog,4
raw/3141__USOH-PAW-02__XmlWinEventLog.log,USOH-PAW-02,XmlWinEventLog:Security,XmlWinEventLog,5
raw/3142__USOH-PAW-02__ms_defender_eventhub.log,USOH-PAW-02,ms:defender:eventhub,ms:defender:eventhub,2
raw/3143__USOH-PAW-03__XmlWinEventLog.log,USOH-PAW-03,XmlWinEventLog:Microsoft-Windows-Sysmon/Operational,XmlWinEventLog,5
raw/3144__USOH-PAW-03__XmlWinEventLog.log,USOH-PAW-03,XmlWinEventLog:Security,XmlWinEventLog,4
raw/3145__USOH-PAW-03__ms_defender_eventhub.log,USOH-PAW-03,ms:defender:eventhub,ms:defender:eventhub,2
raw/3146__USOH-PAW-03__wsus_client.log,USOH-PAW-03,wsus:client,wsus:client,1
raw/3147__USOH-PAW-04__XmlWinEventLog.log,USOH-PAW-04,XmlWinEventLog:Microsoft-Windows-Sysmon/Operational,XmlWinEventLog,10
raw/3148__USOH-PAW-04__XmlWinEventLog.log,USOH-PAW-04,XmlWinEventLog:Security,XmlWinEventLog,7
raw/3149__USOH-PAW-04__ms_defender_eventhub.log,USOH-PAW-04,ms:defender:eventhub,ms:defender:eventhub,2
raw/3150__USOH-PAW-04__wsus_client.log,USOH-PAW-04,wsus:client,wsus:client,1
raw/3151__USOH-PAW-05__XmlWinEventLog.log,USOH-PAW-05,XmlWinEventLog:Microsoft-Windows-Sysmon/Operational,XmlWinEventLog,8
raw/3152__USOH-PAW-05__XmlWinEventLog.log,USOH-PAW-05,XmlWinEventLog:Security,XmlWinEventLog,6
raw/3153__USOH-PAW-05__ms_defender_eventhub.log,USOH-PAW-05,ms:defender:eventhub,ms:defender:eventhub,2
raw/3154__USOH-PAW-05__trellix_epo.log,USOH-PAW-05,trellix:epo,trellix:epo,1
raw/3155__USOH-PAW-05__wsus_client.log,USOH-PAW-05,wsus:client,wsus:client,1
raw/3156__USOH-PAW-06__XmlWinEventLog.log,USOH-PAW-06,XmlWinEventLog:Microsoft-Windows-Sysmon/Operational,XmlWinEventLog,4
raw/3157__USOH-PAW-06__XmlWinEventLog.log,USOH-PAW-06,XmlWinEventLog:Security,XmlWinEventLog,2
raw/3158__USOH-PAW-06__wsus_client.log,USOH-PAW-06,wsus:client,wsus:client,1
raw/3159__USOH-RTR-01__cisco_ios.log,USOH-RTR-01,cisco:ios,cisco:ios,48
raw/3160__USOH-RTR-02__juniper.log,USOH-RTR-02,juniper,juniper,26
raw/3161__USOH-RTR-02__juniper_junos_firewall.log,USOH-RTR-02,juniper:junos:firewall,juniper:junos:firewall,10
raw/3162__USOH-VDI-01__XmlWinEventLog.log,USOH-VDI-01,XmlWinEventLog:Microsoft-Windows-Sysmon/Operational,XmlWinEventLog,3
raw/3163__USOH-VDI-01__XmlWinEventLog.log,USOH-VDI-01,XmlWinEventLog:Security,XmlWinEventLog,10
raw/3164__USOH-VDI-02__XmlWinEventLog.log,USOH-VDI-02,XmlWinEventLog:Microsoft-Windows-Sysmon/Operational,XmlWinEventLog,5
raw/3165__USOH-VDI-02__XmlWinEventLog.log,USOH-VDI-02,XmlWinEventLog:Security,XmlWinEventLog,6
raw/3166__USOH-VDI-02__ms_defender_eventhub.log,USOH-VDI-02,ms:defender:eventhub,ms:defender:eventhub,1
raw/3167__USOH-VDI-02__sccm_client.log,USOH-VDI-02,sccm:client,sccm:client,1
raw/3168__USOH-VDI-02__trellix_epo.log,USOH-VDI-02,trellix:epo,trellix:epo,1
raw/3169__USOH-VDI-03__XmlWinEventLog.log,USOH-VDI-03,XmlWinEventLog:Microsoft-Windows-Sysmon/Operational,XmlWinEventLog,7
raw/3170__USOH-VDI-03__XmlWinEventLog.log,USOH-VDI-03,XmlWinEventLog:Security,XmlWinEventLog,7
raw/3171__USOH-VDI-03__ms_defender_eventhub.log,USOH-VDI-03,ms:defender:eventhub,ms:defender:eventhub,1
raw/3172__USOH-VDI-03__sccm_client.log,USOH-VDI-03,sccm:client,sccm:client,1
raw/3173__USOH-VDI-03__wsus_client.log,USOH-VDI-03,wsus:client,wsus:client,1
raw/3174__USOH-WS-0001__XmlWinEventLog.log,USOH-WS-0001,XmlWinEventLog:Microsoft-Windows-Sysmon/Operational,XmlWinEventLog,9
raw/3175__USOH-WS-0001__XmlWinEventLog.log,USOH-WS-0001,XmlWinEventLog:Security,XmlWinEventLog,7
raw/3176__USOH-WS-0001__ms_defender_eventhub.log,USOH-WS-0001,ms:defender:eventhub,ms:defender:eventhub,2
raw/3177__USOH-WS-0002__XmlWinEventLog.log,USOH-WS-0002,XmlWinEventLog:Microsoft-Windows-Sysmon/Operational,XmlWinEventLog,5
raw/3178__USOH-WS-0002__XmlWinEventLog.log,USOH-WS-0002,XmlWinEventLog:Security,XmlWinEventLog,7
raw/3179__USOH-WS-0003__XmlWinEventLog.log,USOH-WS-0003,XmlWinEventLog:Microsoft-Windows-Sysmon/Operational,XmlWinEventLog,13
raw/3180__USOH-WS-0003__XmlWinEventLog.log,USOH-WS-0003,XmlWinEventLog:Security,XmlWinEventLog,11
raw/3181__USOH-WS-0003__ms_defender_eventhub.log,USOH-WS-0003,ms:defender:eventhub,ms:defender:eventhub,1
raw/3182__USOH-WS-0003__wsus_client.log,USOH-WS-0003,wsus:client,wsus:client,1
raw/3183__USOH-WS-0004__XmlWinEventLog.log,USOH-WS-0004,XmlWinEventLog:Microsoft-Windows-Sysmon/Operational,XmlWinEventLog,6
raw/3184__USOH-WS-0004__XmlWinEventLog.log,USOH-WS-0004,XmlWinEventLog:Security,XmlWinEventLog,8
raw/3185__USOH-WS-0005__XmlWinEventLog.log,USOH-WS-0005,XmlWinEventLog:Microsoft-Windows-Sysmon/Operational,XmlWinEventLog,4
raw/3186__USOH-WS-0005__XmlWinEventLog.log,USOH-WS-0005,XmlWinEventLog:Security,XmlWinEventLog,9
raw/3187__USOH-WS-0006__XmlWinEventLog.log,USOH-WS-0006,XmlWinEventLog:Microsoft-Windows-Sysmon/Operational,XmlWinEventLog,9
raw/3188__USOH-WS-0006__XmlWinEventLog.log,USOH-WS-0006,XmlWinEventLog:Security,XmlWinEventLog,10
raw/3189__USOH-WS-0006__trellix_epo.log,USOH-WS-0006,trellix:epo,trellix:epo,1
raw/3190__USOH-WS-0007__XmlWinEventLog.log,USOH-WS-0007,XmlWinEventLog:Microsoft-Windows-Sysmon/Operational,XmlWinEventLog,19
raw/3191__USOH-WS-0007__XmlWinEventLog.log,USOH-WS-0007,XmlWinEventLog:Security,XmlWinEventLog,11
raw/3192__USOH-WS-0007__ms_defender_eventhub.log,USOH-WS-0007,ms:defender:eventhub,ms:defender:eventhub,4
raw/3193__USOH-WS-0008__XmlWinEventLog.log,USOH-WS-0008,XmlWinEventLog:Microsoft-Windows-Sysmon/Operational,XmlWinEventLog,9
raw/3194__USOH-WS-0008__XmlWinEventLog.log,USOH-WS-0008,XmlWinEventLog:Security,XmlWinEventLog,10
raw/3195__USOH-WS-0008__ms_defender_eventhub.log,USOH-WS-0008,ms:defender:eventhub,ms:defender:eventhub,2
raw/3196__USOH-WS-0008__trellix_epo.log,USOH-WS-0008,trellix:epo,trellix:epo,1
raw/3197__USOH-WS-0009__XmlWinEventLog.log,USOH-WS-0009,XmlWinEventLog:Microsoft-Windows-Sysmon/Operational,XmlWinEventLog,12
raw/3198__USOH-WS-0009__XmlWinEventLog.log,USOH-WS-0009,XmlWinEventLog:Security,XmlWinEventLog,4
raw/3199__USOH-WS-0009__ms_defender_eventhub.log,USOH-WS-0009,ms:defender:eventhub,ms:defender:eventhub,3
raw/3200__USOH-WS-0010__XmlWinEventLog.log,USOH-WS-0010,XmlWinEventLog:Microsoft-Windows-Sysmon/Operational,XmlWinEventLog,12
raw/3201__USOH-WS-0010__XmlWinEventLog.log,USOH-WS-0010,XmlWinEventLog:Security,XmlWinEventLog,11
raw/3202__USOH-WS-0010__ms_defender_eventhub.log,USOH-WS-0010,ms:defender:eventhub,ms:defender:eventhub,1
raw/3203__USOH-WS-0010__trellix_epo.log,USOH-WS-0010,trellix:epo,trellix:epo,2
raw/3204__USOH-WS-0011__XmlWinEventLog.log,USOH-WS-0011,XmlWinEventLog:Microsoft-Windows-Sysmon/Operational,XmlWinEventLog,10
raw/3205__USOH-WS-0011__XmlWinEventLog.log,USOH-WS-0011,XmlWinEventLog:Security,XmlWinEventLog,7
raw/3206__USOH-WS-0011__ms_defender_eventhub.log,USOH-WS-0011,ms:defender:eventhub,ms:defender:eventhub,1
raw/3207__USOH-WS-0011__sccm_client.log,USOH-WS-0011,sccm:client,sccm:client,1
raw/3208__USOH-WS-0012__XmlWinEventLog.log,USOH-WS-0012,XmlWinEventLog:Microsoft-Windows-Sysmon/Operational,XmlWinEventLog,4
raw/3209__USOH-WS-0012__XmlWinEventLog.log,USOH-WS-0012,XmlWinEventLog:Security,XmlWinEventLog,12
raw/3210__USOH-WS-0012__ms_defender_eventhub.log,USOH-WS-0012,ms:defender:eventhub,ms:defender:eventhub,2
raw/3211__USOH-WS-0013__XmlWinEventLog.log,USOH-WS-0013,XmlWinEventLog:Microsoft-Windows-Sysmon/Operational,XmlWinEventLog,15
raw/3212__USOH-WS-0013__XmlWinEventLog.log,USOH-WS-0013,XmlWinEventLog:Security,XmlWinEventLog,7
raw/3213__USOH-WS-0014__XmlWinEventLog.log,USOH-WS-0014,XmlWinEventLog:Microsoft-Windows-Sysmon/Operational,XmlWinEventLog,16
raw/3214__USOH-WS-0014__XmlWinEventLog.log,USOH-WS-0014,XmlWinEventLog:Security,XmlWinEventLog,14
raw/3215__USOH-WS-0015__XmlWinEventLog.log,USOH-WS-0015,XmlWinEventLog:Microsoft-Windows-Sysmon/Operational,XmlWinEventLog,9
raw/3216__USOH-WS-0015__XmlWinEventLog.log,USOH-WS-0015,XmlWinEventLog:Security,XmlWinEventLog,11
raw/3217__USOH-WS-0015__ms_defender_eventhub.log,USOH-WS-0015,ms:defender:eventhub,ms:defender:eventhub,2
raw/3218__USOH-WS-0016__XmlWinEventLog.log,USOH-WS-0016,XmlWinEventLog:Microsoft-Windows-Sysmon/Operational,XmlWinEventLog,5
raw/3219__USOH-WS-0016__XmlWinEventLog.log,USOH-WS-0016,XmlWinEventLog:Security,XmlWinEventLog,6
raw/3220__USOH-WS-0016__trellix_epo.log,USOH-WS-0016,trellix:epo,trellix:epo,1
raw/3221__USOH-WS-0017__XmlWinEventLog.log,USOH-WS-0017,XmlWinEventLog:Microsoft-Windows-Sysmon/Operational,XmlWinEventLog,11
raw/3222__USOH-WS-0017__XmlWinEventLog.log,USOH-WS-0017,XmlWinEventLog:Security,XmlWinEventLog,7
raw/3223__USOH-WS-0017__trellix_epo.log,USOH-WS-0017,trellix:epo,trellix:epo,1
raw/3224__USOH-WS-0017__wsus_client.log,USOH-WS-0017,wsus:client,wsus:client,1
raw/3225__USOH-WS-0018__XmlWinEventLog.log,USOH-WS-0018,XmlWinEventLog:Microsoft-Windows-Sysmon/Operational,XmlWinEventLog,9
raw/3226__USOH-WS-0018__XmlWinEventLog.log,USOH-WS-0018,XmlWinEventLog:Security,XmlWinEventLog,12
raw/3227__USOH-WS-0018__ms_defender_eventhub.log,USOH-WS-0018,ms:defender:eventhub,ms:defender:eventhub,1
raw/3228__USOH-WS-0018__trellix_epo.log,USOH-WS-0018,trellix:epo,trellix:epo,2
raw/3229__USOH-WS-0019__XmlWinEventLog.log,USOH-WS-0019,XmlWinEventLog:Microsoft-Windows-Sysmon/Operational,XmlWinEventLog,6
raw/3230__USOH-WS-0019__XmlWinEventLog.log,USOH-WS-0019,XmlWinEventLog:Security,XmlWinEventLog,11
raw/3231__USOH-WS-0020__XmlWinEventLog.log,USOH-WS-0020,XmlWinEventLog:Microsoft-Windows-Sysmon/Operational,XmlWinEventLog,11
raw/3232__USOH-WS-0020__XmlWinEventLog.log,USOH-WS-0020,XmlWinEventLog:Security,XmlWinEventLog,9
raw/3233__USOH-WS-0020__ms_defender_eventhub.log,USOH-WS-0020,ms:defender:eventhub,ms:defender:eventhub,2
raw/3234__USOH-WS-0020__wsus_client.log,USOH-WS-0020,wsus:client,wsus:client,1
raw/3235__USOH-WS-0021__XmlWinEventLog.log,USOH-WS-0021,XmlWinEventLog:Microsoft-Windows-Sysmon/Operational,XmlWinEventLog,9
raw/3236__USOH-WS-0021__XmlWinEventLog.log,USOH-WS-0021,XmlWinEventLog:Security,XmlWinEventLog,10
raw/3237__USOH-WS-0022__XmlWinEventLog.log,USOH-WS-0022,XmlWinEventLog:Microsoft-Windows-Sysmon/Operational,XmlWinEventLog,7
raw/3238__USOH-WS-0022__XmlWinEventLog.log,USOH-WS-0022,XmlWinEventLog:Security,XmlWinEventLog,10
raw/3239__USOH-WS-0022__ms_defender_eventhub.log,USOH-WS-0022,ms:defender:eventhub,ms:defender:eventhub,2
raw/3240__USOH-WS-0023__XmlWinEventLog.log,USOH-WS-0023,XmlWinEventLog:Microsoft-Windows-Sysmon/Operational,XmlWinEventLog,12
raw/3241__USOH-WS-0023__XmlWinEventLog.log,USOH-WS-0023,XmlWinEventLog:Security,XmlWinEventLog,13
raw/3242__USOH-WS-0023__trellix_epo.log,USOH-WS-0023,trellix:epo,trellix:epo,1
raw/3243__USOH-WS-0024__XmlWinEventLog.log,USOH-WS-0024,XmlWinEventLog:Microsoft-Windows-Sysmon/Operational,XmlWinEventLog,5
raw/3244__USOH-WS-0024__XmlWinEventLog.log,USOH-WS-0024,XmlWinEventLog:Security,XmlWinEventLog,12
raw/3245__USOH-WS-0024__ms_defender_eventhub.log,USOH-WS-0024,ms:defender:eventhub,ms:defender:eventhub,6
raw/3246__USOH-WS-0025__XmlWinEventLog.log,USOH-WS-0025,XmlWinEventLog:Microsoft-Windows-Sysmon/Operational,XmlWinEventLog,9
raw/3247__USOH-WS-0025__XmlWinEventLog.log,USOH-WS-0025,XmlWinEventLog:Security,XmlWinEventLog,3
raw/3248__USOH-WS-0026__XmlWinEventLog.log,USOH-WS-0026,XmlWinEventLog:Microsoft-Windows-Sysmon/Operational,XmlWinEventLog,8
raw/3249__USOH-WS-0026__XmlWinEventLog.log,USOH-WS-0026,XmlWinEventLog:Security,XmlWinEventLog,3
raw/3250__USOH-WS-0027__XmlWinEventLog.log,USOH-WS-0027,XmlWinEventLog:Microsoft-Windows-Sysmon/Operational,XmlWinEventLog,5
raw/3251__USOH-WS-0027__XmlWinEventLog.log,USOH-WS-0027,XmlWinEventLog:Security,XmlWinEventLog,4
raw/3252__USOH-WS-0027__trellix_epo.log,USOH-WS-0027,trellix:epo,trellix:epo,1
raw/3253__USOH-WS-0028__XmlWinEventLog.log,USOH-WS-0028,XmlWinEventLog:Microsoft-Windows-Sysmon/Operational,XmlWinEventLog,3
raw/3254__USOH-WS-0028__XmlWinEventLog.log,USOH-WS-0028,XmlWinEventLog:Security,XmlWinEventLog,3
raw/3255__USOH-WS-0029__XmlWinEventLog.log,USOH-WS-0029,XmlWinEventLog:Microsoft-Windows-Sysmon/Operational,XmlWinEventLog,9
raw/3256__USOH-WS-0029__XmlWinEventLog.log,USOH-WS-0029,XmlWinEventLog:Security,XmlWinEventLog,9
raw/3257__USOH-WS-0029__trellix_epo.log,USOH-WS-0029,trellix:epo,trellix:epo,1
raw/3258__USOH-WS-0030__XmlWinEventLog.log,USOH-WS-0030,XmlWinEventLog:Microsoft-Windows-Sysmon/Operational,XmlWinEventLog,4
raw/3259__USOH-WS-0030__XmlWinEventLog.log,USOH-WS-0030,XmlWinEventLog:Security,XmlWinEventLog,4
raw/3260__USOH-WS-0030__trellix_epo.log,USOH-WS-0030,trellix:epo,trellix:epo,1
raw/3261__USOH-WS-0030__wsus_client.log,USOH-WS-0030,wsus:client,wsus:client,1
raw/3262__USOH-WS-0031__XmlWinEventLog.log,USOH-WS-0031,XmlWinEventLog:Microsoft-Windows-Sysmon/Operational,XmlWinEventLog,6
raw/3263__USOH-WS-0031__XmlWinEventLog.log,USOH-WS-0031,XmlWinEventLog:Security,XmlWinEventLog,5
raw/3264__USOH-WS-0031__ms_defender_eventhub.log,USOH-WS-0031,ms:defender:eventhub,ms:defender:eventhub,2
raw/3265__USOH-WS-0031__sccm_client.log,USOH-WS-0031,sccm:client,sccm:client,1
raw/3266__USOH-WS-0032__XmlWinEventLog.log,USOH-WS-0032,XmlWinEventLog:Microsoft-Windows-Sysmon/Operational,XmlWinEventLog,6
raw/3267__USOH-WS-0032__XmlWinEventLog.log,USOH-WS-0032,XmlWinEventLog:Security,XmlWinEventLog,4
raw/3268__USOH-WS-0033__XmlWinEventLog.log,USOH-WS-0033,XmlWinEventLog:Microsoft-Windows-Sysmon/Operational,XmlWinEventLog,7
raw/3269__USOH-WS-0033__XmlWinEventLog.log,USOH-WS-0033,XmlWinEventLog:Security,XmlWinEventLog,7
raw/3270__USOH-WS-0033__ms_defender_eventhub.log,USOH-WS-0033,ms:defender:eventhub,ms:defender:eventhub,1
raw/3271__USOH-WS-0034__XmlWinEventLog.log,USOH-WS-0034,XmlWinEventLog:Microsoft-Windows-Sysmon/Operational,XmlWinEventLog,6
raw/3272__USOH-WS-0034__XmlWinEventLog.log,USOH-WS-0034,XmlWinEventLog:Security,XmlWinEventLog,2
raw/3273__USOH-WS-0034__ms_defender_eventhub.log,USOH-WS-0034,ms:defender:eventhub,ms:defender:eventhub,1
raw/3274__USOH-WS-0035__XmlWinEventLog.log,USOH-WS-0035,XmlWinEventLog:Microsoft-Windows-Sysmon/Operational,XmlWinEventLog,9
raw/3275__USOH-WS-0035__XmlWinEventLog.log,USOH-WS-0035,XmlWinEventLog:Security,XmlWinEventLog,6
raw/3276__USOH-WS-0035__trellix_epo.log,USOH-WS-0035,trellix:epo,trellix:epo,2
raw/3277__USOH-WS-0036__XmlWinEventLog.log,USOH-WS-0036,XmlWinEventLog:Microsoft-Windows-Sysmon/Operational,XmlWinEventLog,3
raw/3278__USOH-WS-0036__XmlWinEventLog.log,USOH-WS-0036,XmlWinEventLog:Security,XmlWinEventLog,7
raw/3279__USOH-WS-0036__ms_defender_eventhub.log,USOH-WS-0036,ms:defender:eventhub,ms:defender:eventhub,1
raw/3280__USOH-WS-0036__trellix_epo.log,USOH-WS-0036,trellix:epo,trellix:epo,1
raw/3281__USOH-WS-0037__XmlWinEventLog.log,USOH-WS-0037,XmlWinEventLog:Microsoft-Windows-Sysmon/Operational,XmlWinEventLog,8
raw/3282__USOH-WS-0037__XmlWinEventLog.log,USOH-WS-0037,XmlWinEventLog:Security,XmlWinEventLog,4
raw/3283__USOH-WS-0038__XmlWinEventLog.log,USOH-WS-0038,XmlWinEventLog:Microsoft-Windows-Sysmon/Operational,XmlWinEventLog,4
raw/3284__USOH-WS-0038__XmlWinEventLog.log,USOH-WS-0038,XmlWinEventLog:Security,XmlWinEventLog,4
raw/3285__USOH-WS-0038__ms_defender_eventhub.log,USOH-WS-0038,ms:defender:eventhub,ms:defender:eventhub,1
raw/3286__USOH-WS-0038__trellix_epo.log,USOH-WS-0038,trellix:epo,trellix:epo,1
raw/3287__USOH-WS-0039__XmlWinEventLog.log,USOH-WS-0039,XmlWinEventLog:Microsoft-Windows-Sysmon/Operational,XmlWinEventLog,11
raw/3288__USOH-WS-0039__XmlWinEventLog.log,USOH-WS-0039,XmlWinEventLog:Security,XmlWinEventLog,8
raw/3289__USOH-WS-0040__XmlWinEventLog.log,USOH-WS-0040,XmlWinEventLog:Microsoft-Windows-Sysmon/Operational,XmlWinEventLog,8
raw/3290__USOH-WS-0040__XmlWinEventLog.log,USOH-WS-0040,XmlWinEventLog:Security,XmlWinEventLog,3
raw/3291__USOH-WS-0040__trellix_epo.log,USOH-WS-0040,trellix:epo,trellix:epo,1
raw/3292__USOH-WS-0041__XmlWinEventLog.log,USOH-WS-0041,XmlWinEventLog:Microsoft-Windows-Sysmon/Operational,XmlWinEventLog,8
raw/3293__USOH-WS-0041__XmlWinEventLog.log,USOH-WS-0041,XmlWinEventLog:Security,XmlWinEventLog,9
raw/3294__USOH-WS-0041__ms_defender_eventhub.log,USOH-WS-0041,ms:defender:eventhub,ms:defender:eventhub,2
raw/3295__USOH-WS-0042__XmlWinEventLog.log,USOH-WS-0042,XmlWinEventLog:Microsoft-Windows-Sysmon/Operational,XmlWinEventLog,5
raw/3296__USOH-WS-0042__XmlWinEventLog.log,USOH-WS-0042,XmlWinEventLog:Security,XmlWinEventLog,2
raw/3297__USOH-WS-0042__ms_defender_eventhub.log,USOH-WS-0042,ms:defender:eventhub,ms:defender:eventhub,2
raw/3298__USOH-WS-0042__sccm_client.log,USOH-WS-0042,sccm:client,sccm:client,1
raw/3299__USOH-WS-0043__XmlWinEventLog.log,USOH-WS-0043,XmlWinEventLog:Microsoft-Windows-Sysmon/Operational,XmlWinEventLog,9
raw/3300__USOH-WS-0043__XmlWinEventLog.log,USOH-WS-0043,XmlWinEventLog:Security,XmlWinEventLog,7
raw/3301__USOH-WS-0043__ms_defender_eventhub.log,USOH-WS-0043,ms:defender:eventhub,ms:defender:eventhub,1
raw/3302__USOH-WS-0044__XmlWinEventLog.log,USOH-WS-0044,XmlWinEventLog:Microsoft-Windows-Sysmon/Operational,XmlWinEventLog,5
raw/3303__USOH-WS-0044__XmlWinEventLog.log,USOH-WS-0044,XmlWinEventLog:Security,XmlWinEventLog,4
raw/3304__USOH-WS-0045__XmlWinEventLog.log,USOH-WS-0045,XmlWinEventLog:Microsoft-Windows-Sysmon/Operational,XmlWinEventLog,5
raw/3305__USOH-WS-0045__XmlWinEventLog.log,USOH-WS-0045,XmlWinEventLog:Security,XmlWinEventLog,5
raw/3306__USOH-WS-0045__ms_defender_eventhub.log,USOH-WS-0045,ms:defender:eventhub,ms:defender:eventhub,1
raw/3307__USOH-WS-0045__trellix_epo.log,USOH-WS-0045,trellix:epo,trellix:epo,1
raw/3308__USOH-WS-0046__XmlWinEventLog.log,USOH-WS-0046,XmlWinEventLog:Microsoft-Windows-Sysmon/Operational,XmlWinEventLog,9
raw/3309__USOH-WS-0046__XmlWinEventLog.log,USOH-WS-0046,XmlWinEventLog:Security,XmlWinEventLog,1
raw/3310__USOH-WS-0046__ms_defender_eventhub.log,USOH-WS-0046,ms:defender:eventhub,ms:defender:eventhub,1
raw/3311__USOH-WS-0046__wsus_client.log,USOH-WS-0046,wsus:client,wsus:client,1
raw/3312__USOH-WS-0047__XmlWinEventLog.log,USOH-WS-0047,XmlWinEventLog:Microsoft-Windows-Sysmon/Operational,XmlWinEventLog,9
raw/3313__USOH-WS-0047__XmlWinEventLog.log,USOH-WS-0047,XmlWinEventLog:Security,XmlWinEventLog,2
raw/3314__USOH-WS-0047__wsus_client.log,USOH-WS-0047,wsus:client,wsus:client,1
raw/3315__USOH-WS-0048__XmlWinEventLog.log,USOH-WS-0048,XmlWinEventLog:Microsoft-Windows-Sysmon/Operational,XmlWinEventLog,5
raw/3316__USOH-WS-0048__XmlWinEventLog.log,USOH-WS-0048,XmlWinEventLog:Security,XmlWinEventLog,5
raw/3317__USOH-WS-0048__trellix_epo.log,USOH-WS-0048,trellix:epo,trellix:epo,2
raw/3318__USOH-WS-0048__wsus_client.log,USOH-WS-0048,wsus:client,wsus:client,1
raw/3319__USOH-WS-0049__XmlWinEventLog.log,USOH-WS-0049,XmlWinEventLog:Microsoft-Windows-Sysmon/Operational,XmlWinEventLog,7
raw/3320__USOH-WS-0049__XmlWinEventLog.log,USOH-WS-0049,XmlWinEventLog:Security,XmlWinEventLog,4
raw/3321__USOH-WS-0050__XmlWinEventLog.log,USOH-WS-0050,XmlWinEventLog:Microsoft-Windows-Sysmon/Operational,XmlWinEventLog,4
raw/3322__USOH-WS-0050__XmlWinEventLog.log,USOH-WS-0050,XmlWinEventLog:Security,XmlWinEventLog,10
raw/3323__USOH-WS-0050__sccm_client.log,USOH-WS-0050,sccm:client,sccm:client,1
raw/3324__USOH-WS-0050__trellix_epo.log,USOH-WS-0050,trellix:epo,trellix:epo,1
raw/3325__USOH-WS-0051__XmlWinEventLog.log,USOH-WS-0051,XmlWinEventLog:Microsoft-Windows-Sysmon/Operational,XmlWinEventLog,7
raw/3326__USOH-WS-0051__XmlWinEventLog.log,USOH-WS-0051,XmlWinEventLog:Security,XmlWinEventLog,5
raw/3327__USOH-WS-0051__ms_defender_eventhub.log,USOH-WS-0051,ms:defender:eventhub,ms:defender:eventhub,1
raw/3328__USOH-WS-0052__XmlWinEventLog.log,USOH-WS-0052,XmlWinEventLog:Microsoft-Windows-Sysmon/Operational,XmlWinEventLog,6
raw/3329__USOH-WS-0052__XmlWinEventLog.log,USOH-WS-0052,XmlWinEventLog:Security,XmlWinEventLog,3
raw/3330__USOH-WS-0053__XmlWinEventLog.log,USOH-WS-0053,XmlWinEventLog:Microsoft-Windows-Sysmon/Operational,XmlWinEventLog,7
raw/3331__USOH-WS-0053__XmlWinEventLog.log,USOH-WS-0053,XmlWinEventLog:Security,XmlWinEventLog,7
raw/3332__USOH-WS-0053__ms_defender_eventhub.log,USOH-WS-0053,ms:defender:eventhub,ms:defender:eventhub,1
raw/3333__USOH-WS-0054__XmlWinEventLog.log,USOH-WS-0054,XmlWinEventLog:Microsoft-Windows-Sysmon/Operational,XmlWinEventLog,8
raw/3334__USOH-WS-0054__XmlWinEventLog.log,USOH-WS-0054,XmlWinEventLog:Security,XmlWinEventLog,12
raw/3335__USOH-WS-0054__ms_defender_eventhub.log,USOH-WS-0054,ms:defender:eventhub,ms:defender:eventhub,1
raw/3336__USOH-WS-0054__sccm_client.log,USOH-WS-0054,sccm:client,sccm:client,1
raw/3337__USOH-WS-0055__XmlWinEventLog.log,USOH-WS-0055,XmlWinEventLog:Microsoft-Windows-Sysmon/Operational,XmlWinEventLog,7
raw/3338__USOH-WS-0055__XmlWinEventLog.log,USOH-WS-0055,XmlWinEventLog:Security,XmlWinEventLog,5
raw/3339__USOH-WS-0055__ms_defender_eventhub.log,USOH-WS-0055,ms:defender:eventhub,ms:defender:eventhub,2
raw/3340__USOH-WS-0055__wsus_client.log,USOH-WS-0055,wsus:client,wsus:client,1
raw/3341__USOH-WS-0056__XmlWinEventLog.log,USOH-WS-0056,XmlWinEventLog:Microsoft-Windows-Sysmon/Operational,XmlWinEventLog,9
raw/3342__USOH-WS-0056__XmlWinEventLog.log,USOH-WS-0056,XmlWinEventLog:Security,XmlWinEventLog,9
raw/3343__USOH-WS-0056__ms_defender_eventhub.log,USOH-WS-0056,ms:defender:eventhub,ms:defender:eventhub,1
raw/3344__USOH-WS-0056__trellix_epo.log,USOH-WS-0056,trellix:epo,trellix:epo,1
raw/3345__USOH-WS-0056__wsus_client.log,USOH-WS-0056,wsus:client,wsus:client,1
raw/3346__USOH-WS-0057__XmlWinEventLog.log,USOH-WS-0057,XmlWinEventLog:Microsoft-Windows-Sysmon/Operational,XmlWinEventLog,5
raw/3347__USOH-WS-0057__XmlWinEventLog.log,USOH-WS-0057,XmlWinEventLog:Security,XmlWinEventLog,6
raw/3348__USOH-WS-0057__ms_defender_eventhub.log,USOH-WS-0057,ms:defender:eventhub,ms:defender:eventhub,1
raw/3349__USOH-WS-0057__wsus_client.log,USOH-WS-0057,wsus:client,wsus:client,1
raw/3350__USOH-WS-0058__XmlWinEventLog.log,USOH-WS-0058,XmlWinEventLog:Microsoft-Windows-Sysmon/Operational,XmlWinEventLog,9
raw/3351__USOH-WS-0058__XmlWinEventLog.log,USOH-WS-0058,XmlWinEventLog:Security,XmlWinEventLog,4
raw/3352__USOH-WS-0058__ms_defender_eventhub.log,USOH-WS-0058,ms:defender:eventhub,ms:defender:eventhub,2
raw/3353__USOH-WS-0059__XmlWinEventLog.log,USOH-WS-0059,XmlWinEventLog:Microsoft-Windows-Sysmon/Operational,XmlWinEventLog,9
raw/3354__USOH-WS-0059__XmlWinEventLog.log,USOH-WS-0059,XmlWinEventLog:Security,XmlWinEventLog,6
raw/3355__USOH-WS-0059__ms_defender_eventhub.log,USOH-WS-0059,ms:defender:eventhub,ms:defender:eventhub,2
raw/3356__USOH-WS-0059__sccm_client.log,USOH-WS-0059,sccm:client,sccm:client,1
raw/3357__USOH-WS-0060__XmlWinEventLog.log,USOH-WS-0060,XmlWinEventLog:Microsoft-Windows-Sysmon/Operational,XmlWinEventLog,9
raw/3358__USOH-WS-0060__XmlWinEventLog.log,USOH-WS-0060,XmlWinEventLog:Security,XmlWinEventLog,2
raw/3359__USOH-WS-0060__sccm_client.log,USOH-WS-0060,sccm:client,sccm:client,1
raw/3360__USOH-WS-0061__XmlWinEventLog.log,USOH-WS-0061,XmlWinEventLog:Microsoft-Windows-Sysmon/Operational,XmlWinEventLog,6
raw/3361__USOH-WS-0061__XmlWinEventLog.log,USOH-WS-0061,XmlWinEventLog:Security,XmlWinEventLog,6
raw/3362__USOH-WS-0061__sccm_client.log,USOH-WS-0061,sccm:client,sccm:client,1
raw/3363__USOH-WS-0062__XmlWinEventLog.log,USOH-WS-0062,XmlWinEventLog:Microsoft-Windows-Sysmon/Operational,XmlWinEventLog,7
raw/3364__USOH-WS-0062__XmlWinEventLog.log,USOH-WS-0062,XmlWinEventLog:Security,XmlWinEventLog,6
raw/3365__USOH-WS-0063__XmlWinEventLog.log,USOH-WS-0063,XmlWinEventLog:Microsoft-Windows-Sysmon/Operational,XmlWinEventLog,3
raw/3366__USOH-WS-0063__XmlWinEventLog.log,USOH-WS-0063,XmlWinEventLog:Security,XmlWinEventLog,10
raw/3367__USOH-WS-0063__ms_defender_eventhub.log,USOH-WS-0063,ms:defender:eventhub,ms:defender:eventhub,3
raw/3368__USOH-WS-0064__XmlWinEventLog.log,USOH-WS-0064,XmlWinEventLog:Microsoft-Windows-Sysmon/Operational,XmlWinEventLog,13
raw/3369__USOH-WS-0064__XmlWinEventLog.log,USOH-WS-0064,XmlWinEventLog:Security,XmlWinEventLog,5
raw/3370__USOH-WS-0064__ms_defender_eventhub.log,USOH-WS-0064,ms:defender:eventhub,ms:defender:eventhub,1
raw/3371__USOH-WS-0064__trellix_epo.log,USOH-WS-0064,trellix:epo,trellix:epo,1
raw/3372__USOH-ZEEK-01__bro_conn_json.log,USOH-ZEEK-01,zeek:conn,bro:conn:json,1070
raw/3373__USOH-ZEEK-01__bro_dce_rpc_json.log,USOH-ZEEK-01,zeek:dce_rpc,bro:dce_rpc:json,102
raw/3374__USOH-ZEEK-01__bro_dns_json.log,USOH-ZEEK-01,zeek:dns,bro:dns:json,417
raw/3375__USOH-ZEEK-01__bro_http_json.log,USOH-ZEEK-01,zeek:http,bro:http:json,270
raw/3376__USOH-ZEEK-01__bro_smb_files_json.log,USOH-ZEEK-01,zeek:smb_files,bro:smb_files:json,112
raw/3377__USOH-ZEEK-01__bro_ssl_json.log,USOH-ZEEK-01,zeek:ssl,bro:ssl:json,393
raw/3378__USTX-APP-01__XmlWinEventLog.log,USTX-APP-01,XmlWinEventLog:Microsoft-Windows-Sysmon/Operational,XmlWinEventLog,6
raw/3379__USTX-APP-01__XmlWinEventLog.log,USTX-APP-01,XmlWinEventLog:Security,XmlWinEventLog,4
raw/3380__USTX-APP-01__ms_defender_eventhub.log,USTX-APP-01,ms:defender:eventhub,ms:defender:eventhub,1
raw/3381__USTX-APP-01__trellix_epo.log,USTX-APP-01,trellix:epo,trellix:epo,1
raw/3382__USTX-APP-02__XmlWinEventLog.log,USTX-APP-02,XmlWinEventLog:Microsoft-Windows-Sysmon/Operational,XmlWinEventLog,6
raw/3383__USTX-APP-02__XmlWinEventLog.log,USTX-APP-02,XmlWinEventLog:Security,XmlWinEventLog,6
raw/3384__USTX-APP-02__ms_defender_eventhub.log,USTX-APP-02,ms:defender:eventhub,ms:defender:eventhub,1
raw/3385__USTX-APP-02__trellix_epo.log,USTX-APP-02,trellix:epo,trellix:epo,1
raw/3386__USTX-APP-03__XmlWinEventLog.log,USTX-APP-03,XmlWinEventLog:Microsoft-Windows-Sysmon/Operational,XmlWinEventLog,3
raw/3387__USTX-APP-03__XmlWinEventLog.log,USTX-APP-03,XmlWinEventLog:Security,XmlWinEventLog,6
raw/3388__USTX-APP-03__ms_defender_eventhub.log,USTX-APP-03,ms:defender:eventhub,ms:defender:eventhub,4
raw/3389__USTX-APP-03__wsus_client.log,USTX-APP-03,wsus:client,wsus:client,1
raw/3390__USTX-APP-04__XmlWinEventLog.log,USTX-APP-04,XmlWinEventLog:Microsoft-Windows-Sysmon/Operational,XmlWinEventLog,10
raw/3391__USTX-APP-04__XmlWinEventLog.log,USTX-APP-04,XmlWinEventLog:Security,XmlWinEventLog,2
raw/3392__USTX-APP-05__XmlWinEventLog.log,USTX-APP-05,XmlWinEventLog:Microsoft-Windows-Sysmon/Operational,XmlWinEventLog,9
raw/3393__USTX-APP-05__XmlWinEventLog.log,USTX-APP-05,XmlWinEventLog:Security,XmlWinEventLog,6
raw/3394__USTX-APP-05__sccm_client.log,USTX-APP-05,sccm:client,sccm:client,1
raw/3395__USTX-APP-05__trellix_epo.log,USTX-APP-05,trellix:epo,trellix:epo,2
raw/3396__USTX-APP-05__wsus_client.log,USTX-APP-05,wsus:client,wsus:client,1
raw/3397__USTX-APP-06__XmlWinEventLog.log,USTX-APP-06,XmlWinEventLog:Microsoft-Windows-Sysmon/Operational,XmlWinEventLog,4
raw/3398__USTX-APP-06__XmlWinEventLog.log,USTX-APP-06,XmlWinEventLog:Security,XmlWinEventLog,5
raw/3399__USTX-APP-06__ms_defender_eventhub.log,USTX-APP-06,ms:defender:eventhub,ms:defender:eventhub,1
raw/3400__USTX-APP-06__wsus_client.log,USTX-APP-06,wsus:client,wsus:client,1
raw/3401__USTX-APP-07__XmlWinEventLog.log,USTX-APP-07,XmlWinEventLog:Microsoft-Windows-Sysmon/Operational,XmlWinEventLog,11
raw/3402__USTX-APP-07__XmlWinEventLog.log,USTX-APP-07,XmlWinEventLog:Security,XmlWinEventLog,9
raw/3403__USTX-APP-07__ms_defender_eventhub.log,USTX-APP-07,ms:defender:eventhub,ms:defender:eventhub,2
raw/3404__USTX-APP-08__XmlWinEventLog.log,USTX-APP-08,XmlWinEventLog:Microsoft-Windows-Sysmon/Operational,XmlWinEventLog,7
raw/3405__USTX-APP-08__XmlWinEventLog.log,USTX-APP-08,XmlWinEventLog:Security,XmlWinEventLog,7
raw/3406__USTX-APP-08__ms_defender_eventhub.log,USTX-APP-08,ms:defender:eventhub,ms:defender:eventhub,1
raw/3407__USTX-DC-01__XmlWinEventLog.log,USTX-DC-01,XmlWinEventLog:Security,XmlWinEventLog,158
raw/3408__USTX-FS-01__XmlWinEventLog.log,USTX-FS-01,XmlWinEventLog:Microsoft-Windows-Sysmon/Operational,XmlWinEventLog,6
raw/3409__USTX-FS-01__XmlWinEventLog.log,USTX-FS-01,XmlWinEventLog:Security,XmlWinEventLog,4
raw/3410__USTX-FS-01__ms_defender_eventhub.log,USTX-FS-01,ms:defender:eventhub,ms:defender:eventhub,1
raw/3411__USTX-FS-01__trellix_epo.log,USTX-FS-01,trellix:epo,trellix:epo,1
raw/3412__USTX-FS-01__wsus_client.log,USTX-FS-01,wsus:client,wsus:client,1
raw/3413__USTX-FS-02__XmlWinEventLog.log,USTX-FS-02,XmlWinEventLog:Microsoft-Windows-Sysmon/Operational,XmlWinEventLog,11
raw/3414__USTX-FS-02__XmlWinEventLog.log,USTX-FS-02,XmlWinEventLog:Security,XmlWinEventLog,3
raw/3415__USTX-FS-02__ms_defender_eventhub.log,USTX-FS-02,ms:defender:eventhub,ms:defender:eventhub,3
raw/3416__USTX-FS-02__trellix_epo.log,USTX-FS-02,trellix:epo,trellix:epo,2
raw/3417__USTX-FS-03__XmlWinEventLog.log,USTX-FS-03,XmlWinEventLog:Microsoft-Windows-Sysmon/Operational,XmlWinEventLog,8
raw/3418__USTX-FS-03__XmlWinEventLog.log,USTX-FS-03,XmlWinEventLog:Security,XmlWinEventLog,6
raw/3419__USTX-FS-03__ms_defender_eventhub.log,USTX-FS-03,ms:defender:eventhub,ms:defender:eventhub,3
raw/3420__USTX-FS-03__trellix_epo.log,USTX-FS-03,trellix:epo,trellix:epo,1
raw/3421__USTX-FS-04__XmlWinEventLog.log,USTX-FS-04,XmlWinEventLog:Microsoft-Windows-Sysmon/Operational,XmlWinEventLog,2
raw/3422__USTX-FS-04__XmlWinEventLog.log,USTX-FS-04,XmlWinEventLog:Security,XmlWinEventLog,5
raw/3423__USTX-FS-04__ms_defender_eventhub.log,USTX-FS-04,ms:defender:eventhub,ms:defender:eventhub,2
raw/3424__USTX-FW-01__pan_traffic.log,USTX-FW-01,pan:traffic,pan:traffic,126
raw/3425__USTX-FW-02__fortigate_traffic.log,USTX-FW-02,fortigate_traffic,fortigate_traffic,126
raw/3426__USTX-FW-03__cisco_asa.log,USTX-FW-03,cisco:asa,cisco:asa,110
raw/3427__USTX-JUMP-01__XmlWinEventLog.log,USTX-JUMP-01,XmlWinEventLog:Microsoft-Windows-Sysmon/Operational,XmlWinEventLog,8
raw/3428__USTX-JUMP-01__XmlWinEventLog.log,USTX-JUMP-01,XmlWinEventLog:Security,XmlWinEventLog,5
raw/3429__USTX-JUMP-01__sccm_client.log,USTX-JUMP-01,sccm:client,sccm:client,2
raw/3430__USTX-JUMP-02__XmlWinEventLog.log,USTX-JUMP-02,XmlWinEventLog:Microsoft-Windows-Sysmon/Operational,XmlWinEventLog,6
raw/3431__USTX-JUMP-02__XmlWinEventLog.log,USTX-JUMP-02,XmlWinEventLog:Security,XmlWinEventLog,2
raw/3432__USTX-JUMP-02__sccm_client.log,USTX-JUMP-02,sccm:client,sccm:client,1
raw/3433__USTX-JUMP-02__trellix_epo.log,USTX-JUMP-02,trellix:epo,trellix:epo,1
raw/3434__USTX-JUMP-02__wsus_client.log,USTX-JUMP-02,wsus:client,wsus:client,1
raw/3435__USTX-JUMP-03__XmlWinEventLog.log,USTX-JUMP-03,XmlWinEventLog:Microsoft-Windows-Sysmon/Operational,XmlWinEventLog,7
raw/3436__USTX-JUMP-03__XmlWinEventLog.log,USTX-JUMP-03,XmlWinEventLog:Security,XmlWinEventLog,7
raw/3437__USTX-JUMP-03__ms_defender_eventhub.log,USTX-JUMP-03,ms:defender:eventhub,ms:defender:eventhub,1
raw/3438__USTX-JUMP-03__wsus_client.log,USTX-JUMP-03,wsus:client,wsus:client,1
raw/3439__USTX-LNX-01__linux_audit.log,USTX-LNX-01,/var/log/audit/audit.log,linux_audit,109
raw/3440__USTX-LNX-01__linux_secure.log,USTX-LNX-01,/var/log/secure,linux_secure,17
raw/3441__USTX-LNX-01__syslog.log,USTX-LNX-01,/var/log/syslog,syslog,38
raw/3442__USTX-LNX-01__ms_defender_eventhub.log,USTX-LNX-01,ms:defender:eventhub,ms:defender:eventhub,1
raw/3443__USTX-LNX-01__trellix_epo.log,USTX-LNX-01,trellix:epo,trellix:epo,1
raw/3444__USTX-LNX-02__linux_audit.log,USTX-LNX-02,/var/log/audit/audit.log,linux_audit,108
raw/3445__USTX-LNX-02__linux_secure.log,USTX-LNX-02,/var/log/secure,linux_secure,28
raw/3446__USTX-LNX-02__syslog.log,USTX-LNX-02,/var/log/syslog,syslog,26
raw/3447__USTX-LNX-03__linux_audit.log,USTX-LNX-03,/var/log/audit/audit.log,linux_audit,89
raw/3448__USTX-LNX-03__linux_secure.log,USTX-LNX-03,/var/log/secure,linux_secure,23
raw/3449__USTX-LNX-03__syslog.log,USTX-LNX-03,/var/log/syslog,syslog,30
raw/3450__USTX-LNX-04__linux_audit.log,USTX-LNX-04,/var/log/audit/audit.log,linux_audit,88
raw/3451__USTX-LNX-04__linux_secure.log,USTX-LNX-04,/var/log/secure,linux_secure,24
raw/3452__USTX-LNX-04__syslog.log,USTX-LNX-04,/var/log/syslog,syslog,30
raw/3453__USTX-LNX-05__linux_audit.log,USTX-LNX-05,/var/log/audit/audit.log,linux_audit,91
raw/3454__USTX-LNX-05__linux_secure.log,USTX-LNX-05,/var/log/secure,linux_secure,21
raw/3455__USTX-LNX-05__syslog.log,USTX-LNX-05,/var/log/syslog,syslog,29
raw/3456__USTX-LNX-06__linux_audit.log,USTX-LNX-06,/var/log/audit/audit.log,linux_audit,82
raw/3457__USTX-LNX-06__linux_secure.log,USTX-LNX-06,/var/log/secure,linux_secure,19
raw/3458__USTX-LNX-06__syslog.log,USTX-LNX-06,/var/log/syslog,syslog,23
raw/3459__USTX-LNX-06__ms_defender_eventhub.log,USTX-LNX-06,ms:defender:eventhub,ms:defender:eventhub,1
raw/3460__USTX-LNX-06__trellix_epo.log,USTX-LNX-06,trellix:epo,trellix:epo,1
raw/3461__USTX-LNX-07__linux_audit.log,USTX-LNX-07,/var/log/audit/audit.log,linux_audit,63
raw/3462__USTX-LNX-07__linux_secure.log,USTX-LNX-07,/var/log/secure,linux_secure,25
raw/3463__USTX-LNX-07__syslog.log,USTX-LNX-07,/var/log/syslog,syslog,37
raw/3464__USTX-LNX-07__trellix_epo.log,USTX-LNX-07,trellix:epo,trellix:epo,2
raw/3465__USTX-LNX-08__linux_audit.log,USTX-LNX-08,/var/log/audit/audit.log,linux_audit,121
raw/3466__USTX-LNX-08__linux_secure.log,USTX-LNX-08,/var/log/secure,linux_secure,26
raw/3467__USTX-LNX-08__syslog.log,USTX-LNX-08,/var/log/syslog,syslog,28
raw/3468__USTX-LNX-08__ms_defender_eventhub.log,USTX-LNX-08,ms:defender:eventhub,ms:defender:eventhub,1
raw/3469__USTX-LNX-08__trellix_epo.log,USTX-LNX-08,trellix:epo,trellix:epo,2
raw/3470__USTX-PACS-01__pacs_access.log,USTX-PACS-01,pacs:access,pacs:access,110
raw/3471__USTX-PAW-01__XmlWinEventLog.log,USTX-PAW-01,XmlWinEventLog:Microsoft-Windows-Sysmon/Operational,XmlWinEventLog,5
raw/3472__USTX-PAW-01__XmlWinEventLog.log,USTX-PAW-01,XmlWinEventLog:Security,XmlWinEventLog,10
raw/3473__USTX-PAW-02__XmlWinEventLog.log,USTX-PAW-02,XmlWinEventLog:Microsoft-Windows-Sysmon/Operational,XmlWinEventLog,10
raw/3474__USTX-PAW-02__XmlWinEventLog.log,USTX-PAW-02,XmlWinEventLog:Security,XmlWinEventLog,7
raw/3475__USTX-PAW-03__XmlWinEventLog.log,USTX-PAW-03,XmlWinEventLog:Microsoft-Windows-Sysmon/Operational,XmlWinEventLog,11
raw/3476__USTX-PAW-03__XmlWinEventLog.log,USTX-PAW-03,XmlWinEventLog:Security,XmlWinEventLog,6
raw/3477__USTX-PAW-03__ms_defender_eventhub.log,USTX-PAW-03,ms:defender:eventhub,ms:defender:eventhub,1
raw/3478__USTX-PAW-04__XmlWinEventLog.log,USTX-PAW-04,XmlWinEventLog:Microsoft-Windows-Sysmon/Operational,XmlWinEventLog,8
raw/3479__USTX-PAW-04__XmlWinEventLog.log,USTX-PAW-04,XmlWinEventLog:Security,XmlWinEventLog,4
raw/3480__USTX-PAW-05__XmlWinEventLog.log,USTX-PAW-05,XmlWinEventLog:Microsoft-Windows-Sysmon/Operational,XmlWinEventLog,8
raw/3481__USTX-PAW-05__XmlWinEventLog.log,USTX-PAW-05,XmlWinEventLog:Security,XmlWinEventLog,5
raw/3482__USTX-PAW-05__ms_defender_eventhub.log,USTX-PAW-05,ms:defender:eventhub,ms:defender:eventhub,4
raw/3483__USTX-PAW-06__XmlWinEventLog.log,USTX-PAW-06,XmlWinEventLog:Microsoft-Windows-Sysmon/Operational,XmlWinEventLog,9
raw/3484__USTX-PAW-06__XmlWinEventLog.log,USTX-PAW-06,XmlWinEventLog:Security,XmlWinEventLog,9
raw/3485__USTX-PAW-06__trellix_epo.log,USTX-PAW-06,trellix:epo,trellix:epo,1
raw/3486__USTX-RTR-01__cisco_ios.log,USTX-RTR-01,cisco:ios,cisco:ios,49
raw/3487__USTX-RTR-02__juniper.log,USTX-RTR-02,juniper,juniper,14
raw/3488__USTX-RTR-02__juniper_junos_firewall.log,USTX-RTR-02,juniper:junos:firewall,juniper:junos:firewall,13
raw/3489__USTX-VDI-01__XmlWinEventLog.log,USTX-VDI-01,XmlWinEventLog:Microsoft-Windows-Sysmon/Operational,XmlWinEventLog,4
raw/3490__USTX-VDI-01__XmlWinEventLog.log,USTX-VDI-01,XmlWinEventLog:Security,XmlWinEventLog,8
raw/3491__USTX-VDI-02__XmlWinEventLog.log,USTX-VDI-02,XmlWinEventLog:Microsoft-Windows-Sysmon/Operational,XmlWinEventLog,5
raw/3492__USTX-VDI-02__XmlWinEventLog.log,USTX-VDI-02,XmlWinEventLog:Security,XmlWinEventLog,7
raw/3493__USTX-VDI-02__sccm_client.log,USTX-VDI-02,sccm:client,sccm:client,1
raw/3494__USTX-VDI-02__trellix_epo.log,USTX-VDI-02,trellix:epo,trellix:epo,1
raw/3495__USTX-VDI-03__XmlWinEventLog.log,USTX-VDI-03,XmlWinEventLog:Microsoft-Windows-Sysmon/Operational,XmlWinEventLog,9
raw/3496__USTX-VDI-03__XmlWinEventLog.log,USTX-VDI-03,XmlWinEventLog:Security,XmlWinEventLog,5
raw/3497__USTX-VDI-03__sccm_client.log,USTX-VDI-03,sccm:client,sccm:client,1
raw/3498__USTX-VDI-03__wsus_client.log,USTX-VDI-03,wsus:client,wsus:client,2
raw/3499__USTX-WS-0001__XmlWinEventLog.log,USTX-WS-0001,XmlWinEventLog:Microsoft-Windows-Sysmon/Operational,XmlWinEventLog,13
raw/3500__USTX-WS-0001__XmlWinEventLog.log,USTX-WS-0001,XmlWinEventLog:Security,XmlWinEventLog,7
raw/3501__USTX-WS-0001__ms_defender_eventhub.log,USTX-WS-0001,ms:defender:eventhub,ms:defender:eventhub,1
raw/3502__USTX-WS-0001__wsus_client.log,USTX-WS-0001,wsus:client,wsus:client,1
raw/3503__USTX-WS-0002__XmlWinEventLog.log,USTX-WS-0002,XmlWinEventLog:Microsoft-Windows-Sysmon/Operational,XmlWinEventLog,10
raw/3504__USTX-WS-0002__XmlWinEventLog.log,USTX-WS-0002,XmlWinEventLog:Security,XmlWinEventLog,5
raw/3505__USTX-WS-0002__ms_defender_eventhub.log,USTX-WS-0002,ms:defender:eventhub,ms:defender:eventhub,2
raw/3506__USTX-WS-0002__trellix_epo.log,USTX-WS-0002,trellix:epo,trellix:epo,1
raw/3507__USTX-WS-0003__XmlWinEventLog.log,USTX-WS-0003,XmlWinEventLog:Microsoft-Windows-Sysmon/Operational,XmlWinEventLog,8
raw/3508__USTX-WS-0003__XmlWinEventLog.log,USTX-WS-0003,XmlWinEventLog:Security,XmlWinEventLog,9
raw/3509__USTX-WS-0003__ms_defender_eventhub.log,USTX-WS-0003,ms:defender:eventhub,ms:defender:eventhub,3
raw/3510__USTX-WS-0003__sccm_client.log,USTX-WS-0003,sccm:client,sccm:client,1
raw/3511__USTX-WS-0003__wsus_client.log,USTX-WS-0003,wsus:client,wsus:client,1
raw/3512__USTX-WS-0004__XmlWinEventLog.log,USTX-WS-0004,XmlWinEventLog:Microsoft-Windows-Sysmon/Operational,XmlWinEventLog,14
raw/3513__USTX-WS-0004__XmlWinEventLog.log,USTX-WS-0004,XmlWinEventLog:Security,XmlWinEventLog,15
raw/3514__USTX-WS-0004__ms_defender_eventhub.log,USTX-WS-0004,ms:defender:eventhub,ms:defender:eventhub,1
raw/3515__USTX-WS-0004__trellix_epo.log,USTX-WS-0004,trellix:epo,trellix:epo,1
raw/3516__USTX-WS-0004__wsus_client.log,USTX-WS-0004,wsus:client,wsus:client,1
raw/3517__USTX-WS-0005__XmlWinEventLog.log,USTX-WS-0005,XmlWinEventLog:Microsoft-Windows-Sysmon/Operational,XmlWinEventLog,10
raw/3518__USTX-WS-0005__XmlWinEventLog.log,USTX-WS-0005,XmlWinEventLog:Security,XmlWinEventLog,8
raw/3519__USTX-WS-0006__XmlWinEventLog.log,USTX-WS-0006,XmlWinEventLog:Microsoft-Windows-Sysmon/Operational,XmlWinEventLog,10
raw/3520__USTX-WS-0006__XmlWinEventLog.log,USTX-WS-0006,XmlWinEventLog:Security,XmlWinEventLog,12
raw/3521__USTX-WS-0006__ms_defender_eventhub.log,USTX-WS-0006,ms:defender:eventhub,ms:defender:eventhub,1
raw/3522__USTX-WS-0007__XmlWinEventLog.log,USTX-WS-0007,XmlWinEventLog:Microsoft-Windows-Sysmon/Operational,XmlWinEventLog,4
raw/3523__USTX-WS-0007__XmlWinEventLog.log,USTX-WS-0007,XmlWinEventLog:Security,XmlWinEventLog,12
raw/3524__USTX-WS-0007__ms_defender_eventhub.log,USTX-WS-0007,ms:defender:eventhub,ms:defender:eventhub,1
raw/3525__USTX-WS-0007__sccm_client.log,USTX-WS-0007,sccm:client,sccm:client,1
raw/3526__USTX-WS-0008__XmlWinEventLog.log,USTX-WS-0008,XmlWinEventLog:Microsoft-Windows-Sysmon/Operational,XmlWinEventLog,17
raw/3527__USTX-WS-0008__XmlWinEventLog.log,USTX-WS-0008,XmlWinEventLog:Security,XmlWinEventLog,10
raw/3528__USTX-WS-0008__ms_defender_eventhub.log,USTX-WS-0008,ms:defender:eventhub,ms:defender:eventhub,2
raw/3529__USTX-WS-0008__sccm_client.log,USTX-WS-0008,sccm:client,sccm:client,1
raw/3530__USTX-WS-0009__XmlWinEventLog.log,USTX-WS-0009,XmlWinEventLog:Microsoft-Windows-Sysmon/Operational,XmlWinEventLog,9
raw/3531__USTX-WS-0009__XmlWinEventLog.log,USTX-WS-0009,XmlWinEventLog:Security,XmlWinEventLog,9
raw/3532__USTX-WS-0009__ms_defender_eventhub.log,USTX-WS-0009,ms:defender:eventhub,ms:defender:eventhub,1
raw/3533__USTX-WS-0009__trellix_epo.log,USTX-WS-0009,trellix:epo,trellix:epo,1
raw/3534__USTX-WS-0010__XmlWinEventLog.log,USTX-WS-0010,XmlWinEventLog:Microsoft-Windows-Sysmon/Operational,XmlWinEventLog,8
raw/3535__USTX-WS-0010__XmlWinEventLog.log,USTX-WS-0010,XmlWinEventLog:Security,XmlWinEventLog,18
raw/3536__USTX-WS-0011__XmlWinEventLog.log,USTX-WS-0011,XmlWinEventLog:Microsoft-Windows-Sysmon/Operational,XmlWinEventLog,14
raw/3537__USTX-WS-0011__XmlWinEventLog.log,USTX-WS-0011,XmlWinEventLog:Security,XmlWinEventLog,7
raw/3538__USTX-WS-0012__XmlWinEventLog.log,USTX-WS-0012,XmlWinEventLog:Microsoft-Windows-Sysmon/Operational,XmlWinEventLog,5
raw/3539__USTX-WS-0012__XmlWinEventLog.log,USTX-WS-0012,XmlWinEventLog:Security,XmlWinEventLog,9
raw/3540__USTX-WS-0012__trellix_epo.log,USTX-WS-0012,trellix:epo,trellix:epo,2
raw/3541__USTX-WS-0013__XmlWinEventLog.log,USTX-WS-0013,XmlWinEventLog:Microsoft-Windows-Sysmon/Operational,XmlWinEventLog,17
raw/3542__USTX-WS-0013__XmlWinEventLog.log,USTX-WS-0013,XmlWinEventLog:Security,XmlWinEventLog,8
raw/3543__USTX-WS-0013__ms_defender_eventhub.log,USTX-WS-0013,ms:defender:eventhub,ms:defender:eventhub,1
raw/3544__USTX-WS-0013__trellix_epo.log,USTX-WS-0013,trellix:epo,trellix:epo,1
raw/3545__USTX-WS-0014__XmlWinEventLog.log,USTX-WS-0014,XmlWinEventLog:Microsoft-Windows-Sysmon/Operational,XmlWinEventLog,7
raw/3546__USTX-WS-0014__XmlWinEventLog.log,USTX-WS-0014,XmlWinEventLog:Security,XmlWinEventLog,11
raw/3547__USTX-WS-0014__trellix_epo.log,USTX-WS-0014,trellix:epo,trellix:epo,1
raw/3548__USTX-WS-0015__XmlWinEventLog.log,USTX-WS-0015,XmlWinEventLog:Microsoft-Windows-Sysmon/Operational,XmlWinEventLog,15
raw/3549__USTX-WS-0015__XmlWinEventLog.log,USTX-WS-0015,XmlWinEventLog:Security,XmlWinEventLog,9
raw/3550__USTX-WS-0016__XmlWinEventLog.log,USTX-WS-0016,XmlWinEventLog:Microsoft-Windows-Sysmon/Operational,XmlWinEventLog,11
raw/3551__USTX-WS-0016__XmlWinEventLog.log,USTX-WS-0016,XmlWinEventLog:Security,XmlWinEventLog,11
raw/3552__USTX-WS-0016__ms_defender_eventhub.log,USTX-WS-0016,ms:defender:eventhub,ms:defender:eventhub,1
raw/3553__USTX-WS-0016__trellix_epo.log,USTX-WS-0016,trellix:epo,trellix:epo,1
raw/3554__USTX-WS-0017__XmlWinEventLog.log,USTX-WS-0017,XmlWinEventLog:Microsoft-Windows-Sysmon/Operational,XmlWinEventLog,16
raw/3555__USTX-WS-0017__XmlWinEventLog.log,USTX-WS-0017,XmlWinEventLog:Security,XmlWinEventLog,10
raw/3556__USTX-WS-0017__ms_defender_eventhub.log,USTX-WS-0017,ms:defender:eventhub,ms:defender:eventhub,2
raw/3557__USTX-WS-0018__XmlWinEventLog.log,USTX-WS-0018,XmlWinEventLog:Microsoft-Windows-Sysmon/Operational,XmlWinEventLog,18
raw/3558__USTX-WS-0018__XmlWinEventLog.log,USTX-WS-0018,XmlWinEventLog:Security,XmlWinEventLog,8
raw/3559__USTX-WS-0018__ms_defender_eventhub.log,USTX-WS-0018,ms:defender:eventhub,ms:defender:eventhub,3
raw/3560__USTX-WS-0018__trellix_epo.log,USTX-WS-0018,trellix:epo,trellix:epo,1
raw/3561__USTX-WS-0019__XmlWinEventLog.log,USTX-WS-0019,XmlWinEventLog:Microsoft-Windows-Sysmon/Operational,XmlWinEventLog,12
raw/3562__USTX-WS-0019__XmlWinEventLog.log,USTX-WS-0019,XmlWinEventLog:Security,XmlWinEventLog,11
raw/3563__USTX-WS-0019__sccm_client.log,USTX-WS-0019,sccm:client,sccm:client,1
raw/3564__USTX-WS-0019__trellix_epo.log,USTX-WS-0019,trellix:epo,trellix:epo,1
raw/3565__USTX-WS-0020__XmlWinEventLog.log,USTX-WS-0020,XmlWinEventLog:Microsoft-Windows-Sysmon/Operational,XmlWinEventLog,8
raw/3566__USTX-WS-0020__XmlWinEventLog.log,USTX-WS-0020,XmlWinEventLog:Security,XmlWinEventLog,14
raw/3567__USTX-WS-0020__wsus_client.log,USTX-WS-0020,wsus:client,wsus:client,1
raw/3568__USTX-WS-0021__XmlWinEventLog.log,USTX-WS-0021,XmlWinEventLog:Microsoft-Windows-Sysmon/Operational,XmlWinEventLog,10
raw/3569__USTX-WS-0021__XmlWinEventLog.log,USTX-WS-0021,XmlWinEventLog:Security,XmlWinEventLog,9
raw/3570__USTX-WS-0021__ms_defender_eventhub.log,USTX-WS-0021,ms:defender:eventhub,ms:defender:eventhub,1
raw/3571__USTX-WS-0022__XmlWinEventLog.log,USTX-WS-0022,XmlWinEventLog:Microsoft-Windows-Sysmon/Operational,XmlWinEventLog,5
raw/3572__USTX-WS-0022__XmlWinEventLog.log,USTX-WS-0022,XmlWinEventLog:Security,XmlWinEventLog,10
raw/3573__USTX-WS-0022__trellix_epo.log,USTX-WS-0022,trellix:epo,trellix:epo,1
raw/3574__USTX-WS-0023__XmlWinEventLog.log,USTX-WS-0023,XmlWinEventLog:Microsoft-Windows-Sysmon/Operational,XmlWinEventLog,11
raw/3575__USTX-WS-0023__XmlWinEventLog.log,USTX-WS-0023,XmlWinEventLog:Security,XmlWinEventLog,16
raw/3576__USTX-WS-0023__ms_defender_eventhub.log,USTX-WS-0023,ms:defender:eventhub,ms:defender:eventhub,2
raw/3577__USTX-WS-0024__XmlWinEventLog.log,USTX-WS-0024,XmlWinEventLog:Microsoft-Windows-Sysmon/Operational,XmlWinEventLog,11
raw/3578__USTX-WS-0024__XmlWinEventLog.log,USTX-WS-0024,XmlWinEventLog:Security,XmlWinEventLog,11
raw/3579__USTX-WS-0024__ms_defender_eventhub.log,USTX-WS-0024,ms:defender:eventhub,ms:defender:eventhub,2
raw/3580__USTX-WS-0024__sccm_client.log,USTX-WS-0024,sccm:client,sccm:client,1
raw/3581__USTX-WS-0024__wsus_client.log,USTX-WS-0024,wsus:client,wsus:client,1
raw/3582__USTX-WS-0025__XmlWinEventLog.log,USTX-WS-0025,XmlWinEventLog:Microsoft-Windows-Sysmon/Operational,XmlWinEventLog,9
raw/3583__USTX-WS-0025__XmlWinEventLog.log,USTX-WS-0025,XmlWinEventLog:Security,XmlWinEventLog,4
raw/3584__USTX-WS-0025__ms_defender_eventhub.log,USTX-WS-0025,ms:defender:eventhub,ms:defender:eventhub,2
raw/3585__USTX-WS-0026__XmlWinEventLog.log,USTX-WS-0026,XmlWinEventLog:Microsoft-Windows-Sysmon/Operational,XmlWinEventLog,11
raw/3586__USTX-WS-0026__XmlWinEventLog.log,USTX-WS-0026,XmlWinEventLog:Security,XmlWinEventLog,9
raw/3587__USTX-WS-0026__ms_defender_eventhub.log,USTX-WS-0026,ms:defender:eventhub,ms:defender:eventhub,3
raw/3588__USTX-WS-0026__trellix_epo.log,USTX-WS-0026,trellix:epo,trellix:epo,1
raw/3589__USTX-WS-0027__XmlWinEventLog.log,USTX-WS-0027,XmlWinEventLog:Microsoft-Windows-Sysmon/Operational,XmlWinEventLog,10
raw/3590__USTX-WS-0027__XmlWinEventLog.log,USTX-WS-0027,XmlWinEventLog:Security,XmlWinEventLog,11
raw/3591__USTX-WS-0027__ms_defender_eventhub.log,USTX-WS-0027,ms:defender:eventhub,ms:defender:eventhub,4
raw/3592__USTX-WS-0027__sccm_client.log,USTX-WS-0027,sccm:client,sccm:client,1
raw/3593__USTX-WS-0027__trellix_epo.log,USTX-WS-0027,trellix:epo,trellix:epo,2
raw/3594__USTX-WS-0028__XmlWinEventLog.log,USTX-WS-0028,XmlWinEventLog:Microsoft-Windows-Sysmon/Operational,XmlWinEventLog,11
raw/3595__USTX-WS-0028__XmlWinEventLog.log,USTX-WS-0028,XmlWinEventLog:Security,XmlWinEventLog,7
raw/3596__USTX-WS-0028__wsus_client.log,USTX-WS-0028,wsus:client,wsus:client,1
raw/3597__USTX-WS-0029__XmlWinEventLog.log,USTX-WS-0029,XmlWinEventLog:Microsoft-Windows-Sysmon/Operational,XmlWinEventLog,5
raw/3598__USTX-WS-0029__XmlWinEventLog.log,USTX-WS-0029,XmlWinEventLog:Security,XmlWinEventLog,2
raw/3599__USTX-WS-0029__ms_defender_eventhub.log,USTX-WS-0029,ms:defender:eventhub,ms:defender:eventhub,2
raw/3600__USTX-WS-0029__trellix_epo.log,USTX-WS-0029,trellix:epo,trellix:epo,1
raw/3601__USTX-WS-0029__wsus_client.log,USTX-WS-0029,wsus:client,wsus:client,1
raw/3602__USTX-WS-0030__XmlWinEventLog.log,USTX-WS-0030,XmlWinEventLog:Microsoft-Windows-Sysmon/Operational,XmlWinEventLog,9
raw/3603__USTX-WS-0030__XmlWinEventLog.log,USTX-WS-0030,XmlWinEventLog:Security,XmlWinEventLog,2
raw/3604__USTX-WS-0030__sccm_client.log,USTX-WS-0030,sccm:client,sccm:client,1
raw/3605__USTX-WS-0031__XmlWinEventLog.log,USTX-WS-0031,XmlWinEventLog:Microsoft-Windows-Sysmon/Operational,XmlWinEventLog,5
raw/3606__USTX-WS-0031__XmlWinEventLog.log,USTX-WS-0031,XmlWinEventLog:Security,XmlWinEventLog,5
raw/3607__USTX-WS-0031__ms_defender_eventhub.log,USTX-WS-0031,ms:defender:eventhub,ms:defender:eventhub,2
raw/3608__USTX-WS-0031__trellix_epo.log,USTX-WS-0031,trellix:epo,trellix:epo,1
raw/3609__USTX-WS-0032__XmlWinEventLog.log,USTX-WS-0032,XmlWinEventLog:Microsoft-Windows-Sysmon/Operational,XmlWinEventLog,10
raw/3610__USTX-WS-0032__XmlWinEventLog.log,USTX-WS-0032,XmlWinEventLog:Security,XmlWinEventLog,4
raw/3611__USTX-WS-0032__ms_defender_eventhub.log,USTX-WS-0032,ms:defender:eventhub,ms:defender:eventhub,3
raw/3612__USTX-WS-0032__sccm_client.log,USTX-WS-0032,sccm:client,sccm:client,1
raw/3613__USTX-WS-0032__trellix_epo.log,USTX-WS-0032,trellix:epo,trellix:epo,1
raw/3614__USTX-WS-0033__XmlWinEventLog.log,USTX-WS-0033,XmlWinEventLog:Microsoft-Windows-Sysmon/Operational,XmlWinEventLog,9
raw/3615__USTX-WS-0033__XmlWinEventLog.log,USTX-WS-0033,XmlWinEventLog:Security,XmlWinEventLog,8
raw/3616__USTX-WS-0033__ms_defender_eventhub.log,USTX-WS-0033,ms:defender:eventhub,ms:defender:eventhub,3
raw/3617__USTX-WS-0033__trellix_epo.log,USTX-WS-0033,trellix:epo,trellix:epo,1
raw/3618__USTX-WS-0034__XmlWinEventLog.log,USTX-WS-0034,XmlWinEventLog:Microsoft-Windows-Sysmon/Operational,XmlWinEventLog,6
raw/3619__USTX-WS-0034__XmlWinEventLog.log,USTX-WS-0034,XmlWinEventLog:Security,XmlWinEventLog,6
raw/3620__USTX-WS-0035__XmlWinEventLog.log,USTX-WS-0035,XmlWinEventLog:Microsoft-Windows-Sysmon/Operational,XmlWinEventLog,6
raw/3621__USTX-WS-0035__XmlWinEventLog.log,USTX-WS-0035,XmlWinEventLog:Security,XmlWinEventLog,4
raw/3622__USTX-WS-0035__ms_defender_eventhub.log,USTX-WS-0035,ms:defender:eventhub,ms:defender:eventhub,1
raw/3623__USTX-WS-0035__wsus_client.log,USTX-WS-0035,wsus:client,wsus:client,1
raw/3624__USTX-WS-0036__XmlWinEventLog.log,USTX-WS-0036,XmlWinEventLog:Microsoft-Windows-Sysmon/Operational,XmlWinEventLog,7
raw/3625__USTX-WS-0036__XmlWinEventLog.log,USTX-WS-0036,XmlWinEventLog:Security,XmlWinEventLog,4
raw/3626__USTX-WS-0036__ms_defender_eventhub.log,USTX-WS-0036,ms:defender:eventhub,ms:defender:eventhub,2
raw/3627__USTX-WS-0037__XmlWinEventLog.log,USTX-WS-0037,XmlWinEventLog:Microsoft-Windows-Sysmon/Operational,XmlWinEventLog,6
raw/3628__USTX-WS-0037__XmlWinEventLog.log,USTX-WS-0037,XmlWinEventLog:Security,XmlWinEventLog,4
raw/3629__USTX-WS-0037__sccm_client.log,USTX-WS-0037,sccm:client,sccm:client,1
raw/3630__USTX-WS-0038__XmlWinEventLog.log,USTX-WS-0038,XmlWinEventLog:Microsoft-Windows-Sysmon/Operational,XmlWinEventLog,5
raw/3631__USTX-WS-0038__XmlWinEventLog.log,USTX-WS-0038,XmlWinEventLog:Security,XmlWinEventLog,7
raw/3632__USTX-WS-0038__sccm_client.log,USTX-WS-0038,sccm:client,sccm:client,1
raw/3633__USTX-WS-0039__XmlWinEventLog.log,USTX-WS-0039,XmlWinEventLog:Microsoft-Windows-Sysmon/Operational,XmlWinEventLog,9
raw/3634__USTX-WS-0039__XmlWinEventLog.log,USTX-WS-0039,XmlWinEventLog:Security,XmlWinEventLog,4
raw/3635__USTX-WS-0039__ms_defender_eventhub.log,USTX-WS-0039,ms:defender:eventhub,ms:defender:eventhub,2
raw/3636__USTX-WS-0039__trellix_epo.log,USTX-WS-0039,trellix:epo,trellix:epo,1
raw/3637__USTX-WS-0040__XmlWinEventLog.log,USTX-WS-0040,XmlWinEventLog:Microsoft-Windows-Sysmon/Operational,XmlWinEventLog,6
raw/3638__USTX-WS-0040__XmlWinEventLog.log,USTX-WS-0040,XmlWinEventLog:Security,XmlWinEventLog,4
raw/3639__USTX-WS-0040__ms_defender_eventhub.log,USTX-WS-0040,ms:defender:eventhub,ms:defender:eventhub,2
raw/3640__USTX-WS-0040__trellix_epo.log,USTX-WS-0040,trellix:epo,trellix:epo,1
raw/3641__USTX-WS-0041__XmlWinEventLog.log,USTX-WS-0041,XmlWinEventLog:Microsoft-Windows-Sysmon/Operational,XmlWinEventLog,2
raw/3642__USTX-WS-0041__XmlWinEventLog.log,USTX-WS-0041,XmlWinEventLog:Security,XmlWinEventLog,4
raw/3643__USTX-WS-0041__ms_defender_eventhub.log,USTX-WS-0041,ms:defender:eventhub,ms:defender:eventhub,2
raw/3644__USTX-WS-0041__sccm_client.log,USTX-WS-0041,sccm:client,sccm:client,1
raw/3645__USTX-WS-0041__trellix_epo.log,USTX-WS-0041,trellix:epo,trellix:epo,1
raw/3646__USTX-WS-0042__XmlWinEventLog.log,USTX-WS-0042,XmlWinEventLog:Microsoft-Windows-Sysmon/Operational,XmlWinEventLog,6
raw/3647__USTX-WS-0042__XmlWinEventLog.log,USTX-WS-0042,XmlWinEventLog:Security,XmlWinEventLog,6
raw/3648__USTX-WS-0043__XmlWinEventLog.log,USTX-WS-0043,XmlWinEventLog:Microsoft-Windows-Sysmon/Operational,XmlWinEventLog,5
raw/3649__USTX-WS-0043__XmlWinEventLog.log,USTX-WS-0043,XmlWinEventLog:Security,XmlWinEventLog,6
raw/3650__USTX-WS-0044__XmlWinEventLog.log,USTX-WS-0044,XmlWinEventLog:Microsoft-Windows-Sysmon/Operational,XmlWinEventLog,6
raw/3651__USTX-WS-0044__XmlWinEventLog.log,USTX-WS-0044,XmlWinEventLog:Security,XmlWinEventLog,6
raw/3652__USTX-WS-0044__wsus_client.log,USTX-WS-0044,wsus:client,wsus:client,1
raw/3653__USTX-WS-0045__XmlWinEventLog.log,USTX-WS-0045,XmlWinEventLog:Microsoft-Windows-Sysmon/Operational,XmlWinEventLog,7
raw/3654__USTX-WS-0045__XmlWinEventLog.log,USTX-WS-0045,XmlWinEventLog:Security,XmlWinEventLog,6
raw/3655__USTX-WS-0046__XmlWinEventLog.log,USTX-WS-0046,XmlWinEventLog:Microsoft-Windows-Sysmon/Operational,XmlWinEventLog,2
raw/3656__USTX-WS-0046__XmlWinEventLog.log,USTX-WS-0046,XmlWinEventLog:Security,XmlWinEventLog,6
raw/3657__USTX-WS-0047__XmlWinEventLog.log,USTX-WS-0047,XmlWinEventLog:Microsoft-Windows-Sysmon/Operational,XmlWinEventLog,4
raw/3658__USTX-WS-0047__XmlWinEventLog.log,USTX-WS-0047,XmlWinEventLog:Security,XmlWinEventLog,5
raw/3659__USTX-WS-0047__ms_defender_eventhub.log,USTX-WS-0047,ms:defender:eventhub,ms:defender:eventhub,1
raw/3660__USTX-WS-0047__sccm_client.log,USTX-WS-0047,sccm:client,sccm:client,1
raw/3661__USTX-WS-0048__XmlWinEventLog.log,USTX-WS-0048,XmlWinEventLog:Microsoft-Windows-Sysmon/Operational,XmlWinEventLog,9
raw/3662__USTX-WS-0048__XmlWinEventLog.log,USTX-WS-0048,XmlWinEventLog:Security,XmlWinEventLog,7
raw/3663__USTX-WS-0048__ms_defender_eventhub.log,USTX-WS-0048,ms:defender:eventhub,ms:defender:eventhub,2
raw/3664__USTX-WS-0048__sccm_client.log,USTX-WS-0048,sccm:client,sccm:client,1
raw/3665__USTX-WS-0048__trellix_epo.log,USTX-WS-0048,trellix:epo,trellix:epo,1
raw/3666__USTX-WS-0048__wsus_client.log,USTX-WS-0048,wsus:client,wsus:client,1
raw/3667__USTX-WS-0049__XmlWinEventLog.log,USTX-WS-0049,XmlWinEventLog:Microsoft-Windows-Sysmon/Operational,XmlWinEventLog,11
raw/3668__USTX-WS-0049__XmlWinEventLog.log,USTX-WS-0049,XmlWinEventLog:Security,XmlWinEventLog,4
raw/3669__USTX-WS-0049__wsus_client.log,USTX-WS-0049,wsus:client,wsus:client,2
raw/3670__USTX-WS-0050__XmlWinEventLog.log,USTX-WS-0050,XmlWinEventLog:Microsoft-Windows-Sysmon/Operational,XmlWinEventLog,7
raw/3671__USTX-WS-0050__XmlWinEventLog.log,USTX-WS-0050,XmlWinEventLog:Security,XmlWinEventLog,3
raw/3672__USTX-WS-0050__sccm_client.log,USTX-WS-0050,sccm:client,sccm:client,1
raw/3673__USTX-WS-0051__XmlWinEventLog.log,USTX-WS-0051,XmlWinEventLog:Microsoft-Windows-Sysmon/Operational,XmlWinEventLog,12
raw/3674__USTX-WS-0051__XmlWinEventLog.log,USTX-WS-0051,XmlWinEventLog:Security,XmlWinEventLog,3
raw/3675__USTX-WS-0051__ms_defender_eventhub.log,USTX-WS-0051,ms:defender:eventhub,ms:defender:eventhub,1
raw/3676__USTX-WS-0051__sccm_client.log,USTX-WS-0051,sccm:client,sccm:client,1
raw/3677__USTX-WS-0052__XmlWinEventLog.log,USTX-WS-0052,XmlWinEventLog:Microsoft-Windows-Sysmon/Operational,XmlWinEventLog,10
raw/3678__USTX-WS-0052__XmlWinEventLog.log,USTX-WS-0052,XmlWinEventLog:Security,XmlWinEventLog,3
raw/3679__USTX-WS-0052__ms_defender_eventhub.log,USTX-WS-0052,ms:defender:eventhub,ms:defender:eventhub,1
raw/3680__USTX-WS-0053__XmlWinEventLog.log,USTX-WS-0053,XmlWinEventLog:Microsoft-Windows-Sysmon/Operational,XmlWinEventLog,7
raw/3681__USTX-WS-0053__XmlWinEventLog.log,USTX-WS-0053,XmlWinEventLog:Security,XmlWinEventLog,5
raw/3682__USTX-WS-0053__trellix_epo.log,USTX-WS-0053,trellix:epo,trellix:epo,1
raw/3683__USTX-WS-0054__XmlWinEventLog.log,USTX-WS-0054,XmlWinEventLog:Microsoft-Windows-Sysmon/Operational,XmlWinEventLog,3
raw/3684__USTX-WS-0054__XmlWinEventLog.log,USTX-WS-0054,XmlWinEventLog:Security,XmlWinEventLog,9
raw/3685__USTX-WS-0054__ms_defender_eventhub.log,USTX-WS-0054,ms:defender:eventhub,ms:defender:eventhub,3
raw/3686__USTX-WS-0054__trellix_epo.log,USTX-WS-0054,trellix:epo,trellix:epo,3
raw/3687__USTX-WS-0055__XmlWinEventLog.log,USTX-WS-0055,XmlWinEventLog:Microsoft-Windows-Sysmon/Operational,XmlWinEventLog,13
raw/3688__USTX-WS-0055__XmlWinEventLog.log,USTX-WS-0055,XmlWinEventLog:Security,XmlWinEventLog,7
raw/3689__USTX-WS-0055__ms_defender_eventhub.log,USTX-WS-0055,ms:defender:eventhub,ms:defender:eventhub,2
raw/3690__USTX-WS-0056__XmlWinEventLog.log,USTX-WS-0056,XmlWinEventLog:Microsoft-Windows-Sysmon/Operational,XmlWinEventLog,6
raw/3691__USTX-WS-0056__XmlWinEventLog.log,USTX-WS-0056,XmlWinEventLog:Security,XmlWinEventLog,5
raw/3692__USTX-WS-0056__ms_defender_eventhub.log,USTX-WS-0056,ms:defender:eventhub,ms:defender:eventhub,1
raw/3693__USTX-WS-0056__trellix_epo.log,USTX-WS-0056,trellix:epo,trellix:epo,1
raw/3694__USTX-WS-0057__XmlWinEventLog.log,USTX-WS-0057,XmlWinEventLog:Microsoft-Windows-Sysmon/Operational,XmlWinEventLog,7
raw/3695__USTX-WS-0057__XmlWinEventLog.log,USTX-WS-0057,XmlWinEventLog:Security,XmlWinEventLog,4
raw/3696__USTX-WS-0057__ms_defender_eventhub.log,USTX-WS-0057,ms:defender:eventhub,ms:defender:eventhub,3
raw/3697__USTX-WS-0058__XmlWinEventLog.log,USTX-WS-0058,XmlWinEventLog:Microsoft-Windows-Sysmon/Operational,XmlWinEventLog,4
raw/3698__USTX-WS-0058__XmlWinEventLog.log,USTX-WS-0058,XmlWinEventLog:Security,XmlWinEventLog,6
raw/3699__USTX-WS-0058__ms_defender_eventhub.log,USTX-WS-0058,ms:defender:eventhub,ms:defender:eventhub,3
raw/3700__USTX-WS-0059__XmlWinEventLog.log,USTX-WS-0059,XmlWinEventLog:Microsoft-Windows-Sysmon/Operational,XmlWinEventLog,3
raw/3701__USTX-WS-0059__XmlWinEventLog.log,USTX-WS-0059,XmlWinEventLog:Security,XmlWinEventLog,2
raw/3702__USTX-WS-0059__ms_defender_eventhub.log,USTX-WS-0059,ms:defender:eventhub,ms:defender:eventhub,3
raw/3703__USTX-WS-0060__XmlWinEventLog.log,USTX-WS-0060,XmlWinEventLog:Microsoft-Windows-Sysmon/Operational,XmlWinEventLog,3
raw/3704__USTX-WS-0060__XmlWinEventLog.log,USTX-WS-0060,XmlWinEventLog:Security,XmlWinEventLog,7
raw/3705__USTX-WS-0060__ms_defender_eventhub.log,USTX-WS-0060,ms:defender:eventhub,ms:defender:eventhub,1
raw/3706__USTX-WS-0061__XmlWinEventLog.log,USTX-WS-0061,XmlWinEventLog:Microsoft-Windows-Sysmon/Operational,XmlWinEventLog,11
raw/3707__USTX-WS-0061__XmlWinEventLog.log,USTX-WS-0061,XmlWinEventLog:Security,XmlWinEventLog,7
raw/3708__USTX-WS-0061__ms_defender_eventhub.log,USTX-WS-0061,ms:defender:eventhub,ms:defender:eventhub,2
raw/3709__USTX-WS-0062__XmlWinEventLog.log,USTX-WS-0062,XmlWinEventLog:Microsoft-Windows-Sysmon/Operational,XmlWinEventLog,7
raw/3710__USTX-WS-0062__XmlWinEventLog.log,USTX-WS-0062,XmlWinEventLog:Security,XmlWinEventLog,4
raw/3711__USTX-WS-0062__ms_defender_eventhub.log,USTX-WS-0062,ms:defender:eventhub,ms:defender:eventhub,1
raw/3712__USTX-WS-0062__sccm_client.log,USTX-WS-0062,sccm:client,sccm:client,1
raw/3713__USTX-WS-0063__XmlWinEventLog.log,USTX-WS-0063,XmlWinEventLog:Microsoft-Windows-Sysmon/Operational,XmlWinEventLog,12
raw/3714__USTX-WS-0063__XmlWinEventLog.log,USTX-WS-0063,XmlWinEventLog:Security,XmlWinEventLog,9
raw/3715__USTX-WS-0063__ms_defender_eventhub.log,USTX-WS-0063,ms:defender:eventhub,ms:defender:eventhub,2
raw/3716__USTX-WS-0063__trellix_epo.log,USTX-WS-0063,trellix:epo,trellix:epo,1
raw/3717__USTX-WS-0064__XmlWinEventLog.log,USTX-WS-0064,XmlWinEventLog:Microsoft-Windows-Sysmon/Operational,XmlWinEventLog,3
raw/3718__USTX-WS-0064__XmlWinEventLog.log,USTX-WS-0064,XmlWinEventLog:Security,XmlWinEventLog,2
raw/3719__USTX-WS-0064__ms_defender_eventhub.log,USTX-WS-0064,ms:defender:eventhub,ms:defender:eventhub,2
raw/3720__USTX-WS-0064__sccm_client.log,USTX-WS-0064,sccm:client,sccm:client,1
raw/3721__USTX-ZEEK-01__bro_conn_json.log,USTX-ZEEK-01,zeek:conn,bro:conn:json,1013
raw/3722__USTX-ZEEK-01__bro_dce_rpc_json.log,USTX-ZEEK-01,zeek:dce_rpc,bro:dce_rpc:json,98
raw/3723__USTX-ZEEK-01__bro_dns_json.log,USTX-ZEEK-01,zeek:dns,bro:dns:json,465
raw/3724__USTX-ZEEK-01__bro_http_json.log,USTX-ZEEK-01,zeek:http,bro:http:json,251
raw/3725__USTX-ZEEK-01__bro_smb_files_json.log,USTX-ZEEK-01,zeek:smb_files,bro:smb_files:json,102
raw/3726__USTX-ZEEK-01__bro_ssl_json.log,USTX-ZEEK-01,zeek:ssl,bro:ssl:json,369
raw/3727__USVA-APP-01__XmlWinEventLog.log,USVA-APP-01,XmlWinEventLog:Microsoft-Windows-Sysmon/Operational,XmlWinEventLog,10
raw/3728__USVA-APP-01__XmlWinEventLog.log,USVA-APP-01,XmlWinEventLog:Security,XmlWinEventLog,5
raw/3729__USVA-APP-01__sccm_client.log,USVA-APP-01,sccm:client,sccm:client,1
raw/3730__USVA-APP-01__trellix_epo.log,USVA-APP-01,trellix:epo,trellix:epo,2
raw/3731__USVA-APP-02__XmlWinEventLog.log,USVA-APP-02,XmlWinEventLog:Microsoft-Windows-Sysmon/Operational,XmlWinEventLog,2
raw/3732__USVA-APP-02__XmlWinEventLog.log,USVA-APP-02,XmlWinEventLog:Security,XmlWinEventLog,8
raw/3733__USVA-APP-02__ms_defender_eventhub.log,USVA-APP-02,ms:defender:eventhub,ms:defender:eventhub,1
raw/3734__USVA-APP-02__trellix_epo.log,USVA-APP-02,trellix:epo,trellix:epo,1
raw/3735__USVA-APP-03__XmlWinEventLog.log,USVA-APP-03,XmlWinEventLog:Microsoft-Windows-Sysmon/Operational,XmlWinEventLog,7
raw/3736__USVA-APP-03__XmlWinEventLog.log,USVA-APP-03,XmlWinEventLog:Security,XmlWinEventLog,7
raw/3737__USVA-APP-03__ms_defender_eventhub.log,USVA-APP-03,ms:defender:eventhub,ms:defender:eventhub,2
raw/3738__USVA-APP-04__XmlWinEventLog.log,USVA-APP-04,XmlWinEventLog:Microsoft-Windows-Sysmon/Operational,XmlWinEventLog,6
raw/3739__USVA-APP-04__XmlWinEventLog.log,USVA-APP-04,XmlWinEventLog:Security,XmlWinEventLog,7
raw/3740__USVA-APP-04__sccm_client.log,USVA-APP-04,sccm:client,sccm:client,1
raw/3741__USVA-APP-05__XmlWinEventLog.log,USVA-APP-05,XmlWinEventLog:Microsoft-Windows-Sysmon/Operational,XmlWinEventLog,3
raw/3742__USVA-APP-05__XmlWinEventLog.log,USVA-APP-05,XmlWinEventLog:Security,XmlWinEventLog,4
raw/3743__USVA-APP-06__XmlWinEventLog.log,USVA-APP-06,XmlWinEventLog:Microsoft-Windows-Sysmon/Operational,XmlWinEventLog,5
raw/3744__USVA-APP-06__XmlWinEventLog.log,USVA-APP-06,XmlWinEventLog:Security,XmlWinEventLog,4
raw/3745__USVA-APP-06__ms_defender_eventhub.log,USVA-APP-06,ms:defender:eventhub,ms:defender:eventhub,1
raw/3746__USVA-APP-06__trellix_epo.log,USVA-APP-06,trellix:epo,trellix:epo,1
raw/3747__USVA-APP-07__XmlWinEventLog.log,USVA-APP-07,XmlWinEventLog:Microsoft-Windows-Sysmon/Operational,XmlWinEventLog,9
raw/3748__USVA-APP-07__XmlWinEventLog.log,USVA-APP-07,XmlWinEventLog:Security,XmlWinEventLog,11
raw/3749__USVA-APP-07__trellix_epo.log,USVA-APP-07,trellix:epo,trellix:epo,1
raw/3750__USVA-APP-08__XmlWinEventLog.log,USVA-APP-08,XmlWinEventLog:Microsoft-Windows-Sysmon/Operational,XmlWinEventLog,4
raw/3751__USVA-APP-08__XmlWinEventLog.log,USVA-APP-08,XmlWinEventLog:Security,XmlWinEventLog,5
raw/3752__USVA-APP-08__ms_defender_eventhub.log,USVA-APP-08,ms:defender:eventhub,ms:defender:eventhub,1
raw/3753__USVA-APP-08__trellix_epo.log,USVA-APP-08,trellix:epo,trellix:epo,1
raw/3754__USVA-DC-01__XmlWinEventLog.log,USVA-DC-01,XmlWinEventLog:Security,XmlWinEventLog,158
raw/3755__USVA-FS-01__XmlWinEventLog.log,USVA-FS-01,XmlWinEventLog:Microsoft-Windows-Sysmon/Operational,XmlWinEventLog,7
raw/3756__USVA-FS-01__XmlWinEventLog.log,USVA-FS-01,XmlWinEventLog:Security,XmlWinEventLog,6
raw/3757__USVA-FS-02__XmlWinEventLog.log,USVA-FS-02,XmlWinEventLog:Microsoft-Windows-Sysmon/Operational,XmlWinEventLog,5
raw/3758__USVA-FS-02__XmlWinEventLog.log,USVA-FS-02,XmlWinEventLog:Security,XmlWinEventLog,5
raw/3759__USVA-FS-02__ms_defender_eventhub.log,USVA-FS-02,ms:defender:eventhub,ms:defender:eventhub,2
raw/3760__USVA-FS-02__sccm_client.log,USVA-FS-02,sccm:client,sccm:client,2
raw/3761__USVA-FS-02__trellix_epo.log,USVA-FS-02,trellix:epo,trellix:epo,1
raw/3762__USVA-FS-03__XmlWinEventLog.log,USVA-FS-03,XmlWinEventLog:Microsoft-Windows-Sysmon/Operational,XmlWinEventLog,7
raw/3763__USVA-FS-03__XmlWinEventLog.log,USVA-FS-03,XmlWinEventLog:Security,XmlWinEventLog,6
raw/3764__USVA-FS-03__trellix_epo.log,USVA-FS-03,trellix:epo,trellix:epo,1
raw/3765__USVA-FS-03__wsus_client.log,USVA-FS-03,wsus:client,wsus:client,1
raw/3766__USVA-FS-04__XmlWinEventLog.log,USVA-FS-04,XmlWinEventLog:Microsoft-Windows-Sysmon/Operational,XmlWinEventLog,2
raw/3767__USVA-FS-04__XmlWinEventLog.log,USVA-FS-04,XmlWinEventLog:Security,XmlWinEventLog,4
raw/3768__USVA-FS-04__trellix_epo.log,USVA-FS-04,trellix:epo,trellix:epo,1
raw/3769__USVA-FW-01__pan_traffic.log,USVA-FW-01,pan:traffic,pan:traffic,95
raw/3770__USVA-FW-02__fortigate_traffic.log,USVA-FW-02,fortigate_traffic,fortigate_traffic,106
raw/3771__USVA-FW-03__cisco_asa.log,USVA-FW-03,cisco:asa,cisco:asa,139
raw/3772__USVA-JUMP-01__XmlWinEventLog.log,USVA-JUMP-01,XmlWinEventLog:Microsoft-Windows-Sysmon/Operational,XmlWinEventLog,9
raw/3773__USVA-JUMP-01__XmlWinEventLog.log,USVA-JUMP-01,XmlWinEventLog:Security,XmlWinEventLog,7
raw/3774__USVA-JUMP-02__XmlWinEventLog.log,USVA-JUMP-02,XmlWinEventLog:Microsoft-Windows-Sysmon/Operational,XmlWinEventLog,6
raw/3775__USVA-JUMP-02__XmlWinEventLog.log,USVA-JUMP-02,XmlWinEventLog:Security,XmlWinEventLog,4
raw/3776__USVA-JUMP-02__wsus_client.log,USVA-JUMP-02,wsus:client,wsus:client,3
raw/3777__USVA-JUMP-03__XmlWinEventLog.log,USVA-JUMP-03,XmlWinEventLog:Microsoft-Windows-Sysmon/Operational,XmlWinEventLog,10
raw/3778__USVA-JUMP-03__XmlWinEventLog.log,USVA-JUMP-03,XmlWinEventLog:Security,XmlWinEventLog,6
raw/3779__USVA-JUMP-03__ms_defender_eventhub.log,USVA-JUMP-03,ms:defender:eventhub,ms:defender:eventhub,1
raw/3780__USVA-LNX-01__linux_audit.log,USVA-LNX-01,/var/log/audit/audit.log,linux_audit,79
raw/3781__USVA-LNX-01__linux_secure.log,USVA-LNX-01,/var/log/secure,linux_secure,19
raw/3782__USVA-LNX-01__syslog.log,USVA-LNX-01,/var/log/syslog,syslog,37
raw/3783__USVA-LNX-02__linux_audit.log,USVA-LNX-02,/var/log/audit/audit.log,linux_audit,102
raw/3784__USVA-LNX-02__linux_secure.log,USVA-LNX-02,/var/log/secure,linux_secure,19
raw/3785__USVA-LNX-02__syslog.log,USVA-LNX-02,/var/log/syslog,syslog,36
raw/3786__USVA-LNX-03__linux_audit.log,USVA-LNX-03,/var/log/audit/audit.log,linux_audit,123
raw/3787__USVA-LNX-03__linux_secure.log,USVA-LNX-03,/var/log/secure,linux_secure,19
raw/3788__USVA-LNX-03__syslog.log,USVA-LNX-03,/var/log/syslog,syslog,28
raw/3789__USVA-LNX-03__ms_defender_eventhub.log,USVA-LNX-03,ms:defender:eventhub,ms:defender:eventhub,1
raw/3790__USVA-LNX-04__linux_audit.log,USVA-LNX-04,/var/log/audit/audit.log,linux_audit,96
raw/3791__USVA-LNX-04__linux_secure.log,USVA-LNX-04,/var/log/secure,linux_secure,20
raw/3792__USVA-LNX-04__syslog.log,USVA-LNX-04,/var/log/syslog,syslog,40
raw/3793__USVA-LNX-04__ms_defender_eventhub.log,USVA-LNX-04,ms:defender:eventhub,ms:defender:eventhub,1
raw/3794__USVA-LNX-04__trellix_epo.log,USVA-LNX-04,trellix:epo,trellix:epo,2
raw/3795__USVA-LNX-05__linux_audit.log,USVA-LNX-05,/var/log/audit/audit.log,linux_audit,84
raw/3796__USVA-LNX-05__linux_secure.log,USVA-LNX-05,/var/log/secure,linux_secure,12
raw/3797__USVA-LNX-05__syslog.log,USVA-LNX-05,/var/log/syslog,syslog,19
raw/3798__USVA-LNX-05__trellix_epo.log,USVA-LNX-05,trellix:epo,trellix:epo,1
raw/3799__USVA-LNX-06__linux_audit.log,USVA-LNX-06,/var/log/audit/audit.log,linux_audit,118
raw/3800__USVA-LNX-06__linux_secure.log,USVA-LNX-06,/var/log/secure,linux_secure,22
raw/3801__USVA-LNX-06__syslog.log,USVA-LNX-06,/var/log/syslog,syslog,35
raw/3802__USVA-LNX-07__linux_audit.log,USVA-LNX-07,/var/log/audit/audit.log,linux_audit,116
raw/3803__USVA-LNX-07__linux_secure.log,USVA-LNX-07,/var/log/secure,linux_secure,20
raw/3804__USVA-LNX-07__syslog.log,USVA-LNX-07,/var/log/syslog,syslog,40
raw/3805__USVA-LNX-07__ms_defender_eventhub.log,USVA-LNX-07,ms:defender:eventhub,ms:defender:eventhub,1
raw/3806__USVA-LNX-07__trellix_epo.log,USVA-LNX-07,trellix:epo,trellix:epo,1
raw/3807__USVA-LNX-08__linux_audit.log,USVA-LNX-08,/var/log/audit/audit.log,linux_audit,108
raw/3808__USVA-LNX-08__linux_secure.log,USVA-LNX-08,/var/log/secure,linux_secure,17
raw/3809__USVA-LNX-08__syslog.log,USVA-LNX-08,/var/log/syslog,syslog,27
raw/3810__USVA-LNX-08__ms_defender_eventhub.log,USVA-LNX-08,ms:defender:eventhub,ms:defender:eventhub,1
raw/3811__USVA-PACS-01__pacs_access.log,USVA-PACS-01,pacs:access,pacs:access,111
raw/3812__USVA-PAW-01__XmlWinEventLog.log,USVA-PAW-01,XmlWinEventLog:Microsoft-Windows-Sysmon/Operational,XmlWinEventLog,8
raw/3813__USVA-PAW-01__XmlWinEventLog.log,USVA-PAW-01,XmlWinEventLog:Security,XmlWinEventLog,3
raw/3814__USVA-PAW-01__ms_defender_eventhub.log,USVA-PAW-01,ms:defender:eventhub,ms:defender:eventhub,4
raw/3815__USVA-PAW-01__sccm_client.log,USVA-PAW-01,sccm:client,sccm:client,1
raw/3816__USVA-PAW-01__trellix_epo.log,USVA-PAW-01,trellix:epo,trellix:epo,1
raw/3817__USVA-PAW-02__XmlWinEventLog.log,USVA-PAW-02,XmlWinEventLog:Microsoft-Windows-Sysmon/Operational,XmlWinEventLog,8
raw/3818__USVA-PAW-02__XmlWinEventLog.log,USVA-PAW-02,XmlWinEventLog:Security,XmlWinEventLog,6
raw/3819__USVA-PAW-02__ms_defender_eventhub.log,USVA-PAW-02,ms:defender:eventhub,ms:defender:eventhub,1
raw/3820__USVA-PAW-02__sccm_client.log,USVA-PAW-02,sccm:client,sccm:client,2
raw/3821__USVA-PAW-03__XmlWinEventLog.log,USVA-PAW-03,XmlWinEventLog:Microsoft-Windows-Sysmon/Operational,XmlWinEventLog,7
raw/3822__USVA-PAW-03__XmlWinEventLog.log,USVA-PAW-03,XmlWinEventLog:Security,XmlWinEventLog,7
raw/3823__USVA-PAW-03__ms_defender_eventhub.log,USVA-PAW-03,ms:defender:eventhub,ms:defender:eventhub,1
raw/3824__USVA-PAW-04__XmlWinEventLog.log,USVA-PAW-04,XmlWinEventLog:Microsoft-Windows-Sysmon/Operational,XmlWinEventLog,5
raw/3825__USVA-PAW-04__XmlWinEventLog.log,USVA-PAW-04,XmlWinEventLog:Security,XmlWinEventLog,8
raw/3826__USVA-PAW-05__XmlWinEventLog.log,USVA-PAW-05,XmlWinEventLog:Microsoft-Windows-Sysmon/Operational,XmlWinEventLog,5
raw/3827__USVA-PAW-05__XmlWinEventLog.log,USVA-PAW-05,XmlWinEventLog:Security,XmlWinEventLog,5
raw/3828__USVA-PAW-05__ms_defender_eventhub.log,USVA-PAW-05,ms:defender:eventhub,ms:defender:eventhub,3
raw/3829__USVA-PAW-05__sccm_client.log,USVA-PAW-05,sccm:client,sccm:client,1
raw/3830__USVA-PAW-05__trellix_epo.log,USVA-PAW-05,trellix:epo,trellix:epo,2
raw/3831__USVA-PAW-06__XmlWinEventLog.log,USVA-PAW-06,XmlWinEventLog:Microsoft-Windows-Sysmon/Operational,XmlWinEventLog,10
raw/3832__USVA-PAW-06__XmlWinEventLog.log,USVA-PAW-06,XmlWinEventLog:Security,XmlWinEventLog,3
raw/3833__USVA-PAW-06__ms_defender_eventhub.log,USVA-PAW-06,ms:defender:eventhub,ms:defender:eventhub,1
raw/3834__USVA-PAW-06__sccm_client.log,USVA-PAW-06,sccm:client,sccm:client,1
raw/3835__USVA-PAW-06__trellix_epo.log,USVA-PAW-06,trellix:epo,trellix:epo,1
raw/3836__USVA-RTR-01__cisco_ios.log,USVA-RTR-01,cisco:ios,cisco:ios,51
raw/3837__USVA-RTR-02__juniper.log,USVA-RTR-02,juniper,juniper,25
raw/3838__USVA-RTR-02__juniper_junos_firewall.log,USVA-RTR-02,juniper:junos:firewall,juniper:junos:firewall,12
raw/3839__USVA-VDI-01__XmlWinEventLog.log,USVA-VDI-01,XmlWinEventLog:Microsoft-Windows-Sysmon/Operational,XmlWinEventLog,6
raw/3840__USVA-VDI-01__XmlWinEventLog.log,USVA-VDI-01,XmlWinEventLog:Security,XmlWinEventLog,4
raw/3841__USVA-VDI-01__sccm_client.log,USVA-VDI-01,sccm:client,sccm:client,1
raw/3842__USVA-VDI-02__XmlWinEventLog.log,USVA-VDI-02,XmlWinEventLog:Microsoft-Windows-Sysmon/Operational,XmlWinEventLog,12
raw/3843__USVA-VDI-02__XmlWinEventLog.log,USVA-VDI-02,XmlWinEventLog:Security,XmlWinEventLog,4
raw/3844__USVA-VDI-02__ms_defender_eventhub.log,USVA-VDI-02,ms:defender:eventhub,ms:defender:eventhub,1
raw/3845__USVA-VDI-03__XmlWinEventLog.log,USVA-VDI-03,XmlWinEventLog:Microsoft-Windows-Sysmon/Operational,XmlWinEventLog,4
raw/3846__USVA-VDI-03__XmlWinEventLog.log,USVA-VDI-03,XmlWinEventLog:Security,XmlWinEventLog,7
raw/3847__USVA-VDI-03__ms_defender_eventhub.log,USVA-VDI-03,ms:defender:eventhub,ms:defender:eventhub,4
raw/3848__USVA-VDI-03__sccm_client.log,USVA-VDI-03,sccm:client,sccm:client,1
raw/3849__USVA-WS-0001__XmlWinEventLog.log,USVA-WS-0001,XmlWinEventLog:Microsoft-Windows-Sysmon/Operational,XmlWinEventLog,14
raw/3850__USVA-WS-0001__XmlWinEventLog.log,USVA-WS-0001,XmlWinEventLog:Security,XmlWinEventLog,15
raw/3851__USVA-WS-0001__ms_defender_eventhub.log,USVA-WS-0001,ms:defender:eventhub,ms:defender:eventhub,3
raw/3852__USVA-WS-0002__XmlWinEventLog.log,USVA-WS-0002,XmlWinEventLog:Microsoft-Windows-Sysmon/Operational,XmlWinEventLog,8
raw/3853__USVA-WS-0002__XmlWinEventLog.log,USVA-WS-0002,XmlWinEventLog:Security,XmlWinEventLog,17
raw/3854__USVA-WS-0002__ms_defender_eventhub.log,USVA-WS-0002,ms:defender:eventhub,ms:defender:eventhub,1
raw/3855__USVA-WS-0002__sccm_client.log,USVA-WS-0002,sccm:client,sccm:client,2
raw/3856__USVA-WS-0003__XmlWinEventLog.log,USVA-WS-0003,XmlWinEventLog:Microsoft-Windows-Sysmon/Operational,XmlWinEventLog,10
raw/3857__USVA-WS-0003__XmlWinEventLog.log,USVA-WS-0003,XmlWinEventLog:Security,XmlWinEventLog,8
raw/3858__USVA-WS-0003__ms_defender_eventhub.log,USVA-WS-0003,ms:defender:eventhub,ms:defender:eventhub,2
raw/3859__USVA-WS-0003__trellix_epo.log,USVA-WS-0003,trellix:epo,trellix:epo,2
raw/3860__USVA-WS-0004__XmlWinEventLog.log,USVA-WS-0004,XmlWinEventLog:Microsoft-Windows-Sysmon/Operational,XmlWinEventLog,14
raw/3861__USVA-WS-0004__XmlWinEventLog.log,USVA-WS-0004,XmlWinEventLog:Security,XmlWinEventLog,9
raw/3862__USVA-WS-0004__ms_defender_eventhub.log,USVA-WS-0004,ms:defender:eventhub,ms:defender:eventhub,1
raw/3863__USVA-WS-0005__XmlWinEventLog.log,USVA-WS-0005,XmlWinEventLog:Microsoft-Windows-Sysmon/Operational,XmlWinEventLog,13
raw/3864__USVA-WS-0005__XmlWinEventLog.log,USVA-WS-0005,XmlWinEventLog:Security,XmlWinEventLog,13
raw/3865__USVA-WS-0005__sccm_client.log,USVA-WS-0005,sccm:client,sccm:client,1
raw/3866__USVA-WS-0006__XmlWinEventLog.log,USVA-WS-0006,XmlWinEventLog:Microsoft-Windows-Sysmon/Operational,XmlWinEventLog,7
raw/3867__USVA-WS-0006__XmlWinEventLog.log,USVA-WS-0006,XmlWinEventLog:Security,XmlWinEventLog,12
raw/3868__USVA-WS-0006__wsus_client.log,USVA-WS-0006,wsus:client,wsus:client,1
raw/3869__USVA-WS-0007__XmlWinEventLog.log,USVA-WS-0007,XmlWinEventLog:Microsoft-Windows-Sysmon/Operational,XmlWinEventLog,12
raw/3870__USVA-WS-0007__XmlWinEventLog.log,USVA-WS-0007,XmlWinEventLog:Security,XmlWinEventLog,13
raw/3871__USVA-WS-0007__ms_defender_eventhub.log,USVA-WS-0007,ms:defender:eventhub,ms:defender:eventhub,1
raw/3872__USVA-WS-0007__sccm_client.log,USVA-WS-0007,sccm:client,sccm:client,1
raw/3873__USVA-WS-0007__wsus_client.log,USVA-WS-0007,wsus:client,wsus:client,1
raw/3874__USVA-WS-0008__XmlWinEventLog.log,USVA-WS-0008,XmlWinEventLog:Microsoft-Windows-Sysmon/Operational,XmlWinEventLog,7
raw/3875__USVA-WS-0008__XmlWinEventLog.log,USVA-WS-0008,XmlWinEventLog:Security,XmlWinEventLog,7
raw/3876__USVA-WS-0009__XmlWinEventLog.log,USVA-WS-0009,XmlWinEventLog:Microsoft-Windows-Sysmon/Operational,XmlWinEventLog,17
raw/3877__USVA-WS-0009__XmlWinEventLog.log,USVA-WS-0009,XmlWinEventLog:Security,XmlWinEventLog,13
raw/3878__USVA-WS-0009__ms_defender_eventhub.log,USVA-WS-0009,ms:defender:eventhub,ms:defender:eventhub,1
raw/3879__USVA-WS-0009__sccm_client.log,USVA-WS-0009,sccm:client,sccm:client,1
raw/3880__USVA-WS-0009__wsus_client.log,USVA-WS-0009,wsus:client,wsus:client,1
raw/3881__USVA-WS-0010__XmlWinEventLog.log,USVA-WS-0010,XmlWinEventLog:Microsoft-Windows-Sysmon/Operational,XmlWinEventLog,16
raw/3882__USVA-WS-0010__XmlWinEventLog.log,USVA-WS-0010,XmlWinEventLog:Security,XmlWinEventLog,11
raw/3883__USVA-WS-0010__ms_defender_eventhub.log,USVA-WS-0010,ms:defender:eventhub,ms:defender:eventhub,3
raw/3884__USVA-WS-0010__sccm_client.log,USVA-WS-0010,sccm:client,sccm:client,1
raw/3885__USVA-WS-0011__XmlWinEventLog.log,USVA-WS-0011,XmlWinEventLog:Microsoft-Windows-Sysmon/Operational,XmlWinEventLog,7
raw/3886__USVA-WS-0011__XmlWinEventLog.log,USVA-WS-0011,XmlWinEventLog:Security,XmlWinEventLog,9
raw/3887__USVA-WS-0012__XmlWinEventLog.log,USVA-WS-0012,XmlWinEventLog:Microsoft-Windows-Sysmon/Operational,XmlWinEventLog,9
raw/3888__USVA-WS-0012__XmlWinEventLog.log,USVA-WS-0012,XmlWinEventLog:Security,XmlWinEventLog,16
raw/3889__USVA-WS-0012__ms_defender_eventhub.log,USVA-WS-0012,ms:defender:eventhub,ms:defender:eventhub,2
raw/3890__USVA-WS-0013__XmlWinEventLog.log,USVA-WS-0013,XmlWinEventLog:Microsoft-Windows-Sysmon/Operational,XmlWinEventLog,9
raw/3891__USVA-WS-0013__XmlWinEventLog.log,USVA-WS-0013,XmlWinEventLog:Security,XmlWinEventLog,10
raw/3892__USVA-WS-0014__XmlWinEventLog.log,USVA-WS-0014,XmlWinEventLog:Microsoft-Windows-Sysmon/Operational,XmlWinEventLog,5
raw/3893__USVA-WS-0014__XmlWinEventLog.log,USVA-WS-0014,XmlWinEventLog:Security,XmlWinEventLog,5
raw/3894__USVA-WS-0014__ms_defender_eventhub.log,USVA-WS-0014,ms:defender:eventhub,ms:defender:eventhub,1
raw/3895__USVA-WS-0015__XmlWinEventLog.log,USVA-WS-0015,XmlWinEventLog:Microsoft-Windows-Sysmon/Operational,XmlWinEventLog,3
raw/3896__USVA-WS-0015__XmlWinEventLog.log,USVA-WS-0015,XmlWinEventLog:Security,XmlWinEventLog,10
raw/3897__USVA-WS-0015__ms_defender_eventhub.log,USVA-WS-0015,ms:defender:eventhub,ms:defender:eventhub,2
raw/3898__USVA-WS-0016__XmlWinEventLog.log,USVA-WS-0016,XmlWinEventLog:Microsoft-Windows-Sysmon/Operational,XmlWinEventLog,6
raw/3899__USVA-WS-0016__XmlWinEventLog.log,USVA-WS-0016,XmlWinEventLog:Security,XmlWinEventLog,7
raw/3900__USVA-WS-0016__ms_defender_eventhub.log,USVA-WS-0016,ms:defender:eventhub,ms:defender:eventhub,1
raw/3901__USVA-WS-0016__trellix_epo.log,USVA-WS-0016,trellix:epo,trellix:epo,1
raw/3902__USVA-WS-0017__XmlWinEventLog.log,USVA-WS-0017,XmlWinEventLog:Microsoft-Windows-Sysmon/Operational,XmlWinEventLog,9
raw/3903__USVA-WS-0017__XmlWinEventLog.log,USVA-WS-0017,XmlWinEventLog:Security,XmlWinEventLog,13
raw/3904__USVA-WS-0017__sccm_client.log,USVA-WS-0017,sccm:client,sccm:client,2
raw/3905__USVA-WS-0018__XmlWinEventLog.log,USVA-WS-0018,XmlWinEventLog:Microsoft-Windows-Sysmon/Operational,XmlWinEventLog,14
raw/3906__USVA-WS-0018__XmlWinEventLog.log,USVA-WS-0018,XmlWinEventLog:Security,XmlWinEventLog,13
raw/3907__USVA-WS-0018__trellix_epo.log,USVA-WS-0018,trellix:epo,trellix:epo,1
raw/3908__USVA-WS-0019__XmlWinEventLog.log,USVA-WS-0019,XmlWinEventLog:Microsoft-Windows-Sysmon/Operational,XmlWinEventLog,10
raw/3909__USVA-WS-0019__XmlWinEventLog.log,USVA-WS-0019,XmlWinEventLog:Security,XmlWinEventLog,9
raw/3910__USVA-WS-0019__trellix_epo.log,USVA-WS-0019,trellix:epo,trellix:epo,1
raw/3911__USVA-WS-0020__XmlWinEventLog.log,USVA-WS-0020,XmlWinEventLog:Microsoft-Windows-Sysmon/Operational,XmlWinEventLog,11
raw/3912__USVA-WS-0020__XmlWinEventLog.log,USVA-WS-0020,XmlWinEventLog:Security,XmlWinEventLog,9
raw/3913__USVA-WS-0020__sccm_client.log,USVA-WS-0020,sccm:client,sccm:client,1
raw/3914__USVA-WS-0021__XmlWinEventLog.log,USVA-WS-0021,XmlWinEventLog:Microsoft-Windows-Sysmon/Operational,XmlWinEventLog,10
raw/3915__USVA-WS-0021__XmlWinEventLog.log,USVA-WS-0021,XmlWinEventLog:Security,XmlWinEventLog,9
raw/3916__USVA-WS-0021__ms_defender_eventhub.log,USVA-WS-0021,ms:defender:eventhub,ms:defender:eventhub,2
raw/3917__USVA-WS-0022__XmlWinEventLog.log,USVA-WS-0022,XmlWinEventLog:Microsoft-Windows-Sysmon/Operational,XmlWinEventLog,6
raw/3918__USVA-WS-0022__XmlWinEventLog.log,USVA-WS-0022,XmlWinEventLog:Security,XmlWinEventLog,12
raw/3919__USVA-WS-0023__XmlWinEventLog.log,USVA-WS-0023,XmlWinEventLog:Microsoft-Windows-Sysmon/Operational,XmlWinEventLog,10
raw/3920__USVA-WS-0023__XmlWinEventLog.log,USVA-WS-0023,XmlWinEventLog:Security,XmlWinEventLog,11
raw/3921__USVA-WS-0023__ms_defender_eventhub.log,USVA-WS-0023,ms:defender:eventhub,ms:defender:eventhub,1
raw/3922__USVA-WS-0023__sccm_client.log,USVA-WS-0023,sccm:client,sccm:client,1
raw/3923__USVA-WS-0024__XmlWinEventLog.log,USVA-WS-0024,XmlWinEventLog:Microsoft-Windows-Sysmon/Operational,XmlWinEventLog,7
raw/3924__USVA-WS-0024__XmlWinEventLog.log,USVA-WS-0024,XmlWinEventLog:Security,XmlWinEventLog,9
raw/3925__USVA-WS-0024__ms_defender_eventhub.log,USVA-WS-0024,ms:defender:eventhub,ms:defender:eventhub,3
raw/3926__USVA-WS-0024__wsus_client.log,USVA-WS-0024,wsus:client,wsus:client,1
raw/3927__USVA-WS-0025__XmlWinEventLog.log,USVA-WS-0025,XmlWinEventLog:Microsoft-Windows-Sysmon/Operational,XmlWinEventLog,2
raw/3928__USVA-WS-0025__XmlWinEventLog.log,USVA-WS-0025,XmlWinEventLog:Security,XmlWinEventLog,7
raw/3929__USVA-WS-0025__sccm_client.log,USVA-WS-0025,sccm:client,sccm:client,1
raw/3930__USVA-WS-0025__trellix_epo.log,USVA-WS-0025,trellix:epo,trellix:epo,1
raw/3931__USVA-WS-0025__wsus_client.log,USVA-WS-0025,wsus:client,wsus:client,1
raw/3932__USVA-WS-0026__XmlWinEventLog.log,USVA-WS-0026,XmlWinEventLog:Microsoft-Windows-Sysmon/Operational,XmlWinEventLog,9
raw/3933__USVA-WS-0026__XmlWinEventLog.log,USVA-WS-0026,XmlWinEventLog:Security,XmlWinEventLog,2
raw/3934__USVA-WS-0026__trellix_epo.log,USVA-WS-0026,trellix:epo,trellix:epo,1
raw/3935__USVA-WS-0027__XmlWinEventLog.log,USVA-WS-0027,XmlWinEventLog:Microsoft-Windows-Sysmon/Operational,XmlWinEventLog,5
raw/3936__USVA-WS-0027__XmlWinEventLog.log,USVA-WS-0027,XmlWinEventLog:Security,XmlWinEventLog,8
raw/3937__USVA-WS-0027__ms_defender_eventhub.log,USVA-WS-0027,ms:defender:eventhub,ms:defender:eventhub,1
raw/3938__USVA-WS-0027__sccm_client.log,USVA-WS-0027,sccm:client,sccm:client,1
raw/3939__USVA-WS-0027__wsus_client.log,USVA-WS-0027,wsus:client,wsus:client,1
raw/3940__USVA-WS-0028__XmlWinEventLog.log,USVA-WS-0028,XmlWinEventLog:Microsoft-Windows-Sysmon/Operational,XmlWinEventLog,12
raw/3941__USVA-WS-0028__XmlWinEventLog.log,USVA-WS-0028,XmlWinEventLog:Security,XmlWinEventLog,5
raw/3942__USVA-WS-0029__XmlWinEventLog.log,USVA-WS-0029,XmlWinEventLog:Microsoft-Windows-Sysmon/Operational,XmlWinEventLog,7
raw/3943__USVA-WS-0029__XmlWinEventLog.log,USVA-WS-0029,XmlWinEventLog:Security,XmlWinEventLog,7
raw/3944__USVA-WS-0029__trellix_epo.log,USVA-WS-0029,trellix:epo,trellix:epo,1
raw/3945__USVA-WS-0029__wsus_client.log,USVA-WS-0029,wsus:client,wsus:client,1
raw/3946__USVA-WS-0030__XmlWinEventLog.log,USVA-WS-0030,XmlWinEventLog:Microsoft-Windows-Sysmon/Operational,XmlWinEventLog,6
raw/3947__USVA-WS-0030__XmlWinEventLog.log,USVA-WS-0030,XmlWinEventLog:Security,XmlWinEventLog,7
raw/3948__USVA-WS-0030__ms_defender_eventhub.log,USVA-WS-0030,ms:defender:eventhub,ms:defender:eventhub,2
raw/3949__USVA-WS-0030__sccm_client.log,USVA-WS-0030,sccm:client,sccm:client,1
raw/3950__USVA-WS-0031__XmlWinEventLog.log,USVA-WS-0031,XmlWinEventLog:Microsoft-Windows-Sysmon/Operational,XmlWinEventLog,1
raw/3951__USVA-WS-0031__XmlWinEventLog.log,USVA-WS-0031,XmlWinEventLog:Security,XmlWinEventLog,6
raw/3952__USVA-WS-0031__ms_defender_eventhub.log,USVA-WS-0031,ms:defender:eventhub,ms:defender:eventhub,2
raw/3953__USVA-WS-0032__XmlWinEventLog.log,USVA-WS-0032,XmlWinEventLog:Microsoft-Windows-Sysmon/Operational,XmlWinEventLog,8
raw/3954__USVA-WS-0032__XmlWinEventLog.log,USVA-WS-0032,XmlWinEventLog:Security,XmlWinEventLog,8
raw/3955__USVA-WS-0032__ms_defender_eventhub.log,USVA-WS-0032,ms:defender:eventhub,ms:defender:eventhub,1
raw/3956__USVA-WS-0033__XmlWinEventLog.log,USVA-WS-0033,XmlWinEventLog:Microsoft-Windows-Sysmon/Operational,XmlWinEventLog,2
raw/3957__USVA-WS-0033__XmlWinEventLog.log,USVA-WS-0033,XmlWinEventLog:Security,XmlWinEventLog,8
raw/3958__USVA-WS-0034__XmlWinEventLog.log,USVA-WS-0034,XmlWinEventLog:Microsoft-Windows-Sysmon/Operational,XmlWinEventLog,11
raw/3959__USVA-WS-0034__XmlWinEventLog.log,USVA-WS-0034,XmlWinEventLog:Security,XmlWinEventLog,9
raw/3960__USVA-WS-0034__ms_defender_eventhub.log,USVA-WS-0034,ms:defender:eventhub,ms:defender:eventhub,2
raw/3961__USVA-WS-0035__XmlWinEventLog.log,USVA-WS-0035,XmlWinEventLog:Microsoft-Windows-Sysmon/Operational,XmlWinEventLog,7
raw/3962__USVA-WS-0035__XmlWinEventLog.log,USVA-WS-0035,XmlWinEventLog:Security,XmlWinEventLog,4
raw/3963__USVA-WS-0035__ms_defender_eventhub.log,USVA-WS-0035,ms:defender:eventhub,ms:defender:eventhub,1
raw/3964__USVA-WS-0035__trellix_epo.log,USVA-WS-0035,trellix:epo,trellix:epo,2
raw/3965__USVA-WS-0036__XmlWinEventLog.log,USVA-WS-0036,XmlWinEventLog:Microsoft-Windows-Sysmon/Operational,XmlWinEventLog,10
raw/3966__USVA-WS-0036__XmlWinEventLog.log,USVA-WS-0036,XmlWinEventLog:Security,XmlWinEventLog,3
raw/3967__USVA-WS-0036__wsus_client.log,USVA-WS-0036,wsus:client,wsus:client,1
raw/3968__USVA-WS-0037__XmlWinEventLog.log,USVA-WS-0037,XmlWinEventLog:Microsoft-Windows-Sysmon/Operational,XmlWinEventLog,5
raw/3969__USVA-WS-0037__XmlWinEventLog.log,USVA-WS-0037,XmlWinEventLog:Security,XmlWinEventLog,9
raw/3970__USVA-WS-0038__XmlWinEventLog.log,USVA-WS-0038,XmlWinEventLog:Microsoft-Windows-Sysmon/Operational,XmlWinEventLog,5
raw/3971__USVA-WS-0038__XmlWinEventLog.log,USVA-WS-0038,XmlWinEventLog:Security,XmlWinEventLog,6
raw/3972__USVA-WS-0038__trellix_epo.log,USVA-WS-0038,trellix:epo,trellix:epo,2
raw/3973__USVA-WS-0039__XmlWinEventLog.log,USVA-WS-0039,XmlWinEventLog:Microsoft-Windows-Sysmon/Operational,XmlWinEventLog,4
raw/3974__USVA-WS-0039__XmlWinEventLog.log,USVA-WS-0039,XmlWinEventLog:Security,XmlWinEventLog,7
raw/3975__USVA-WS-0039__sccm_client.log,USVA-WS-0039,sccm:client,sccm:client,1
raw/3976__USVA-WS-0040__XmlWinEventLog.log,USVA-WS-0040,XmlWinEventLog:Microsoft-Windows-Sysmon/Operational,XmlWinEventLog,8
raw/3977__USVA-WS-0040__XmlWinEventLog.log,USVA-WS-0040,XmlWinEventLog:Security,XmlWinEventLog,3
raw/3978__USVA-WS-0040__ms_defender_eventhub.log,USVA-WS-0040,ms:defender:eventhub,ms:defender:eventhub,1
raw/3979__USVA-WS-0041__XmlWinEventLog.log,USVA-WS-0041,XmlWinEventLog:Microsoft-Windows-Sysmon/Operational,XmlWinEventLog,10
raw/3980__USVA-WS-0041__XmlWinEventLog.log,USVA-WS-0041,XmlWinEventLog:Security,XmlWinEventLog,7
raw/3981__USVA-WS-0041__sccm_client.log,USVA-WS-0041,sccm:client,sccm:client,1
raw/3982__USVA-WS-0042__XmlWinEventLog.log,USVA-WS-0042,XmlWinEventLog:Microsoft-Windows-Sysmon/Operational,XmlWinEventLog,7
raw/3983__USVA-WS-0042__XmlWinEventLog.log,USVA-WS-0042,XmlWinEventLog:Security,XmlWinEventLog,5
raw/3984__USVA-WS-0042__wsus_client.log,USVA-WS-0042,wsus:client,wsus:client,1
raw/3985__USVA-WS-0043__XmlWinEventLog.log,USVA-WS-0043,XmlWinEventLog:Microsoft-Windows-Sysmon/Operational,XmlWinEventLog,8
raw/3986__USVA-WS-0043__XmlWinEventLog.log,USVA-WS-0043,XmlWinEventLog:Security,XmlWinEventLog,8
raw/3987__USVA-WS-0043__ms_defender_eventhub.log,USVA-WS-0043,ms:defender:eventhub,ms:defender:eventhub,1
raw/3988__USVA-WS-0044__XmlWinEventLog.log,USVA-WS-0044,XmlWinEventLog:Microsoft-Windows-Sysmon/Operational,XmlWinEventLog,10
raw/3989__USVA-WS-0044__XmlWinEventLog.log,USVA-WS-0044,XmlWinEventLog:Security,XmlWinEventLog,13
raw/3990__USVA-WS-0044__sccm_client.log,USVA-WS-0044,sccm:client,sccm:client,1
raw/3991__USVA-WS-0044__wsus_client.log,USVA-WS-0044,wsus:client,wsus:client,1
raw/3992__USVA-WS-0045__XmlWinEventLog.log,USVA-WS-0045,XmlWinEventLog:Microsoft-Windows-Sysmon/Operational,XmlWinEventLog,5
raw/3993__USVA-WS-0045__XmlWinEventLog.log,USVA-WS-0045,XmlWinEventLog:Security,XmlWinEventLog,10
raw/3994__USVA-WS-0046__XmlWinEventLog.log,USVA-WS-0046,XmlWinEventLog:Microsoft-Windows-Sysmon/Operational,XmlWinEventLog,7
raw/3995__USVA-WS-0046__XmlWinEventLog.log,USVA-WS-0046,XmlWinEventLog:Security,XmlWinEventLog,3
raw/3996__USVA-WS-0047__XmlWinEventLog.log,USVA-WS-0047,XmlWinEventLog:Microsoft-Windows-Sysmon/Operational,XmlWinEventLog,4
raw/3997__USVA-WS-0047__XmlWinEventLog.log,USVA-WS-0047,XmlWinEventLog:Security,XmlWinEventLog,3
raw/3998__USVA-WS-0047__ms_defender_eventhub.log,USVA-WS-0047,ms:defender:eventhub,ms:defender:eventhub,3
raw/3999__USVA-WS-0048__XmlWinEventLog.log,USVA-WS-0048,XmlWinEventLog:Microsoft-Windows-Sysmon/Operational,XmlWinEventLog,10
raw/4000__USVA-WS-0048__XmlWinEventLog.log,USVA-WS-0048,XmlWinEventLog:Security,XmlWinEventLog,5
raw/4001__USVA-WS-0049__XmlWinEventLog.log,USVA-WS-0049,XmlWinEventLog:Microsoft-Windows-Sysmon/Operational,XmlWinEventLog,7
raw/4002__USVA-WS-0049__XmlWinEventLog.log,USVA-WS-0049,XmlWinEventLog:Security,XmlWinEventLog,1
raw/4003__USVA-WS-0049__ms_defender_eventhub.log,USVA-WS-0049,ms:defender:eventhub,ms:defender:eventhub,1
raw/4004__USVA-WS-0050__XmlWinEventLog.log,USVA-WS-0050,XmlWinEventLog:Microsoft-Windows-Sysmon/Operational,XmlWinEventLog,6
raw/4005__USVA-WS-0050__XmlWinEventLog.log,USVA-WS-0050,XmlWinEventLog:Security,XmlWinEventLog,3
raw/4006__USVA-WS-0050__ms_defender_eventhub.log,USVA-WS-0050,ms:defender:eventhub,ms:defender:eventhub,2
raw/4007__USVA-WS-0050__sccm_client.log,USVA-WS-0050,sccm:client,sccm:client,1
raw/4008__USVA-WS-0050__trellix_epo.log,USVA-WS-0050,trellix:epo,trellix:epo,1
raw/4009__USVA-WS-0051__XmlWinEventLog.log,USVA-WS-0051,XmlWinEventLog:Microsoft-Windows-Sysmon/Operational,XmlWinEventLog,8
raw/4010__USVA-WS-0051__XmlWinEventLog.log,USVA-WS-0051,XmlWinEventLog:Security,XmlWinEventLog,5
raw/4011__USVA-WS-0051__ms_defender_eventhub.log,USVA-WS-0051,ms:defender:eventhub,ms:defender:eventhub,3
raw/4012__USVA-WS-0051__trellix_epo.log,USVA-WS-0051,trellix:epo,trellix:epo,1
raw/4013__USVA-WS-0052__XmlWinEventLog.log,USVA-WS-0052,XmlWinEventLog:Microsoft-Windows-Sysmon/Operational,XmlWinEventLog,4
raw/4014__USVA-WS-0052__XmlWinEventLog.log,USVA-WS-0052,XmlWinEventLog:Security,XmlWinEventLog,4
raw/4015__USVA-WS-0052__ms_defender_eventhub.log,USVA-WS-0052,ms:defender:eventhub,ms:defender:eventhub,1
raw/4016__USVA-WS-0053__XmlWinEventLog.log,USVA-WS-0053,XmlWinEventLog:Microsoft-Windows-Sysmon/Operational,XmlWinEventLog,7
raw/4017__USVA-WS-0053__XmlWinEventLog.log,USVA-WS-0053,XmlWinEventLog:Security,XmlWinEventLog,6
raw/4018__USVA-WS-0054__XmlWinEventLog.log,USVA-WS-0054,XmlWinEventLog:Microsoft-Windows-Sysmon/Operational,XmlWinEventLog,5
raw/4019__USVA-WS-0054__XmlWinEventLog.log,USVA-WS-0054,XmlWinEventLog:Security,XmlWinEventLog,5
raw/4020__USVA-WS-0054__ms_defender_eventhub.log,USVA-WS-0054,ms:defender:eventhub,ms:defender:eventhub,1
raw/4021__USVA-WS-0055__XmlWinEventLog.log,USVA-WS-0055,XmlWinEventLog:Microsoft-Windows-Sysmon/Operational,XmlWinEventLog,14
raw/4022__USVA-WS-0055__XmlWinEventLog.log,USVA-WS-0055,XmlWinEventLog:Security,XmlWinEventLog,5
raw/4023__USVA-WS-0055__ms_defender_eventhub.log,USVA-WS-0055,ms:defender:eventhub,ms:defender:eventhub,2
raw/4024__USVA-WS-0055__sccm_client.log,USVA-WS-0055,sccm:client,sccm:client,1
raw/4025__USVA-WS-0056__XmlWinEventLog.log,USVA-WS-0056,XmlWinEventLog:Microsoft-Windows-Sysmon/Operational,XmlWinEventLog,7
raw/4026__USVA-WS-0056__XmlWinEventLog.log,USVA-WS-0056,XmlWinEventLog:Security,XmlWinEventLog,8
raw/4027__USVA-WS-0056__ms_defender_eventhub.log,USVA-WS-0056,ms:defender:eventhub,ms:defender:eventhub,1
raw/4028__USVA-WS-0057__XmlWinEventLog.log,USVA-WS-0057,XmlWinEventLog:Microsoft-Windows-Sysmon/Operational,XmlWinEventLog,7
raw/4029__USVA-WS-0057__XmlWinEventLog.log,USVA-WS-0057,XmlWinEventLog:Security,XmlWinEventLog,6
raw/4030__USVA-WS-0057__trellix_epo.log,USVA-WS-0057,trellix:epo,trellix:epo,1
raw/4031__USVA-WS-0058__XmlWinEventLog.log,USVA-WS-0058,XmlWinEventLog:Microsoft-Windows-Sysmon/Operational,XmlWinEventLog,8
raw/4032__USVA-WS-0058__XmlWinEventLog.log,USVA-WS-0058,XmlWinEventLog:Security,XmlWinEventLog,11
raw/4033__USVA-WS-0058__ms_defender_eventhub.log,USVA-WS-0058,ms:defender:eventhub,ms:defender:eventhub,2
raw/4034__USVA-WS-0058__trellix_epo.log,USVA-WS-0058,trellix:epo,trellix:epo,1
raw/4035__USVA-WS-0058__wsus_client.log,USVA-WS-0058,wsus:client,wsus:client,1
raw/4036__USVA-WS-0059__XmlWinEventLog.log,USVA-WS-0059,XmlWinEventLog:Microsoft-Windows-Sysmon/Operational,XmlWinEventLog,7
raw/4037__USVA-WS-0059__XmlWinEventLog.log,USVA-WS-0059,XmlWinEventLog:Security,XmlWinEventLog,4
raw/4038__USVA-WS-0059__ms_defender_eventhub.log,USVA-WS-0059,ms:defender:eventhub,ms:defender:eventhub,2
raw/4039__USVA-WS-0060__XmlWinEventLog.log,USVA-WS-0060,XmlWinEventLog:Microsoft-Windows-Sysmon/Operational,XmlWinEventLog,6
raw/4040__USVA-WS-0060__XmlWinEventLog.log,USVA-WS-0060,XmlWinEventLog:Security,XmlWinEventLog,3
raw/4041__USVA-WS-0061__XmlWinEventLog.log,USVA-WS-0061,XmlWinEventLog:Microsoft-Windows-Sysmon/Operational,XmlWinEventLog,5
raw/4042__USVA-WS-0061__XmlWinEventLog.log,USVA-WS-0061,XmlWinEventLog:Security,XmlWinEventLog,12
raw/4043__USVA-WS-0061__ms_defender_eventhub.log,USVA-WS-0061,ms:defender:eventhub,ms:defender:eventhub,6
raw/4044__USVA-WS-0061__wsus_client.log,USVA-WS-0061,wsus:client,wsus:client,1
raw/4045__USVA-WS-0062__XmlWinEventLog.log,USVA-WS-0062,XmlWinEventLog:Microsoft-Windows-Sysmon/Operational,XmlWinEventLog,4
raw/4046__USVA-WS-0062__XmlWinEventLog.log,USVA-WS-0062,XmlWinEventLog:Security,XmlWinEventLog,5
raw/4047__USVA-WS-0063__XmlWinEventLog.log,USVA-WS-0063,XmlWinEventLog:Microsoft-Windows-Sysmon/Operational,XmlWinEventLog,6
raw/4048__USVA-WS-0063__XmlWinEventLog.log,USVA-WS-0063,XmlWinEventLog:Security,XmlWinEventLog,1
raw/4049__USVA-WS-0063__wsus_client.log,USVA-WS-0063,wsus:client,wsus:client,2
raw/4050__USVA-WS-0064__XmlWinEventLog.log,USVA-WS-0064,XmlWinEventLog:Microsoft-Windows-Sysmon/Operational,XmlWinEventLog,11
raw/4051__USVA-WS-0064__XmlWinEventLog.log,USVA-WS-0064,XmlWinEventLog:Security,XmlWinEventLog,7
raw/4052__USVA-ZEEK-01__bro_conn_json.log,USVA-ZEEK-01,zeek:conn,bro:conn:json,1068
raw/4053__USVA-ZEEK-01__bro_dce_rpc_json.log,USVA-ZEEK-01,zeek:dce_rpc,bro:dce_rpc:json,121
raw/4054__USVA-ZEEK-01__bro_dns_json.log,USVA-ZEEK-01,zeek:dns,bro:dns:json,435
raw/4055__USVA-ZEEK-01__bro_http_json.log,USVA-ZEEK-01,zeek:http,bro:http:json,253
raw/4056__USVA-ZEEK-01__bro_smb_files_json.log,USVA-ZEEK-01,zeek:smb_files,bro:smb_files:json,104
raw/4057__USVA-ZEEK-01__bro_ssl_json.log,USVA-ZEEK-01,zeek:ssl,bro:ssl:json,400
