file,host,source,sourcetype,event_count
raw/0001__AUME-APP-01__XmlWinEventLog.log,AUME-APP-01,XmlWinEventLog:Microsoft-Windows-Sysmon/Operational,XmlWinEventLog,5
raw/0002__AUME-APP-01__XmlWinEventLog.log,AUME-APP-01,XmlWinEventLog:Security,XmlWinEventLog,7
raw/0003__AUME-APP-01__sccm_client.log,AUME-APP-01,sccm:client,sccm:client,1
raw/0004__AUME-APP-01__trellix_epo.log,AUME-APP-01,trellix:epo,trellix:epo,1
raw/0005__AUME-APP-01__wsus_client.log,AUME-APP-01,wsus:client,wsus:client,1
raw/0006__AUME-APP-02__XmlWinEventLog.log,AUME-APP-02,XmlWinEventLog:Microsoft-Windows-Sysmon/Operational,XmlWinEventLog,6
raw/0007__AUME-APP-02__XmlWinEventLog.log,AUME-APP-02,XmlWinEventLog:Security,XmlWinEventLog,4
raw/0008__AUME-APP-02__ms_defender_eventhub.log,AUME-APP-02,ms:defender:eventhub,ms:defender:eventhub,2
raw/0009__AUME-APP-02__wsus_client.log,AUME-APP-02,wsus:client,wsus:client,1
raw/0010__AUME-APP-03__XmlWinEventLog.log,AUME-APP-03,XmlWinEventLog:Microsoft-Windows-Sysmon/Operational,XmlWinEventLog,6
raw/0011__AUME-APP-03__XmlWinEventLog.log,AUME-APP-03,XmlWinEventLog:Security,XmlWinEventLog,3
raw/0012__AUME-APP-03__trellix_epo.log,AUME-APP-03,trellix:epo,trellix:epo,1
raw/0013__AUME-APP-04__XmlWinEventLog.log,AUME-APP-04,XmlWinEventLog:Microsoft-Windows-Sysmon/Operational,XmlWinEventLog,1
raw/0014__AUME-APP-04__XmlWinEventLog.log,AUME-APP-04,XmlWinEventLog:Security,XmlWinEventLog,4
raw/0015__AUME-APP-04__trellix_epo.log,AUME-APP-04,trellix:epo,trellix:epo,1
raw/0016__AUME-APP-04__wsus_client.log,AUME-APP-04,wsus:client,wsus:client,1
raw/0017__AUME-APP-05__XmlWinEventLog.log,AUME-APP-05,XmlWinEventLog:Microsoft-Windows-Sysmon/Operational,XmlWinEventLog,3
raw/0018__AUME-APP-05__XmlWinEventLog.log,AUME-APP-05,XmlWinEventLog:Security,XmlWinEventLog,4
raw/0019__AUME-APP-05__ms_defender_eventhub.log,AUME-APP-05,ms:defender:eventhub,ms:defender:eventhub,4
raw/0020__AUME-APP-06__XmlWinEventLog.log,AUME-APP-06,XmlWinEventLog:Microsoft-Windows-Sysmon/Operational,XmlWinEventLog,3
raw/0021__AUME-APP-06__XmlWinEventLog.log,AUME-APP-06,XmlWinEventLog:Security,XmlWinEventLog,2
raw/0022__AUME-APP-07__XmlWinEventLog.log,AUME-APP-07,XmlWinEventLog:Microsoft-Windows-Sysmon/Operational,XmlWinEventLog,4
raw/0023__AUME-APP-07__XmlWinEventLog.log,AUME-APP-07,XmlWinEventLog:Security,XmlWinEventLog,6
raw/0024__AUME-APP-07__wsus_client.log,AUME-APP-07,wsus:client,wsus:client,1
raw/0025__AUME-APP-08__XmlWinEventLog.log,AUME-APP-08,XmlWinEventLog:Microsoft-Windows-Sysmon/Operational,XmlWinEventLog,4
raw/0026__AUME-APP-08__XmlWinEventLog.log,AUME-APP-08,XmlWinEventLog:Security,XmlWinEventLog,3
raw/0027__AUME-APP-08__ms_defender_eventhub.log,AUME-APP-08,ms:defender:eventhub,ms:defender:eventhub,1
raw/0028__AUME-APP-08__trellix_epo.log,AUME-APP-08,trellix:epo,trellix:epo,1
raw/0029__AUME-DC-01__XmlWinEventLog.log,AUME-DC-01,XmlWinEventLog:Security,XmlWinEventLog,122
raw/0030__AUME-FS-01__XmlWinEventLog.log,AUME-FS-01,XmlWinEventLog:Microsoft-Windows-Sysmon/Operational,XmlWinEventLog,8
raw/0031__AUME-FS-01__XmlWinEventLog.log,AUME-FS-01,XmlWinEventLog:Security,XmlWinEventLog,7
raw/0032__AUME-FS-01__ms_defender_eventhub.log,AUME-FS-01,ms:defender:eventhub,ms:defender:eventhub,1
raw/0033__AUME-FS-01__sccm_client.log,AUME-FS-01,sccm:client,sccm:client,1
raw/0034__AUME-FS-02__XmlWinEventLog.log,AUME-FS-02,XmlWinEventLog:Microsoft-Windows-Sysmon/Operational,XmlWinEventLog,6
raw/0035__AUME-FS-02__XmlWinEventLog.log,AUME-FS-02,XmlWinEventLog:Security,XmlWinEventLog,4
raw/0036__AUME-FS-03__XmlWinEventLog.log,AUME-FS-03,XmlWinEventLog:Microsoft-Windows-Sysmon/Operational,XmlWinEventLog,2
raw/0037__AUME-FS-03__XmlWinEventLog.log,AUME-FS-03,XmlWinEventLog:Security,XmlWinEventLog,1
raw/0038__AUME-FS-03__trellix_epo.log,AUME-FS-03,trellix:epo,trellix:epo,1
raw/0039__AUME-FS-04__XmlWinEventLog.log,AUME-FS-04,XmlWinEventLog:Microsoft-Windows-Sysmon/Operational,XmlWinEventLog,5
raw/0040__AUME-FS-04__XmlWinEventLog.log,AUME-FS-04,XmlWinEventLog:Security,XmlWinEventLog,2
raw/0041__AUME-FW-01__pan_traffic.log,AUME-FW-01,pan:traffic,pan:traffic,87
raw/0042__AUME-FW-02__fortigate_traffic.log,AUME-FW-02,fortigate_traffic,fortigate_traffic,107
raw/0043__AUME-FW-03__cisco_asa.log,AUME-FW-03,cisco:asa,cisco:asa,76
raw/0044__AUME-JUMP-01__XmlWinEventLog.log,AUME-JUMP-01,XmlWinEventLog:Microsoft-Windows-Sysmon/Operational,XmlWinEventLog,3
raw/0045__AUME-JUMP-01__XmlWinEventLog.log,AUME-JUMP-01,XmlWinEventLog:Security,XmlWinEventLog,5
raw/0046__AUME-JUMP-01__ms_defender_eventhub.log,AUME-JUMP-01,ms:defender:eventhub,ms:defender:eventhub,1
raw/0047__AUME-JUMP-01__trellix_epo.log,AUME-JUMP-01,trellix:epo,trellix:epo,1
raw/0048__AUME-JUMP-02__XmlWinEventLog.log,AUME-JUMP-02,XmlWinEventLog:Microsoft-Windows-Sysmon/Operational,XmlWinEventLog,6
raw/0049__AUME-JUMP-02__XmlWinEventLog.log,AUME-JUMP-02,XmlWinEventLog:Security,XmlWinEventLog,4
raw/0050__AUME-JUMP-02__ms_defender_eventhub.log,AUME-JUMP-02,ms:defender:eventhub,ms:defender:eventhub,2
raw/0051__AUME-JUMP-02__sccm_client.log,AUME-JUMP-02,sccm:client,sccm:client,1
raw/0052__AUME-JUMP-03__XmlWinEventLog.log,AUME-JUMP-03,XmlWinEventLog:Microsoft-Windows-Sysmon/Operational,XmlWinEventLog,6
raw/0053__AUME-JUMP-03__XmlWinEventLog.log,AUME-JUMP-03,XmlWinEventLog:Security,XmlWinEventLog,8
raw/0054__AUME-LNX-01__linux_audit.log,AUME-LNX-01,/var/log/audit/audit.log,linux_audit,76
raw/0055__AUME-LNX-01__linux_secure.log,AUME-LNX-01,/var/log/secure,linux_secure,14
raw/0056__AUME-LNX-01__syslog.log,AUME-LNX-01,/var/log/syslog,syslog,27
raw/0057__AUME-LNX-02__linux_audit.log,AUME-LNX-02,/var/log/audit/audit.log,linux_audit,74
raw/0058__AUME-LNX-02__linux_secure.log,AUME-LNX-02,/var/log/secure,linux_secure,14
raw/0059__AUME-LNX-02__syslog.log,AUME-LNX-02,/var/log/syslog,syslog,24
raw/0060__AUME-LNX-03__linux_audit.log,AUME-LNX-03,/var/log/audit/audit.log,linux_audit,70
raw/0061__AUME-LNX-03__linux_secure.log,AUME-LNX-03,/var/log/secure,linux_secure,14
raw/0062__AUME-LNX-03__syslog.log,AUME-LNX-03,/var/log/syslog,syslog,29
raw/0063__AUME-LNX-03__ms_defender_eventhub.log,AUME-LNX-03,ms:defender:eventhub,ms:defender:eventhub,1
raw/0064__AUME-LNX-04__linux_audit.log,AUME-LNX-04,/var/log/audit/audit.log,linux_audit,79
raw/0065__AUME-LNX-04__linux_secure.log,AUME-LNX-04,/var/log/secure,linux_secure,19
raw/0066__AUME-LNX-04__syslog.log,AUME-LNX-04,/var/log/syslog,syslog,25
raw/0067__AUME-LNX-05__linux_audit.log,AUME-LNX-05,/var/log/audit/audit.log,linux_audit,97
raw/0068__AUME-LNX-05__linux_secure.log,AUME-LNX-05,/var/log/secure,linux_secure,18
raw/0069__AUME-LNX-05__syslog.log,AUME-LNX-05,/var/log/syslog,syslog,16
raw/0070__AUME-LNX-06__linux_audit.log,AUME-LNX-06,/var/log/audit/audit.log,linux_audit,74
raw/0071__AUME-LNX-06__linux_secure.log,AUME-LNX-06,/var/log/secure,linux_secure,19
raw/0072__AUME-LNX-06__syslog.log,AUME-LNX-06,/var/log/syslog,syslog,22
raw/0073__AUME-LNX-06__ms_defender_eventhub.log,AUME-LNX-06,ms:defender:eventhub,ms:defender:eventhub,1
raw/0074__AUME-LNX-07__linux_audit.log,AUME-LNX-07,/var/log/audit/audit.log,linux_audit,64
raw/0075__AUME-LNX-07__linux_secure.log,AUME-LNX-07,/var/log/secure,linux_secure,16
raw/0076__AUME-LNX-07__syslog.log,AUME-LNX-07,/var/log/syslog,syslog,25
raw/0077__AUME-LNX-08__linux_audit.log,AUME-LNX-08,/var/log/audit/audit.log,linux_audit,80
raw/0078__AUME-LNX-08__linux_secure.log,AUME-LNX-08,/var/log/secure,linux_secure,20
raw/0079__AUME-LNX-08__syslog.log,AUME-LNX-08,/var/log/syslog,syslog,22
raw/0080__AUME-LNX-08__ms_defender_eventhub.log,AUME-LNX-08,ms:defender:eventhub,ms:defender:eventhub,1
raw/0081__AUME-PACS-01__pacs_access.log,AUME-PACS-01,pacs:access,pacs:access,85
raw/0082__AUME-PAW-01__XmlWinEventLog.log,AUME-PAW-01,XmlWinEventLog:Microsoft-Windows-Sysmon/Operational,XmlWinEventLog,5
raw/0083__AUME-PAW-01__XmlWinEventLog.log,AUME-PAW-01,XmlWinEventLog:Security,XmlWinEventLog,5
raw/0084__AUME-PAW-01__trellix_epo.log,AUME-PAW-01,trellix:epo,trellix:epo,1
raw/0085__AUME-PAW-02__XmlWinEventLog.log,AUME-PAW-02,XmlWinEventLog:Microsoft-Windows-Sysmon/Operational,XmlWinEventLog,6
raw/0086__AUME-PAW-02__XmlWinEventLog.log,AUME-PAW-02,XmlWinEventLog:Security,XmlWinEventLog,6
raw/0087__AUME-PAW-02__wsus_client.log,AUME-PAW-02,wsus:client,wsus:client,2
raw/0088__AUME-PAW-03__XmlWinEventLog.log,AUME-PAW-03,XmlWinEventLog:Microsoft-Windows-Sysmon/Operational,XmlWinEventLog,1
raw/0089__AUME-PAW-03__XmlWinEventLog.log,AUME-PAW-03,XmlWinEventLog:Security,XmlWinEventLog,4
raw/0090__AUME-PAW-04__XmlWinEventLog.log,AUME-PAW-04,XmlWinEventLog:Microsoft-Windows-Sysmon/Operational,XmlWinEventLog,6
raw/0091__AUME-PAW-04__XmlWinEventLog.log,AUME-PAW-04,XmlWinEventLog:Security,XmlWinEventLog,3
raw/0092__AUME-PAW-04__ms_defender_eventhub.log,AUME-PAW-04,ms:defender:eventhub,ms:defender:eventhub,3
raw/0093__AUME-PAW-04__trellix_epo.log,AUME-PAW-04,trellix:epo,trellix:epo,1
raw/0094__AUME-PAW-05__XmlWinEventLog.log,AUME-PAW-05,XmlWinEventLog:Microsoft-Windows-Sysmon/Operational,XmlWinEventLog,10
raw/0095__AUME-PAW-05__XmlWinEventLog.log,AUME-PAW-05,XmlWinEventLog:Security,XmlWinEventLog,4
raw/0096__AUME-PAW-05__sccm_client.log,AUME-PAW-05,sccm:client,sccm:client,1
raw/0097__AUME-PAW-06__XmlWinEventLog.log,AUME-PAW-06,XmlWinEventLog:Microsoft-Windows-Sysmon/Operational,XmlWinEventLog,7
raw/0098__AUME-PAW-06__XmlWinEventLog.log,AUME-PAW-06,XmlWinEventLog:Security,XmlWinEventLog,3
raw/0099__AUME-RTR-01__cisco_ios.log,AUME-RTR-01,cisco:ios,cisco:ios,42
raw/0100__AUME-RTR-02__juniper.log,AUME-RTR-02,juniper,juniper,19
raw/0101__AUME-RTR-02__juniper_junos_firewall.log,AUME-RTR-02,juniper:junos:firewall,juniper:junos:firewall,6
raw/0102__AUME-VDI-01__XmlWinEventLog.log,AUME-VDI-01,XmlWinEventLog:Microsoft-Windows-Sysmon/Operational,XmlWinEventLog,6
raw/0103__AUME-VDI-01__XmlWinEventLog.log,AUME-VDI-01,XmlWinEventLog:Security,XmlWinEventLog,6
raw/0104__AUME-VDI-02__XmlWinEventLog.log,AUME-VDI-02,XmlWinEventLog:Microsoft-Windows-Sysmon/Operational,XmlWinEventLog,7
raw/0105__AUME-VDI-02__XmlWinEventLog.log,AUME-VDI-02,XmlWinEventLog:Security,XmlWinEventLog,2
raw/0106__AUME-VDI-02__ms_defender_eventhub.log,AUME-VDI-02,ms:defender:eventhub,ms:defender:eventhub,1
raw/0107__AUME-VDI-02__sccm_client.log,AUME-VDI-02,sccm:client,sccm:client,1
raw/0108__AUME-VDI-02__trellix_epo.log,AUME-VDI-02,trellix:epo,trellix:epo,1
raw/0109__AUME-VDI-03__XmlWinEventLog.log,AUME-VDI-03,XmlWinEventLog:Microsoft-Windows-Sysmon/Operational,XmlWinEventLog,7
raw/0110__AUME-VDI-03__XmlWinEventLog.log,AUME-VDI-03,XmlWinEventLog:Security,XmlWinEventLog,7
raw/0111__AUME-VDI-03__ms_defender_eventhub.log,AUME-VDI-03,ms:defender:eventhub,ms:defender:eventhub,3
raw/0112__AUME-VDI-03__trellix_epo.log,AUME-VDI-03,trellix:epo,trellix:epo,1
raw/0113__AUME-WS-0001__XmlWinEventLog.log,AUME-WS-0001,XmlWinEventLog:Microsoft-Windows-Sysmon/Operational,XmlWinEventLog,13
raw/0114__AUME-WS-0001__XmlWinEventLog.log,AUME-WS-0001,XmlWinEventLog:Security,XmlWinEventLog,9
raw/0115__AUME-WS-0001__ms_defender_eventhub.log,AUME-WS-0001,ms:defender:eventhub,ms:defender:eventhub,3
raw/0116__AUME-WS-0002__XmlWinEventLog.log,AUME-WS-0002,XmlWinEventLog:Microsoft-Windows-Sysmon/Operational,XmlWinEventLog,9
raw/0117__AUME-WS-0002__XmlWinEventLog.log,AUME-WS-0002,XmlWinEventLog:Security,XmlWinEventLog,12
raw/0118__AUME-WS-0002__ms_defender_eventhub.log,AUME-WS-0002,ms:defender:eventhub,ms:defender:eventhub,1
raw/0119__AUME-WS-0003__XmlWinEventLog.log,AUME-WS-0003,XmlWinEventLog:Microsoft-Windows-Sysmon/Operational,XmlWinEventLog,14
raw/0120__AUME-WS-0003__XmlWinEventLog.log,AUME-WS-0003,XmlWinEventLog:Security,XmlWinEventLog,19
raw/0121__AUME-WS-0003__ms_defender_eventhub.log,AUME-WS-0003,ms:defender:eventhub,ms:defender:eventhub,1
raw/0122__AUME-WS-0004__XmlWinEventLog.log,AUME-WS-0004,XmlWinEventLog:Microsoft-Windows-Sysmon/Operational,XmlWinEventLog,5
raw/0123__AUME-WS-0004__XmlWinEventLog.log,AUME-WS-0004,XmlWinEventLog:Security,XmlWinEventLog,5
raw/0124__AUME-WS-0005__XmlWinEventLog.log,AUME-WS-0005,XmlWinEventLog:Microsoft-Windows-Sysmon/Operational,XmlWinEventLog,4
raw/0125__AUME-WS-0005__XmlWinEventLog.log,AUME-WS-0005,XmlWinEventLog:Security,XmlWinEventLog,4
raw/0126__AUME-WS-0005__trellix_epo.log,AUME-WS-0005,trellix:epo,trellix:epo,1
raw/0127__AUME-WS-0005__wsus_client.log,AUME-WS-0005,wsus:client,wsus:client,1
raw/0128__AUME-WS-0006__XmlWinEventLog.log,AUME-WS-0006,XmlWinEventLog:Microsoft-Windows-Sysmon/Operational,XmlWinEventLog,9
raw/0129__AUME-WS-0006__XmlWinEventLog.log,AUME-WS-0006,XmlWinEventLog:Security,XmlWinEventLog,8
raw/0130__AUME-WS-0007__XmlWinEventLog.log,AUME-WS-0007,XmlWinEventLog:Microsoft-Windows-Sysmon/Operational,XmlWinEventLog,9
raw/0131__AUME-WS-0007__XmlWinEventLog.log,AUME-WS-0007,XmlWinEventLog:Security,XmlWinEventLog,12
raw/0132__AUME-WS-0007__trellix_epo.log,AUME-WS-0007,trellix:epo,trellix:epo,1
raw/0133__AUME-WS-0008__XmlWinEventLog.log,AUME-WS-0008,XmlWinEventLog:Microsoft-Windows-Sysmon/Operational,XmlWinEventLog,12
raw/0134__AUME-WS-0008__XmlWinEventLog.log,AUME-WS-0008,XmlWinEventLog:Security,XmlWinEventLog,7
raw/0135__AUME-WS-0008__ms_defender_eventhub.log,AUME-WS-0008,ms:defender:eventhub,ms:defender:eventhub,2
raw/0136__AUME-WS-0009__XmlWinEventLog.log,AUME-WS-0009,XmlWinEventLog:Microsoft-Windows-Sysmon/Operational,XmlWinEventLog,6
raw/0137__AUME-WS-0009__XmlWinEventLog.log,AUME-WS-0009,XmlWinEventLog:Security,XmlWinEventLog,9
raw/0138__AUME-WS-0010__XmlWinEventLog.log,AUME-WS-0010,XmlWinEventLog:Microsoft-Windows-Sysmon/Operational,XmlWinEventLog,7
raw/0139__AUME-WS-0010__XmlWinEventLog.log,AUME-WS-0010,XmlWinEventLog:Security,XmlWinEventLog,10
raw/0140__AUME-WS-0011__XmlWinEventLog.log,AUME-WS-0011,XmlWinEventLog:Microsoft-Windows-Sysmon/Operational,XmlWinEventLog,7
raw/0141__AUME-WS-0011__XmlWinEventLog.log,AUME-WS-0011,XmlWinEventLog:Security,XmlWinEventLog,3
raw/0142__AUME-WS-0012__XmlWinEventLog.log,AUME-WS-0012,XmlWinEventLog:Microsoft-Windows-Sysmon/Operational,XmlWinEventLog,9
raw/0143__AUME-WS-0012__XmlWinEventLog.log,AUME-WS-0012,XmlWinEventLog:Security,XmlWinEventLog,7
raw/0144__AUME-WS-0013__XmlWinEventLog.log,AUME-WS-0013,XmlWinEventLog:Microsoft-Windows-Sysmon/Operational,XmlWinEventLog,5
raw/0145__AUME-WS-0013__XmlWinEventLog.log,AUME-WS-0013,XmlWinEventLog:Security,XmlWinEventLog,12
raw/0146__AUME-WS-0013__trellix_epo.log,AUME-WS-0013,trellix:epo,trellix:epo,1
raw/0147__AUME-WS-0014__XmlWinEventLog.log,AUME-WS-0014,XmlWinEventLog:Microsoft-Windows-Sysmon/Operational,XmlWinEventLog,12
raw/0148__AUME-WS-0014__XmlWinEventLog.log,AUME-WS-0014,XmlWinEventLog:Security,XmlWinEventLog,13
raw/0149__AUME-WS-0015__XmlWinEventLog.log,AUME-WS-0015,XmlWinEventLog:Microsoft-Windows-Sysmon/Operational,XmlWinEventLog,10
raw/0150__AUME-WS-0015__XmlWinEventLog.log,AUME-WS-0015,XmlWinEventLog:Security,XmlWinEventLog,11
raw/0151__AUME-WS-0015__ms_defender_eventhub.log,AUME-WS-0015,ms:defender:eventhub,ms:defender:eventhub,1
raw/0152__AUME-WS-0015__sccm_client.log,AUME-WS-0015,sccm:client,sccm:client,1
raw/0153__AUME-WS-0015__wsus_client.log,AUME-WS-0015,wsus:client,wsus:client,1
raw/0154__AUME-WS-0016__XmlWinEventLog.log,AUME-WS-0016,XmlWinEventLog:Microsoft-Windows-Sysmon/Operational,XmlWinEventLog,13
raw/0155__AUME-WS-0016__XmlWinEventLog.log,AUME-WS-0016,XmlWinEventLog:Security,XmlWinEventLog,9
raw/0156__AUME-WS-0016__wsus_client.log,AUME-WS-0016,wsus:client,wsus:client,1
raw/0157__AUME-WS-0017__XmlWinEventLog.log,AUME-WS-0017,XmlWinEventLog:Microsoft-Windows-Sysmon/Operational,XmlWinEventLog,6
raw/0158__AUME-WS-0017__XmlWinEventLog.log,AUME-WS-0017,XmlWinEventLog:Security,XmlWinEventLog,8
raw/0159__AUME-WS-0017__ms_defender_eventhub.log,AUME-WS-0017,ms:defender:eventhub,ms:defender:eventhub,1
raw/0160__AUME-WS-0018__XmlWinEventLog.log,AUME-WS-0018,XmlWinEventLog:Microsoft-Windows-Sysmon/Operational,XmlWinEventLog,11
raw/0161__AUME-WS-0018__XmlWinEventLog.log,AUME-WS-0018,XmlWinEventLog:Security,XmlWinEventLog,4
raw/0162__AUME-WS-0018__ms_defender_eventhub.log,AUME-WS-0018,ms:defender:eventhub,ms:defender:eventhub,1
raw/0163__AUME-WS-0018__sccm_client.log,AUME-WS-0018,sccm:client,sccm:client,1
raw/0164__AUME-WS-0019__XmlWinEventLog.log,AUME-WS-0019,XmlWinEventLog:Microsoft-Windows-Sysmon/Operational,XmlWinEventLog,6
raw/0165__AUME-WS-0019__XmlWinEventLog.log,AUME-WS-0019,XmlWinEventLog:Security,XmlWinEventLog,8
raw/0166__AUME-WS-0019__trellix_epo.log,AUME-WS-0019,trellix:epo,trellix:epo,1
raw/0167__AUME-WS-0020__XmlWinEventLog.log,AUME-WS-0020,XmlWinEventLog:Microsoft-Windows-Sysmon/Operational,XmlWinEventLog,7
raw/0168__AUME-WS-0020__XmlWinEventLog.log,AUME-WS-0020,XmlWinEventLog:Security,XmlWinEventLog,10
raw/0169__AUME-WS-0020__ms_defender_eventhub.log,AUME-WS-0020,ms:defender:eventhub,ms:defender:eventhub,3
raw/0170__AUME-WS-0021__XmlWinEventLog.log,AUME-WS-0021,XmlWinEventLog:Microsoft-Windows-Sysmon/Operational,XmlWinEventLog,8
raw/0171__AUME-WS-0021__XmlWinEventLog.log,AUME-WS-0021,XmlWinEventLog:Security,XmlWinEventLog,4
raw/0172__AUME-WS-0021__trellix_epo.log,AUME-WS-0021,trellix:epo,trellix:epo,1
raw/0173__AUME-WS-0022__XmlWinEventLog.log,AUME-WS-0022,XmlWinEventLog:Microsoft-Windows-Sysmon/Operational,XmlWinEventLog,4
raw/0174__AUME-WS-0022__XmlWinEventLog.log,AUME-WS-0022,XmlWinEventLog:Security,XmlWinEventLog,3
raw/0175__AUME-WS-0022__sccm_client.log,AUME-WS-0022,sccm:client,sccm:client,1
raw/0176__AUME-WS-0022__trellix_epo.log,AUME-WS-0022,trellix:epo,trellix:epo,1
raw/0177__AUME-WS-0023__XmlWinEventLog.log,AUME-WS-0023,XmlWinEventLog:Microsoft-Windows-Sysmon/Operational,XmlWinEventLog,5
raw/0178__AUME-WS-0023__XmlWinEventLog.log,AUME-WS-0023,XmlWinEventLog:Security,XmlWinEventLog,8
raw/0179__AUME-WS-0024__XmlWinEventLog.log,AUME-WS-0024,XmlWinEventLog:Microsoft-Windows-Sysmon/Operational,XmlWinEventLog,10
raw/0180__AUME-WS-0024__XmlWinEventLog.log,AUME-WS-0024,XmlWinEventLog:Security,XmlWinEventLog,5
raw/0181__AUME-WS-0025__XmlWinEventLog.log,AUME-WS-0025,XmlWinEventLog:Microsoft-Windows-Sysmon/Operational,XmlWinEventLog,5
raw/0182__AUME-WS-0025__XmlWinEventLog.log,AUME-WS-0025,XmlWinEventLog:Security,XmlWinEventLog,5
raw/0183__AUME-WS-0025__sccm_client.log,AUME-WS-0025,sccm:client,sccm:client,1
raw/0184__AUME-WS-0025__trellix_epo.log,AUME-WS-0025,trellix:epo,trellix:epo,1
raw/0185__AUME-WS-0026__XmlWinEventLog.log,AUME-WS-0026,XmlWinEventLog:Microsoft-Windows-Sysmon/Operational,XmlWinEventLog,5
raw/0186__AUME-WS-0026__XmlWinEventLog.log,AUME-WS-0026,XmlWinEventLog:Security,XmlWinEventLog,5
raw/0187__AUME-WS-0026__trellix_epo.log,AUME-WS-0026,trellix:epo,trellix:epo,2
raw/0188__AUME-WS-0027__XmlWinEventLog.log,AUME-WS-0027,XmlWinEventLog:Microsoft-Windows-Sysmon/Operational,XmlWinEventLog,6
raw/0189__AUME-WS-0027__XmlWinEventLog.log,AUME-WS-0027,XmlWinEventLog:Security,XmlWinEventLog,7
raw/0190__AUME-WS-0027__sccm_client.log,AUME-WS-0027,sccm:client,sccm:client,1
raw/0191__AUME-WS-0028__XmlWinEventLog.log,AUME-WS-0028,XmlWinEventLog:Microsoft-Windows-Sysmon/Operational,XmlWinEventLog,8
raw/0192__AUME-WS-0028__XmlWinEventLog.log,AUME-WS-0028,XmlWinEventLog:Security,XmlWinEventLog,3
raw/0193__AUME-WS-0029__XmlWinEventLog.log,AUME-WS-0029,XmlWinEventLog:Microsoft-Windows-Sysmon/Operational,XmlWinEventLog,8
raw/0194__AUME-WS-0029__XmlWinEventLog.log,AUME-WS-0029,XmlWinEventLog:Security,XmlWinEventLog,6
raw/0195__AUME-WS-0030__XmlWinEventLog.log,AUME-WS-0030,XmlWinEventLog:Microsoft-Windows-Sysmon/Operational,XmlWinEventLog,9
raw/0196__AUME-WS-0030__XmlWinEventLog.log,AUME-WS-0030,XmlWinEventLog:Security,XmlWinEventLog,3
raw/0197__AUME-WS-0030__trellix_epo.log,AUME-WS-0030,trellix:epo,trellix:epo,2
raw/0198__AUME-WS-0031__XmlWinEventLog.log,AUME-WS-0031,XmlWinEventLog:Microsoft-Windows-Sysmon/Operational,XmlWinEventLog,14
raw/0199__AUME-WS-0031__XmlWinEventLog.log,AUME-WS-0031,XmlWinEventLog:Security,XmlWinEventLog,7
raw/0200__AUME-WS-0031__ms_defender_eventhub.log,AUME-WS-0031,ms:defender:eventhub,ms:defender:eventhub,2
raw/0201__AUME-WS-0031__sccm_client.log,AUME-WS-0031,sccm:client,sccm:client,1
raw/0202__AUME-WS-0032__XmlWinEventLog.log,AUME-WS-0032,XmlWinEventLog:Microsoft-Windows-Sysmon/Operational,XmlWinEventLog,3
raw/0203__AUME-WS-0032__XmlWinEventLog.log,AUME-WS-0032,XmlWinEventLog:Security,XmlWinEventLog,6
raw/0204__AUME-WS-0032__ms_defender_eventhub.log,AUME-WS-0032,ms:defender:eventhub,ms:defender:eventhub,1
raw/0205__AUME-WS-0033__XmlWinEventLog.log,AUME-WS-0033,XmlWinEventLog:Microsoft-Windows-Sysmon/Operational,XmlWinEventLog,6
raw/0206__AUME-WS-0033__XmlWinEventLog.log,AUME-WS-0033,XmlWinEventLog:Security,XmlWinEventLog,9
raw/0207__AUME-WS-0033__ms_defender_eventhub.log,AUME-WS-0033,ms:defender:eventhub,ms:defender:eventhub,1
raw/0208__AUME-WS-0034__XmlWinEventLog.log,AUME-WS-0034,XmlWinEventLog:Microsoft-Windows-Sysmon/Operational,XmlWinEventLog,4
raw/0209__AUME-WS-0034__XmlWinEventLog.log,AUME-WS-0034,XmlWinEventLog:Security,XmlWinEventLog,7
raw/0210__AUME-WS-0034__wsus_client.log,AUME-WS-0034,wsus:client,wsus:client,1
raw/0211__AUME-WS-0035__XmlWinEventLog.log,AUME-WS-0035,XmlWinEventLog:Microsoft-Windows-Sysmon/Operational,XmlWinEventLog,11
raw/0212__AUME-WS-0035__XmlWinEventLog.log,AUME-WS-0035,XmlWinEventLog:Security,XmlWinEventLog,1
raw/0213__AUME-WS-0035__trellix_epo.log,AUME-WS-0035,trellix:epo,trellix:epo,1
raw/0214__AUME-WS-0035__wsus_client.log,AUME-WS-0035,wsus:client,wsus:client,1
raw/0215__AUME-WS-0036__XmlWinEventLog.log,AUME-WS-0036,XmlWinEventLog:Microsoft-Windows-Sysmon/Operational,XmlWinEventLog,5
raw/0216__AUME-WS-0036__XmlWinEventLog.log,AUME-WS-0036,XmlWinEventLog:Security,XmlWinEventLog,7
raw/0217__AUME-WS-0036__sccm_client.log,AUME-WS-0036,sccm:client,sccm:client,1
raw/0218__AUME-WS-0037__XmlWinEventLog.log,AUME-WS-0037,XmlWinEventLog:Microsoft-Windows-Sysmon/Operational,XmlWinEventLog,3
raw/0219__AUME-WS-0037__XmlWinEventLog.log,AUME-WS-0037,XmlWinEventLog:Security,XmlWinEventLog,9
raw/0220__AUME-WS-0037__ms_defender_eventhub.log,AUME-WS-0037,ms:defender:eventhub,ms:defender:eventhub,3
raw/0221__AUME-WS-0038__XmlWinEventLog.log,AUME-WS-0038,XmlWinEventLog:Microsoft-Windows-Sysmon/Operational,XmlWinEventLog,4
raw/0222__AUME-WS-0038__XmlWinEventLog.log,AUME-WS-0038,XmlWinEventLog:Security,XmlWinEventLog,10
raw/0223__AUME-WS-0038__ms_defender_eventhub.log,AUME-WS-0038,ms:defender:eventhub,ms:defender:eventhub,1
raw/0224__AUME-WS-0039__XmlWinEventLog.log,AUME-WS-0039,XmlWinEventLog:Microsoft-Windows-Sysmon/Operational,XmlWinEventLog,8
raw/0225__AUME-WS-0039__XmlWinEventLog.log,AUME-WS-0039,XmlWinEventLog:Security,XmlWinEventLog,5
raw/0226__AUME-WS-0039__ms_defender_eventhub.log,AUME-WS-0039,ms:defender:eventhub,ms:defender:eventhub,1
raw/0227__AUME-WS-0040__XmlWinEventLog.log,AUME-WS-0040,XmlWinEventLog:Microsoft-Windows-Sysmon/Operational,XmlWinEventLog,1
raw/0228__AUME-WS-0040__XmlWinEventLog.log,AUME-WS-0040,XmlWinEventLog:Security,XmlWinEventLog,4
raw/0229__AUME-WS-0041__XmlWinEventLog.log,AUME-WS-0041,XmlWinEventLog:Microsoft-Windows-Sysmon/Operational,XmlWinEventLog,4
raw/0230__AUME-WS-0041__XmlWinEventLog.log,AUME-WS-0041,XmlWinEventLog:Security,XmlWinEventLog,8
raw/0231__AUME-WS-0042__XmlWinEventLog.log,AUME-WS-0042,XmlWinEventLog:Microsoft-Windows-Sysmon/Operational,XmlWinEventLog,5
raw/0232__AUME-WS-0042__XmlWinEventLog.log,AUME-WS-0042,XmlWinEventLog:Security,XmlWinEventLog,6
raw/0233__AUME-WS-0043__XmlWinEventLog.log,AUME-WS-0043,XmlWinEventLog:Microsoft-Windows-Sysmon/Operational,XmlWinEventLog,6
raw/0234__AUME-WS-0043__XmlWinEventLog.log,AUME-WS-0043,XmlWinEventLog:Security,XmlWinEventLog,4
raw/0235__AUME-WS-0044__XmlWinEventLog.log,AUME-WS-0044,XmlWinEventLog:Microsoft-Windows-Sysmon/Operational,XmlWinEventLog,5
raw/0236__AUME-WS-0044__XmlWinEventLog.log,AUME-WS-0044,XmlWinEventLog:Security,XmlWinEventLog,2
raw/0237__AUME-WS-0044__ms_defender_eventhub.log,AUME-WS-0044,ms:defender:eventhub,ms:defender:eventhub,1
raw/0238__AUME-WS-0045__XmlWinEventLog.log,AUME-WS-0045,XmlWinEventLog:Microsoft-Windows-Sysmon/Operational,XmlWinEventLog,4
raw/0239__AUME-WS-0045__XmlWinEventLog.log,AUME-WS-0045,XmlWinEventLog:Security,XmlWinEventLog,4
raw/0240__AUME-WS-0045__ms_defender_eventhub.log,AUME-WS-0045,ms:defender:eventhub,ms:defender:eventhub,1
raw/0241__AUME-WS-0045__wsus_client.log,AUME-WS-0045,wsus:client,wsus:client,1
raw/0242__AUME-WS-0046__XmlWinEventLog.log,AUME-WS-0046,XmlWinEventLog:Microsoft-Windows-Sysmon/Operational,XmlWinEventLog,5
raw/0243__AUME-WS-0046__XmlWinEventLog.log,AUME-WS-0046,XmlWinEventLog:Security,XmlWinEventLog,5
raw/0244__AUME-WS-0047__XmlWinEventLog.log,AUME-WS-0047,XmlWinEventLog:Microsoft-Windows-Sysmon/Operational,XmlWinEventLog,3
raw/0245__AUME-WS-0047__XmlWinEventLog.log,AUME-WS-0047,XmlWinEventLog:Security,XmlWinEventLog,6
raw/0246__AUME-WS-0048__XmlWinEventLog.log,AUME-WS-0048,XmlWinEventLog:Microsoft-Windows-Sysmon/Operational,XmlWinEventLog,9
raw/0247__AUME-WS-0048__XmlWinEventLog.log,AUME-WS-0048,XmlWinEventLog:Security,XmlWinEventLog,3
raw/0248__AUME-WS-0048__ms_defender_eventhub.log,AUME-WS-0048,ms:defender:eventhub,ms:defender:eventhub,3
raw/0249__AUME-WS-0049__XmlWinEventLog.log,AUME-WS-0049,XmlWinEventLog:Microsoft-Windows-Sysmon/Operational,XmlWinEventLog,1
raw/0250__AUME-WS-0049__XmlWinEventLog.log,AUME-WS-0049,XmlWinEventLog:Security,XmlWinEventLog,2
raw/0251__AUME-WS-0049__ms_defender_eventhub.log,AUME-WS-0049,ms:defender:eventhub,ms:defender:eventhub,3
raw/0252__AUME-WS-0049__trellix_epo.log,AUME-WS-0049,trellix:epo,trellix:epo,1
raw/0253__AUME-WS-0050__XmlWinEventLog.log,AUME-WS-0050,XmlWinEventLog:Microsoft-Windows-Sysmon/Operational,XmlWinEventLog,4
raw/0254__AUME-WS-0050__XmlWinEventLog.log,AUME-WS-0050,XmlWinEventLog:Security,XmlWinEventLog,2
raw/0255__AUME-WS-0051__XmlWinEventLog.log,AUME-WS-0051,XmlWinEventLog:Microsoft-Windows-Sysmon/Operational,XmlWinEventLog,9
raw/0256__AUME-WS-0051__XmlWinEventLog.log,AUME-WS-0051,XmlWinEventLog:Security,XmlWinEventLog,4
raw/0257__AUME-WS-0051__trellix_epo.log,AUME-WS-0051,trellix:epo,trellix:epo,1
raw/0258__AUME-WS-0052__XmlWinEventLog.log,AUME-WS-0052,XmlWinEventLog:Microsoft-Windows-Sysmon/Operational,XmlWinEventLog,8
raw/0259__AUME-WS-0052__XmlWinEventLog.log,AUME-WS-0052,XmlWinEventLog:Security,XmlWinEventLog,6
raw/0260__AUME-WS-0052__ms_defender_eventhub.log,AUME-WS-0052,ms:defender:eventhub,ms:defender:eventhub,2
raw/0261__AUME-WS-0052__trellix_epo.log,AUME-WS-0052,trellix:epo,trellix:epo,1
raw/0262__AUME-WS-0053__XmlWinEventLog.log,AUME-WS-0053,XmlWinEventLog:Microsoft-Windows-Sysmon/Operational,XmlWinEventLog,6
raw/0263__AUME-WS-0053__XmlWinEventLog.log,AUME-WS-0053,XmlWinEventLog:Security,XmlWinEventLog,4
raw/0264__AUME-WS-0053__ms_defender_eventhub.log,AUME-WS-0053,ms:defender:eventhub,ms:defender:eventhub,3
raw/0265__AUME-WS-0053__trellix_epo.log,AUME-WS-0053,trellix:epo,trellix:epo,1
raw/0266__AUME-WS-0053__wsus_client.log,AUME-WS-0053,wsus:client,wsus:client,1
raw/0267__AUME-WS-0054__XmlWinEventLog.log,AUME-WS-0054,XmlWinEventLog:Microsoft-Windows-Sysmon/Operational,XmlWinEventLog,3
raw/0268__AUME-WS-0054__XmlWinEventLog.log,AUME-WS-0054,XmlWinEventLog:Security,XmlWinEventLog,4
raw/0269__AUME-WS-0054__ms_defender_eventhub.log,AUME-WS-0054,ms:defender:eventhub,ms:defender:eventhub,3
raw/0270__AUME-WS-0054__trellix_epo.log,AUME-WS-0054,trellix:epo,trellix:epo,1
raw/0271__AUME-WS-0055__XmlWinEventLog.log,AUME-WS-0055,XmlWinEventLog:Microsoft-Windows-Sysmon/Operational,XmlWinEventLog,5
raw/0272__AUME-WS-0055__XmlWinEventLog.log,AUME-WS-0055,XmlWinEventLog:Security,XmlWinEventLog,6
raw/0273__AUME-WS-0055__trellix_epo.log,AUME-WS-0055,trellix:epo,trellix:epo,1
raw/0274__AUME-WS-0056__XmlWinEventLog.log,AUME-WS-0056,XmlWinEventLog:Microsoft-Windows-Sysmon/Operational,XmlWinEventLog,3
raw/0275__AUME-WS-0056__XmlWinEventLog.log,AUME-WS-0056,XmlWinEventLog:Security,XmlWinEventLog,5
raw/0276__AUME-WS-0057__XmlWinEventLog.log,AUME-WS-0057,XmlWinEventLog:Microsoft-Windows-Sysmon/Operational,XmlWinEventLog,2
raw/0277__AUME-WS-0057__XmlWinEventLog.log,AUME-WS-0057,XmlWinEventLog:Security,XmlWinEventLog,2
raw/0278__AUME-WS-0058__XmlWinEventLog.log,AUME-WS-0058,XmlWinEventLog:Microsoft-Windows-Sysmon/Operational,XmlWinEventLog,8
raw/0279__AUME-WS-0058__XmlWinEventLog.log,AUME-WS-0058,XmlWinEventLog:Security,XmlWinEventLog,2
raw/0280__AUME-WS-0058__ms_defender_eventhub.log,AUME-WS-0058,ms:defender:eventhub,ms:defender:eventhub,1
raw/0281__AUME-WS-0059__XmlWinEventLog.log,AUME-WS-0059,XmlWinEventLog:Microsoft-Windows-Sysmon/Operational,XmlWinEventLog,6
raw/0282__AUME-WS-0059__XmlWinEventLog.log,AUME-WS-0059,XmlWinEventLog:Security,XmlWinEventLog,5
raw/0283__AUME-WS-0059__ms_defender_eventhub.log,AUME-WS-0059,ms:defender:eventhub,ms:defender:eventhub,4
raw/0284__AUME-WS-0060__XmlWinEventLog.log,AUME-WS-0060,XmlWinEventLog:Microsoft-Windows-Sysmon/Operational,XmlWinEventLog,5
raw/0285__AUME-WS-0060__XmlWinEventLog.log,AUME-WS-0060,XmlWinEventLog:Security,XmlWinEventLog,3
raw/0286__AUME-WS-0061__XmlWinEventLog.log,AUME-WS-0061,XmlWinEventLog:Microsoft-Windows-Sysmon/Operational,XmlWinEventLog,5
raw/0287__AUME-WS-0061__XmlWinEventLog.log,AUME-WS-0061,XmlWinEventLog:Security,XmlWinEventLog,2
raw/0288__AUME-WS-0061__ms_defender_eventhub.log,AUME-WS-0061,ms:defender:eventhub,ms:defender:eventhub,1
raw/0289__AUME-WS-0061__trellix_epo.log,AUME-WS-0061,trellix:epo,trellix:epo,1
raw/0290__AUME-WS-0062__XmlWinEventLog.log,AUME-WS-0062,XmlWinEventLog:Microsoft-Windows-Sysmon/Operational,XmlWinEventLog,5
raw/0291__AUME-WS-0062__XmlWinEventLog.log,AUME-WS-0062,XmlWinEventLog:Security,XmlWinEventLog,6
raw/0292__AUME-WS-0062__ms_defender_eventhub.log,AUME-WS-0062,ms:defender:eventhub,ms:defender:eventhub,1
raw/0293__AUME-WS-0062__sccm_client.log,AUME-WS-0062,sccm:client,sccm:client,1
raw/0294__AUME-WS-0063__XmlWinEventLog.log,AUME-WS-0063,XmlWinEventLog:Microsoft-Windows-Sysmon/Operational,XmlWinEventLog,7
raw/0295__AUME-WS-0063__XmlWinEventLog.log,AUME-WS-0063,XmlWinEventLog:Security,XmlWinEventLog,2
raw/0296__AUME-WS-0064__XmlWinEventLog.log,AUME-WS-0064,XmlWinEventLog:Microsoft-Windows-Sysmon/Operational,XmlWinEventLog,6
raw/0297__AUME-WS-0064__XmlWinEventLog.log,AUME-WS-0064,XmlWinEventLog:Security,XmlWinEventLog,7
raw/0298__AUME-ZEEK-01__bro_conn_json.log,AUME-ZEEK-01,zeek:conn,bro:conn:json,795
raw/0299__AUME-ZEEK-01__bro_dce_rpc_json.log,AUME-ZEEK-01,zeek:dce_rpc,bro:dce_rpc:json,75
raw/0300__AUME-ZEEK-01__bro_dns_json.log,AUME-ZEEK-01,zeek:dns,bro:dns:json,361
raw/0301__AUME-ZEEK-01__bro_http_json.log,AUME-ZEEK-01,zeek:http,bro:http:json,205
raw/0302__AUME-ZEEK-01__bro_smb_files_json.log,AUME-ZEEK-01,zeek:smb_files,bro:smb_files:json,77
raw/0303__AUME-ZEEK-01__bro_ssl_json.log,AUME-ZEEK-01,zeek:ssl,bro:ssl:json,285
raw/0304__AUPE-APP-01__XmlWinEventLog.log,AUPE-APP-01,XmlWinEventLog:Microsoft-Windows-Sysmon/Operational,XmlWinEventLog,6
raw/0305__AUPE-APP-01__XmlWinEventLog.log,AUPE-APP-01,XmlWinEventLog:Security,XmlWinEventLog,8
raw/0306__AUPE-APP-01__ms_defender_eventhub.log,AUPE-APP-01,ms:defender:eventhub,ms:defender:eventhub,3
raw/0307__AUPE-APP-01__trellix_epo.log,AUPE-APP-01,trellix:epo,trellix:epo,1
raw/0308__AUPE-APP-02__XmlWinEventLog.log,AUPE-APP-02,XmlWinEventLog:Microsoft-Windows-Sysmon/Operational,XmlWinEventLog,7
raw/0309__AUPE-APP-02__XmlWinEventLog.log,AUPE-APP-02,XmlWinEventLog:Security,XmlWinEventLog,6
raw/0310__AUPE-APP-03__XmlWinEventLog.log,AUPE-APP-03,XmlWinEventLog:Microsoft-Windows-Sysmon/Operational,XmlWinEventLog,6
raw/0311__AUPE-APP-03__XmlWinEventLog.log,AUPE-APP-03,XmlWinEventLog:Security,XmlWinEventLog,3
raw/0312__AUPE-APP-04__XmlWinEventLog.log,AUPE-APP-04,XmlWinEventLog:Microsoft-Windows-Sysmon/Operational,XmlWinEventLog,6
raw/0313__AUPE-APP-04__XmlWinEventLog.log,AUPE-APP-04,XmlWinEventLog:Security,XmlWinEventLog,7
raw/0314__AUPE-APP-04__sccm_client.log,AUPE-APP-04,sccm:client,sccm:client,1
raw/0315__AUPE-APP-05__XmlWinEventLog.log,AUPE-APP-05,XmlWinEventLog:Microsoft-Windows-Sysmon/Operational,XmlWinEventLog,6
raw/0316__AUPE-APP-05__XmlWinEventLog.log,AUPE-APP-05,XmlWinEventLog:Security,XmlWinEventLog,5
raw/0317__AUPE-APP-05__ms_defender_eventhub.log,AUPE-APP-05,ms:defender:eventhub,ms:defender:eventhub,1
raw/0318__AUPE-APP-05__trellix_epo.log,AUPE-APP-05,trellix:epo,trellix:epo,1
raw/0319__AUPE-APP-06__XmlWinEventLog.log,AUPE-APP-06,XmlWinEventLog:Microsoft-Windows-Sysmon/Operational,XmlWinEventLog,5
raw/0320__AUPE-APP-06__XmlWinEventLog.log,AUPE-APP-06,XmlWinEventLog:Security,XmlWinEventLog,4
raw/0321__AUPE-APP-06__ms_defender_eventhub.log,AUPE-APP-06,ms:defender:eventhub,ms:defender:eventhub,1
raw/0322__AUPE-APP-06__sccm_client.log,AUPE-APP-06,sccm:client,sccm:client,1
raw/0323__AUPE-APP-07__XmlWinEventLog.log,AUPE-APP-07,XmlWinEventLog:Microsoft-Windows-Sysmon/Operational,XmlWinEventLog,4
raw/0324__AUPE-APP-07__XmlWinEventLog.log,AUPE-APP-07,XmlWinEventLog:Security,XmlWinEventLog,4
raw/0325__AUPE-APP-07__trellix_epo.log,AUPE-APP-07,trellix:epo,trellix:epo,1
raw/0326__AUPE-APP-07__wsus_client.log,AUPE-APP-07,wsus:client,wsus:client,1
raw/0327__AUPE-APP-08__XmlWinEventLog.log,AUPE-APP-08,XmlWinEventLog:Microsoft-Windows-Sysmon/Operational,XmlWinEventLog,8
raw/0328__AUPE-APP-08__XmlWinEventLog.log,AUPE-APP-08,XmlWinEventLog:Security,XmlWinEventLog,5
raw/0329__AUPE-APP-08__ms_defender_eventhub.log,AUPE-APP-08,ms:defender:eventhub,ms:defender:eventhub,1
raw/0330__AUPE-DC-01__XmlWinEventLog.log,AUPE-DC-01,XmlWinEventLog:Security,XmlWinEventLog,111
raw/0331__AUPE-FS-01__XmlWinEventLog.log,AUPE-FS-01,XmlWinEventLog:Microsoft-Windows-Sysmon/Operational,XmlWinEventLog,3
raw/0332__AUPE-FS-01__XmlWinEventLog.log,AUPE-FS-01,XmlWinEventLog:Security,XmlWinEventLog,11
raw/0333__AUPE-FS-02__XmlWinEventLog.log,AUPE-FS-02,XmlWinEventLog:Microsoft-Windows-Sysmon/Operational,XmlWinEventLog,4
raw/0334__AUPE-FS-02__XmlWinEventLog.log,AUPE-FS-02,XmlWinEventLog:Security,XmlWinEventLog,8
raw/0335__AUPE-FS-02__trellix_epo.log,AUPE-FS-02,trellix:epo,trellix:epo,1
raw/0336__AUPE-FS-02__wsus_client.log,AUPE-FS-02,wsus:client,wsus:client,1
raw/0337__AUPE-FS-03__XmlWinEventLog.log,AUPE-FS-03,XmlWinEventLog:Microsoft-Windows-Sysmon/Operational,XmlWinEventLog,5
raw/0338__AUPE-FS-03__XmlWinEventLog.log,AUPE-FS-03,XmlWinEventLog:Security,XmlWinEventLog,6
raw/0339__AUPE-FS-03__ms_defender_eventhub.log,AUPE-FS-03,ms:defender:eventhub,ms:defender:eventhub,3
raw/0340__AUPE-FS-04__XmlWinEventLog.log,AUPE-FS-04,XmlWinEventLog:Microsoft-Windows-Sysmon/Operational,XmlWinEventLog,6
raw/0341__AUPE-FS-04__XmlWinEventLog.log,AUPE-FS-04,XmlWinEventLog:Security,XmlWinEventLog,4
raw/0342__AUPE-FS-04__ms_defender_eventhub.log,AUPE-FS-04,ms:defender:eventhub,ms:defender:eventhub,1
raw/0343__AUPE-FW-01__pan_traffic.log,AUPE-FW-01,pan:traffic,pan:traffic,96
raw/0344__AUPE-FW-02__fortigate_traffic.log,AUPE-FW-02,fortigate_traffic,fortigate_traffic,101
raw/0345__AUPE-FW-03__cisco_asa.log,AUPE-FW-03,cisco:asa,cisco:asa,101
raw/0346__AUPE-JUMP-01__XmlWinEventLog.log,AUPE-JUMP-01,XmlWinEventLog:Microsoft-Windows-Sysmon/Operational,XmlWinEventLog,9
raw/0347__AUPE-JUMP-01__XmlWinEventLog.log,AUPE-JUMP-01,XmlWinEventLog:Security,XmlWinEventLog,4
raw/0348__AUPE-JUMP-01__ms_defender_eventhub.log,AUPE-JUMP-01,ms:defender:eventhub,ms:defender:eventhub,3
raw/0349__AUPE-JUMP-01__wsus_client.log,AUPE-JUMP-01,wsus:client,wsus:client,1
raw/0350__AUPE-JUMP-02__XmlWinEventLog.log,AUPE-JUMP-02,XmlWinEventLog:Microsoft-Windows-Sysmon/Operational,XmlWinEventLog,9
raw/0351__AUPE-JUMP-02__XmlWinEventLog.log,AUPE-JUMP-02,XmlWinEventLog:Security,XmlWinEventLog,4
raw/0352__AUPE-JUMP-03__XmlWinEventLog.log,AUPE-JUMP-03,XmlWinEventLog:Microsoft-Windows-Sysmon/Operational,XmlWinEventLog,8
raw/0353__AUPE-JUMP-03__XmlWinEventLog.log,AUPE-JUMP-03,XmlWinEventLog:Security,XmlWinEventLog,6
raw/0354__AUPE-JUMP-03__wsus_client.log,AUPE-JUMP-03,wsus:client,wsus:client,1
raw/0355__AUPE-LNX-01__linux_audit.log,AUPE-LNX-01,/var/log/audit/audit.log,linux_audit,72
raw/0356__AUPE-LNX-01__linux_secure.log,AUPE-LNX-01,/var/log/secure,linux_secure,12
raw/0357__AUPE-LNX-01__syslog.log,AUPE-LNX-01,/var/log/syslog,syslog,25
raw/0358__AUPE-LNX-01__trellix_epo.log,AUPE-LNX-01,trellix:epo,trellix:epo,1
raw/0359__AUPE-LNX-02__linux_audit.log,AUPE-LNX-02,/var/log/audit/audit.log,linux_audit,87
raw/0360__AUPE-LNX-02__linux_secure.log,AUPE-LNX-02,/var/log/secure,linux_secure,19
raw/0361__AUPE-LNX-02__syslog.log,AUPE-LNX-02,/var/log/syslog,syslog,22
raw/0362__AUPE-LNX-02__ms_defender_eventhub.log,AUPE-LNX-02,ms:defender:eventhub,ms:defender:eventhub,3
raw/0363__AUPE-LNX-03__linux_audit.log,AUPE-LNX-03,/var/log/audit/audit.log,linux_audit,67
raw/0364__AUPE-LNX-03__linux_secure.log,AUPE-LNX-03,/var/log/secure,linux_secure,16
raw/0365__AUPE-LNX-03__syslog.log,AUPE-LNX-03,/var/log/syslog,syslog,26
raw/0366__AUPE-LNX-04__linux_audit.log,AUPE-LNX-04,/var/log/audit/audit.log,linux_audit,73
raw/0367__AUPE-LNX-04__linux_secure.log,AUPE-LNX-04,/var/log/secure,linux_secure,18
raw/0368__AUPE-LNX-04__syslog.log,AUPE-LNX-04,/var/log/syslog,syslog,34
raw/0369__AUPE-LNX-04__trellix_epo.log,AUPE-LNX-04,trellix:epo,trellix:epo,2
raw/0370__AUPE-LNX-05__linux_audit.log,AUPE-LNX-05,/var/log/audit/audit.log,linux_audit,62
raw/0371__AUPE-LNX-05__linux_secure.log,AUPE-LNX-05,/var/log/secure,linux_secure,10
raw/0372__AUPE-LNX-05__syslog.log,AUPE-LNX-05,/var/log/syslog,syslog,24
raw/0373__AUPE-LNX-06__linux_audit.log,AUPE-LNX-06,/var/log/audit/audit.log,linux_audit,61
raw/0374__AUPE-LNX-06__linux_secure.log,AUPE-LNX-06,/var/log/secure,linux_secure,20
raw/0375__AUPE-LNX-06__syslog.log,AUPE-LNX-06,/var/log/syslog,syslog,20
raw/0376__AUPE-LNX-07__linux_audit.log,AUPE-LNX-07,/var/log/audit/audit.log,linux_audit,41
raw/0377__AUPE-LNX-07__linux_secure.log,AUPE-LNX-07,/var/log/secure,linux_secure,12
raw/0378__AUPE-LNX-07__syslog.log,AUPE-LNX-07,/var/log/syslog,syslog,24
raw/0379__AUPE-LNX-07__ms_defender_eventhub.log,AUPE-LNX-07,ms:defender:eventhub,ms:defender:eventhub,1
raw/0380__AUPE-LNX-07__trellix_epo.log,AUPE-LNX-07,trellix:epo,trellix:epo,2
raw/0381__AUPE-LNX-08__linux_audit.log,AUPE-LNX-08,/var/log/audit/audit.log,linux_audit,90
raw/0382__AUPE-LNX-08__linux_secure.log,AUPE-LNX-08,/var/log/secure,linux_secure,16
raw/0383__AUPE-LNX-08__syslog.log,AUPE-LNX-08,/var/log/syslog,syslog,22
raw/0384__AUPE-LNX-08__ms_defender_eventhub.log,AUPE-LNX-08,ms:defender:eventhub,ms:defender:eventhub,1
raw/0385__AUPE-PACS-01__pacs_access.log,AUPE-PACS-01,pacs:access,pacs:access,104
raw/0386__AUPE-PAW-01__XmlWinEventLog.log,AUPE-PAW-01,XmlWinEventLog:Microsoft-Windows-Sysmon/Operational,XmlWinEventLog,10
raw/0387__AUPE-PAW-01__XmlWinEventLog.log,AUPE-PAW-01,XmlWinEventLog:Security,XmlWinEventLog,2
raw/0388__AUPE-PAW-02__XmlWinEventLog.log,AUPE-PAW-02,XmlWinEventLog:Microsoft-Windows-Sysmon/Operational,XmlWinEventLog,4
raw/0389__AUPE-PAW-02__XmlWinEventLog.log,AUPE-PAW-02,XmlWinEventLog:Security,XmlWinEventLog,1
raw/0390__AUPE-PAW-03__XmlWinEventLog.log,AUPE-PAW-03,XmlWinEventLog:Microsoft-Windows-Sysmon/Operational,XmlWinEventLog,6
raw/0391__AUPE-PAW-03__XmlWinEventLog.log,AUPE-PAW-03,XmlWinEventLog:Security,XmlWinEventLog,5
raw/0392__AUPE-PAW-03__ms_defender_eventhub.log,AUPE-PAW-03,ms:defender:eventhub,ms:defender:eventhub,1
raw/0393__AUPE-PAW-04__XmlWinEventLog.log,AUPE-PAW-04,XmlWinEventLog:Microsoft-Windows-Sysmon/Operational,XmlWinEventLog,2
raw/0394__AUPE-PAW-04__XmlWinEventLog.log,AUPE-PAW-04,XmlWinEventLog:Security,XmlWinEventLog,4
raw/0395__AUPE-PAW-04__ms_defender_eventhub.log,AUPE-PAW-04,ms:defender:eventhub,ms:defender:eventhub,1
raw/0396__AUPE-PAW-04__wsus_client.log,AUPE-PAW-04,wsus:client,wsus:client,1
raw/0397__AUPE-PAW-05__XmlWinEventLog.log,AUPE-PAW-05,XmlWinEventLog:Microsoft-Windows-Sysmon/Operational,XmlWinEventLog,7
raw/0398__AUPE-PAW-05__XmlWinEventLog.log,AUPE-PAW-05,XmlWinEventLog:Security,XmlWinEventLog,2
raw/0399__AUPE-PAW-05__trellix_epo.log,AUPE-PAW-05,trellix:epo,trellix:epo,1
raw/0400__AUPE-PAW-06__XmlWinEventLog.log,AUPE-PAW-06,XmlWinEventLog:Microsoft-Windows-Sysmon/Operational,XmlWinEventLog,9
raw/0401__AUPE-PAW-06__XmlWinEventLog.log,AUPE-PAW-06,XmlWinEventLog:Security,XmlWinEventLog,5
raw/0402__AUPE-PAW-06__trellix_epo.log,AUPE-PAW-06,trellix:epo,trellix:epo,2
raw/0403__AUPE-PAW-06__wsus_client.log,AUPE-PAW-06,wsus:client,wsus:client,1
raw/0404__AUPE-RTR-01__cisco_ios.log,AUPE-RTR-01,cisco:ios,cisco:ios,37
raw/0405__AUPE-RTR-02__juniper.log,AUPE-RTR-02,juniper,juniper,21
raw/0406__AUPE-RTR-02__juniper_junos_firewall.log,AUPE-RTR-02,juniper:junos:firewall,juniper:junos:firewall,18
raw/0407__AUPE-VDI-01__XmlWinEventLog.log,AUPE-VDI-01,XmlWinEventLog:Microsoft-Windows-Sysmon/Operational,XmlWinEventLog,2
raw/0408__AUPE-VDI-01__XmlWinEventLog.log,AUPE-VDI-01,XmlWinEventLog:Security,XmlWinEventLog,6
raw/0409__AUPE-VDI-02__XmlWinEventLog.log,AUPE-VDI-02,XmlWinEventLog:Microsoft-Windows-Sysmon/Operational,XmlWinEventLog,3
raw/0410__AUPE-VDI-02__XmlWinEventLog.log,AUPE-VDI-02,XmlWinEventLog:Security,XmlWinEventLog,7
raw/0411__AUPE-VDI-02__trellix_epo.log,AUPE-VDI-02,trellix:epo,trellix:epo,1
raw/0412__AUPE-VDI-03__XmlWinEventLog.log,AUPE-VDI-03,XmlWinEventLog:Microsoft-Windows-Sysmon/Operational,XmlWinEventLog,8
raw/0413__AUPE-VDI-03__XmlWinEventLog.log,AUPE-VDI-03,XmlWinEventLog:Security,XmlWinEventLog,3
raw/0414__AUPE-WS-0001__XmlWinEventLog.log,AUPE-WS-0001,XmlWinEventLog:Microsoft-Windows-Sysmon/Operational,XmlWinEventLog,7
raw/0415__AUPE-WS-0001__XmlWinEventLog.log,AUPE-WS-0001,XmlWinEventLog:Security,XmlWinEventLog,6
raw/0416__AUPE-WS-0002__XmlWinEventLog.log,AUPE-WS-0002,XmlWinEventLog:Microsoft-Windows-Sysmon/Operational,XmlWinEventLog,10
raw/0417__AUPE-WS-0002__XmlWinEventLog.log,AUPE-WS-0002,XmlWinEventLog:Security,XmlWinEventLog,16
raw/0418__AUPE-WS-0002__ms_defender_eventhub.log,AUPE-WS-0002,ms:defender:eventhub,ms:defender:eventhub,1
raw/0419__AUPE-WS-0003__XmlWinEventLog.log,AUPE-WS-0003,XmlWinEventLog:Microsoft-Windows-Sysmon/Operational,XmlWinEventLog,9
raw/0420__AUPE-WS-0003__XmlWinEventLog.log,AUPE-WS-0003,XmlWinEventLog:Security,XmlWinEventLog,8
raw/0421__AUPE-WS-0004__XmlWinEventLog.log,AUPE-WS-0004,XmlWinEventLog:Microsoft-Windows-Sysmon/Operational,XmlWinEventLog,9
raw/0422__AUPE-WS-0004__XmlWinEventLog.log,AUPE-WS-0004,XmlWinEventLog:Security,XmlWinEventLog,8
raw/0423__AUPE-WS-0004__ms_defender_eventhub.log,AUPE-WS-0004,ms:defender:eventhub,ms:defender:eventhub,2
raw/0424__AUPE-WS-0005__XmlWinEventLog.log,AUPE-WS-0005,XmlWinEventLog:Microsoft-Windows-Sysmon/Operational,XmlWinEventLog,11
raw/0425__AUPE-WS-0005__XmlWinEventLog.log,AUPE-WS-0005,XmlWinEventLog:Security,XmlWinEventLog,11
raw/0426__AUPE-WS-0005__ms_defender_eventhub.log,AUPE-WS-0005,ms:defender:eventhub,ms:defender:eventhub,1
raw/0427__AUPE-WS-0006__XmlWinEventLog.log,AUPE-WS-0006,XmlWinEventLog:Microsoft-Windows-Sysmon/Operational,XmlWinEventLog,9
raw/0428__AUPE-WS-0006__XmlWinEventLog.log,AUPE-WS-0006,XmlWinEventLog:Security,XmlWinEventLog,8
raw/0429__AUPE-WS-0006__ms_defender_eventhub.log,AUPE-WS-0006,ms:defender:eventhub,ms:defender:eventhub,3
raw/0430__AUPE-WS-0006__trellix_epo.log,AUPE-WS-0006,trellix:epo,trellix:epo,1
raw/0431__AUPE-WS-0007__XmlWinEventLog.log,AUPE-WS-0007,XmlWinEventLog:Microsoft-Windows-Sysmon/Operational,XmlWinEventLog,6
raw/0432__AUPE-WS-0007__XmlWinEventLog.log,AUPE-WS-0007,XmlWinEventLog:Security,XmlWinEventLog,2
raw/0433__AUPE-WS-0008__XmlWinEventLog.log,AUPE-WS-0008,XmlWinEventLog:Microsoft-Windows-Sysmon/Operational,XmlWinEventLog,7
raw/0434__AUPE-WS-0008__XmlWinEventLog.log,AUPE-WS-0008,XmlWinEventLog:Security,XmlWinEventLog,12
raw/0435__AUPE-WS-0009__XmlWinEventLog.log,AUPE-WS-0009,XmlWinEventLog:Microsoft-Windows-Sysmon/Operational,XmlWinEventLog,4
raw/0436__AUPE-WS-0009__XmlWinEventLog.log,AUPE-WS-0009,XmlWinEventLog:Security,XmlWinEventLog,7
raw/0437__AUPE-WS-0009__ms_defender_eventhub.log,AUPE-WS-0009,ms:defender:eventhub,ms:defender:eventhub,1
raw/0438__AUPE-WS-0009__sccm_client.log,AUPE-WS-0009,sccm:client,sccm:client,1
raw/0439__AUPE-WS-0009__trellix_epo.log,AUPE-WS-0009,trellix:epo,trellix:epo,1
raw/0440__AUPE-WS-0010__XmlWinEventLog.log,AUPE-WS-0010,XmlWinEventLog:Microsoft-Windows-Sysmon/Operational,XmlWinEventLog,10
raw/0441__AUPE-WS-0010__XmlWinEventLog.log,AUPE-WS-0010,XmlWinEventLog:Security,XmlWinEventLog,10
raw/0442__AUPE-WS-0010__wsus_client.log,AUPE-WS-0010,wsus:client,wsus:client,1
raw/0443__AUPE-WS-0011__XmlWinEventLog.log,AUPE-WS-0011,XmlWinEventLog:Microsoft-Windows-Sysmon/Operational,XmlWinEventLog,6
raw/0444__AUPE-WS-0011__XmlWinEventLog.log,AUPE-WS-0011,XmlWinEventLog:Security,XmlWinEventLog,10
raw/0445__AUPE-WS-0011__ms_defender_eventhub.log,AUPE-WS-0011,ms:defender:eventhub,ms:defender:eventhub,3
raw/0446__AUPE-WS-0012__XmlWinEventLog.log,AUPE-WS-0012,XmlWinEventLog:Microsoft-Windows-Sysmon/Operational,XmlWinEventLog,6
raw/0447__AUPE-WS-0012__XmlWinEventLog.log,AUPE-WS-0012,XmlWinEventLog:Security,XmlWinEventLog,8
raw/0448__AUPE-WS-0013__XmlWinEventLog.log,AUPE-WS-0013,XmlWinEventLog:Microsoft-Windows-Sysmon/Operational,XmlWinEventLog,7
raw/0449__AUPE-WS-0013__XmlWinEventLog.log,AUPE-WS-0013,XmlWinEventLog:Security,XmlWinEventLog,10
raw/0450__AUPE-WS-0014__XmlWinEventLog.log,AUPE-WS-0014,XmlWinEventLog:Microsoft-Windows-Sysmon/Operational,XmlWinEventLog,11
raw/0451__AUPE-WS-0014__XmlWinEventLog.log,AUPE-WS-0014,XmlWinEventLog:Security,XmlWinEventLog,10
raw/0452__AUPE-WS-0015__XmlWinEventLog.log,AUPE-WS-0015,XmlWinEventLog:Microsoft-Windows-Sysmon/Operational,XmlWinEventLog,11
raw/0453__AUPE-WS-0015__XmlWinEventLog.log,AUPE-WS-0015,XmlWinEventLog:Security,XmlWinEventLog,9
raw/0454__AUPE-WS-0015__sccm_client.log,AUPE-WS-0015,sccm:client,sccm:client,1
raw/0455__AUPE-WS-0016__XmlWinEventLog.log,AUPE-WS-0016,XmlWinEventLog:Microsoft-Windows-Sysmon/Operational,XmlWinEventLog,9
raw/0456__AUPE-WS-0016__XmlWinEventLog.log,AUPE-WS-0016,XmlWinEventLog:Security,XmlWinEventLog,4
raw/0457__AUPE-WS-0016__ms_defender_eventhub.log,AUPE-WS-0016,ms:defender:eventhub,ms:defender:eventhub,2
raw/0458__AUPE-WS-0016__trellix_epo.log,AUPE-WS-0016,trellix:epo,trellix:epo,1
raw/0459__AUPE-WS-0017__XmlWinEventLog.log,AUPE-WS-0017,XmlWinEventLog:Microsoft-Windows-Sysmon/Operational,XmlWinEventLog,11
raw/0460__AUPE-WS-0017__XmlWinEventLog.log,AUPE-WS-0017,XmlWinEventLog:Security,XmlWinEventLog,13
raw/0461__AUPE-WS-0018__XmlWinEventLog.log,AUPE-WS-0018,XmlWinEventLog:Microsoft-Windows-Sysmon/Operational,XmlWinEventLog,10
raw/0462__AUPE-WS-0018__XmlWinEventLog.log,AUPE-WS-0018,XmlWinEventLog:Security,XmlWinEventLog,6
raw/0463__AUPE-WS-0018__ms_defender_eventhub.log,AUPE-WS-0018,ms:defender:eventhub,ms:defender:eventhub,1
raw/0464__AUPE-WS-0019__XmlWinEventLog.log,AUPE-WS-0019,XmlWinEventLog:Microsoft-Windows-Sysmon/Operational,XmlWinEventLog,10
raw/0465__AUPE-WS-0019__XmlWinEventLog.log,AUPE-WS-0019,XmlWinEventLog:Security,XmlWinEventLog,7
raw/0466__AUPE-WS-0019__sccm_client.log,AUPE-WS-0019,sccm:client,sccm:client,1
raw/0467__AUPE-WS-0020__XmlWinEventLog.log,AUPE-WS-0020,XmlWinEventLog:Microsoft-Windows-Sysmon/Operational,XmlWinEventLog,11
raw/0468__AUPE-WS-0020__XmlWinEventLog.log,AUPE-WS-0020,XmlWinEventLog:Security,XmlWinEventLog,7
raw/0469__AUPE-WS-0020__ms_defender_eventhub.log,AUPE-WS-0020,ms:defender:eventhub,ms:defender:eventhub,1
raw/0470__AUPE-WS-0020__sccm_client.log,AUPE-WS-0020,sccm:client,sccm:client,1
raw/0471__AUPE-WS-0021__XmlWinEventLog.log,AUPE-WS-0021,XmlWinEventLog:Microsoft-Windows-Sysmon/Operational,XmlWinEventLog,5
raw/0472__AUPE-WS-0021__XmlWinEventLog.log,AUPE-WS-0021,XmlWinEventLog:Security,XmlWinEventLog,10
raw/0473__AUPE-WS-0021__ms_defender_eventhub.log,AUPE-WS-0021,ms:defender:eventhub,ms:defender:eventhub,1
raw/0474__AUPE-WS-0022__XmlWinEventLog.log,AUPE-WS-0022,XmlWinEventLog:Microsoft-Windows-Sysmon/Operational,XmlWinEventLog,6
raw/0475__AUPE-WS-0022__XmlWinEventLog.log,AUPE-WS-0022,XmlWinEventLog:Security,XmlWinEventLog,11
raw/0476__AUPE-WS-0022__ms_defender_eventhub.log,AUPE-WS-0022,ms:defender:eventhub,ms:defender:eventhub,1
raw/0477__AUPE-WS-0022__sccm_client.log,AUPE-WS-0022,sccm:client,sccm:client,1
raw/0478__AUPE-WS-0023__XmlWinEventLog.log,AUPE-WS-0023,XmlWinEventLog:Microsoft-Windows-Sysmon/Operational,XmlWinEventLog,11
raw/0479__AUPE-WS-0023__XmlWinEventLog.log,AUPE-WS-0023,XmlWinEventLog:Security,XmlWinEventLog,14
raw/0480__AUPE-WS-0024__XmlWinEventLog.log,AUPE-WS-0024,XmlWinEventLog:Microsoft-Windows-Sysmon/Operational,XmlWinEventLog,6
raw/0481__AUPE-WS-0024__XmlWinEventLog.log,AUPE-WS-0024,XmlWinEventLog:Security,XmlWinEventLog,4
raw/0482__AUPE-WS-0025__XmlWinEventLog.log,AUPE-WS-0025,XmlWinEventLog:Microsoft-Windows-Sysmon/Operational,XmlWinEventLog,2
raw/0483__AUPE-WS-0025__XmlWinEventLog.log,AUPE-WS-0025,XmlWinEventLog:Security,XmlWinEventLog,5
raw/0484__AUPE-WS-0026__XmlWinEventLog.log,AUPE-WS-0026,XmlWinEventLog:Microsoft-Windows-Sysmon/Operational,XmlWinEventLog,3
raw/0485__AUPE-WS-0026__XmlWinEventLog.log,AUPE-WS-0026,XmlWinEventLog:Security,XmlWinEventLog,8
raw/0486__AUPE-WS-0027__XmlWinEventLog.log,AUPE-WS-0027,XmlWinEventLog:Microsoft-Windows-Sysmon/Operational,XmlWinEventLog,7
raw/0487__AUPE-WS-0027__XmlWinEventLog.log,AUPE-WS-0027,XmlWinEventLog:Security,XmlWinEventLog,6
raw/0488__AUPE-WS-0028__XmlWinEventLog.log,AUPE-WS-0028,XmlWinEventLog:Microsoft-Windows-Sysmon/Operational,XmlWinEventLog,3
raw/0489__AUPE-WS-0028__XmlWinEventLog.log,AUPE-WS-0028,XmlWinEventLog:Security,XmlWinEventLog,4
raw/0490__AUPE-WS-0029__XmlWinEventLog.log,AUPE-WS-0029,XmlWinEventLog:Microsoft-Windows-Sysmon/Operational,XmlWinEventLog,6
raw/0491__AUPE-WS-0029__XmlWinEventLog.log,AUPE-WS-0029,XmlWinEventLog:Security,XmlWinEventLog,2
raw/0492__AUPE-WS-0029__sccm_client.log,AUPE-WS-0029,sccm:client,sccm:client,1
raw/0493__AUPE-WS-0029__trellix_epo.log,AUPE-WS-0029,trellix:epo,trellix:epo,1
raw/0494__AUPE-WS-0029__wsus_client.log,AUPE-WS-0029,wsus:client,wsus:client,2
raw/0495__AUPE-WS-0030__XmlWinEventLog.log,AUPE-WS-0030,XmlWinEventLog:Microsoft-Windows-Sysmon/Operational,XmlWinEventLog,8
raw/0496__AUPE-WS-0030__XmlWinEventLog.log,AUPE-WS-0030,XmlWinEventLog:Security,XmlWinEventLog,3
raw/0497__AUPE-WS-0030__ms_defender_eventhub.log,AUPE-WS-0030,ms:defender:eventhub,ms:defender:eventhub,2
raw/0498__AUPE-WS-0030__wsus_client.log,AUPE-WS-0030,wsus:client,wsus:client,1
raw/0499__AUPE-WS-0031__XmlWinEventLog.log,AUPE-WS-0031,XmlWinEventLog:Microsoft-Windows-Sysmon/Operational,XmlWinEventLog,8
raw/0500__AUPE-WS-0031__XmlWinEventLog.log,AUPE-WS-0031,XmlWinEventLog:Security,XmlWinEventLog,2
raw/0501__AUPE-WS-0032__XmlWinEventLog.log,AUPE-WS-0032,XmlWinEventLog:Microsoft-Windows-Sysmon/Operational,XmlWinEventLog,5
raw/0502__AUPE-WS-0032__XmlWinEventLog.log,AUPE-WS-0032,XmlWinEventLog:Security,XmlWinEventLog,2
raw/0503__AUPE-WS-0033__XmlWinEventLog.log,AUPE-WS-0033,XmlWinEventLog:Microsoft-Windows-Sysmon/Operational,XmlWinEventLog,10
raw/0504__AUPE-WS-0033__XmlWinEventLog.log,AUPE-WS-0033,XmlWinEventLog:Security,XmlWinEventLog,3
raw/0505__AUPE-WS-0033__ms_defender_eventhub.log,AUPE-WS-0033,ms:defender:eventhub,ms:defender:eventhub,2
raw/0506__AUPE-WS-0034__XmlWinEventLog.log,AUPE-WS-0034,XmlWinEventLog:Microsoft-Windows-Sysmon/Operational,XmlWinEventLog,5
raw/0507__AUPE-WS-0034__XmlWinEventLog.log,AUPE-WS-0034,XmlWinEventLog:Security,XmlWinEventLog,7
raw/0508__AUPE-WS-0035__XmlWinEventLog.log,AUPE-WS-0035,XmlWinEventLog:Microsoft-Windows-Sysmon/Operational,XmlWinEventLog,6
raw/0509__AUPE-WS-0035__XmlWinEventLog.log,AUPE-WS-0035,XmlWinEventLog:Security,XmlWinEventLog,2
raw/0510__AUPE-WS-0036__XmlWinEventLog.log,AUPE-WS-0036,XmlWinEventLog:Microsoft-Windows-Sysmon/Operational,XmlWinEventLog,8
raw/0511__AUPE-WS-0036__XmlWinEventLog.log,AUPE-WS-0036,XmlWinEventLog:Security,XmlWinEventLog,5
raw/0512__AUPE-WS-0036__ms_defender_eventhub.log,AUPE-WS-0036,ms:defender:eventhub,ms:defender:eventhub,3
raw/0513__AUPE-WS-0036__trellix_epo.log,AUPE-WS-0036,trellix:epo,trellix:epo,1
raw/0514__AUPE-WS-0037__XmlWinEventLog.log,AUPE-WS-0037,XmlWinEventLog:Microsoft-Windows-Sysmon/Operational,XmlWinEventLog,6
raw/0515__AUPE-WS-0037__XmlWinEventLog.log,AUPE-WS-0037,XmlWinEventLog:Security,XmlWinEventLog,9
raw/0516__AUPE-WS-0037__ms_defender_eventhub.log,AUPE-WS-0037,ms:defender:eventhub,ms:defender:eventhub,4
raw/0517__AUPE-WS-0037__trellix_epo.log,AUPE-WS-0037,trellix:epo,trellix:epo,1
raw/0518__AUPE-WS-0038__XmlWinEventLog.log,AUPE-WS-0038,XmlWinEventLog:Microsoft-Windows-Sysmon/Operational,XmlWinEventLog,4
raw/0519__AUPE-WS-0038__XmlWinEventLog.log,AUPE-WS-0038,XmlWinEventLog:Security,XmlWinEventLog,4
raw/0520__AUPE-WS-0038__ms_defender_eventhub.log,AUPE-WS-0038,ms:defender:eventhub,ms:defender:eventhub,1
raw/0521__AUPE-WS-0039__XmlWinEventLog.log,AUPE-WS-0039,XmlWinEventLog:Microsoft-Windows-Sysmon/Operational,XmlWinEventLog,6
raw/0522__AUPE-WS-0039__XmlWinEventLog.log,AUPE-WS-0039,XmlWinEventLog:Security,XmlWinEventLog,8
raw/0523__AUPE-WS-0039__ms_defender_eventhub.log,AUPE-WS-0039,ms:defender:eventhub,ms:defender:eventhub,1
raw/0524__AUPE-WS-0040__XmlWinEventLog.log,AUPE-WS-0040,XmlWinEventLog:Microsoft-Windows-Sysmon/Operational,XmlWinEventLog,8
raw/0525__AUPE-WS-0040__XmlWinEventLog.log,AUPE-WS-0040,XmlWinEventLog:Security,XmlWinEventLog,5
raw/0526__AUPE-WS-0040__ms_defender_eventhub.log,AUPE-WS-0040,ms:defender:eventhub,ms:defender:eventhub,2
raw/0527__AUPE-WS-0040__sccm_client.log,AUPE-WS-0040,sccm:client,sccm:client,1
raw/0528__AUPE-WS-0041__XmlWinEventLog.log,AUPE-WS-0041,XmlWinEventLog:Microsoft-Windows-Sysmon/Operational,XmlWinEventLog,6
raw/0529__AUPE-WS-0041__XmlWinEventLog.log,AUPE-WS-0041,XmlWinEventLog:Security,XmlWinEventLog,2
raw/0530__AUPE-WS-0042__XmlWinEventLog.log,AUPE-WS-0042,XmlWinEventLog:Microsoft-Windows-Sysmon/Operational,XmlWinEventLog,5
raw/0531__AUPE-WS-0042__XmlWinEventLog.log,AUPE-WS-0042,XmlWinEventLog:Security,XmlWinEventLog,6
raw/0532__AUPE-WS-0042__trellix_epo.log,AUPE-WS-0042,trellix:epo,trellix:epo,1
raw/0533__AUPE-WS-0043__XmlWinEventLog.log,AUPE-WS-0043,XmlWinEventLog:Microsoft-Windows-Sysmon/Operational,XmlWinEventLog,4
raw/0534__AUPE-WS-0043__XmlWinEventLog.log,AUPE-WS-0043,XmlWinEventLog:Security,XmlWinEventLog,5
raw/0535__AUPE-WS-0044__XmlWinEventLog.log,AUPE-WS-0044,XmlWinEventLog:Microsoft-Windows-Sysmon/Operational,XmlWinEventLog,9
raw/0536__AUPE-WS-0044__XmlWinEventLog.log,AUPE-WS-0044,XmlWinEventLog:Security,XmlWinEventLog,4
raw/0537__AUPE-WS-0044__sccm_client.log,AUPE-WS-0044,sccm:client,sccm:client,2
raw/0538__AUPE-WS-0044__trellix_epo.log,AUPE-WS-0044,trellix:epo,trellix:epo,1
raw/0539__AUPE-WS-0044__wsus_client.log,AUPE-WS-0044,wsus:client,wsus:client,1
raw/0540__AUPE-WS-0045__XmlWinEventLog.log,AUPE-WS-0045,XmlWinEventLog:Microsoft-Windows-Sysmon/Operational,XmlWinEventLog,3
raw/0541__AUPE-WS-0045__XmlWinEventLog.log,AUPE-WS-0045,XmlWinEventLog:Security,XmlWinEventLog,4
raw/0542__AUPE-WS-0045__trellix_epo.log,AUPE-WS-0045,trellix:epo,trellix:epo,1
raw/0543__AUPE-WS-0046__XmlWinEventLog.log,AUPE-WS-0046,XmlWinEventLog:Microsoft-Windows-Sysmon/Operational,XmlWinEventLog,2
raw/0544__AUPE-WS-0046__XmlWinEventLog.log,AUPE-WS-0046,XmlWinEventLog:Security,XmlWinEventLog,3
raw/0545__AUPE-WS-0046__ms_defender_eventhub.log,AUPE-WS-0046,ms:defender:eventhub,ms:defender:eventhub,2
raw/0546__AUPE-WS-0047__XmlWinEventLog.log,AUPE-WS-0047,XmlWinEventLog:Microsoft-Windows-Sysmon/Operational,XmlWinEventLog,5
raw/0547__AUPE-WS-0047__XmlWinEventLog.log,AUPE-WS-0047,XmlWinEventLog:Security,XmlWinEventLog,4
raw/0548__AUPE-WS-0047__ms_defender_eventhub.log,AUPE-WS-0047,ms:defender:eventhub,ms:defender:eventhub,1
raw/0549__AUPE-WS-0047__trellix_epo.log,AUPE-WS-0047,trellix:epo,trellix:epo,1
raw/0550__AUPE-WS-0047__wsus_client.log,AUPE-WS-0047,wsus:client,wsus:client,1
raw/0551__AUPE-WS-0048__XmlWinEventLog.log,AUPE-WS-0048,XmlWinEventLog:Microsoft-Windows-Sysmon/Operational,XmlWinEventLog,8
raw/0552__AUPE-WS-0048__XmlWinEventLog.log,AUPE-WS-0048,XmlWinEventLog:Security,XmlWinEventLog,5
raw/0553__AUPE-WS-0048__sccm_client.log,AUPE-WS-0048,sccm:client,sccm:client,1
raw/0554__AUPE-WS-0048__trellix_epo.log,AUPE-WS-0048,trellix:epo,trellix:epo,2
raw/0555__AUPE-WS-0049__XmlWinEventLog.log,AUPE-WS-0049,XmlWinEventLog:Microsoft-Windows-Sysmon/Operational,XmlWinEventLog,9
raw/0556__AUPE-WS-0049__XmlWinEventLog.log,AUPE-WS-0049,XmlWinEventLog:Security,XmlWinEventLog,9
raw/0557__AUPE-WS-0049__trellix_epo.log,AUPE-WS-0049,trellix:epo,trellix:epo,1
raw/0558__AUPE-WS-0050__XmlWinEventLog.log,AUPE-WS-0050,XmlWinEventLog:Microsoft-Windows-Sysmon/Operational,XmlWinEventLog,4
raw/0559__AUPE-WS-0050__XmlWinEventLog.log,AUPE-WS-0050,XmlWinEventLog:Security,XmlWinEventLog,7
raw/0560__AUPE-WS-0050__ms_defender_eventhub.log,AUPE-WS-0050,ms:defender:eventhub,ms:defender:eventhub,1
raw/0561__AUPE-WS-0050__trellix_epo.log,AUPE-WS-0050,trellix:epo,trellix:epo,1
raw/0562__AUPE-WS-0051__XmlWinEventLog.log,AUPE-WS-0051,XmlWinEventLog:Microsoft-Windows-Sysmon/Operational,XmlWinEventLog,3
raw/0563__AUPE-WS-0051__XmlWinEventLog.log,AUPE-WS-0051,XmlWinEventLog:Security,XmlWinEventLog,4
raw/0564__AUPE-WS-0051__ms_defender_eventhub.log,AUPE-WS-0051,ms:defender:eventhub,ms:defender:eventhub,1
raw/0565__AUPE-WS-0051__sccm_client.log,AUPE-WS-0051,sccm:client,sccm:client,1
raw/0566__AUPE-WS-0052__XmlWinEventLog.log,AUPE-WS-0052,XmlWinEventLog:Microsoft-Windows-Sysmon/Operational,XmlWinEventLog,7
raw/0567__AUPE-WS-0052__XmlWinEventLog.log,AUPE-WS-0052,XmlWinEventLog:Security,XmlWinEventLog,3
raw/0568__AUPE-WS-0053__XmlWinEventLog.log,AUPE-WS-0053,XmlWinEventLog:Microsoft-Windows-Sysmon/Operational,XmlWinEventLog,4
raw/0569__AUPE-WS-0053__XmlWinEventLog.log,AUPE-WS-0053,XmlWinEventLog:Security,XmlWinEventLog,2
raw/0570__AUPE-WS-0053__ms_defender_eventhub.log,AUPE-WS-0053,ms:defender:eventhub,ms:defender:eventhub,1
raw/0571__AUPE-WS-0054__XmlWinEventLog.log,AUPE-WS-0054,XmlWinEventLog:Microsoft-Windows-Sysmon/Operational,XmlWinEventLog,5
raw/0572__AUPE-WS-0054__XmlWinEventLog.log,AUPE-WS-0054,XmlWinEventLog:Security,XmlWinEventLog,8
raw/0573__AUPE-WS-0054__ms_defender_eventhub.log,AUPE-WS-0054,ms:defender:eventhub,ms:defender:eventhub,2
raw/0574__AUPE-WS-0055__XmlWinEventLog.log,AUPE-WS-0055,XmlWinEventLog:Microsoft-Windows-Sysmon/Operational,XmlWinEventLog,1
raw/0575__AUPE-WS-0055__XmlWinEventLog.log,AUPE-WS-0055,XmlWinEventLog:Security,XmlWinEventLog,3
raw/0576__AUPE-WS-0056__XmlWinEventLog.log,AUPE-WS-0056,XmlWinEventLog:Microsoft-Windows-Sysmon/Operational,XmlWinEventLog,8
raw/0577__AUPE-WS-0056__XmlWinEventLog.log,AUPE-WS-0056,XmlWinEventLog:Security,XmlWinEventLog,6
raw/0578__AUPE-WS-0057__XmlWinEventLog.log,AUPE-WS-0057,XmlWinEventLog:Microsoft-Windows-Sysmon/Operational,XmlWinEventLog,6
raw/0579__AUPE-WS-0057__XmlWinEventLog.log,AUPE-WS-0057,XmlWinEventLog:Security,XmlWinEventLog,4
raw/0580__AUPE-WS-0057__ms_defender_eventhub.log,AUPE-WS-0057,ms:defender:eventhub,ms:defender:eventhub,1
raw/0581__AUPE-WS-0057__trellix_epo.log,AUPE-WS-0057,trellix:epo,trellix:epo,1
raw/0582__AUPE-WS-0057__wsus_client.log,AUPE-WS-0057,wsus:client,wsus:client,1
raw/0583__AUPE-WS-0058__XmlWinEventLog.log,AUPE-WS-0058,XmlWinEventLog:Microsoft-Windows-Sysmon/Operational,XmlWinEventLog,8
raw/0584__AUPE-WS-0058__XmlWinEventLog.log,AUPE-WS-0058,XmlWinEventLog:Security,XmlWinEventLog,4
raw/0585__AUPE-WS-0058__sccm_client.log,AUPE-WS-0058,sccm:client,sccm:client,1
raw/0586__AUPE-WS-0059__XmlWinEventLog.log,AUPE-WS-0059,XmlWinEventLog:Microsoft-Windows-Sysmon/Operational,XmlWinEventLog,6
raw/0587__AUPE-WS-0059__XmlWinEventLog.log,AUPE-WS-0059,XmlWinEventLog:Security,XmlWinEventLog,4
raw/0588__AUPE-WS-0059__ms_defender_eventhub.log,AUPE-WS-0059,ms:defender:eventhub,ms:defender:eventhub,3
raw/0589__AUPE-WS-0059__sccm_client.log,AUPE-WS-0059,sccm:client,sccm:client,1
raw/0590__AUPE-WS-0060__XmlWinEventLog.log,AUPE-WS-0060,XmlWinEventLog:Microsoft-Windows-Sysmon/Operational,XmlWinEventLog,6
raw/0591__AUPE-WS-0060__XmlWinEventLog.log,AUPE-WS-0060,XmlWinEventLog:Security,XmlWinEventLog,4
raw/0592__AUPE-WS-0060__ms_defender_eventhub.log,AUPE-WS-0060,ms:defender:eventhub,ms:defender:eventhub,1
raw/0593__AUPE-WS-0060__sccm_client.log,AUPE-WS-0060,sccm:client,sccm:client,1
raw/0594__AUPE-WS-0061__XmlWinEventLog.log,AUPE-WS-0061,XmlWinEventLog:Microsoft-Windows-Sysmon/Operational,XmlWinEventLog,10
raw/0595__AUPE-WS-0061__XmlWinEventLog.log,AUPE-WS-0061,XmlWinEventLog:Security,XmlWinEventLog,4
raw/0596__AUPE-WS-0061__sccm_client.log,AUPE-WS-0061,sccm:client,sccm:client,1
raw/0597__AUPE-WS-0062__XmlWinEventLog.log,AUPE-WS-0062,XmlWinEventLog:Microsoft-Windows-Sysmon/Operational,XmlWinEventLog,6
raw/0598__AUPE-WS-0062__XmlWinEventLog.log,AUPE-WS-0062,XmlWinEventLog:Security,XmlWinEventLog,9
raw/0599__AUPE-WS-0062__sccm_client.log,AUPE-WS-0062,sccm:client,sccm:client,1
raw/0600__AUPE-WS-0063__XmlWinEventLog.log,AUPE-WS-0063,XmlWinEventLog:Microsoft-Windows-Sysmon/Operational,XmlWinEventLog,4
raw/0601__AUPE-WS-0063__XmlWinEventLog.log,AUPE-WS-0063,XmlWinEventLog:Security,XmlWinEventLog,2
raw/0602__AUPE-WS-0063__ms_defender_eventhub.log,AUPE-WS-0063,ms:defender:eventhub,ms:defender:eventhub,5
raw/0603__AUPE-WS-0063__trellix_epo.log,AUPE-WS-0063,trellix:epo,trellix:epo,1
raw/0604__AUPE-WS-0063__wsus_client.log,AUPE-WS-0063,wsus:client,wsus:client,1
raw/0605__AUPE-WS-0064__XmlWinEventLog.log,AUPE-WS-0064,XmlWinEventLog:Microsoft-Windows-Sysmon/Operational,XmlWinEventLog,12
raw/0606__AUPE-WS-0064__XmlWinEventLog.log,AUPE-WS-0064,XmlWinEventLog:Security,XmlWinEventLog,1
raw/0607__AUPE-WS-0064__trellix_epo.log,AUPE-WS-0064,trellix:epo,trellix:epo,2
raw/0608__AUPE-ZEEK-01__bro_conn_json.log,AUPE-ZEEK-01,zeek:conn,bro:conn:json,818
raw/0609__AUPE-ZEEK-01__bro_dce_rpc_json.log,AUPE-ZEEK-01,zeek:dce_rpc,bro:dce_rpc:json,83
raw/0610__AUPE-ZEEK-01__bro_dns_json.log,AUPE-ZEEK-01,zeek:dns,bro:dns:json,362
raw/0611__AUPE-ZEEK-01__bro_http_json.log,AUPE-ZEEK-01,zeek:http,bro:http:json,191
raw/0612__AUPE-ZEEK-01__bro_smb_files_json.log,AUPE-ZEEK-01,zeek:smb_files,bro:smb_files:json,81
raw/0613__AUPE-ZEEK-01__bro_ssl_json.log,AUPE-ZEEK-01,zeek:ssl,bro:ssl:json,319
raw/0614__AUSY-APP-01__XmlWinEventLog.log,AUSY-APP-01,XmlWinEventLog:Microsoft-Windows-Sysmon/Operational,XmlWinEventLog,3
raw/0615__AUSY-APP-01__XmlWinEventLog.log,AUSY-APP-01,XmlWinEventLog:Security,XmlWinEventLog,9
raw/0616__AUSY-APP-02__XmlWinEventLog.log,AUSY-APP-02,XmlWinEventLog:Microsoft-Windows-Sysmon/Operational,XmlWinEventLog,5
raw/0617__AUSY-APP-02__XmlWinEventLog.log,AUSY-APP-02,XmlWinEventLog:Security,XmlWinEventLog,5
raw/0618__AUSY-APP-02__ms_defender_eventhub.log,AUSY-APP-02,ms:defender:eventhub,ms:defender:eventhub,2
raw/0619__AUSY-APP-03__XmlWinEventLog.log,AUSY-APP-03,XmlWinEventLog:Microsoft-Windows-Sysmon/Operational,XmlWinEventLog,9
raw/0620__AUSY-APP-03__XmlWinEventLog.log,AUSY-APP-03,XmlWinEventLog:Security,XmlWinEventLog,1
raw/0621__AUSY-APP-03__ms_defender_eventhub.log,AUSY-APP-03,ms:defender:eventhub,ms:defender:eventhub,1
raw/0622__AUSY-APP-04__XmlWinEventLog.log,AUSY-APP-04,XmlWinEventLog:Microsoft-Windows-Sysmon/Operational,XmlWinEventLog,9
raw/0623__AUSY-APP-04__XmlWinEventLog.log,AUSY-APP-04,XmlWinEventLog:Security,XmlWinEventLog,2
raw/0624__AUSY-APP-05__XmlWinEventLog.log,AUSY-APP-05,XmlWinEventLog:Microsoft-Windows-Sysmon/Operational,XmlWinEventLog,3
raw/0625__AUSY-APP-05__XmlWinEventLog.log,AUSY-APP-05,XmlWinEventLog:Security,XmlWinEventLog,5
raw/0626__AUSY-APP-05__ms_defender_eventhub.log,AUSY-APP-05,ms:defender:eventhub,ms:defender:eventhub,2
raw/0627__AUSY-APP-05__trellix_epo.log,AUSY-APP-05,trellix:epo,trellix:epo,1
raw/0628__AUSY-APP-06__XmlWinEventLog.log,AUSY-APP-06,XmlWinEventLog:Microsoft-Windows-Sysmon/Operational,XmlWinEventLog,5
raw/0629__AUSY-APP-06__XmlWinEventLog.log,AUSY-APP-06,XmlWinEventLog:Security,XmlWinEventLog,4
raw/0630__AUSY-APP-06__ms_defender_eventhub.log,AUSY-APP-06,ms:defender:eventhub,ms:defender:eventhub,1
raw/0631__AUSY-APP-06__wsus_client.log,AUSY-APP-06,wsus:client,wsus:client,2
raw/0632__AUSY-APP-07__XmlWinEventLog.log,AUSY-APP-07,XmlWinEventLog:Microsoft-Windows-Sysmon/Operational,XmlWinEventLog,8
raw/0633__AUSY-APP-07__XmlWinEventLog.log,AUSY-APP-07,XmlWinEventLog:Security,XmlWinEventLog,3
raw/0634__AUSY-APP-08__XmlWinEventLog.log,AUSY-APP-08,XmlWinEventLog:Microsoft-Windows-Sysmon/Operational,XmlWinEventLog,6
raw/0635__AUSY-APP-08__XmlWinEventLog.log,AUSY-APP-08,XmlWinEventLog:Security,XmlWinEventLog,7
raw/0636__AUSY-APP-08__wsus_client.log,AUSY-APP-08,wsus:client,wsus:client,1
raw/0637__AUSY-DC-01__XmlWinEventLog.log,AUSY-DC-01,XmlWinEventLog:Security,XmlWinEventLog,122
raw/0638__AUSY-FS-01__XmlWinEventLog.log,AUSY-FS-01,XmlWinEventLog:Microsoft-Windows-Sysmon/Operational,XmlWinEventLog,5
raw/0639__AUSY-FS-01__XmlWinEventLog.log,AUSY-FS-01,XmlWinEventLog:Security,XmlWinEventLog,6
raw/0640__AUSY-FS-02__XmlWinEventLog.log,AUSY-FS-02,XmlWinEventLog:Microsoft-Windows-Sysmon/Operational,XmlWinEventLog,7
raw/0641__AUSY-FS-02__XmlWinEventLog.log,AUSY-FS-02,XmlWinEventLog:Security,XmlWinEventLog,5
raw/0642__AUSY-FS-02__trellix_epo.log,AUSY-FS-02,trellix:epo,trellix:epo,2
raw/0643__AUSY-FS-02__wsus_client.log,AUSY-FS-02,wsus:client,wsus:client,1
raw/0644__AUSY-FS-03__XmlWinEventLog.log,AUSY-FS-03,XmlWinEventLog:Microsoft-Windows-Sysmon/Operational,XmlWinEventLog,3
raw/0645__AUSY-FS-03__XmlWinEventLog.log,AUSY-FS-03,XmlWinEventLog:Security,XmlWinEventLog,2
raw/0646__AUSY-FS-04__XmlWinEventLog.log,AUSY-FS-04,XmlWinEventLog:Microsoft-Windows-Sysmon/Operational,XmlWinEventLog,6
raw/0647__AUSY-FS-04__XmlWinEventLog.log,AUSY-FS-04,XmlWinEventLog:Security,XmlWinEventLog,6
raw/0648__AUSY-FS-04__trellix_epo.log,AUSY-FS-04,trellix:epo,trellix:epo,1
raw/0649__AUSY-FW-01__pan_traffic.log,AUSY-FW-01,pan:traffic,pan:traffic,80
raw/0650__AUSY-FW-02__fortigate_traffic.log,AUSY-FW-02,fortigate_traffic,fortigate_traffic,91
raw/0651__AUSY-FW-03__cisco_asa.log,AUSY-FW-03,cisco:asa,cisco:asa,89
raw/0652__AUSY-JUMP-01__XmlWinEventLog.log,AUSY-JUMP-01,XmlWinEventLog:Microsoft-Windows-Sysmon/Operational,XmlWinEventLog,5
raw/0653__AUSY-JUMP-01__XmlWinEventLog.log,AUSY-JUMP-01,XmlWinEventLog:Security,XmlWinEventLog,11
raw/0654__AUSY-JUMP-01__sccm_client.log,AUSY-JUMP-01,sccm:client,sccm:client,1
raw/0655__AUSY-JUMP-02__XmlWinEventLog.log,AUSY-JUMP-02,XmlWinEventLog:Microsoft-Windows-Sysmon/Operational,XmlWinEventLog,7
raw/0656__AUSY-JUMP-02__XmlWinEventLog.log,AUSY-JUMP-02,XmlWinEventLog:Security,XmlWinEventLog,7
raw/0657__AUSY-JUMP-02__ms_defender_eventhub.log,AUSY-JUMP-02,ms:defender:eventhub,ms:defender:eventhub,2
raw/0658__AUSY-JUMP-03__XmlWinEventLog.log,AUSY-JUMP-03,XmlWinEventLog:Microsoft-Windows-Sysmon/Operational,XmlWinEventLog,9
raw/0659__AUSY-JUMP-03__XmlWinEventLog.log,AUSY-JUMP-03,XmlWinEventLog:Security,XmlWinEventLog,1
raw/0660__AUSY-JUMP-03__sccm_client.log,AUSY-JUMP-03,sccm:client,sccm:client,1
raw/0661__AUSY-JUMP-03__trellix_epo.log,AUSY-JUMP-03,trellix:epo,trellix:epo,1
raw/0662__AUSY-JUMP-03__wsus_client.log,AUSY-JUMP-03,wsus:client,wsus:client,1
raw/0663__AUSY-LNX-01__linux_audit.log,AUSY-LNX-01,/var/log/audit/audit.log,linux_audit,95
raw/0664__AUSY-LNX-01__linux_secure.log,AUSY-LNX-01,/var/log/secure,linux_secure,18
raw/0665__AUSY-LNX-01__syslog.log,AUSY-LNX-01,/var/log/syslog,syslog,24
raw/0666__AUSY-LNX-02__linux_audit.log,AUSY-LNX-02,/var/log/audit/audit.log,linux_audit,99
raw/0667__AUSY-LNX-02__linux_secure.log,AUSY-LNX-02,/var/log/secure,linux_secure,12
raw/0668__AUSY-LNX-02__syslog.log,AUSY-LNX-02,/var/log/syslog,syslog,22
raw/0669__AUSY-LNX-02__ms_defender_eventhub.log,AUSY-LNX-02,ms:defender:eventhub,ms:defender:eventhub,1
raw/0670__AUSY-LNX-03__linux_audit.log,AUSY-LNX-03,/var/log/audit/audit.log,linux_audit,79
raw/0671__AUSY-LNX-03__linux_secure.log,AUSY-LNX-03,/var/log/secure,linux_secure,13
raw/0672__AUSY-LNX-03__syslog.log,AUSY-LNX-03,/var/log/syslog,syslog,22
raw/0673__AUSY-LNX-04__linux_audit.log,AUSY-LNX-04,/var/log/audit/audit.log,linux_audit,94
raw/0674__AUSY-LNX-04__linux_secure.log,AUSY-LNX-04,/var/log/secure,linux_secure,5
raw/0675__AUSY-LNX-04__syslog.log,AUSY-LNX-04,/var/log/syslog,syslog,17
raw/0676__AUSY-LNX-04__ms_defender_eventhub.log,AUSY-LNX-04,ms:defender:eventhub,ms:defender:eventhub,1
raw/0677__AUSY-LNX-04__trellix_epo.log,AUSY-LNX-04,trellix:epo,trellix:epo,1
raw/0678__AUSY-LNX-05__linux_audit.log,AUSY-LNX-05,/var/log/audit/audit.log,linux_audit,109
raw/0679__AUSY-LNX-05__linux_secure.log,AUSY-LNX-05,/var/log/secure,linux_secure,15
raw/0680__AUSY-LNX-05__syslog.log,AUSY-LNX-05,/var/log/syslog,syslog,24
raw/0681__AUSY-LNX-06__linux_audit.log,AUSY-LNX-06,/var/log/audit/audit.log,linux_audit,81
raw/0682__AUSY-LNX-06__linux_secure.log,AUSY-LNX-06,/var/log/secure,linux_secure,17
raw/0683__AUSY-LNX-06__syslog.log,AUSY-LNX-06,/var/log/syslog,syslog,27
raw/0684__AUSY-LNX-06__trellix_epo.log,AUSY-LNX-06,trellix:epo,trellix:epo,1
raw/0685__AUSY-LNX-07__linux_audit.log,AUSY-LNX-07,/var/log/audit/audit.log,linux_audit,90
raw/0686__AUSY-LNX-07__linux_secure.log,AUSY-LNX-07,/var/log/secure,linux_secure,14
raw/0687__AUSY-LNX-07__syslog.log,AUSY-LNX-07,/var/log/syslog,syslog,25
raw/0688__AUSY-LNX-07__ms_defender_eventhub.log,AUSY-LNX-07,ms:defender:eventhub,ms:defender:eventhub,1
raw/0689__AUSY-LNX-07__trellix_epo.log,AUSY-LNX-07,trellix:epo,trellix:epo,1
raw/0690__AUSY-LNX-08__linux_audit.log,AUSY-LNX-08,/var/log/audit/audit.log,linux_audit,84
raw/0691__AUSY-LNX-08__linux_secure.log,AUSY-LNX-08,/var/log/secure,linux_secure,9
raw/0692__AUSY-LNX-08__syslog.log,AUSY-LNX-08,/var/log/syslog,syslog,26
raw/0693__AUSY-LNX-08__trellix_epo.log,AUSY-LNX-08,trellix:epo,trellix:epo,1
raw/0694__AUSY-PACS-01__pacs_access.log,AUSY-PACS-01,pacs:access,pacs:access,94
raw/0695__AUSY-PAW-01__XmlWinEventLog.log,AUSY-PAW-01,XmlWinEventLog:Microsoft-Windows-Sysmon/Operational,XmlWinEventLog,7
raw/0696__AUSY-PAW-01__XmlWinEventLog.log,AUSY-PAW-01,XmlWinEventLog:Security,XmlWinEventLog,5
raw/0697__AUSY-PAW-01__ms_defender_eventhub.log,AUSY-PAW-01,ms:defender:eventhub,ms:defender:eventhub,1
raw/0698__AUSY-PAW-01__wsus_client.log,AUSY-PAW-01,wsus:client,wsus:client,1
raw/0699__AUSY-PAW-02__XmlWinEventLog.log,AUSY-PAW-02,XmlWinEventLog:Microsoft-Windows-Sysmon/Operational,XmlWinEventLog,7
raw/0700__AUSY-PAW-02__XmlWinEventLog.log,AUSY-PAW-02,XmlWinEventLog:Security,XmlWinEventLog,7
raw/0701__AUSY-PAW-02__ms_defender_eventhub.log,AUSY-PAW-02,ms:defender:eventhub,ms:defender:eventhub,1
raw/0702__AUSY-PAW-02__trellix_epo.log,AUSY-PAW-02,trellix:epo,trellix:epo,1
raw/0703__AUSY-PAW-03__XmlWinEventLog.log,AUSY-PAW-03,XmlWinEventLog:Microsoft-Windows-Sysmon/Operational,XmlWinEventLog,6
raw/0704__AUSY-PAW-03__XmlWinEventLog.log,AUSY-PAW-03,XmlWinEventLog:Security,XmlWinEventLog,3
raw/0705__AUSY-PAW-03__wsus_client.log,AUSY-PAW-03,wsus:client,wsus:client,1
raw/0706__AUSY-PAW-04__XmlWinEventLog.log,AUSY-PAW-04,XmlWinEventLog:Microsoft-Windows-Sysmon/Operational,XmlWinEventLog,5
raw/0707__AUSY-PAW-04__XmlWinEventLog.log,AUSY-PAW-04,XmlWinEventLog:Security,XmlWinEventLog,4
raw/0708__AUSY-PAW-04__ms_defender_eventhub.log,AUSY-PAW-04,ms:defender:eventhub,ms:defender:eventhub,1
raw/0709__AUSY-PAW-05__XmlWinEventLog.log,AUSY-PAW-05,XmlWinEventLog:Microsoft-Windows-Sysmon/Operational,XmlWinEventLog,8
raw/0710__AUSY-PAW-05__XmlWinEventLog.log,AUSY-PAW-05,XmlWinEventLog:Security,XmlWinEventLog,2
raw/0711__AUSY-PAW-05__sccm_client.log,AUSY-PAW-05,sccm:client,sccm:client,1
raw/0712__AUSY-PAW-05__trellix_epo.log,AUSY-PAW-05,trellix:epo,trellix:epo,1
raw/0713__AUSY-PAW-06__XmlWinEventLog.log,AUSY-PAW-06,XmlWinEventLog:Microsoft-Windows-Sysmon/Operational,XmlWinEventLog,4
raw/0714__AUSY-PAW-06__XmlWinEventLog.log,AUSY-PAW-06,XmlWinEventLog:Security,XmlWinEventLog,5
raw/0715__AUSY-RTR-01__cisco_ios.log,AUSY-RTR-01,cisco:ios,cisco:ios,34
raw/0716__AUSY-RTR-02__juniper.log,AUSY-RTR-02,juniper,juniper,22
raw/0717__AUSY-RTR-02__juniper_junos_firewall.log,AUSY-RTR-02,juniper:junos:firewall,juniper:junos:firewall,14
raw/0718__AUSY-VDI-01__XmlWinEventLog.log,AUSY-VDI-01,XmlWinEventLog:Microsoft-Windows-Sysmon/Operational,XmlWinEventLog,3
raw/0719__AUSY-VDI-01__XmlWinEventLog.log,AUSY-VDI-01,XmlWinEventLog:Security,XmlWinEventLog,4
raw/0720__AUSY-VDI-01__sccm_client.log,AUSY-VDI-01,sccm:client,sccm:client,2
raw/0721__AUSY-VDI-02__XmlWinEventLog.log,AUSY-VDI-02,XmlWinEventLog:Microsoft-Windows-Sysmon/Operational,XmlWinEventLog,6
raw/0722__AUSY-VDI-02__XmlWinEventLog.log,AUSY-VDI-02,XmlWinEventLog:Security,XmlWinEventLog,8
raw/0723__AUSY-VDI-02__ms_defender_eventhub.log,AUSY-VDI-02,ms:defender:eventhub,ms:defender:eventhub,3
raw/0724__AUSY-VDI-02__sccm_client.log,AUSY-VDI-02,sccm:client,sccm:client,1
raw/0725__AUSY-VDI-03__XmlWinEventLog.log,AUSY-VDI-03,XmlWinEventLog:Microsoft-Windows-Sysmon/Operational,XmlWinEventLog,3
raw/0726__AUSY-VDI-03__XmlWinEventLog.log,AUSY-VDI-03,XmlWinEventLog:Security,XmlWinEventLog,5
raw/0727__AUSY-VDI-03__ms_defender_eventhub.log,AUSY-VDI-03,ms:defender:eventhub,ms:defender:eventhub,1
raw/0728__AUSY-WS-0001__XmlWinEventLog.log,AUSY-WS-0001,XmlWinEventLog:Microsoft-Windows-Sysmon/Operational,XmlWinEventLog,10
raw/0729__AUSY-WS-0001__XmlWinEventLog.log,AUSY-WS-0001,XmlWinEventLog:Security,XmlWinEventLog,6
raw/0730__AUSY-WS-0001__ms_defender_eventhub.log,AUSY-WS-0001,ms:defender:eventhub,ms:defender:eventhub,1
raw/0731__AUSY-WS-0002__XmlWinEventLog.log,AUSY-WS-0002,XmlWinEventLog:Microsoft-Windows-Sysmon/Operational,XmlWinEventLog,8
raw/0732__AUSY-WS-0002__XmlWinEventLog.log,AUSY-WS-0002,XmlWinEventLog:Security,XmlWinEventLog,11
raw/0733__AUSY-WS-0002__ms_defender_eventhub.log,AUSY-WS-0002,ms:defender:eventhub,ms:defender:eventhub,2
raw/0734__AUSY-WS-0002__trellix_epo.log,AUSY-WS-0002,trellix:epo,trellix:epo,1
raw/0735__AUSY-WS-0002__wsus_client.log,AUSY-WS-0002,wsus:client,wsus:client,1
raw/0736__AUSY-WS-0003__XmlWinEventLog.log,AUSY-WS-0003,XmlWinEventLog:Microsoft-Windows-Sysmon/Operational,XmlWinEventLog,12
raw/0737__AUSY-WS-0003__XmlWinEventLog.log,AUSY-WS-0003,XmlWinEventLog:Security,XmlWinEventLog,7
raw/0738__AUSY-WS-0004__XmlWinEventLog.log,AUSY-WS-0004,XmlWinEventLog:Microsoft-Windows-Sysmon/Operational,XmlWinEventLog,9
raw/0739__AUSY-WS-0004__XmlWinEventLog.log,AUSY-WS-0004,XmlWinEventLog:Security,XmlWinEventLog,6
raw/0740__AUSY-WS-0005__XmlWinEventLog.log,AUSY-WS-0005,XmlWinEventLog:Microsoft-Windows-Sysmon/Operational,XmlWinEventLog,9
raw/0741__AUSY-WS-0005__XmlWinEventLog.log,AUSY-WS-0005,XmlWinEventLog:Security,XmlWinEventLog,5
raw/0742__AUSY-WS-0005__wsus_client.log,AUSY-WS-0005,wsus:client,wsus:client,1
raw/0743__AUSY-WS-0006__XmlWinEventLog.log,AUSY-WS-0006,XmlWinEventLog:Microsoft-Windows-Sysmon/Operational,XmlWinEventLog,4
raw/0744__AUSY-WS-0006__XmlWinEventLog.log,AUSY-WS-0006,XmlWinEventLog:Security,XmlWinEventLog,6
raw/0745__AUSY-WS-0006__ms_defender_eventhub.log,AUSY-WS-0006,ms:defender:eventhub,ms:defender:eventhub,1
raw/0746__AUSY-WS-0007__XmlWinEventLog.log,AUSY-WS-0007,XmlWinEventLog:Microsoft-Windows-Sysmon/Operational,XmlWinEventLog,6
raw/0747__AUSY-WS-0007__XmlWinEventLog.log,AUSY-WS-0007,XmlWinEventLog:Security,XmlWinEventLog,6
raw/0748__AUSY-WS-0008__XmlWinEventLog.log,AUSY-WS-0008,XmlWinEventLog:Microsoft-Windows-Sysmon/Operational,XmlWinEventLog,8
raw/0749__AUSY-WS-0008__XmlWinEventLog.log,AUSY-WS-0008,XmlWinEventLog:Security,XmlWinEventLog,4
raw/0750__AUSY-WS-0008__ms_defender_eventhub.log,AUSY-WS-0008,ms:defender:eventhub,ms:defender:eventhub,1
raw/0751__AUSY-WS-0009__XmlWinEventLog.log,AUSY-WS-0009,XmlWinEventLog:Microsoft-Windows-Sysmon/Operational,XmlWinEventLog,8
raw/0752__AUSY-WS-0009__XmlWinEventLog.log,AUSY-WS-0009,XmlWinEventLog:Security,XmlWinEventLog,7
raw/0753__AUSY-WS-0010__XmlWinEventLog.log,AUSY-WS-0010,XmlWinEventLog:Microsoft-Windows-Sysmon/Operational,XmlWinEventLog,7
raw/0754__AUSY-WS-0010__XmlWinEventLog.log,AUSY-WS-0010,XmlWinEventLog:Security,XmlWinEventLog,9
raw/0755__AUSY-WS-0011__XmlWinEventLog.log,AUSY-WS-0011,XmlWinEventLog:Microsoft-Windows-Sysmon/Operational,XmlWinEventLog,6
raw/0756__AUSY-WS-0011__XmlWinEventLog.log,AUSY-WS-0011,XmlWinEventLog:Security,XmlWinEventLog,11
raw/0757__AUSY-WS-0012__XmlWinEventLog.log,AUSY-WS-0012,XmlWinEventLog:Microsoft-Windows-Sysmon/Operational,XmlWinEventLog,8
raw/0758__AUSY-WS-0012__XmlWinEventLog.log,AUSY-WS-0012,XmlWinEventLog:Security,XmlWinEventLog,8
raw/0759__AUSY-WS-0012__ms_defender_eventhub.log,AUSY-WS-0012,ms:defender:eventhub,ms:defender:eventhub,1
raw/0760__AUSY-WS-0013__XmlWinEventLog.log,AUSY-WS-0013,XmlWinEventLog:Microsoft-Windows-Sysmon/Operational,XmlWinEventLog,9
raw/0761__AUSY-WS-0013__XmlWinEventLog.log,AUSY-WS-0013,XmlWinEventLog:Security,XmlWinEventLog,8
raw/0762__AUSY-WS-0013__wsus_client.log,AUSY-WS-0013,wsus:client,wsus:client,1
raw/0763__AUSY-WS-0014__XmlWinEventLog.log,AUSY-WS-0014,XmlWinEventLog:Microsoft-Windows-Sysmon/Operational,XmlWinEventLog,7
raw/0764__AUSY-WS-0014__XmlWinEventLog.log,AUSY-WS-0014,XmlWinEventLog:Security,XmlWinEventLog,8
raw/0765__AUSY-WS-0015__XmlWinEventLog.log,AUSY-WS-0015,XmlWinEventLog:Microsoft-Windows-Sysmon/Operational,XmlWinEventLog,5
raw/0766__AUSY-WS-0015__XmlWinEventLog.log,AUSY-WS-0015,XmlWinEventLog:Security,XmlWinEventLog,11
raw/0767__AUSY-WS-0015__sccm_client.log,AUSY-WS-0015,sccm:client,sccm:client,1
raw/0768__AUSY-WS-0016__XmlWinEventLog.log,AUSY-WS-0016,XmlWinEventLog:Microsoft-Windows-Sysmon/Operational,XmlWinEventLog,9
raw/0769__AUSY-WS-0016__XmlWinEventLog.log,AUSY-WS-0016,XmlWinEventLog:Security,XmlWinEventLog,5
raw/0770__AUSY-WS-0016__ms_defender_eventhub.log,AUSY-WS-0016,ms:defender:eventhub,ms:defender:eventhub,1
raw/0771__AUSY-WS-0016__trellix_epo.log,AUSY-WS-0016,trellix:epo,trellix:epo,1
raw/0772__AUSY-WS-0016__wsus_client.log,AUSY-WS-0016,wsus:client,wsus:client,1
raw/0773__AUSY-WS-0017__XmlWinEventLog.log,AUSY-WS-0017,XmlWinEventLog:Microsoft-Windows-Sysmon/Operational,XmlWinEventLog,4
raw/0774__AUSY-WS-0017__XmlWinEventLog.log,AUSY-WS-0017,XmlWinEventLog:Security,XmlWinEventLog,4
raw/0775__AUSY-WS-0017__ms_defender_eventhub.log,AUSY-WS-0017,ms:defender:eventhub,ms:defender:eventhub,2
raw/0776__AUSY-WS-0018__XmlWinEventLog.log,AUSY-WS-0018,XmlWinEventLog:Microsoft-Windows-Sysmon/Operational,XmlWinEventLog,9
raw/0777__AUSY-WS-0018__XmlWinEventLog.log,AUSY-WS-0018,XmlWinEventLog:Security,XmlWinEventLog,8
raw/0778__AUSY-WS-0018__ms_defender_eventhub.log,AUSY-WS-0018,ms:defender:eventhub,ms:defender:eventhub,1
raw/0779__AUSY-WS-0018__trellix_epo.log,AUSY-WS-0018,trellix:epo,trellix:epo,1
raw/0780__AUSY-WS-0019__XmlWinEventLog.log,AUSY-WS-0019,XmlWinEventLog:Microsoft-Windows-Sysmon/Operational,XmlWinEventLog,8
raw/0781__AUSY-WS-0019__XmlWinEventLog.log,AUSY-WS-0019,XmlWinEventLog:Security,XmlWinEventLog,8
raw/0782__AUSY-WS-0020__XmlWinEventLog.log,AUSY-WS-0020,XmlWinEventLog:Microsoft-Windows-Sysmon/Operational,XmlWinEventLog,9
raw/0783__AUSY-WS-0020__XmlWinEventLog.log,AUSY-WS-0020,XmlWinEventLog:Security,XmlWinEventLog,6
raw/0784__AUSY-WS-0020__ms_defender_eventhub.log,AUSY-WS-0020,ms:defender:eventhub,ms:defender:eventhub,1
raw/0785__AUSY-WS-0020__sccm_client.log,AUSY-WS-0020,sccm:client,sccm:client,1
raw/0786__AUSY-WS-0021__XmlWinEventLog.log,AUSY-WS-0021,XmlWinEventLog:Microsoft-Windows-Sysmon/Operational,XmlWinEventLog,7
raw/0787__AUSY-WS-0021__XmlWinEventLog.log,AUSY-WS-0021,XmlWinEventLog:Security,XmlWinEventLog,11
raw/0788__AUSY-WS-0021__ms_defender_eventhub.log,AUSY-WS-0021,ms:defender:eventhub,ms:defender:eventhub,1
raw/0789__AUSY-WS-0022__XmlWinEventLog.log,AUSY-WS-0022,XmlWinEventLog:Microsoft-Windows-Sysmon/Operational,XmlWinEventLog,8
raw/0790__AUSY-WS-0022__XmlWinEventLog.log,AUSY-WS-0022,XmlWinEventLog:Security,XmlWinEventLog,8
raw/0791__AUSY-WS-0022__ms_defender_eventhub.log,AUSY-WS-0022,ms:defender:eventhub,ms:defender:eventhub,1
raw/0792__AUSY-WS-0023__XmlWinEventLog.log,AUSY-WS-0023,XmlWinEventLog:Microsoft-Windows-Sysmon/Operational,XmlWinEventLog,8
raw/0793__AUSY-WS-0023__XmlWinEventLog.log,AUSY-WS-0023,XmlWinEventLog:Security,XmlWinEventLog,10
raw/0794__AUSY-WS-0023__ms_defender_eventhub.log,AUSY-WS-0023,ms:defender:eventhub,ms:defender:eventhub,1
raw/0795__AUSY-WS-0023__sccm_client.log,AUSY-WS-0023,sccm:client,sccm:client,1
raw/0796__AUSY-WS-0024__XmlWinEventLog.log,AUSY-WS-0024,XmlWinEventLog:Microsoft-Windows-Sysmon/Operational,XmlWinEventLog,4
raw/0797__AUSY-WS-0024__XmlWinEventLog.log,AUSY-WS-0024,XmlWinEventLog:Security,XmlWinEventLog,12
raw/0798__AUSY-WS-0024__sccm_client.log,AUSY-WS-0024,sccm:client,sccm:client,1
raw/0799__AUSY-WS-0024__trellix_epo.log,AUSY-WS-0024,trellix:epo,trellix:epo,1
raw/0800__AUSY-WS-0025__XmlWinEventLog.log,AUSY-WS-0025,XmlWinEventLog:Microsoft-Windows-Sysmon/Operational,XmlWinEventLog,5
raw/0801__AUSY-WS-0025__XmlWinEventLog.log,AUSY-WS-0025,XmlWinEventLog:Security,XmlWinEventLog,2
raw/0802__AUSY-WS-0026__XmlWinEventLog.log,AUSY-WS-0026,XmlWinEventLog:Microsoft-Windows-Sysmon/Operational,XmlWinEventLog,2
raw/0803__AUSY-WS-0026__XmlWinEventLog.log,AUSY-WS-0026,XmlWinEventLog:Security,XmlWinEventLog,3
raw/0804__AUSY-WS-0026__wsus_client.log,AUSY-WS-0026,wsus:client,wsus:client,1
raw/0805__AUSY-WS-0027__XmlWinEventLog.log,AUSY-WS-0027,XmlWinEventLog:Microsoft-Windows-Sysmon/Operational,XmlWinEventLog,2
raw/0806__AUSY-WS-0027__XmlWinEventLog.log,AUSY-WS-0027,XmlWinEventLog:Security,XmlWinEventLog,6
raw/0807__AUSY-WS-0027__ms_defender_eventhub.log,AUSY-WS-0027,ms:defender:eventhub,ms:defender:eventhub,1
raw/0808__AUSY-WS-0028__XmlWinEventLog.log,AUSY-WS-0028,XmlWinEventLog:Microsoft-Windows-Sysmon/Operational,XmlWinEventLog,8
raw/0809__AUSY-WS-0028__XmlWinEventLog.log,AUSY-WS-0028,XmlWinEventLog:Security,XmlWinEventLog,4
raw/0810__AUSY-WS-0028__sccm_client.log,AUSY-WS-0028,sccm:client,sccm:client,1
raw/0811__AUSY-WS-0029__XmlWinEventLog.log,AUSY-WS-0029,XmlWinEventLog:Microsoft-Windows-Sysmon/Operational,XmlWinEventLog,6
raw/0812__AUSY-WS-0029__XmlWinEventLog.log,AUSY-WS-0029,XmlWinEventLog:Security,XmlWinEventLog,7
raw/0813__AUSY-WS-0030__XmlWinEventLog.log,AUSY-WS-0030,XmlWinEventLog:Microsoft-Windows-Sysmon/Operational,XmlWinEventLog,8
raw/0814__AUSY-WS-0030__XmlWinEventLog.log,AUSY-WS-0030,XmlWinEventLog:Security,XmlWinEventLog,3
raw/0815__AUSY-WS-0030__ms_defender_eventhub.log,AUSY-WS-0030,ms:defender:eventhub,ms:defender:eventhub,1
raw/0816__AUSY-WS-0031__XmlWinEventLog.log,AUSY-WS-0031,XmlWinEventLog:Microsoft-Windows-Sysmon/Operational,XmlWinEventLog,3
raw/0817__AUSY-WS-0031__XmlWinEventLog.log,AUSY-WS-0031,XmlWinEventLog:Security,XmlWinEventLog,6
raw/0818__AUSY-WS-0031__trellix_epo.log,AUSY-WS-0031,trellix:epo,trellix:epo,1
raw/0819__AUSY-WS-0032__XmlWinEventLog.log,AUSY-WS-0032,XmlWinEventLog:Microsoft-Windows-Sysmon/Operational,XmlWinEventLog,7
raw/0820__AUSY-WS-0032__XmlWinEventLog.log,AUSY-WS-0032,XmlWinEventLog:Security,XmlWinEventLog,1
raw/0821__AUSY-WS-0032__ms_defender_eventhub.log,AUSY-WS-0032,ms:defender:eventhub,ms:defender:eventhub,2
raw/0822__AUSY-WS-0033__XmlWinEventLog.log,AUSY-WS-0033,XmlWinEventLog:Microsoft-Windows-Sysmon/Operational,XmlWinEventLog,6
raw/0823__AUSY-WS-0033__XmlWinEventLog.log,AUSY-WS-0033,XmlWinEventLog:Security,XmlWinEventLog,7
raw/0824__AUSY-WS-0033__ms_defender_eventhub.log,AUSY-WS-0033,ms:defender:eventhub,ms:defender:eventhub,4
raw/0825__AUSY-WS-0034__XmlWinEventLog.log,AUSY-WS-0034,XmlWinEventLog:Microsoft-Windows-Sysmon/Operational,XmlWinEventLog,2
raw/0826__AUSY-WS-0034__XmlWinEventLog.log,AUSY-WS-0034,XmlWinEventLog:Security,XmlWinEventLog,5
raw/0827__AUSY-WS-0034__ms_defender_eventhub.log,AUSY-WS-0034,ms:defender:eventhub,ms:defender:eventhub,3
raw/0828__AUSY-WS-0035__XmlWinEventLog.log,AUSY-WS-0035,XmlWinEventLog:Microsoft-Windows-Sysmon/Operational,XmlWinEventLog,7
raw/0829__AUSY-WS-0035__XmlWinEventLog.log,AUSY-WS-0035,XmlWinEventLog:Security,XmlWinEventLog,9
raw/0830__AUSY-WS-0035__ms_defender_eventhub.log,AUSY-WS-0035,ms:defender:eventhub,ms:defender:eventhub,3
raw/0831__AUSY-WS-0036__XmlWinEventLog.log,AUSY-WS-0036,XmlWinEventLog:Microsoft-Windows-Sysmon/Operational,XmlWinEventLog,9
raw/0832__AUSY-WS-0036__XmlWinEventLog.log,AUSY-WS-0036,XmlWinEventLog:Security,XmlWinEventLog,7
raw/0833__AUSY-WS-0036__ms_defender_eventhub.log,AUSY-WS-0036,ms:defender:eventhub,ms:defender:eventhub,1
raw/0834__AUSY-WS-0036__trellix_epo.log,AUSY-WS-0036,trellix:epo,trellix:epo,1
raw/0835__AUSY-WS-0036__wsus_client.log,AUSY-WS-0036,wsus:client,wsus:client,1
raw/0836__AUSY-WS-0037__XmlWinEventLog.log,AUSY-WS-0037,XmlWinEventLog:Microsoft-Windows-Sysmon/Operational,XmlWinEventLog,11
raw/0837__AUSY-WS-0037__XmlWinEventLog.log,AUSY-WS-0037,XmlWinEventLog:Security,XmlWinEventLog,8
raw/0838__AUSY-WS-0038__XmlWinEventLog.log,AUSY-WS-0038,XmlWinEventLog:Microsoft-Windows-Sysmon/Operational,XmlWinEventLog,7
raw/0839__AUSY-WS-0038__XmlWinEventLog.log,AUSY-WS-0038,XmlWinEventLog:Security,XmlWinEventLog,8
raw/0840__AUSY-WS-0038__ms_defender_eventhub.log,AUSY-WS-0038,ms:defender:eventhub,ms:defender:eventhub,1
raw/0841__AUSY-WS-0039__XmlWinEventLog.log,AUSY-WS-0039,XmlWinEventLog:Microsoft-Windows-Sysmon/Operational,XmlWinEventLog,7
raw/0842__AUSY-WS-0039__XmlWinEventLog.log,AUSY-WS-0039,XmlWinEventLog:Security,XmlWinEventLog,4
raw/0843__AUSY-WS-0039__ms_defender_eventhub.log,AUSY-WS-0039,ms:defender:eventhub,ms:defender:eventhub,1
raw/0844__AUSY-WS-0040__XmlWinEventLog.log,AUSY-WS-0040,XmlWinEventLog:Microsoft-Windows-Sysmon/Operational,XmlWinEventLog,6
raw/0845__AUSY-WS-0040__XmlWinEventLog.log,AUSY-WS-0040,XmlWinEventLog:Security,XmlWinEventLog,3
raw/0846__AUSY-WS-0040__trellix_epo.log,AUSY-WS-0040,trellix:epo,trellix:epo,1
raw/0847__AUSY-WS-0041__XmlWinEventLog.log,AUSY-WS-0041,XmlWinEventLog:Microsoft-Windows-Sysmon/Operational,XmlWinEventLog,2
raw/0848__AUSY-WS-0041__XmlWinEventLog.log,AUSY-WS-0041,XmlWinEventLog:Security,XmlWinEventLog,4
raw/0849__AUSY-WS-0041__ms_defender_eventhub.log,AUSY-WS-0041,ms:defender:eventhub,ms:defender:eventhub,3
raw/0850__AUSY-WS-0042__XmlWinEventLog.log,AUSY-WS-0042,XmlWinEventLog:Microsoft-Windows-Sysmon/Operational,XmlWinEventLog,2
raw/0851__AUSY-WS-0042__XmlWinEventLog.log,AUSY-WS-0042,XmlWinEventLog:Security,XmlWinEventLog,4
raw/0852__AUSY-WS-0042__ms_defender_eventhub.log,AUSY-WS-0042,ms:defender:eventhub,ms:defender:eventhub,1
raw/0853__AUSY-WS-0043__XmlWinEventLog.log,AUSY-WS-0043,XmlWinEventLog:Microsoft-Windows-Sysmon/Operational,XmlWinEventLog,8
raw/0854__AUSY-WS-0043__XmlWinEventLog.log,AUSY-WS-0043,XmlWinEventLog:Security,XmlWinEventLog,2
raw/0855__AUSY-WS-0043__ms_defender_eventhub.log,AUSY-WS-0043,ms:defender:eventhub,ms:defender:eventhub,1
raw/0856__AUSY-WS-0044__XmlWinEventLog.log,AUSY-WS-0044,XmlWinEventLog:Microsoft-Windows-Sysmon/Operational,XmlWinEventLog,3
raw/0857__AUSY-WS-0044__XmlWinEventLog.log,AUSY-WS-0044,XmlWinEventLog:Security,XmlWinEventLog,7
raw/0858__AUSY-WS-0044__ms_defender_eventhub.log,AUSY-WS-0044,ms:defender:eventhub,ms:defender:eventhub,1
raw/0859__AUSY-WS-0044__trellix_epo.log,AUSY-WS-0044,trellix:epo,trellix:epo,1
raw/0860__AUSY-WS-0045__XmlWinEventLog.log,AUSY-WS-0045,XmlWinEventLog:Microsoft-Windows-Sysmon/Operational,XmlWinEventLog,1
raw/0861__AUSY-WS-0045__XmlWinEventLog.log,AUSY-WS-0045,XmlWinEventLog:Security,XmlWinEventLog,1
raw/0862__AUSY-WS-0046__XmlWinEventLog.log,AUSY-WS-0046,XmlWinEventLog:Microsoft-Windows-Sysmon/Operational,XmlWinEventLog,5
raw/0863__AUSY-WS-0046__XmlWinEventLog.log,AUSY-WS-0046,XmlWinEventLog:Security,XmlWinEventLog,6
raw/0864__AUSY-WS-0047__XmlWinEventLog.log,AUSY-WS-0047,XmlWinEventLog:Microsoft-Windows-Sysmon/Operational,XmlWinEventLog,1
raw/0865__AUSY-WS-0047__XmlWinEventLog.log,AUSY-WS-0047,XmlWinEventLog:Security,XmlWinEventLog,6
raw/0866__AUSY-WS-0047__ms_defender_eventhub.log,AUSY-WS-0047,ms:defender:eventhub,ms:defender:eventhub,2
raw/0867__AUSY-WS-0048__XmlWinEventLog.log,AUSY-WS-0048,XmlWinEventLog:Microsoft-Windows-Sysmon/Operational,XmlWinEventLog,5
raw/0868__AUSY-WS-0048__XmlWinEventLog.log,AUSY-WS-0048,XmlWinEventLog:Security,XmlWinEventLog,2
raw/0869__AUSY-WS-0048__wsus_client.log,AUSY-WS-0048,wsus:client,wsus:client,1
raw/0870__AUSY-WS-0049__XmlWinEventLog.log,AUSY-WS-0049,XmlWinEventLog:Microsoft-Windows-Sysmon/Operational,XmlWinEventLog,4
raw/0871__AUSY-WS-0049__XmlWinEventLog.log,AUSY-WS-0049,XmlWinEventLog:Security,XmlWinEventLog,9
raw/0872__AUSY-WS-0049__ms_defender_eventhub.log,AUSY-WS-0049,ms:defender:eventhub,ms:defender:eventhub,1
raw/0873__AUSY-WS-0050__XmlWinEventLog.log,AUSY-WS-0050,XmlWinEventLog:Microsoft-Windows-Sysmon/Operational,XmlWinEventLog,3
raw/0874__AUSY-WS-0050__XmlWinEventLog.log,AUSY-WS-0050,XmlWinEventLog:Security,XmlWinEventLog,5
raw/0875__AUSY-WS-0050__ms_defender_eventhub.log,AUSY-WS-0050,ms:defender:eventhub,ms:defender:eventhub,3
raw/0876__AUSY-WS-0050__sccm_client.log,AUSY-WS-0050,sccm:client,sccm:client,1
raw/0877__AUSY-WS-0050__trellix_epo.log,AUSY-WS-0050,trellix:epo,trellix:epo,1
raw/0878__AUSY-WS-0051__XmlWinEventLog.log,AUSY-WS-0051,XmlWinEventLog:Microsoft-Windows-Sysmon/Operational,XmlWinEventLog,3
raw/0879__AUSY-WS-0051__XmlWinEventLog.log,AUSY-WS-0051,XmlWinEventLog:Security,XmlWinEventLog,4
raw/0880__AUSY-WS-0052__XmlWinEventLog.log,AUSY-WS-0052,XmlWinEventLog:Microsoft-Windows-Sysmon/Operational,XmlWinEventLog,1
raw/0881__AUSY-WS-0052__XmlWinEventLog.log,AUSY-WS-0052,XmlWinEventLog:Security,XmlWinEventLog,7
raw/0882__AUSY-WS-0053__XmlWinEventLog.log,AUSY-WS-0053,XmlWinEventLog:Microsoft-Windows-Sysmon/Operational,XmlWinEventLog,5
raw/0883__AUSY-WS-0053__XmlWinEventLog.log,AUSY-WS-0053,XmlWinEventLog:Security,XmlWinEventLog,6
raw/0884__AUSY-WS-0054__XmlWinEventLog.log,AUSY-WS-0054,XmlWinEventLog:Microsoft-Windows-Sysmon/Operational,XmlWinEventLog,6
raw/0885__AUSY-WS-0054__XmlWinEventLog.log,AUSY-WS-0054,XmlWinEventLog:Security,XmlWinEventLog,2
raw/0886__AUSY-WS-0055__XmlWinEventLog.log,AUSY-WS-0055,XmlWinEventLog:Microsoft-Windows-Sysmon/Operational,XmlWinEventLog,9
raw/0887__AUSY-WS-0055__XmlWinEventLog.log,AUSY-WS-0055,XmlWinEventLog:Security,XmlWinEventLog,3
raw/0888__AUSY-WS-0056__XmlWinEventLog.log,AUSY-WS-0056,XmlWinEventLog:Microsoft-Windows-Sysmon/Operational,XmlWinEventLog,8
raw/0889__AUSY-WS-0056__XmlWinEventLog.log,AUSY-WS-0056,XmlWinEventLog:Security,XmlWinEventLog,4
raw/0890__AUSY-WS-0056__trellix_epo.log,AUSY-WS-0056,trellix:epo,trellix:epo,1
raw/0891__AUSY-WS-0057__XmlWinEventLog.log,AUSY-WS-0057,XmlWinEventLog:Microsoft-Windows-Sysmon/Operational,XmlWinEventLog,5
raw/0892__AUSY-WS-0057__XmlWinEventLog.log,AUSY-WS-0057,XmlWinEventLog:Security,XmlWinEventLog,4
raw/0893__AUSY-WS-0058__XmlWinEventLog.log,AUSY-WS-0058,XmlWinEventLog:Microsoft-Windows-Sysmon/Operational,XmlWinEventLog,7
raw/0894__AUSY-WS-0058__XmlWinEventLog.log,AUSY-WS-0058,XmlWinEventLog:Security,XmlWinEventLog,2
raw/0895__AUSY-WS-0059__XmlWinEventLog.log,AUSY-WS-0059,XmlWinEventLog:Microsoft-Windows-Sysmon/Operational,XmlWinEventLog,10
raw/0896__AUSY-WS-0059__XmlWinEventLog.log,AUSY-WS-0059,XmlWinEventLog:Security,XmlWinEventLog,1
raw/0897__AUSY-WS-0059__sccm_client.log,AUSY-WS-0059,sccm:client,sccm:client,1
raw/0898__AUSY-WS-0059__trellix_epo.log,AUSY-WS-0059,trellix:epo,trellix:epo,1
raw/0899__AUSY-WS-0060__XmlWinEventLog.log,AUSY-WS-0060,XmlWinEventLog:Microsoft-Windows-Sysmon/Operational,XmlWinEventLog,4
raw/0900__AUSY-WS-0060__XmlWinEventLog.log,AUSY-WS-0060,XmlWinEventLog:Security,XmlWinEventLog,8
raw/0901__AUSY-WS-0060__ms_defender_eventhub.log,AUSY-WS-0060,ms:defender:eventhub,ms:defender:eventhub,1
raw/0902__AUSY-WS-0061__XmlWinEventLog.log,AUSY-WS-0061,XmlWinEventLog:Microsoft-Windows-Sysmon/Operational,XmlWinEventLog,6
raw/0903__AUSY-WS-0061__XmlWinEventLog.log,AUSY-WS-0061,XmlWinEventLog:Security,XmlWinEventLog,7
raw/0904__AUSY-WS-0062__XmlWinEventLog.log,AUSY-WS-0062,XmlWinEventLog:Microsoft-Windows-Sysmon/Operational,XmlWinEventLog,6
raw/0905__AUSY-WS-0062__XmlWinEventLog.log,AUSY-WS-0062,XmlWinEventLog:Security,XmlWinEventLog,2
raw/0906__AUSY-WS-0062__ms_defender_eventhub.log,AUSY-WS-0062,ms:defender:eventhub,ms:defender:eventhub,1
raw/0907__AUSY-WS-0063__XmlWinEventLog.log,AUSY-WS-0063,XmlWinEventLog:Microsoft-Windows-Sysmon/Operational,XmlWinEventLog,4
raw/0908__AUSY-WS-0063__XmlWinEventLog.log,AUSY-WS-0063,XmlWinEventLog:Security,XmlWinEventLog,4
raw/0909__AUSY-WS-0064__XmlWinEventLog.log,AUSY-WS-0064,XmlWinEventLog:Microsoft-Windows-Sysmon/Operational,XmlWinEventLog,4
raw/0910__AUSY-WS-0064__XmlWinEventLog.log,AUSY-WS-0064,XmlWinEventLog:Security,XmlWinEventLog,2
raw/0911__AUSY-ZEEK-01__bro_conn_json.log,AUSY-ZEEK-01,zeek:conn,bro:conn:json,844
raw/0912__AUSY-ZEEK-01__bro_dce_rpc_json.log,AUSY-ZEEK-01,zeek:dce_rpc,bro:dce_rpc:json,84
raw/0913__AUSY-ZEEK-01__bro_dns_json.log,AUSY-ZEEK-01,zeek:dns,bro:dns:json,387
raw/0914__AUSY-ZEEK-01__bro_http_json.log,AUSY-ZEEK-01,zeek:http,bro:http:json,183
raw/0915__AUSY-ZEEK-01__bro_smb_files_json.log,AUSY-ZEEK-01,zeek:smb_files,bro:smb_files:json,83
raw/0916__AUSY-ZEEK-01__bro_ssl_json.log,AUSY-ZEEK-01,zeek:ssl,bro:ssl:json,296
raw/0917__AWS-AIPLATFORM-DEV__aws_cloudtrail.log,AWS-AIPLATFORM-DEV,aws:cloudtrail,aws:cloudtrail,371
raw/0918__AWS-AIPLATFORM-DEV__aws_cloudwatchlogs_vpcflow.log,AWS-AIPLATFORM-DEV,aws:vpcflow,aws:cloudwatchlogs:vpcflow,370
raw/0919__AWS-ATLASSIAN-PROD__aws_cloudtrail.log,AWS-ATLASSIAN-PROD,aws:cloudtrail,aws:cloudtrail,396
raw/0920__AWS-ATLASSIAN-PROD__aws_cloudwatchlogs_vpcflow.log,AWS-ATLASSIAN-PROD,aws:vpcflow,aws:cloudwatchlogs:vpcflow,410
raw/0921__AWS-ENGINEERINGDATA-PROD__aws_cloudtrail.log,AWS-ENGINEERINGDATA-PROD,aws:cloudtrail,aws:cloudtrail,421
raw/0922__AWS-ENGINEERINGDATA-PROD__aws_cloudwatchlogs_vpcflow.log,AWS-ENGINEERINGDATA-PROD,aws:vpcflow,aws:cloudwatchlogs:vpcflow,397
raw/0923__AWS-GITLAB-01__gitlab_audit.log,AWS-GITLAB-01,gitlab:audit,gitlab:audit,355
raw/0924__AWS-GITLAB-PROD__aws_cloudtrail.log,AWS-GITLAB-PROD,aws:cloudtrail,aws:cloudtrail,416
raw/0925__AWS-GITLAB-PROD__aws_cloudwatchlogs_vpcflow.log,AWS-GITLAB-PROD,aws:vpcflow,aws:cloudwatchlogs:vpcflow,404
raw/0926__AWS-OBSERVABILITY-PROD__aws_cloudtrail.log,AWS-OBSERVABILITY-PROD,aws:cloudtrail,aws:cloudtrail,372
raw/0927__AWS-OBSERVABILITY-PROD__aws_cloudwatchlogs_vpcflow.log,AWS-OBSERVABILITY-PROD,aws:vpcflow,aws:cloudwatchlogs:vpcflow,373
raw/0928__AWS-WEBPLATFORM-PROD__aws_cloudtrail.log,AWS-WEBPLATFORM-PROD,aws:cloudtrail,aws:cloudtrail,391
raw/0929__AWS-WEBPLATFORM-PROD__aws_cloudwatchlogs_vpcflow.log,AWS-WEBPLATFORM-PROD,aws:vpcflow,aws:cloudwatchlogs:vpcflow,388
raw/0930__BRSP-APP-01__XmlWinEventLog.log,BRSP-APP-01,XmlWinEventLog:Microsoft-Windows-Sysmon/Operational,XmlWinEventLog,7
raw/0931__BRSP-APP-01__XmlWinEventLog.log,BRSP-APP-01,XmlWinEventLog:Security,XmlWinEventLog,5
raw/0932__BRSP-APP-02__XmlWinEventLog.log,BRSP-APP-02,XmlWinEventLog:Microsoft-Windows-Sysmon/Operational,XmlWinEventLog,5
raw/0933__BRSP-APP-02__XmlWinEventLog.log,BRSP-APP-02,XmlWinEventLog:Security,XmlWinEventLog,4
raw/0934__BRSP-APP-03__XmlWinEventLog.log,BRSP-APP-03,XmlWinEventLog:Microsoft-Windows-Sysmon/Operational,XmlWinEventLog,4
raw/0935__BRSP-APP-03__XmlWinEventLog.log,BRSP-APP-03,XmlWinEventLog:Security,XmlWinEventLog,4
raw/0936__BRSP-APP-04__XmlWinEventLog.log,BRSP-APP-04,XmlWinEventLog:Microsoft-Windows-Sysmon/Operational,XmlWinEventLog,5
raw/0937__BRSP-APP-04__XmlWinEventLog.log,BRSP-APP-04,XmlWinEventLog:Security,XmlWinEventLog,4
raw/0938__BRSP-APP-04__ms_defender_eventhub.log,BRSP-APP-04,ms:defender:eventhub,ms:defender:eventhub,1
raw/0939__BRSP-APP-05__XmlWinEventLog.log,BRSP-APP-05,XmlWinEventLog:Microsoft-Windows-Sysmon/Operational,XmlWinEventLog,7
raw/0940__BRSP-APP-05__XmlWinEventLog.log,BRSP-APP-05,XmlWinEventLog:Security,XmlWinEventLog,3
raw/0941__BRSP-APP-05__ms_defender_eventhub.log,BRSP-APP-05,ms:defender:eventhub,ms:defender:eventhub,1
raw/0942__BRSP-APP-06__XmlWinEventLog.log,BRSP-APP-06,XmlWinEventLog:Microsoft-Windows-Sysmon/Operational,XmlWinEventLog,2
raw/0943__BRSP-APP-06__XmlWinEventLog.log,BRSP-APP-06,XmlWinEventLog:Security,XmlWinEventLog,3
raw/0944__BRSP-APP-06__trellix_epo.log,BRSP-APP-06,trellix:epo,trellix:epo,1
raw/0945__BRSP-APP-07__XmlWinEventLog.log,BRSP-APP-07,XmlWinEventLog:Microsoft-Windows-Sysmon/Operational,XmlWinEventLog,5
raw/0946__BRSP-APP-07__XmlWinEventLog.log,BRSP-APP-07,XmlWinEventLog:Security,XmlWinEventLog,5
raw/0947__BRSP-APP-07__ms_defender_eventhub.log,BRSP-APP-07,ms:defender:eventhub,ms:defender:eventhub,4
raw/0948__BRSP-APP-08__XmlWinEventLog.log,BRSP-APP-08,XmlWinEventLog:Microsoft-Windows-Sysmon/Operational,XmlWinEventLog,6
raw/0949__BRSP-APP-08__XmlWinEventLog.log,BRSP-APP-08,XmlWinEventLog:Security,XmlWinEventLog,7
raw/0950__BRSP-APP-08__trellix_epo.log,BRSP-APP-08,trellix:epo,trellix:epo,1
raw/0951__BRSP-APP-08__wsus_client.log,BRSP-APP-08,wsus:client,wsus:client,1
raw/0952__BRSP-DC-01__XmlWinEventLog.log,BRSP-DC-01,XmlWinEventLog:Security,XmlWinEventLog,125
raw/0953__BRSP-FS-01__XmlWinEventLog.log,BRSP-FS-01,XmlWinEventLog:Microsoft-Windows-Sysmon/Operational,XmlWinEventLog,6
raw/0954__BRSP-FS-01__XmlWinEventLog.log,BRSP-FS-01,XmlWinEventLog:Security,XmlWinEventLog,6
raw/0955__BRSP-FS-02__XmlWinEventLog.log,BRSP-FS-02,XmlWinEventLog:Microsoft-Windows-Sysmon/Operational,XmlWinEventLog,3
raw/0956__BRSP-FS-02__XmlWinEventLog.log,BRSP-FS-02,XmlWinEventLog:Security,XmlWinEventLog,7
raw/0957__BRSP-FS-02__wsus_client.log,BRSP-FS-02,wsus:client,wsus:client,1
raw/0958__BRSP-FS-03__XmlWinEventLog.log,BRSP-FS-03,XmlWinEventLog:Microsoft-Windows-Sysmon/Operational,XmlWinEventLog,3
raw/0959__BRSP-FS-03__XmlWinEventLog.log,BRSP-FS-03,XmlWinEventLog:Security,XmlWinEventLog,4
raw/0960__BRSP-FS-03__trellix_epo.log,BRSP-FS-03,trellix:epo,trellix:epo,1
raw/0961__BRSP-FS-04__XmlWinEventLog.log,BRSP-FS-04,XmlWinEventLog:Microsoft-Windows-Sysmon/Operational,XmlWinEventLog,8
raw/0962__BRSP-FS-04__XmlWinEventLog.log,BRSP-FS-04,XmlWinEventLog:Security,XmlWinEventLog,5
raw/0963__BRSP-FW-01__pan_traffic.log,BRSP-FW-01,pan:traffic,pan:traffic,89
raw/0964__BRSP-FW-02__fortigate_traffic.log,BRSP-FW-02,fortigate_traffic,fortigate_traffic,88
raw/0965__BRSP-FW-03__cisco_asa.log,BRSP-FW-03,cisco:asa,cisco:asa,105
raw/0966__BRSP-JUMP-01__XmlWinEventLog.log,BRSP-JUMP-01,XmlWinEventLog:Microsoft-Windows-Sysmon/Operational,XmlWinEventLog,4
raw/0967__BRSP-JUMP-01__XmlWinEventLog.log,BRSP-JUMP-01,XmlWinEventLog:Security,XmlWinEventLog,3
raw/0968__BRSP-JUMP-01__sccm_client.log,BRSP-JUMP-01,sccm:client,sccm:client,1
raw/0969__BRSP-JUMP-01__wsus_client.log,BRSP-JUMP-01,wsus:client,wsus:client,1
raw/0970__BRSP-JUMP-02__XmlWinEventLog.log,BRSP-JUMP-02,XmlWinEventLog:Microsoft-Windows-Sysmon/Operational,XmlWinEventLog,5
raw/0971__BRSP-JUMP-02__XmlWinEventLog.log,BRSP-JUMP-02,XmlWinEventLog:Security,XmlWinEventLog,2
raw/0972__BRSP-JUMP-02__ms_defender_eventhub.log,BRSP-JUMP-02,ms:defender:eventhub,ms:defender:eventhub,1
raw/0973__BRSP-JUMP-02__trellix_epo.log,BRSP-JUMP-02,trellix:epo,trellix:epo,1
raw/0974__BRSP-JUMP-03__XmlWinEventLog.log,BRSP-JUMP-03,XmlWinEventLog:Microsoft-Windows-Sysmon/Operational,XmlWinEventLog,7
raw/0975__BRSP-JUMP-03__XmlWinEventLog.log,BRSP-JUMP-03,XmlWinEventLog:Security,XmlWinEventLog,5
raw/0976__BRSP-LNX-01__linux_audit.log,BRSP-LNX-01,/var/log/audit/audit.log,linux_audit,90
raw/0977__BRSP-LNX-01__linux_secure.log,BRSP-LNX-01,/var/log/secure,linux_secure,21
raw/0978__BRSP-LNX-01__syslog.log,BRSP-LNX-01,/var/log/syslog,syslog,21
raw/0979__BRSP-LNX-02__linux_audit.log,BRSP-LNX-02,/var/log/audit/audit.log,linux_audit,97
raw/0980__BRSP-LNX-02__linux_secure.log,BRSP-LNX-02,/var/log/secure,linux_secure,6
raw/0981__BRSP-LNX-02__syslog.log,BRSP-LNX-02,/var/log/syslog,syslog,23
raw/0982__BRSP-LNX-03__linux_audit.log,BRSP-LNX-03,/var/log/audit/audit.log,linux_audit,81
raw/0983__BRSP-LNX-03__linux_secure.log,BRSP-LNX-03,/var/log/secure,linux_secure,13
raw/0984__BRSP-LNX-03__syslog.log,BRSP-LNX-03,/var/log/syslog,syslog,23
raw/0985__BRSP-LNX-03__ms_defender_eventhub.log,BRSP-LNX-03,ms:defender:eventhub,ms:defender:eventhub,1
raw/0986__BRSP-LNX-04__linux_audit.log,BRSP-LNX-04,/var/log/audit/audit.log,linux_audit,63
raw/0987__BRSP-LNX-04__linux_secure.log,BRSP-LNX-04,/var/log/secure,linux_secure,10
raw/0988__BRSP-LNX-04__syslog.log,BRSP-LNX-04,/var/log/syslog,syslog,21
raw/0989__BRSP-LNX-05__linux_audit.log,BRSP-LNX-05,/var/log/audit/audit.log,linux_audit,95
raw/0990__BRSP-LNX-05__linux_secure.log,BRSP-LNX-05,/var/log/secure,linux_secure,20
raw/0991__BRSP-LNX-05__syslog.log,BRSP-LNX-05,/var/log/syslog,syslog,33
raw/0992__BRSP-LNX-06__linux_audit.log,BRSP-LNX-06,/var/log/audit/audit.log,linux_audit,74
raw/0993__BRSP-LNX-06__linux_secure.log,BRSP-LNX-06,/var/log/secure,linux_secure,20
raw/0994__BRSP-LNX-06__syslog.log,BRSP-LNX-06,/var/log/syslog,syslog,27
raw/0995__BRSP-LNX-06__ms_defender_eventhub.log,BRSP-LNX-06,ms:defender:eventhub,ms:defender:eventhub,1
raw/0996__BRSP-LNX-07__linux_audit.log,BRSP-LNX-07,/var/log/audit/audit.log,linux_audit,66
raw/0997__BRSP-LNX-07__linux_secure.log,BRSP-LNX-07,/var/log/secure,linux_secure,21
raw/0998__BRSP-LNX-07__syslog.log,BRSP-LNX-07,/var/log/syslog,syslog,29
raw/0999__BRSP-LNX-08__linux_audit.log,BRSP-LNX-08,/var/log/audit/audit.log,linux_audit,84
raw/1000__BRSP-LNX-08__linux_secure.log,BRSP-LNX-08,/var/log/secure,linux_secure,9
raw/1001__BRSP-LNX-08__syslog.log,BRSP-LNX-08,/var/log/syslog,syslog,30
raw/1002__BRSP-LNX-08__ms_defender_eventhub.log,BRSP-LNX-08,ms:defender:eventhub,ms:defender:eventhub,1
raw/1003__BRSP-LNX-08__trellix_epo.log,BRSP-LNX-08,trellix:epo,trellix:epo,1
raw/1004__BRSP-PACS-01__pacs_access.log,BRSP-PACS-01,pacs:access,pacs:access,97
raw/1005__BRSP-PAW-01__XmlWinEventLog.log,BRSP-PAW-01,XmlWinEventLog:Microsoft-Windows-Sysmon/Operational,XmlWinEventLog,8
raw/1006__BRSP-PAW-01__XmlWinEventLog.log,BRSP-PAW-01,XmlWinEventLog:Security,XmlWinEventLog,5
raw/1007__BRSP-PAW-01__ms_defender_eventhub.log,BRSP-PAW-01,ms:defender:eventhub,ms:defender:eventhub,3
raw/1008__BRSP-PAW-01__trellix_epo.log,BRSP-PAW-01,trellix:epo,trellix:epo,1
raw/1009__BRSP-PAW-02__XmlWinEventLog.log,BRSP-PAW-02,XmlWinEventLog:Microsoft-Windows-Sysmon/Operational,XmlWinEventLog,3
raw/1010__BRSP-PAW-02__XmlWinEventLog.log,BRSP-PAW-02,XmlWinEventLog:Security,XmlWinEventLog,9
raw/1011__BRSP-PAW-02__ms_defender_eventhub.log,BRSP-PAW-02,ms:defender:eventhub,ms:defender:eventhub,1
raw/1012__BRSP-PAW-02__wsus_client.log,BRSP-PAW-02,wsus:client,wsus:client,2
raw/1013__BRSP-PAW-03__XmlWinEventLog.log,BRSP-PAW-03,XmlWinEventLog:Microsoft-Windows-Sysmon/Operational,XmlWinEventLog,5
raw/1014__BRSP-PAW-03__XmlWinEventLog.log,BRSP-PAW-03,XmlWinEventLog:Security,XmlWinEventLog,5
raw/1015__BRSP-PAW-04__XmlWinEventLog.log,BRSP-PAW-04,XmlWinEventLog:Microsoft-Windows-Sysmon/Operational,XmlWinEventLog,7
raw/1016__BRSP-PAW-04__XmlWinEventLog.log,BRSP-PAW-04,XmlWinEventLog:Security,XmlWinEventLog,3
raw/1017__BRSP-PAW-05__XmlWinEventLog.log,BRSP-PAW-05,XmlWinEventLog:Microsoft-Windows-Sysmon/Operational,XmlWinEventLog,7
raw/1018__BRSP-PAW-05__XmlWinEventLog.log,BRSP-PAW-05,XmlWinEventLog:Security,XmlWinEventLog,6
raw/1019__BRSP-PAW-05__ms_defender_eventhub.log,BRSP-PAW-05,ms:defender:eventhub,ms:defender:eventhub,1
raw/1020__BRSP-PAW-06__XmlWinEventLog.log,BRSP-PAW-06,XmlWinEventLog:Microsoft-Windows-Sysmon/Operational,XmlWinEventLog,10
raw/1021__BRSP-PAW-06__XmlWinEventLog.log,BRSP-PAW-06,XmlWinEventLog:Security,XmlWinEventLog,2
raw/1022__BRSP-PAW-06__wsus_client.log,BRSP-PAW-06,wsus:client,wsus:client,1
raw/1023__BRSP-RTR-01__cisco_ios.log,BRSP-RTR-01,cisco:ios,cisco:ios,34
raw/1024__BRSP-RTR-02__juniper.log,BRSP-RTR-02,juniper,juniper,19
raw/1025__BRSP-RTR-02__juniper_junos_firewall.log,BRSP-RTR-02,juniper:junos:firewall,juniper:junos:firewall,9
raw/1026__BRSP-VDI-01__XmlWinEventLog.log,BRSP-VDI-01,XmlWinEventLog:Microsoft-Windows-Sysmon/Operational,XmlWinEventLog,5
raw/1027__BRSP-VDI-01__XmlWinEventLog.log,BRSP-VDI-01,XmlWinEventLog:Security,XmlWinEventLog,5
raw/1028__BRSP-VDI-01__ms_defender_eventhub.log,BRSP-VDI-01,ms:defender:eventhub,ms:defender:eventhub,1
raw/1029__BRSP-VDI-01__trellix_epo.log,BRSP-VDI-01,trellix:epo,trellix:epo,1
raw/1030__BRSP-VDI-02__XmlWinEventLog.log,BRSP-VDI-02,XmlWinEventLog:Microsoft-Windows-Sysmon/Operational,XmlWinEventLog,7
raw/1031__BRSP-VDI-02__XmlWinEventLog.log,BRSP-VDI-02,XmlWinEventLog:Security,XmlWinEventLog,2
raw/1032__BRSP-VDI-03__XmlWinEventLog.log,BRSP-VDI-03,XmlWinEventLog:Microsoft-Windows-Sysmon/Operational,XmlWinEventLog,3
raw/1033__BRSP-VDI-03__XmlWinEventLog.log,BRSP-VDI-03,XmlWinEventLog:Security,XmlWinEventLog,3
raw/1034__BRSP-VDI-03__trellix_epo.log,BRSP-VDI-03,trellix:epo,trellix:epo,1
raw/1035__BRSP-WS-0001__XmlWinEventLog.log,BRSP-WS-0001,XmlWinEventLog:Microsoft-Windows-Sysmon/Operational,XmlWinEventLog,11
raw/1036__BRSP-WS-0001__XmlWinEventLog.log,BRSP-WS-0001,XmlWinEventLog:Security,XmlWinEventLog,2
raw/1037__BRSP-WS-0001__trellix_epo.log,BRSP-WS-0001,trellix:epo,trellix:epo,1
raw/1038__BRSP-WS-0002__XmlWinEventLog.log,BRSP-WS-0002,XmlWinEventLog:Microsoft-Windows-Sysmon/Operational,XmlWinEventLog,7
raw/1039__BRSP-WS-0002__XmlWinEventLog.log,BRSP-WS-0002,XmlWinEventLog:Security,XmlWinEventLog,8
raw/1040__BRSP-WS-0003__XmlWinEventLog.log,BRSP-WS-0003,XmlWinEventLog:Microsoft-Windows-Sysmon/Operational,XmlWinEventLog,7
raw/1041__BRSP-WS-0003__XmlWinEventLog.log,BRSP-WS-0003,XmlWinEventLog:Security,XmlWinEventLog,7
raw/1042__BRSP-WS-0003__trellix_epo.log,BRSP-WS-0003,trellix:epo,trellix:epo,1
raw/1043__BRSP-WS-0004__XmlWinEventLog.log,BRSP-WS-0004,XmlWinEventLog:Microsoft-Windows-Sysmon/Operational,XmlWinEventLog,9
raw/1044__BRSP-WS-0004__XmlWinEventLog.log,BRSP-WS-0004,XmlWinEventLog:Security,XmlWinEventLog,12
raw/1045__BRSP-WS-0004__ms_defender_eventhub.log,BRSP-WS-0004,ms:defender:eventhub,ms:defender:eventhub,2
raw/1046__BRSP-WS-0004__sccm_client.log,BRSP-WS-0004,sccm:client,sccm:client,1
raw/1047__BRSP-WS-0005__XmlWinEventLog.log,BRSP-WS-0005,XmlWinEventLog:Microsoft-Windows-Sysmon/Operational,XmlWinEventLog,8
raw/1048__BRSP-WS-0005__XmlWinEventLog.log,BRSP-WS-0005,XmlWinEventLog:Security,XmlWinEventLog,10
raw/1049__BRSP-WS-0005__ms_defender_eventhub.log,BRSP-WS-0005,ms:defender:eventhub,ms:defender:eventhub,1
raw/1050__BRSP-WS-0005__trellix_epo.log,BRSP-WS-0005,trellix:epo,trellix:epo,1
raw/1051__BRSP-WS-0006__XmlWinEventLog.log,BRSP-WS-0006,XmlWinEventLog:Microsoft-Windows-Sysmon/Operational,XmlWinEventLog,9
raw/1052__BRSP-WS-0006__XmlWinEventLog.log,BRSP-WS-0006,XmlWinEventLog:Security,XmlWinEventLog,7
raw/1053__BRSP-WS-0006__ms_defender_eventhub.log,BRSP-WS-0006,ms:defender:eventhub,ms:defender:eventhub,1
raw/1054__BRSP-WS-0007__XmlWinEventLog.log,BRSP-WS-0007,XmlWinEventLog:Microsoft-Windows-Sysmon/Operational,XmlWinEventLog,11
raw/1055__BRSP-WS-0007__XmlWinEventLog.log,BRSP-WS-0007,XmlWinEventLog:Security,XmlWinEventLog,6
raw/1056__BRSP-WS-0008__XmlWinEventLog.log,BRSP-WS-0008,XmlWinEventLog:Microsoft-Windows-Sysmon/Operational,XmlWinEventLog,6
raw/1057__BRSP-WS-0008__XmlWinEventLog.log,BRSP-WS-0008,XmlWinEventLog:Security,XmlWinEventLog,3
raw/1058__BRSP-WS-0008__ms_defender_eventhub.log,BRSP-WS-0008,ms:defender:eventhub,ms:defender:eventhub,1
raw/1059__BRSP-WS-0009__XmlWinEventLog.log,BRSP-WS-0009,XmlWinEventLog:Microsoft-Windows-Sysmon/Operational,XmlWinEventLog,10
raw/1060__BRSP-WS-0009__XmlWinEventLog.log,BRSP-WS-0009,XmlWinEventLog:Security,XmlWinEventLog,8
raw/1061__BRSP-WS-0009__sccm_client.log,BRSP-WS-0009,sccm:client,sccm:client,2
raw/1062__BRSP-WS-0010__XmlWinEventLog.log,BRSP-WS-0010,XmlWinEventLog:Microsoft-Windows-Sysmon/Operational,XmlWinEventLog,7
raw/1063__BRSP-WS-0010__XmlWinEventLog.log,BRSP-WS-0010,XmlWinEventLog:Security,XmlWinEventLog,6
raw/1064__BRSP-WS-0010__ms_defender_eventhub.log,BRSP-WS-0010,ms:defender:eventhub,ms:defender:eventhub,1
raw/1065__BRSP-WS-0010__trellix_epo.log,BRSP-WS-0010,trellix:epo,trellix:epo,1
raw/1066__BRSP-WS-0011__XmlWinEventLog.log,BRSP-WS-0011,XmlWinEventLog:Microsoft-Windows-Sysmon/Operational,XmlWinEventLog,14
raw/1067__BRSP-WS-0011__XmlWinEventLog.log,BRSP-WS-0011,XmlWinEventLog:Security,XmlWinEventLog,7
raw/1068__BRSP-WS-0012__XmlWinEventLog.log,BRSP-WS-0012,XmlWinEventLog:Microsoft-Windows-Sysmon/Operational,XmlWinEventLog,8
raw/1069__BRSP-WS-0012__XmlWinEventLog.log,BRSP-WS-0012,XmlWinEventLog:Security,XmlWinEventLog,14
raw/1070__BRSP-WS-0013__XmlWinEventLog.log,BRSP-WS-0013,XmlWinEventLog:Microsoft-Windows-Sysmon/Operational,XmlWinEventLog,9
raw/1071__BRSP-WS-0013__XmlWinEventLog.log,BRSP-WS-0013,XmlWinEventLog:Security,XmlWinEventLog,7
raw/1072__BRSP-WS-0014__XmlWinEventLog.log,BRSP-WS-0014,XmlWinEventLog:Microsoft-Windows-Sysmon/Operational,XmlWinEventLog,5
raw/1073__BRSP-WS-0014__XmlWinEventLog.log,BRSP-WS-0014,XmlWinEventLog:Security,XmlWinEventLog,7
raw/1074__BRSP-WS-0015__XmlWinEventLog.log,BRSP-WS-0015,XmlWinEventLog:Microsoft-Windows-Sysmon/Operational,XmlWinEventLog,9
raw/1075__BRSP-WS-0015__XmlWinEventLog.log,BRSP-WS-0015,XmlWinEventLog:Security,XmlWinEventLog,10
raw/1076__BRSP-WS-0015__ms_defender_eventhub.log,BRSP-WS-0015,ms:defender:eventhub,ms:defender:eventhub,1
raw/1077__BRSP-WS-0016__XmlWinEventLog.log,BRSP-WS-0016,XmlWinEventLog:Microsoft-Windows-Sysmon/Operational,XmlWinEventLog,9
raw/1078__BRSP-WS-0016__XmlWinEventLog.log,BRSP-WS-0016,XmlWinEventLog:Security,XmlWinEventLog,9
raw/1079__BRSP-WS-0016__sccm_client.log,BRSP-WS-0016,sccm:client,sccm:client,1
raw/1080__BRSP-WS-0017__XmlWinEventLog.log,BRSP-WS-0017,XmlWinEventLog:Microsoft-Windows-Sysmon/Operational,XmlWinEventLog,6
raw/1081__BRSP-WS-0017__XmlWinEventLog.log,BRSP-WS-0017,XmlWinEventLog:Security,XmlWinEventLog,5
raw/1082__BRSP-WS-0017__ms_defender_eventhub.log,BRSP-WS-0017,ms:defender:eventhub,ms:defender:eventhub,1
raw/1083__BRSP-WS-0017__trellix_epo.log,BRSP-WS-0017,trellix:epo,trellix:epo,1
raw/1084__BRSP-WS-0018__XmlWinEventLog.log,BRSP-WS-0018,XmlWinEventLog:Microsoft-Windows-Sysmon/Operational,XmlWinEventLog,8
raw/1085__BRSP-WS-0018__XmlWinEventLog.log,BRSP-WS-0018,XmlWinEventLog:Security,XmlWinEventLog,7
raw/1086__BRSP-WS-0018__ms_defender_eventhub.log,BRSP-WS-0018,ms:defender:eventhub,ms:defender:eventhub,4
raw/1087__BRSP-WS-0019__XmlWinEventLog.log,BRSP-WS-0019,XmlWinEventLog:Microsoft-Windows-Sysmon/Operational,XmlWinEventLog,5
raw/1088__BRSP-WS-0019__XmlWinEventLog.log,BRSP-WS-0019,XmlWinEventLog:Security,XmlWinEventLog,14
raw/1089__BRSP-WS-0019__sccm_client.log,BRSP-WS-0019,sccm:client,sccm:client,1
raw/1090__BRSP-WS-0019__wsus_client.log,BRSP-WS-0019,wsus:client,wsus:client,1
raw/1091__BRSP-WS-0020__XmlWinEventLog.log,BRSP-WS-0020,XmlWinEventLog:Microsoft-Windows-Sysmon/Operational,XmlWinEventLog,10
raw/1092__BRSP-WS-0020__XmlWinEventLog.log,BRSP-WS-0020,XmlWinEventLog:Security,XmlWinEventLog,7
raw/1093__BRSP-WS-0020__ms_defender_eventhub.log,BRSP-WS-0020,ms:defender:eventhub,ms:defender:eventhub,3
raw/1094__BRSP-WS-0020__trellix_epo.log,BRSP-WS-0020,trellix:epo,trellix:epo,1
raw/1095__BRSP-WS-0021__XmlWinEventLog.log,BRSP-WS-0021,XmlWinEventLog:Microsoft-Windows-Sysmon/Operational,XmlWinEventLog,12
raw/1096__BRSP-WS-0021__XmlWinEventLog.log,BRSP-WS-0021,XmlWinEventLog:Security,XmlWinEventLog,7
raw/1097__BRSP-WS-0021__ms_defender_eventhub.log,BRSP-WS-0021,ms:defender:eventhub,ms:defender:eventhub,1
raw/1098__BRSP-WS-0022__XmlWinEventLog.log,BRSP-WS-0022,XmlWinEventLog:Microsoft-Windows-Sysmon/Operational,XmlWinEventLog,6
raw/1099__BRSP-WS-0022__XmlWinEventLog.log,BRSP-WS-0022,XmlWinEventLog:Security,XmlWinEventLog,9
raw/1100__BRSP-WS-0022__ms_defender_eventhub.log,BRSP-WS-0022,ms:defender:eventhub,ms:defender:eventhub,1
raw/1101__BRSP-WS-0022__trellix_epo.log,BRSP-WS-0022,trellix:epo,trellix:epo,1
raw/1102__BRSP-WS-0023__XmlWinEventLog.log,BRSP-WS-0023,XmlWinEventLog:Microsoft-Windows-Sysmon/Operational,XmlWinEventLog,7
raw/1103__BRSP-WS-0023__XmlWinEventLog.log,BRSP-WS-0023,XmlWinEventLog:Security,XmlWinEventLog,6
raw/1104__BRSP-WS-0023__sccm_client.log,BRSP-WS-0023,sccm:client,sccm:client,2
raw/1105__BRSP-WS-0023__trellix_epo.log,BRSP-WS-0023,trellix:epo,trellix:epo,1
raw/1106__BRSP-WS-0024__XmlWinEventLog.log,BRSP-WS-0024,XmlWinEventLog:Microsoft-Windows-Sysmon/Operational,XmlWinEventLog,9
raw/1107__BRSP-WS-0024__XmlWinEventLog.log,BRSP-WS-0024,XmlWinEventLog:Security,XmlWinEventLog,6
raw/1108__BRSP-WS-0024__ms_defender_eventhub.log,BRSP-WS-0024,ms:defender:eventhub,ms:defender:eventhub,3
raw/1109__BRSP-WS-0024__trellix_epo.log,BRSP-WS-0024,trellix:epo,trellix:epo,1
raw/1110__BRSP-WS-0025__XmlWinEventLog.log,BRSP-WS-0025,XmlWinEventLog:Microsoft-Windows-Sysmon/Operational,XmlWinEventLog,3
raw/1111__BRSP-WS-0025__XmlWinEventLog.log,BRSP-WS-0025,XmlWinEventLog:Security,XmlWinEventLog,8
raw/1112__BRSP-WS-0026__XmlWinEventLog.log,BRSP-WS-0026,XmlWinEventLog:Microsoft-Windows-Sysmon/Operational,XmlWinEventLog,7
raw/1113__BRSP-WS-0026__XmlWinEventLog.log,BRSP-WS-0026,XmlWinEventLog:Security,XmlWinEventLog,4
raw/1114__BRSP-WS-0027__XmlWinEventLog.log,BRSP-WS-0027,XmlWinEventLog:Microsoft-Windows-Sysmon/Operational,XmlWinEventLog,5
raw/1115__BRSP-WS-0027__XmlWinEventLog.log,BRSP-WS-0027,XmlWinEventLog:Security,XmlWinEventLog,7
raw/1116__BRSP-WS-0027__ms_defender_eventhub.log,BRSP-WS-0027,ms:defender:eventhub,ms:defender:eventhub,1
raw/1117__BRSP-WS-0027__trellix_epo.log,BRSP-WS-0027,trellix:epo,trellix:epo,1
raw/1118__BRSP-WS-0028__XmlWinEventLog.log,BRSP-WS-0028,XmlWinEventLog:Microsoft-Windows-Sysmon/Operational,XmlWinEventLog,6
raw/1119__BRSP-WS-0028__XmlWinEventLog.log,BRSP-WS-0028,XmlWinEventLog:Security,XmlWinEventLog,8
raw/1120__BRSP-WS-0028__ms_defender_eventhub.log,BRSP-WS-0028,ms:defender:eventhub,ms:defender:eventhub,3
raw/1121__BRSP-WS-0029__XmlWinEventLog.log,BRSP-WS-0029,XmlWinEventLog:Microsoft-Windows-Sysmon/Operational,XmlWinEventLog,6
raw/1122__BRSP-WS-0029__XmlWinEventLog.log,BRSP-WS-0029,XmlWinEventLog:Security,XmlWinEventLog,6
raw/1123__BRSP-WS-0029__ms_defender_eventhub.log,BRSP-WS-0029,ms:defender:eventhub,ms:defender:eventhub,2
raw/1124__BRSP-WS-0030__XmlWinEventLog.log,BRSP-WS-0030,XmlWinEventLog:Microsoft-Windows-Sysmon/Operational,XmlWinEventLog,7
raw/1125__BRSP-WS-0030__XmlWinEventLog.log,BRSP-WS-0030,XmlWinEventLog:Security,XmlWinEventLog,2
raw/1126__BRSP-WS-0031__XmlWinEventLog.log,BRSP-WS-0031,XmlWinEventLog:Microsoft-Windows-Sysmon/Operational,XmlWinEventLog,1
raw/1127__BRSP-WS-0031__XmlWinEventLog.log,BRSP-WS-0031,XmlWinEventLog:Security,XmlWinEventLog,1
raw/1128__BRSP-WS-0031__ms_defender_eventhub.log,BRSP-WS-0031,ms:defender:eventhub,ms:defender:eventhub,1
raw/1129__BRSP-WS-0031__wsus_client.log,BRSP-WS-0031,wsus:client,wsus:client,1
raw/1130__BRSP-WS-0032__XmlWinEventLog.log,BRSP-WS-0032,XmlWinEventLog:Microsoft-Windows-Sysmon/Operational,XmlWinEventLog,6
raw/1131__BRSP-WS-0032__XmlWinEventLog.log,BRSP-WS-0032,XmlWinEventLog:Security,XmlWinEventLog,7
raw/1132__BRSP-WS-0033__XmlWinEventLog.log,BRSP-WS-0033,XmlWinEventLog:Microsoft-Windows-Sysmon/Operational,XmlWinEventLog,4
raw/1133__BRSP-WS-0033__XmlWinEventLog.log,BRSP-WS-0033,XmlWinEventLog:Security,XmlWinEventLog,6
raw/1134__BRSP-WS-0033__trellix_epo.log,BRSP-WS-0033,trellix:epo,trellix:epo,2
raw/1135__BRSP-WS-0034__XmlWinEventLog.log,BRSP-WS-0034,XmlWinEventLog:Microsoft-Windows-Sysmon/Operational,XmlWinEventLog,5
raw/1136__BRSP-WS-0034__XmlWinEventLog.log,BRSP-WS-0034,XmlWinEventLog:Security,XmlWinEventLog,6
raw/1137__BRSP-WS-0034__ms_defender_eventhub.log,BRSP-WS-0034,ms:defender:eventhub,ms:defender:eventhub,1
raw/1138__BRSP-WS-0035__XmlWinEventLog.log,BRSP-WS-0035,XmlWinEventLog:Microsoft-Windows-Sysmon/Operational,XmlWinEventLog,5
raw/1139__BRSP-WS-0035__XmlWinEventLog.log,BRSP-WS-0035,XmlWinEventLog:Security,XmlWinEventLog,5
raw/1140__BRSP-WS-0035__sccm_client.log,BRSP-WS-0035,sccm:client,sccm:client,1
raw/1141__BRSP-WS-0036__XmlWinEventLog.log,BRSP-WS-0036,XmlWinEventLog:Microsoft-Windows-Sysmon/Operational,XmlWinEventLog,3
raw/1142__BRSP-WS-0036__XmlWinEventLog.log,BRSP-WS-0036,XmlWinEventLog:Security,XmlWinEventLog,4
raw/1143__BRSP-WS-0037__XmlWinEventLog.log,BRSP-WS-0037,XmlWinEventLog:Microsoft-Windows-Sysmon/Operational,XmlWinEventLog,4
raw/1144__BRSP-WS-0037__XmlWinEventLog.log,BRSP-WS-0037,XmlWinEventLog:Security,XmlWinEventLog,12
raw/1145__BRSP-WS-0038__XmlWinEventLog.log,BRSP-WS-0038,XmlWinEventLog:Microsoft-Windows-Sysmon/Operational,XmlWinEventLog,4
raw/1146__BRSP-WS-0038__XmlWinEventLog.log,BRSP-WS-0038,XmlWinEventLog:Security,XmlWinEventLog,1
raw/1147__BRSP-WS-0039__XmlWinEventLog.log,BRSP-WS-0039,XmlWinEventLog:Microsoft-Windows-Sysmon/Operational,XmlWinEventLog,5
raw/1148__BRSP-WS-0039__XmlWinEventLog.log,BRSP-WS-0039,XmlWinEventLog:Security,XmlWinEventLog,4
raw/1149__BRSP-WS-0039__ms_defender_eventhub.log,BRSP-WS-0039,ms:defender:eventhub,ms:defender:eventhub,1
raw/1150__BRSP-WS-0039__trellix_epo.log,BRSP-WS-0039,trellix:epo,trellix:epo,2
raw/1151__BRSP-WS-0040__XmlWinEventLog.log,BRSP-WS-0040,XmlWinEventLog:Microsoft-Windows-Sysmon/Operational,XmlWinEventLog,3
raw/1152__BRSP-WS-0040__XmlWinEventLog.log,BRSP-WS-0040,XmlWinEventLog:Security,XmlWinEventLog,4
raw/1153__BRSP-WS-0040__trellix_epo.log,BRSP-WS-0040,trellix:epo,trellix:epo,1
raw/1154__BRSP-WS-0041__XmlWinEventLog.log,BRSP-WS-0041,XmlWinEventLog:Microsoft-Windows-Sysmon/Operational,XmlWinEventLog,3
raw/1155__BRSP-WS-0041__XmlWinEventLog.log,BRSP-WS-0041,XmlWinEventLog:Security,XmlWinEventLog,7
raw/1156__BRSP-WS-0042__XmlWinEventLog.log,BRSP-WS-0042,XmlWinEventLog:Microsoft-Windows-Sysmon/Operational,XmlWinEventLog,5
raw/1157__BRSP-WS-0042__XmlWinEventLog.log,BRSP-WS-0042,XmlWinEventLog:Security,XmlWinEventLog,5
raw/1158__BRSP-WS-0042__ms_defender_eventhub.log,BRSP-WS-0042,ms:defender:eventhub,ms:defender:eventhub,4
raw/1159__BRSP-WS-0042__trellix_epo.log,BRSP-WS-0042,trellix:epo,trellix:epo,1
raw/1160__BRSP-WS-0043__XmlWinEventLog.log,BRSP-WS-0043,XmlWinEventLog:Microsoft-Windows-Sysmon/Operational,XmlWinEventLog,5
raw/1161__BRSP-WS-0043__XmlWinEventLog.log,BRSP-WS-0043,XmlWinEventLog:Security,XmlWinEventLog,4
raw/1162__BRSP-WS-0043__ms_defender_eventhub.log,BRSP-WS-0043,ms:defender:eventhub,ms:defender:eventhub,2
raw/1163__BRSP-WS-0044__XmlWinEventLog.log,BRSP-WS-0044,XmlWinEventLog:Microsoft-Windows-Sysmon/Operational,XmlWinEventLog,7
raw/1164__BRSP-WS-0044__XmlWinEventLog.log,BRSP-WS-0044,XmlWinEventLog:Security,XmlWinEventLog,6
raw/1165__BRSP-WS-0044__sccm_client.log,BRSP-WS-0044,sccm:client,sccm:client,1
raw/1166__BRSP-WS-0044__wsus_client.log,BRSP-WS-0044,wsus:client,wsus:client,2
raw/1167__BRSP-WS-0045__XmlWinEventLog.log,BRSP-WS-0045,XmlWinEventLog:Microsoft-Windows-Sysmon/Operational,XmlWinEventLog,2
raw/1168__BRSP-WS-0045__XmlWinEventLog.log,BRSP-WS-0045,XmlWinEventLog:Security,XmlWinEventLog,2
raw/1169__BRSP-WS-0045__ms_defender_eventhub.log,BRSP-WS-0045,ms:defender:eventhub,ms:defender:eventhub,1
raw/1170__BRSP-WS-0046__XmlWinEventLog.log,BRSP-WS-0046,XmlWinEventLog:Microsoft-Windows-Sysmon/Operational,XmlWinEventLog,1
raw/1171__BRSP-WS-0046__XmlWinEventLog.log,BRSP-WS-0046,XmlWinEventLog:Security,XmlWinEventLog,5
raw/1172__BRSP-WS-0046__ms_defender_eventhub.log,BRSP-WS-0046,ms:defender:eventhub,ms:defender:eventhub,4
raw/1173__BRSP-WS-0046__sccm_client.log,BRSP-WS-0046,sccm:client,sccm:client,1
raw/1174__BRSP-WS-0047__XmlWinEventLog.log,BRSP-WS-0047,XmlWinEventLog:Microsoft-Windows-Sysmon/Operational,XmlWinEventLog,4
raw/1175__BRSP-WS-0047__XmlWinEventLog.log,BRSP-WS-0047,XmlWinEventLog:Security,XmlWinEventLog,8
raw/1176__BRSP-WS-0048__XmlWinEventLog.log,BRSP-WS-0048,XmlWinEventLog:Microsoft-Windows-Sysmon/Operational,XmlWinEventLog,5
raw/1177__BRSP-WS-0048__XmlWinEventLog.log,BRSP-WS-0048,XmlWinEventLog:Security,XmlWinEventLog,6
raw/1178__BRSP-WS-0048__ms_defender_eventhub.log,BRSP-WS-0048,ms:defender:eventhub,ms:defender:eventhub,1
raw/1179__BRSP-WS-0049__XmlWinEventLog.log,BRSP-WS-0049,XmlWinEventLog:Microsoft-Windows-Sysmon/Operational,XmlWinEventLog,3
raw/1180__BRSP-WS-0049__XmlWinEventLog.log,BRSP-WS-0049,XmlWinEventLog:Security,XmlWinEventLog,1
raw/1181__BRSP-WS-0049__ms_defender_eventhub.log,BRSP-WS-0049,ms:defender:eventhub,ms:defender:eventhub,3
raw/1182__BRSP-WS-0050__XmlWinEventLog.log,BRSP-WS-0050,XmlWinEventLog:Microsoft-Windows-Sysmon/Operational,XmlWinEventLog,4
raw/1183__BRSP-WS-0050__XmlWinEventLog.log,BRSP-WS-0050,XmlWinEventLog:Security,XmlWinEventLog,2
raw/1184__BRSP-WS-0050__ms_defender_eventhub.log,BRSP-WS-0050,ms:defender:eventhub,ms:defender:eventhub,2
raw/1185__BRSP-WS-0051__XmlWinEventLog.log,BRSP-WS-0051,XmlWinEventLog:Microsoft-Windows-Sysmon/Operational,XmlWinEventLog,5
raw/1186__BRSP-WS-0051__XmlWinEventLog.log,BRSP-WS-0051,XmlWinEventLog:Security,XmlWinEventLog,4
raw/1187__BRSP-WS-0052__XmlWinEventLog.log,BRSP-WS-0052,XmlWinEventLog:Microsoft-Windows-Sysmon/Operational,XmlWinEventLog,7
raw/1188__BRSP-WS-0052__XmlWinEventLog.log,BRSP-WS-0052,XmlWinEventLog:Security,XmlWinEventLog,5
raw/1189__BRSP-WS-0052__sccm_client.log,BRSP-WS-0052,sccm:client,sccm:client,1
raw/1190__BRSP-WS-0053__XmlWinEventLog.log,BRSP-WS-0053,XmlWinEventLog:Microsoft-Windows-Sysmon/Operational,XmlWinEventLog,6
raw/1191__BRSP-WS-0053__XmlWinEventLog.log,BRSP-WS-0053,XmlWinEventLog:Security,XmlWinEventLog,4
raw/1192__BRSP-WS-0054__XmlWinEventLog.log,BRSP-WS-0054,XmlWinEventLog:Microsoft-Windows-Sysmon/Operational,XmlWinEventLog,8
raw/1193__BRSP-WS-0054__XmlWinEventLog.log,BRSP-WS-0054,XmlWinEventLog:Security,XmlWinEventLog,3
raw/1194__BRSP-WS-0054__ms_defender_eventhub.log,BRSP-WS-0054,ms:defender:eventhub,ms:defender:eventhub,2
raw/1195__BRSP-WS-0055__XmlWinEventLog.log,BRSP-WS-0055,XmlWinEventLog:Microsoft-Windows-Sysmon/Operational,XmlWinEventLog,9
raw/1196__BRSP-WS-0055__XmlWinEventLog.log,BRSP-WS-0055,XmlWinEventLog:Security,XmlWinEventLog,2
raw/1197__BRSP-WS-0055__trellix_epo.log,BRSP-WS-0055,trellix:epo,trellix:epo,1
raw/1198__BRSP-WS-0055__wsus_client.log,BRSP-WS-0055,wsus:client,wsus:client,1
raw/1199__BRSP-WS-0056__XmlWinEventLog.log,BRSP-WS-0056,XmlWinEventLog:Microsoft-Windows-Sysmon/Operational,XmlWinEventLog,2
raw/1200__BRSP-WS-0056__XmlWinEventLog.log,BRSP-WS-0056,XmlWinEventLog:Security,XmlWinEventLog,6
raw/1201__BRSP-WS-0056__trellix_epo.log,BRSP-WS-0056,trellix:epo,trellix:epo,1
raw/1202__BRSP-WS-0057__XmlWinEventLog.log,BRSP-WS-0057,XmlWinEventLog:Microsoft-Windows-Sysmon/Operational,XmlWinEventLog,5
raw/1203__BRSP-WS-0057__XmlWinEventLog.log,BRSP-WS-0057,XmlWinEventLog:Security,XmlWinEventLog,4
raw/1204__BRSP-WS-0057__ms_defender_eventhub.log,BRSP-WS-0057,ms:defender:eventhub,ms:defender:eventhub,3
raw/1205__BRSP-WS-0057__sccm_client.log,BRSP-WS-0057,sccm:client,sccm:client,1
raw/1206__BRSP-WS-0058__XmlWinEventLog.log,BRSP-WS-0058,XmlWinEventLog:Microsoft-Windows-Sysmon/Operational,XmlWinEventLog,6
raw/1207__BRSP-WS-0058__XmlWinEventLog.log,BRSP-WS-0058,XmlWinEventLog:Security,XmlWinEventLog,4
raw/1208__BRSP-WS-0059__XmlWinEventLog.log,BRSP-WS-0059,XmlWinEventLog:Microsoft-Windows-Sysmon/Operational,XmlWinEventLog,5
raw/1209__BRSP-WS-0059__XmlWinEventLog.log,BRSP-WS-0059,XmlWinEventLog:Security,XmlWinEventLog,3
raw/1210__BRSP-WS-0059__ms_defender_eventhub.log,BRSP-WS-0059,ms:defender:eventhub,ms:defender:eventhub,2
raw/1211__BRSP-WS-0059__trellix_epo.log,BRSP-WS-0059,trellix:epo,trellix:epo,2
raw/1212__BRSP-WS-0060__XmlWinEventLog.log,BRSP-WS-0060,XmlWinEventLog:Microsoft-Windows-Sysmon/Operational,XmlWinEventLog,4
raw/1213__BRSP-WS-0060__XmlWinEventLog.log,BRSP-WS-0060,XmlWinEventLog:Security,XmlWinEventLog,2
raw/1214__BRSP-WS-0060__ms_defender_eventhub.log,BRSP-WS-0060,ms:defender:eventhub,ms:defender:eventhub,1
raw/1215__BRSP-WS-0061__XmlWinEventLog.log,BRSP-WS-0061,XmlWinEventLog:Microsoft-Windows-Sysmon/Operational,XmlWinEventLog,6
raw/1216__BRSP-WS-0061__XmlWinEventLog.log,BRSP-WS-0061,XmlWinEventLog:Security,XmlWinEventLog,2
raw/1217__BRSP-WS-0061__sccm_client.log,BRSP-WS-0061,sccm:client,sccm:client,2
raw/1218__BRSP-WS-0061__wsus_client.log,BRSP-WS-0061,wsus:client,wsus:client,1
raw/1219__BRSP-WS-0062__XmlWinEventLog.log,BRSP-WS-0062,XmlWinEventLog:Microsoft-Windows-Sysmon/Operational,XmlWinEventLog,7
raw/1220__BRSP-WS-0062__XmlWinEventLog.log,BRSP-WS-0062,XmlWinEventLog:Security,XmlWinEventLog,2
raw/1221__BRSP-WS-0062__wsus_client.log,BRSP-WS-0062,wsus:client,wsus:client,1
raw/1222__BRSP-WS-0063__XmlWinEventLog.log,BRSP-WS-0063,XmlWinEventLog:Microsoft-Windows-Sysmon/Operational,XmlWinEventLog,8
raw/1223__BRSP-WS-0063__XmlWinEventLog.log,BRSP-WS-0063,XmlWinEventLog:Security,XmlWinEventLog,4
raw/1224__BRSP-WS-0063__ms_defender_eventhub.log,BRSP-WS-0063,ms:defender:eventhub,ms:defender:eventhub,2
raw/1225__BRSP-WS-0063__trellix_epo.log,BRSP-WS-0063,trellix:epo,trellix:epo,1
raw/1226__BRSP-WS-0064__XmlWinEventLog.log,BRSP-WS-0064,XmlWinEventLog:Microsoft-Windows-Sysmon/Operational,XmlWinEventLog,6
raw/1227__BRSP-WS-0064__XmlWinEventLog.log,BRSP-WS-0064,XmlWinEventLog:Security,XmlWinEventLog,5
raw/1228__BRSP-WS-0064__ms_defender_eventhub.log,BRSP-WS-0064,ms:defender:eventhub,ms:defender:eventhub,2
raw/1229__BRSP-WS-0064__trellix_epo.log,BRSP-WS-0064,trellix:epo,trellix:epo,1
raw/1230__BRSP-WS-0064__wsus_client.log,BRSP-WS-0064,wsus:client,wsus:client,1
raw/1231__BRSP-ZEEK-01__bro_conn_json.log,BRSP-ZEEK-01,zeek:conn,bro:conn:json,840
raw/1232__BRSP-ZEEK-01__bro_dce_rpc_json.log,BRSP-ZEEK-01,zeek:dce_rpc,bro:dce_rpc:json,63
raw/1233__BRSP-ZEEK-01__bro_dns_json.log,BRSP-ZEEK-01,zeek:dns,bro:dns:json,337
raw/1234__BRSP-ZEEK-01__bro_http_json.log,BRSP-ZEEK-01,zeek:http,bro:http:json,198
raw/1235__BRSP-ZEEK-01__bro_smb_files_json.log,BRSP-ZEEK-01,zeek:smb_files,bro:smb_files:json,74
raw/1236__BRSP-ZEEK-01__bro_ssl_json.log,BRSP-ZEEK-01,zeek:ssl,bro:ssl:json,320
raw/1237__CATO-APP-01__XmlWinEventLog.log,CATO-APP-01,XmlWinEventLog:Microsoft-Windows-Sysmon/Operational,XmlWinEventLog,3
raw/1238__CATO-APP-01__XmlWinEventLog.log,CATO-APP-01,XmlWinEventLog:Security,XmlWinEventLog,4
raw/1239__CATO-APP-02__XmlWinEventLog.log,CATO-APP-02,XmlWinEventLog:Microsoft-Windows-Sysmon/Operational,XmlWinEventLog,5
raw/1240__CATO-APP-02__XmlWinEventLog.log,CATO-APP-02,XmlWinEventLog:Security,XmlWinEventLog,6
raw/1241__CATO-APP-02__sccm_client.log,CATO-APP-02,sccm:client,sccm:client,1
raw/1242__CATO-APP-02__trellix_epo.log,CATO-APP-02,trellix:epo,trellix:epo,1
raw/1243__CATO-APP-02__wsus_client.log,CATO-APP-02,wsus:client,wsus:client,1
raw/1244__CATO-APP-03__XmlWinEventLog.log,CATO-APP-03,XmlWinEventLog:Microsoft-Windows-Sysmon/Operational,XmlWinEventLog,7
raw/1245__CATO-APP-03__XmlWinEventLog.log,CATO-APP-03,XmlWinEventLog:Security,XmlWinEventLog,3
raw/1246__CATO-APP-04__XmlWinEventLog.log,CATO-APP-04,XmlWinEventLog:Microsoft-Windows-Sysmon/Operational,XmlWinEventLog,6
raw/1247__CATO-APP-04__XmlWinEventLog.log,CATO-APP-04,XmlWinEventLog:Security,XmlWinEventLog,4
raw/1248__CATO-APP-05__XmlWinEventLog.log,CATO-APP-05,XmlWinEventLog:Microsoft-Windows-Sysmon/Operational,XmlWinEventLog,2
raw/1249__CATO-APP-05__ms_defender_eventhub.log,CATO-APP-05,ms:defender:eventhub,ms:defender:eventhub,2
raw/1250__CATO-APP-06__XmlWinEventLog.log,CATO-APP-06,XmlWinEventLog:Microsoft-Windows-Sysmon/Operational,XmlWinEventLog,2
raw/1251__CATO-APP-06__XmlWinEventLog.log,CATO-APP-06,XmlWinEventLog:Security,XmlWinEventLog,4
raw/1252__CATO-APP-06__ms_defender_eventhub.log,CATO-APP-06,ms:defender:eventhub,ms:defender:eventhub,1
raw/1253__CATO-APP-07__XmlWinEventLog.log,CATO-APP-07,XmlWinEventLog:Microsoft-Windows-Sysmon/Operational,XmlWinEventLog,7
raw/1254__CATO-APP-07__XmlWinEventLog.log,CATO-APP-07,XmlWinEventLog:Security,XmlWinEventLog,5
raw/1255__CATO-APP-08__XmlWinEventLog.log,CATO-APP-08,XmlWinEventLog:Microsoft-Windows-Sysmon/Operational,XmlWinEventLog,3
raw/1256__CATO-APP-08__XmlWinEventLog.log,CATO-APP-08,XmlWinEventLog:Security,XmlWinEventLog,4
raw/1257__CATO-APP-08__ms_defender_eventhub.log,CATO-APP-08,ms:defender:eventhub,ms:defender:eventhub,1
raw/1258__CATO-APP-08__trellix_epo.log,CATO-APP-08,trellix:epo,trellix:epo,1
raw/1259__CATO-APP-08__wsus_client.log,CATO-APP-08,wsus:client,wsus:client,1
raw/1260__CATO-DC-01__XmlWinEventLog.log,CATO-DC-01,XmlWinEventLog:Security,XmlWinEventLog,104
raw/1261__CATO-FS-01__XmlWinEventLog.log,CATO-FS-01,XmlWinEventLog:Microsoft-Windows-Sysmon/Operational,XmlWinEventLog,3
raw/1262__CATO-FS-01__XmlWinEventLog.log,CATO-FS-01,XmlWinEventLog:Security,XmlWinEventLog,3
raw/1263__CATO-FS-02__XmlWinEventLog.log,CATO-FS-02,XmlWinEventLog:Microsoft-Windows-Sysmon/Operational,XmlWinEventLog,6
raw/1264__CATO-FS-02__XmlWinEventLog.log,CATO-FS-02,XmlWinEventLog:Security,XmlWinEventLog,2
raw/1265__CATO-FS-03__XmlWinEventLog.log,CATO-FS-03,XmlWinEventLog:Microsoft-Windows-Sysmon/Operational,XmlWinEventLog,4
raw/1266__CATO-FS-03__XmlWinEventLog.log,CATO-FS-03,XmlWinEventLog:Security,XmlWinEventLog,4
raw/1267__CATO-FS-04__XmlWinEventLog.log,CATO-FS-04,XmlWinEventLog:Microsoft-Windows-Sysmon/Operational,XmlWinEventLog,4
raw/1268__CATO-FS-04__XmlWinEventLog.log,CATO-FS-04,XmlWinEventLog:Security,XmlWinEventLog,3
raw/1269__CATO-FS-04__ms_defender_eventhub.log,CATO-FS-04,ms:defender:eventhub,ms:defender:eventhub,1
raw/1270__CATO-FW-01__pan_traffic.log,CATO-FW-01,pan:traffic,pan:traffic,74
raw/1271__CATO-FW-02__fortigate_traffic.log,CATO-FW-02,fortigate_traffic,fortigate_traffic,91
raw/1272__CATO-FW-03__cisco_asa.log,CATO-FW-03,cisco:asa,cisco:asa,107
raw/1273__CATO-JUMP-01__XmlWinEventLog.log,CATO-JUMP-01,XmlWinEventLog:Microsoft-Windows-Sysmon/Operational,XmlWinEventLog,4
raw/1274__CATO-JUMP-01__XmlWinEventLog.log,CATO-JUMP-01,XmlWinEventLog:Security,XmlWinEventLog,3
raw/1275__CATO-JUMP-01__trellix_epo.log,CATO-JUMP-01,trellix:epo,trellix:epo,1
raw/1276__CATO-JUMP-02__XmlWinEventLog.log,CATO-JUMP-02,XmlWinEventLog:Microsoft-Windows-Sysmon/Operational,XmlWinEventLog,6
raw/1277__CATO-JUMP-02__XmlWinEventLog.log,CATO-JUMP-02,XmlWinEventLog:Security,XmlWinEventLog,6
raw/1278__CATO-JUMP-03__XmlWinEventLog.log,CATO-JUMP-03,XmlWinEventLog:Microsoft-Windows-Sysmon/Operational,XmlWinEventLog,3
raw/1279__CATO-JUMP-03__XmlWinEventLog.log,CATO-JUMP-03,XmlWinEventLog:Security,XmlWinEventLog,5
raw/1280__CATO-JUMP-03__ms_defender_eventhub.log,CATO-JUMP-03,ms:defender:eventhub,ms:defender:eventhub,2
raw/1281__CATO-JUMP-03__sccm_client.log,CATO-JUMP-03,sccm:client,sccm:client,1
raw/1282__CATO-LNX-01__linux_audit.log,CATO-LNX-01,/var/log/audit/audit.log,linux_audit,78
raw/1283__CATO-LNX-01__linux_secure.log,CATO-LNX-01,/var/log/secure,linux_secure,15
raw/1284__CATO-LNX-01__syslog.log,CATO-LNX-01,/var/log/syslog,syslog,23
raw/1285__CATO-LNX-01__trellix_epo.log,CATO-LNX-01,trellix:epo,trellix:epo,1
raw/1286__CATO-LNX-02__linux_audit.log,CATO-LNX-02,/var/log/audit/audit.log,linux_audit,80
raw/1287__CATO-LNX-02__linux_secure.log,CATO-LNX-02,/var/log/secure,linux_secure,15
raw/1288__CATO-LNX-02__syslog.log,CATO-LNX-02,/var/log/syslog,syslog,19
raw/1289__CATO-LNX-03__linux_audit.log,CATO-LNX-03,/var/log/audit/audit.log,linux_audit,92
raw/1290__CATO-LNX-03__linux_secure.log,CATO-LNX-03,/var/log/secure,linux_secure,9
raw/1291__CATO-LNX-03__syslog.log,CATO-LNX-03,/var/log/syslog,syslog,19
raw/1292__CATO-LNX-03__trellix_epo.log,CATO-LNX-03,trellix:epo,trellix:epo,1
raw/1293__CATO-LNX-04__linux_audit.log,CATO-LNX-04,/var/log/audit/audit.log,linux_audit,97
raw/1294__CATO-LNX-04__linux_secure.log,CATO-LNX-04,/var/log/secure,linux_secure,20
raw/1295__CATO-LNX-04__syslog.log,CATO-LNX-04,/var/log/syslog,syslog,31
raw/1296__CATO-LNX-05__linux_audit.log,CATO-LNX-05,/var/log/audit/audit.log,linux_audit,62
raw/1297__CATO-LNX-05__linux_secure.log,CATO-LNX-05,/var/log/secure,linux_secure,18
raw/1298__CATO-LNX-05__syslog.log,CATO-LNX-05,/var/log/syslog,syslog,14
raw/1299__CATO-LNX-06__linux_audit.log,CATO-LNX-06,/var/log/audit/audit.log,linux_audit,68
raw/1300__CATO-LNX-06__linux_secure.log,CATO-LNX-06,/var/log/secure,linux_secure,18
raw/1301__CATO-LNX-06__syslog.log,CATO-LNX-06,/var/log/syslog,syslog,22
raw/1302__CATO-LNX-07__linux_audit.log,CATO-LNX-07,/var/log/audit/audit.log,linux_audit,93
raw/1303__CATO-LNX-07__linux_secure.log,CATO-LNX-07,/var/log/secure,linux_secure,19
raw/1304__CATO-LNX-07__syslog.log,CATO-LNX-07,/var/log/syslog,syslog,33
raw/1305__CATO-LNX-07__ms_defender_eventhub.log,CATO-LNX-07,ms:defender:eventhub,ms:defender:eventhub,2
raw/1306__CATO-LNX-08__linux_audit.log,CATO-LNX-08,/var/log/audit/audit.log,linux_audit,75
raw/1307__CATO-LNX-08__linux_secure.log,CATO-LNX-08,/var/log/secure,linux_secure,11
raw/1308__CATO-LNX-08__syslog.log,CATO-LNX-08,/var/log/syslog,syslog,19
raw/1309__CATO-LNX-08__ms_defender_eventhub.log,CATO-LNX-08,ms:defender:eventhub,ms:defender:eventhub,2
raw/1310__CATO-PACS-01__pacs_access.log,CATO-PACS-01,pacs:access,pacs:access,124
raw/1311__CATO-PAW-01__XmlWinEventLog.log,CATO-PAW-01,XmlWinEventLog:Microsoft-Windows-Sysmon/Operational,XmlWinEventLog,7
raw/1312__CATO-PAW-01__XmlWinEventLog.log,CATO-PAW-01,XmlWinEventLog:Security,XmlWinEventLog,2
raw/1313__CATO-PAW-01__ms_defender_eventhub.log,CATO-PAW-01,ms:defender:eventhub,ms:defender:eventhub,1
raw/1314__CATO-PAW-01__wsus_client.log,CATO-PAW-01,wsus:client,wsus:client,1
raw/1315__CATO-PAW-02__XmlWinEventLog.log,CATO-PAW-02,XmlWinEventLog:Microsoft-Windows-Sysmon/Operational,XmlWinEventLog,9
raw/1316__CATO-PAW-02__XmlWinEventLog.log,CATO-PAW-02,XmlWinEventLog:Security,XmlWinEventLog,4
raw/1317__CATO-PAW-03__XmlWinEventLog.log,CATO-PAW-03,XmlWinEventLog:Microsoft-Windows-Sysmon/Operational,XmlWinEventLog,3
raw/1318__CATO-PAW-03__XmlWinEventLog.log,CATO-PAW-03,XmlWinEventLog:Security,XmlWinEventLog,3
raw/1319__CATO-PAW-03__ms_defender_eventhub.log,CATO-PAW-03,ms:defender:eventhub,ms:defender:eventhub,1
raw/1320__CATO-PAW-03__sccm_client.log,CATO-PAW-03,sccm:client,sccm:client,1
raw/1321__CATO-PAW-04__XmlWinEventLog.log,CATO-PAW-04,XmlWinEventLog:Microsoft-Windows-Sysmon/Operational,XmlWinEventLog,2
raw/1322__CATO-PAW-04__XmlWinEventLog.log,CATO-PAW-04,XmlWinEventLog:Security,XmlWinEventLog,1
raw/1323__CATO-PAW-05__XmlWinEventLog.log,CATO-PAW-05,XmlWinEventLog:Microsoft-Windows-Sysmon/Operational,XmlWinEventLog,1
raw/1324__CATO-PAW-05__XmlWinEventLog.log,CATO-PAW-05,XmlWinEventLog:Security,XmlWinEventLog,9
raw/1325__CATO-PAW-05__wsus_client.log,CATO-PAW-05,wsus:client,wsus:client,1
raw/1326__CATO-PAW-06__XmlWinEventLog.log,CATO-PAW-06,XmlWinEventLog:Microsoft-Windows-Sysmon/Operational,XmlWinEventLog,4
raw/1327__CATO-PAW-06__XmlWinEventLog.log,CATO-PAW-06,XmlWinEventLog:Security,XmlWinEventLog,4
raw/1328__CATO-PAW-06__ms_defender_eventhub.log,CATO-PAW-06,ms:defender:eventhub,ms:defender:eventhub,2
raw/1329__CATO-PAW-06__trellix_epo.log,CATO-PAW-06,trellix:epo,trellix:epo,1
raw/1330__CATO-RTR-01__cisco_ios.log,CATO-RTR-01,cisco:ios,cisco:ios,36
raw/1331__CATO-RTR-02__juniper.log,CATO-RTR-02,juniper,juniper,21
raw/1332__CATO-RTR-02__juniper_junos_firewall.log,CATO-RTR-02,juniper:junos:firewall,juniper:junos:firewall,22
raw/1333__CATO-VDI-01__XmlWinEventLog.log,CATO-VDI-01,XmlWinEventLog:Microsoft-Windows-Sysmon/Operational,XmlWinEventLog,5
raw/1334__CATO-VDI-01__ms_defender_eventhub.log,CATO-VDI-01,ms:defender:eventhub,ms:defender:eventhub,1
raw/1335__CATO-VDI-01__sccm_client.log,CATO-VDI-01,sccm:client,sccm:client,1
raw/1336__CATO-VDI-01__wsus_client.log,CATO-VDI-01,wsus:client,wsus:client,1
raw/1337__CATO-VDI-02__XmlWinEventLog.log,CATO-VDI-02,XmlWinEventLog:Microsoft-Windows-Sysmon/Operational,XmlWinEventLog,10
raw/1338__CATO-VDI-02__XmlWinEventLog.log,CATO-VDI-02,XmlWinEventLog:Security,XmlWinEventLog,5
raw/1339__CATO-VDI-02__ms_defender_eventhub.log,CATO-VDI-02,ms:defender:eventhub,ms:defender:eventhub,1
raw/1340__CATO-VDI-02__trellix_epo.log,CATO-VDI-02,trellix:epo,trellix:epo,1
raw/1341__CATO-VDI-03__XmlWinEventLog.log,CATO-VDI-03,XmlWinEventLog:Microsoft-Windows-Sysmon/Operational,XmlWinEventLog,6
raw/1342__CATO-VDI-03__XmlWinEventLog.log,CATO-VDI-03,XmlWinEventLog:Security,XmlWinEventLog,2
raw/1343__CATO-VDI-03__ms_defender_eventhub.log,CATO-VDI-03,ms:defender:eventhub,ms:defender:eventhub,3
raw/1344__CATO-VDI-03__trellix_epo.log,CATO-VDI-03,trellix:epo,trellix:epo,1
raw/1345__CATO-WS-0001__XmlWinEventLog.log,CATO-WS-0001,XmlWinEventLog:Microsoft-Windows-Sysmon/Operational,XmlWinEventLog,4
raw/1346__CATO-WS-0001__XmlWinEventLog.log,CATO-WS-0001,XmlWinEventLog:Security,XmlWinEventLog,8
raw/1347__CATO-WS-0001__sccm_client.log,CATO-WS-0001,sccm:client,sccm:client,1
raw/1348__CATO-WS-0001__wsus_client.log,CATO-WS-0001,wsus:client,wsus:client,1
raw/1349__CATO-WS-0002__XmlWinEventLog.log,CATO-WS-0002,XmlWinEventLog:Microsoft-Windows-Sysmon/Operational,XmlWinEventLog,5
raw/1350__CATO-WS-0002__XmlWinEventLog.log,CATO-WS-0002,XmlWinEventLog:Security,XmlWinEventLog,12
raw/1351__CATO-WS-0003__XmlWinEventLog.log,CATO-WS-0003,XmlWinEventLog:Microsoft-Windows-Sysmon/Operational,XmlWinEventLog,5
raw/1352__CATO-WS-0003__XmlWinEventLog.log,CATO-WS-0003,XmlWinEventLog:Security,XmlWinEventLog,8
raw/1353__CATO-WS-0003__ms_defender_eventhub.log,CATO-WS-0003,ms:defender:eventhub,ms:defender:eventhub,1
raw/1354__CATO-WS-0003__trellix_epo.log,CATO-WS-0003,trellix:epo,trellix:epo,1
raw/1355__CATO-WS-0004__XmlWinEventLog.log,CATO-WS-0004,XmlWinEventLog:Microsoft-Windows-Sysmon/Operational,XmlWinEventLog,5
raw/1356__CATO-WS-0004__XmlWinEventLog.log,CATO-WS-0004,XmlWinEventLog:Security,XmlWinEventLog,6
raw/1357__CATO-WS-0004__sccm_client.log,CATO-WS-0004,sccm:client,sccm:client,1
raw/1358__CATO-WS-0005__XmlWinEventLog.log,CATO-WS-0005,XmlWinEventLog:Microsoft-Windows-Sysmon/Operational,XmlWinEventLog,7
raw/1359__CATO-WS-0005__XmlWinEventLog.log,CATO-WS-0005,XmlWinEventLog:Security,XmlWinEventLog,8
raw/1360__CATO-WS-0005__ms_defender_eventhub.log,CATO-WS-0005,ms:defender:eventhub,ms:defender:eventhub,1
raw/1361__CATO-WS-0006__XmlWinEventLog.log,CATO-WS-0006,XmlWinEventLog:Microsoft-Windows-Sysmon/Operational,XmlWinEventLog,6
raw/1362__CATO-WS-0006__XmlWinEventLog.log,CATO-WS-0006,XmlWinEventLog:Security,XmlWinEventLog,11
raw/1363__CATO-WS-0006__ms_defender_eventhub.log,CATO-WS-0006,ms:defender:eventhub,ms:defender:eventhub,1
raw/1364__CATO-WS-0007__XmlWinEventLog.log,CATO-WS-0007,XmlWinEventLog:Microsoft-Windows-Sysmon/Operational,XmlWinEventLog,14
raw/1365__CATO-WS-0007__XmlWinEventLog.log,CATO-WS-0007,XmlWinEventLog:Security,XmlWinEventLog,7
raw/1366__CATO-WS-0007__sccm_client.log,CATO-WS-0007,sccm:client,sccm:client,1
raw/1367__CATO-WS-0007__trellix_epo.log,CATO-WS-0007,trellix:epo,trellix:epo,2
raw/1368__CATO-WS-0008__XmlWinEventLog.log,CATO-WS-0008,XmlWinEventLog:Microsoft-Windows-Sysmon/Operational,XmlWinEventLog,5
raw/1369__CATO-WS-0008__XmlWinEventLog.log,CATO-WS-0008,XmlWinEventLog:Security,XmlWinEventLog,4
raw/1370__CATO-WS-0008__ms_defender_eventhub.log,CATO-WS-0008,ms:defender:eventhub,ms:defender:eventhub,1
raw/1371__CATO-WS-0008__trellix_epo.log,CATO-WS-0008,trellix:epo,trellix:epo,1
raw/1372__CATO-WS-0009__XmlWinEventLog.log,CATO-WS-0009,XmlWinEventLog:Microsoft-Windows-Sysmon/Operational,XmlWinEventLog,5
raw/1373__CATO-WS-0009__XmlWinEventLog.log,CATO-WS-0009,XmlWinEventLog:Security,XmlWinEventLog,6
raw/1374__CATO-WS-0009__sccm_client.log,CATO-WS-0009,sccm:client,sccm:client,1
raw/1375__CATO-WS-0009__trellix_epo.log,CATO-WS-0009,trellix:epo,trellix:epo,1
raw/1376__CATO-WS-0010__XmlWinEventLog.log,CATO-WS-0010,XmlWinEventLog:Microsoft-Windows-Sysmon/Operational,XmlWinEventLog,8
raw/1377__CATO-WS-0010__XmlWinEventLog.log,CATO-WS-0010,XmlWinEventLog:Security,XmlWinEventLog,9
raw/1378__CATO-WS-0010__sccm_client.log,CATO-WS-0010,sccm:client,sccm:client,1
raw/1379__CATO-WS-0011__XmlWinEventLog.log,CATO-WS-0011,XmlWinEventLog:Microsoft-Windows-Sysmon/Operational,XmlWinEventLog,11
raw/1380__CATO-WS-0011__XmlWinEventLog.log,CATO-WS-0011,XmlWinEventLog:Security,XmlWinEventLog,9
raw/1381__CATO-WS-0011__ms_defender_eventhub.log,CATO-WS-0011,ms:defender:eventhub,ms:defender:eventhub,2
raw/1382__CATO-WS-0012__XmlWinEventLog.log,CATO-WS-0012,XmlWinEventLog:Microsoft-Windows-Sysmon/Operational,XmlWinEventLog,6
raw/1383__CATO-WS-0012__XmlWinEventLog.log,CATO-WS-0012,XmlWinEventLog:Security,XmlWinEventLog,8
raw/1384__CATO-WS-0012__ms_defender_eventhub.log,CATO-WS-0012,ms:defender:eventhub,ms:defender:eventhub,1
raw/1385__CATO-WS-0013__XmlWinEventLog.log,CATO-WS-0013,XmlWinEventLog:Microsoft-Windows-Sysmon/Operational,XmlWinEventLog,11
raw/1386__CATO-WS-0013__XmlWinEventLog.log,CATO-WS-0013,XmlWinEventLog:Security,XmlWinEventLog,7
raw/1387__CATO-WS-0013__trellix_epo.log,CATO-WS-0013,trellix:epo,trellix:epo,1
raw/1388__CATO-WS-0014__XmlWinEventLog.log,CATO-WS-0014,XmlWinEventLog:Microsoft-Windows-Sysmon/Operational,XmlWinEventLog,6
raw/1389__CATO-WS-0014__XmlWinEventLog.log,CATO-WS-0014,XmlWinEventLog:Security,XmlWinEventLog,15
raw/1390__CATO-WS-0014__ms_defender_eventhub.log,CATO-WS-0014,ms:defender:eventhub,ms:defender:eventhub,1
raw/1391__CATO-WS-0014__wsus_client.log,CATO-WS-0014,wsus:client,wsus:client,1
raw/1392__CATO-WS-0015__XmlWinEventLog.log,CATO-WS-0015,XmlWinEventLog:Microsoft-Windows-Sysmon/Operational,XmlWinEventLog,8
raw/1393__CATO-WS-0015__XmlWinEventLog.log,CATO-WS-0015,XmlWinEventLog:Security,XmlWinEventLog,9
raw/1394__CATO-WS-0015__trellix_epo.log,CATO-WS-0015,trellix:epo,trellix:epo,2
raw/1395__CATO-WS-0016__XmlWinEventLog.log,CATO-WS-0016,XmlWinEventLog:Microsoft-Windows-Sysmon/Operational,XmlWinEventLog,13
raw/1396__CATO-WS-0016__XmlWinEventLog.log,CATO-WS-0016,XmlWinEventLog:Security,XmlWinEventLog,6
raw/1397__CATO-WS-0016__ms_defender_eventhub.log,CATO-WS-0016,ms:defender:eventhub,ms:defender:eventhub,1
raw/1398__CATO-WS-0016__trellix_epo.log,CATO-WS-0016,trellix:epo,trellix:epo,1
raw/1399__CATO-WS-0017__XmlWinEventLog.log,CATO-WS-0017,XmlWinEventLog:Microsoft-Windows-Sysmon/Operational,XmlWinEventLog,14
raw/1400__CATO-WS-0017__XmlWinEventLog.log,CATO-WS-0017,XmlWinEventLog:Security,XmlWinEventLog,10
raw/1401__CATO-WS-0017__ms_defender_eventhub.log,CATO-WS-0017,ms:defender:eventhub,ms:defender:eventhub,1
raw/1402__CATO-WS-0017__sccm_client.log,CATO-WS-0017,sccm:client,sccm:client,1
raw/1403__CATO-WS-0017__trellix_epo.log,CATO-WS-0017,trellix:epo,trellix:epo,1
raw/1404__CATO-WS-0018__XmlWinEventLog.log,CATO-WS-0018,XmlWinEventLog:Microsoft-Windows-Sysmon/Operational,XmlWinEventLog,6
raw/1405__CATO-WS-0018__XmlWinEventLog.log,CATO-WS-0018,XmlWinEventLog:Security,XmlWinEventLog,13
raw/1406__CATO-WS-0019__XmlWinEventLog.log,CATO-WS-0019,XmlWinEventLog:Microsoft-Windows-Sysmon/Operational,XmlWinEventLog,6
raw/1407__CATO-WS-0019__XmlWinEventLog.log,CATO-WS-0019,XmlWinEventLog:Security,XmlWinEventLog,6
raw/1408__CATO-WS-0020__XmlWinEventLog.log,CATO-WS-0020,XmlWinEventLog:Microsoft-Windows-Sysmon/Operational,XmlWinEventLog,13
raw/1409__CATO-WS-0020__XmlWinEventLog.log,CATO-WS-0020,XmlWinEventLog:Security,XmlWinEventLog,5
raw/1410__CATO-WS-0021__XmlWinEventLog.log,CATO-WS-0021,XmlWinEventLog:Microsoft-Windows-Sysmon/Operational,XmlWinEventLog,8
raw/1411__CATO-WS-0021__XmlWinEventLog.log,CATO-WS-0021,XmlWinEventLog:Security,XmlWinEventLog,9
raw/1412__CATO-WS-0021__ms_defender_eventhub.log,CATO-WS-0021,ms:defender:eventhub,ms:defender:eventhub,1
raw/1413__CATO-WS-0022__XmlWinEventLog.log,CATO-WS-0022,XmlWinEventLog:Microsoft-Windows-Sysmon/Operational,XmlWinEventLog,7
raw/1414__CATO-WS-0022__XmlWinEventLog.log,CATO-WS-0022,XmlWinEventLog:Security,XmlWinEventLog,6
raw/1415__CATO-WS-0023__XmlWinEventLog.log,CATO-WS-0023,XmlWinEventLog:Microsoft-Windows-Sysmon/Operational,XmlWinEventLog,4
raw/1416__CATO-WS-0023__XmlWinEventLog.log,CATO-WS-0023,XmlWinEventLog:Security,XmlWinEventLog,12
raw/1417__CATO-WS-0024__XmlWinEventLog.log,CATO-WS-0024,XmlWinEventLog:Microsoft-Windows-Sysmon/Operational,XmlWinEventLog,7
raw/1418__CATO-WS-0024__XmlWinEventLog.log,CATO-WS-0024,XmlWinEventLog:Security,XmlWinEventLog,11
raw/1419__CATO-WS-0024__ms_defender_eventhub.log,CATO-WS-0024,ms:defender:eventhub,ms:defender:eventhub,2
raw/1420__CATO-WS-0025__XmlWinEventLog.log,CATO-WS-0025,XmlWinEventLog:Microsoft-Windows-Sysmon/Operational,XmlWinEventLog,4
raw/1421__CATO-WS-0025__XmlWinEventLog.log,CATO-WS-0025,XmlWinEventLog:Security,XmlWinEventLog,7
raw/1422__CATO-WS-0025__wsus_client.log,CATO-WS-0025,wsus:client,wsus:client,1
raw/1423__CATO-WS-0026__XmlWinEventLog.log,CATO-WS-0026,XmlWinEventLog:Microsoft-Windows-Sysmon/Operational,XmlWinEventLog,8
raw/1424__CATO-WS-0026__XmlWinEventLog.log,CATO-WS-0026,XmlWinEventLog:Security,XmlWinEventLog,4
raw/1425__CATO-WS-0026__trellix_epo.log,CATO-WS-0026,trellix:epo,trellix:epo,1
raw/1426__CATO-WS-0026__wsus_client.log,CATO-WS-0026,wsus:client,wsus:client,1
raw/1427__CATO-WS-0027__XmlWinEventLog.log,CATO-WS-0027,XmlWinEventLog:Microsoft-Windows-Sysmon/Operational,XmlWinEventLog,8
raw/1428__CATO-WS-0027__XmlWinEventLog.log,CATO-WS-0027,XmlWinEventLog:Security,XmlWinEventLog,1
raw/1429__CATO-WS-0028__XmlWinEventLog.log,CATO-WS-0028,XmlWinEventLog:Microsoft-Windows-Sysmon/Operational,XmlWinEventLog,5
raw/1430__CATO-WS-0028__XmlWinEventLog.log,CATO-WS-0028,XmlWinEventLog:Security,XmlWinEventLog,2
raw/1431__CATO-WS-0028__trellix_epo.log,CATO-WS-0028,trellix:epo,trellix:epo,1
raw/1432__CATO-WS-0029__XmlWinEventLog.log,CATO-WS-0029,XmlWinEventLog:Microsoft-Windows-Sysmon/Operational,XmlWinEventLog,6
raw/1433__CATO-WS-0029__XmlWinEventLog.log,CATO-WS-0029,XmlWinEventLog:Security,XmlWinEventLog,5
raw/1434__CATO-WS-0030__XmlWinEventLog.log,CATO-WS-0030,XmlWinEventLog:Microsoft-Windows-Sysmon/Operational,XmlWinEventLog,7
raw/1435__CATO-WS-0030__XmlWinEventLog.log,CATO-WS-0030,XmlWinEventLog:Security,XmlWinEventLog,6
raw/1436__CATO-WS-0031__XmlWinEventLog.log,CATO-WS-0031,XmlWinEventLog:Microsoft-Windows-Sysmon/Operational,XmlWinEventLog,6
raw/1437__CATO-WS-0031__XmlWinEventLog.log,CATO-WS-0031,XmlWinEventLog:Security,XmlWinEventLog,6
raw/1438__CATO-WS-0031__ms_defender_eventhub.log,CATO-WS-0031,ms:defender:eventhub,ms:defender:eventhub,2
raw/1439__CATO-WS-0032__XmlWinEventLog.log,CATO-WS-0032,XmlWinEventLog:Microsoft-Windows-Sysmon/Operational,XmlWinEventLog,2
raw/1440__CATO-WS-0032__XmlWinEventLog.log,CATO-WS-0032,XmlWinEventLog:Security,XmlWinEventLog,7
raw/1441__CATO-WS-0033__XmlWinEventLog.log,CATO-WS-0033,XmlWinEventLog:Microsoft-Windows-Sysmon/Operational,XmlWinEventLog,5
raw/1442__CATO-WS-0033__XmlWinEventLog.log,CATO-WS-0033,XmlWinEventLog:Security,XmlWinEventLog,4
raw/1443__CATO-WS-0033__ms_defender_eventhub.log,CATO-WS-0033,ms:defender:eventhub,ms:defender:eventhub,1
raw/1444__CATO-WS-0033__sccm_client.log,CATO-WS-0033,sccm:client,sccm:client,1
raw/1445__CATO-WS-0034__XmlWinEventLog.log,CATO-WS-0034,XmlWinEventLog:Microsoft-Windows-Sysmon/Operational,XmlWinEventLog,1
raw/1446__CATO-WS-0034__XmlWinEventLog.log,CATO-WS-0034,XmlWinEventLog:Security,XmlWinEventLog,7
raw/1447__CATO-WS-0035__XmlWinEventLog.log,CATO-WS-0035,XmlWinEventLog:Microsoft-Windows-Sysmon/Operational,XmlWinEventLog,7
raw/1448__CATO-WS-0035__XmlWinEventLog.log,CATO-WS-0035,XmlWinEventLog:Security,XmlWinEventLog,6
raw/1449__CATO-WS-0035__trellix_epo.log,CATO-WS-0035,trellix:epo,trellix:epo,1
raw/1450__CATO-WS-0036__XmlWinEventLog.log,CATO-WS-0036,XmlWinEventLog:Microsoft-Windows-Sysmon/Operational,XmlWinEventLog,7
raw/1451__CATO-WS-0036__XmlWinEventLog.log,CATO-WS-0036,XmlWinEventLog:Security,XmlWinEventLog,4
raw/1452__CATO-WS-0036__ms_defender_eventhub.log,CATO-WS-0036,ms:defender:eventhub,ms:defender:eventhub,2
raw/1453__CATO-WS-0036__sccm_client.log,CATO-WS-0036,sccm:client,sccm:client,1
raw/1454__CATO-WS-0037__XmlWinEventLog.log,CATO-WS-0037,XmlWinEventLog:Microsoft-Windows-Sysmon/Operational,XmlWinEventLog,5
raw/1455__CATO-WS-0037__XmlWinEventLog.log,CATO-WS-0037,XmlWinEventLog:Security,XmlWinEventLog,9
raw/1456__CATO-WS-0038__XmlWinEventLog.log,CATO-WS-0038,XmlWinEventLog:Microsoft-Windows-Sysmon/Operational,XmlWinEventLog,2
raw/1457__CATO-WS-0038__XmlWinEventLog.log,CATO-WS-0038,XmlWinEventLog:Security,XmlWinEventLog,1
raw/1458__CATO-WS-0038__ms_defender_eventhub.log,CATO-WS-0038,ms:defender:eventhub,ms:defender:eventhub,2
raw/1459__CATO-WS-0038__trellix_epo.log,CATO-WS-0038,trellix:epo,trellix:epo,1
raw/1460__CATO-WS-0039__XmlWinEventLog.log,CATO-WS-0039,XmlWinEventLog:Microsoft-Windows-Sysmon/Operational,XmlWinEventLog,6
raw/1461__CATO-WS-0039__XmlWinEventLog.log,CATO-WS-0039,XmlWinEventLog:Security,XmlWinEventLog,8
raw/1462__CATO-WS-0039__ms_defender_eventhub.log,CATO-WS-0039,ms:defender:eventhub,ms:defender:eventhub,1
raw/1463__CATO-WS-0039__trellix_epo.log,CATO-WS-0039,trellix:epo,trellix:epo,1
raw/1464__CATO-WS-0040__XmlWinEventLog.log,CATO-WS-0040,XmlWinEventLog:Microsoft-Windows-Sysmon/Operational,XmlWinEventLog,8
raw/1465__CATO-WS-0040__XmlWinEventLog.log,CATO-WS-0040,XmlWinEventLog:Security,XmlWinEventLog,5
raw/1466__CATO-WS-0041__XmlWinEventLog.log,CATO-WS-0041,XmlWinEventLog:Microsoft-Windows-Sysmon/Operational,XmlWinEventLog,9
raw/1467__CATO-WS-0041__XmlWinEventLog.log,CATO-WS-0041,XmlWinEventLog:Security,XmlWinEventLog,2
raw/1468__CATO-WS-0041__wsus_client.log,CATO-WS-0041,wsus:client,wsus:client,1
raw/1469__CATO-WS-0042__XmlWinEventLog.log,CATO-WS-0042,XmlWinEventLog:Microsoft-Windows-Sysmon/Operational,XmlWinEventLog,5
raw/1470__CATO-WS-0042__XmlWinEventLog.log,CATO-WS-0042,XmlWinEventLog:Security,XmlWinEventLog,4
raw/1471__CATO-WS-0043__XmlWinEventLog.log,CATO-WS-0043,XmlWinEventLog:Microsoft-Windows-Sysmon/Operational,XmlWinEventLog,6
raw/1472__CATO-WS-0043__XmlWinEventLog.log,CATO-WS-0043,XmlWinEventLog:Security,XmlWinEventLog,1
raw/1473__CATO-WS-0043__wsus_client.log,CATO-WS-0043,wsus:client,wsus:client,1
raw/1474__CATO-WS-0044__XmlWinEventLog.log,CATO-WS-0044,XmlWinEventLog:Microsoft-Windows-Sysmon/Operational,XmlWinEventLog,6
raw/1475__CATO-WS-0044__XmlWinEventLog.log,CATO-WS-0044,XmlWinEventLog:Security,XmlWinEventLog,6
raw/1476__CATO-WS-0044__ms_defender_eventhub.log,CATO-WS-0044,ms:defender:eventhub,ms:defender:eventhub,1
raw/1477__CATO-WS-0044__trellix_epo.log,CATO-WS-0044,trellix:epo,trellix:epo,2
raw/1478__CATO-WS-0045__XmlWinEventLog.log,CATO-WS-0045,XmlWinEventLog:Microsoft-Windows-Sysmon/Operational,XmlWinEventLog,2
raw/1479__CATO-WS-0045__XmlWinEventLog.log,CATO-WS-0045,XmlWinEventLog:Security,XmlWinEventLog,6
raw/1480__CATO-WS-0045__ms_defender_eventhub.log,CATO-WS-0045,ms:defender:eventhub,ms:defender:eventhub,1
raw/1481__CATO-WS-0046__XmlWinEventLog.log,CATO-WS-0046,XmlWinEventLog:Microsoft-Windows-Sysmon/Operational,XmlWinEventLog,6
raw/1482__CATO-WS-0046__XmlWinEventLog.log,CATO-WS-0046,XmlWinEventLog:Security,XmlWinEventLog,5
raw/1483__CATO-WS-0046__ms_defender_eventhub.log,CATO-WS-0046,ms:defender:eventhub,ms:defender:eventhub,1
raw/1484__CATO-WS-0046__trellix_epo.log,CATO-WS-0046,trellix:epo,trellix:epo,1
raw/1485__CATO-WS-0047__XmlWinEventLog.log,CATO-WS-0047,XmlWinEventLog:Microsoft-Windows-Sysmon/Operational,XmlWinEventLog,6
raw/1486__CATO-WS-0047__XmlWinEventLog.log,CATO-WS-0047,XmlWinEventLog:Security,XmlWinEventLog,3
raw/1487__CATO-WS-0047__ms_defender_eventhub.log,CATO-WS-0047,ms:defender:eventhub,ms:defender:eventhub,1
raw/1488__CATO-WS-0047__trellix_epo.log,CATO-WS-0047,trellix:epo,trellix:epo,1
raw/1489__CATO-WS-0048__XmlWinEventLog.log,CATO-WS-0048,XmlWinEventLog:Microsoft-Windows-Sysmon/Operational,XmlWinEventLog,6
raw/1490__CATO-WS-0048__XmlWinEventLog.log,CATO-WS-0048,XmlWinEventLog:Security,XmlWinEventLog,5
raw/1491__CATO-WS-0048__trellix_epo.log,CATO-WS-0048,trellix:epo,trellix:epo,1
raw/1492__CATO-WS-0049__XmlWinEventLog.log,CATO-WS-0049,XmlWinEventLog:Microsoft-Windows-Sysmon/Operational,XmlWinEventLog,6
raw/1493__CATO-WS-0049__XmlWinEventLog.log,CATO-WS-0049,XmlWinEventLog:Security,XmlWinEventLog,7
raw/1494__CATO-WS-0049__ms_defender_eventhub.log,CATO-WS-0049,ms:defender:eventhub,ms:defender:eventhub,2
raw/1495__CATO-WS-0050__XmlWinEventLog.log,CATO-WS-0050,XmlWinEventLog:Microsoft-Windows-Sysmon/Operational,XmlWinEventLog,6
raw/1496__CATO-WS-0050__XmlWinEventLog.log,CATO-WS-0050,XmlWinEventLog:Security,XmlWinEventLog,1
raw/1497__CATO-WS-0050__ms_defender_eventhub.log,CATO-WS-0050,ms:defender:eventhub,ms:defender:eventhub,2
raw/1498__CATO-WS-0051__XmlWinEventLog.log,CATO-WS-0051,XmlWinEventLog:Microsoft-Windows-Sysmon/Operational,XmlWinEventLog,6
raw/1499__CATO-WS-0051__XmlWinEventLog.log,CATO-WS-0051,XmlWinEventLog:Security,XmlWinEventLog,3
raw/1500__CATO-WS-0051__ms_defender_eventhub.log,CATO-WS-0051,ms:defender:eventhub,ms:defender:eventhub,1
raw/1501__CATO-WS-0052__XmlWinEventLog.log,CATO-WS-0052,XmlWinEventLog:Microsoft-Windows-Sysmon/Operational,XmlWinEventLog,8
raw/1502__CATO-WS-0052__XmlWinEventLog.log,CATO-WS-0052,XmlWinEventLog:Security,XmlWinEventLog,6
raw/1503__CATO-WS-0052__ms_defender_eventhub.log,CATO-WS-0052,ms:defender:eventhub,ms:defender:eventhub,2
raw/1504__CATO-WS-0053__XmlWinEventLog.log,CATO-WS-0053,XmlWinEventLog:Microsoft-Windows-Sysmon/Operational,XmlWinEventLog,8
raw/1505__CATO-WS-0053__XmlWinEventLog.log,CATO-WS-0053,XmlWinEventLog:Security,XmlWinEventLog,5
raw/1506__CATO-WS-0053__ms_defender_eventhub.log,CATO-WS-0053,ms:defender:eventhub,ms:defender:eventhub,2
raw/1507__CATO-WS-0053__trellix_epo.log,CATO-WS-0053,trellix:epo,trellix:epo,1
raw/1508__CATO-WS-0054__XmlWinEventLog.log,CATO-WS-0054,XmlWinEventLog:Microsoft-Windows-Sysmon/Operational,XmlWinEventLog,4
raw/1509__CATO-WS-0054__XmlWinEventLog.log,CATO-WS-0054,XmlWinEventLog:Security,XmlWinEventLog,3
raw/1510__CATO-WS-0054__ms_defender_eventhub.log,CATO-WS-0054,ms:defender:eventhub,ms:defender:eventhub,4
raw/1511__CATO-WS-0054__sccm_client.log,CATO-WS-0054,sccm:client,sccm:client,1
raw/1512__CATO-WS-0054__trellix_epo.log,CATO-WS-0054,trellix:epo,trellix:epo,2
raw/1513__CATO-WS-0055__XmlWinEventLog.log,CATO-WS-0055,XmlWinEventLog:Microsoft-Windows-Sysmon/Operational,XmlWinEventLog,2
raw/1514__CATO-WS-0055__XmlWinEventLog.log,CATO-WS-0055,XmlWinEventLog:Security,XmlWinEventLog,6
raw/1515__CATO-WS-0055__ms_defender_eventhub.log,CATO-WS-0055,ms:defender:eventhub,ms:defender:eventhub,1
raw/1516__CATO-WS-0056__XmlWinEventLog.log,CATO-WS-0056,XmlWinEventLog:Microsoft-Windows-Sysmon/Operational,XmlWinEventLog,6
raw/1517__CATO-WS-0056__XmlWinEventLog.log,CATO-WS-0056,XmlWinEventLog:Security,XmlWinEventLog,6
raw/1518__CATO-WS-0056__wsus_client.log,CATO-WS-0056,wsus:client,wsus:client,1
raw/1519__CATO-WS-0057__XmlWinEventLog.log,CATO-WS-0057,XmlWinEventLog:Microsoft-Windows-Sysmon/Operational,XmlWinEventLog,3
raw/1520__CATO-WS-0057__XmlWinEventLog.log,CATO-WS-0057,XmlWinEventLog:Security,XmlWinEventLog,4
raw/1521__CATO-WS-0057__ms_defender_eventhub.log,CATO-WS-0057,ms:defender:eventhub,ms:defender:eventhub,1
raw/1522__CATO-WS-0058__XmlWinEventLog.log,CATO-WS-0058,XmlWinEventLog:Microsoft-Windows-Sysmon/Operational,XmlWinEventLog,4
raw/1523__CATO-WS-0058__XmlWinEventLog.log,CATO-WS-0058,XmlWinEventLog:Security,XmlWinEventLog,9
raw/1524__CATO-WS-0059__XmlWinEventLog.log,CATO-WS-0059,XmlWinEventLog:Microsoft-Windows-Sysmon/Operational,XmlWinEventLog,7
raw/1525__CATO-WS-0059__XmlWinEventLog.log,CATO-WS-0059,XmlWinEventLog:Security,XmlWinEventLog,5
raw/1526__CATO-WS-0060__XmlWinEventLog.log,CATO-WS-0060,XmlWinEventLog:Microsoft-Windows-Sysmon/Operational,XmlWinEventLog,4
raw/1527__CATO-WS-0060__XmlWinEventLog.log,CATO-WS-0060,XmlWinEventLog:Security,XmlWinEventLog,1
raw/1528__CATO-WS-0061__XmlWinEventLog.log,CATO-WS-0061,XmlWinEventLog:Microsoft-Windows-Sysmon/Operational,XmlWinEventLog,4
raw/1529__CATO-WS-0061__XmlWinEventLog.log,CATO-WS-0061,XmlWinEventLog:Security,XmlWinEventLog,4
raw/1530__CATO-WS-0061__wsus_client.log,CATO-WS-0061,wsus:client,wsus:client,2
raw/1531__CATO-WS-0062__XmlWinEventLog.log,CATO-WS-0062,XmlWinEventLog:Microsoft-Windows-Sysmon/Operational,XmlWinEventLog,6
raw/1532__CATO-WS-0062__XmlWinEventLog.log,CATO-WS-0062,XmlWinEventLog:Security,XmlWinEventLog,2
raw/1533__CATO-WS-0062__ms_defender_eventhub.log,CATO-WS-0062,ms:defender:eventhub,ms:defender:eventhub,1
raw/1534__CATO-WS-0062__sccm_client.log,CATO-WS-0062,sccm:client,sccm:client,1
raw/1535__CATO-WS-0063__XmlWinEventLog.log,CATO-WS-0063,XmlWinEventLog:Microsoft-Windows-Sysmon/Operational,XmlWinEventLog,7
raw/1536__CATO-WS-0063__XmlWinEventLog.log,CATO-WS-0063,XmlWinEventLog:Security,XmlWinEventLog,3
raw/1537__CATO-WS-0063__ms_defender_eventhub.log,CATO-WS-0063,ms:defender:eventhub,ms:defender:eventhub,1
raw/1538__CATO-WS-0064__XmlWinEventLog.log,CATO-WS-0064,XmlWinEventLog:Microsoft-Windows-Sysmon/Operational,XmlWinEventLog,5
raw/1539__CATO-WS-0064__XmlWinEventLog.log,CATO-WS-0064,XmlWinEventLog:Security,XmlWinEventLog,6
raw/1540__CATO-WS-0064__sccm_client.log,CATO-WS-0064,sccm:client,sccm:client,1
raw/1541__CATO-ZEEK-01__bro_conn_json.log,CATO-ZEEK-01,zeek:conn,bro:conn:json,840
raw/1542__CATO-ZEEK-01__bro_dce_rpc_json.log,CATO-ZEEK-01,zeek:dce_rpc,bro:dce_rpc:json,83
raw/1543__CATO-ZEEK-01__bro_dns_json.log,CATO-ZEEK-01,zeek:dns,bro:dns:json,342
raw/1544__CATO-ZEEK-01__bro_http_json.log,CATO-ZEEK-01,zeek:http,bro:http:json,189
raw/1545__CATO-ZEEK-01__bro_smb_files_json.log,CATO-ZEEK-01,zeek:smb_files,bro:smb_files:json,79
raw/1546__CATO-ZEEK-01__bro_ssl_json.log,CATO-ZEEK-01,zeek:ssl,bro:ssl:json,323
raw/1547__DEFR-APP-01__XmlWinEventLog.log,DEFR-APP-01,XmlWinEventLog:Microsoft-Windows-Sysmon/Operational,XmlWinEventLog,4
raw/1548__DEFR-APP-01__XmlWinEventLog.log,DEFR-APP-01,XmlWinEventLog:Security,XmlWinEventLog,5
raw/1549__DEFR-APP-01__ms_defender_eventhub.log,DEFR-APP-01,ms:defender:eventhub,ms:defender:eventhub,2
raw/1550__DEFR-APP-02__XmlWinEventLog.log,DEFR-APP-02,XmlWinEventLog:Microsoft-Windows-Sysmon/Operational,XmlWinEventLog,1
raw/1551__DEFR-APP-02__XmlWinEventLog.log,DEFR-APP-02,XmlWinEventLog:Security,XmlWinEventLog,10
raw/1552__DEFR-APP-02__ms_defender_eventhub.log,DEFR-APP-02,ms:defender:eventhub,ms:defender:eventhub,1
raw/1553__DEFR-APP-02__sccm_client.log,DEFR-APP-02,sccm:client,sccm:client,1
raw/1554__DEFR-APP-02__trellix_epo.log,DEFR-APP-02,trellix:epo,trellix:epo,1
raw/1555__DEFR-APP-03__XmlWinEventLog.log,DEFR-APP-03,XmlWinEventLog:Microsoft-Windows-Sysmon/Operational,XmlWinEventLog,7
raw/1556__DEFR-APP-03__XmlWinEventLog.log,DEFR-APP-03,XmlWinEventLog:Security,XmlWinEventLog,2
raw/1557__DEFR-APP-03__wsus_client.log,DEFR-APP-03,wsus:client,wsus:client,1
raw/1558__DEFR-APP-04__XmlWinEventLog.log,DEFR-APP-04,XmlWinEventLog:Microsoft-Windows-Sysmon/Operational,XmlWinEventLog,12
raw/1559__DEFR-APP-04__XmlWinEventLog.log,DEFR-APP-04,XmlWinEventLog:Security,XmlWinEventLog,4
raw/1560__DEFR-APP-04__ms_defender_eventhub.log,DEFR-APP-04,ms:defender:eventhub,ms:defender:eventhub,1
raw/1561__DEFR-APP-04__wsus_client.log,DEFR-APP-04,wsus:client,wsus:client,1
raw/1562__DEFR-APP-05__XmlWinEventLog.log,DEFR-APP-05,XmlWinEventLog:Microsoft-Windows-Sysmon/Operational,XmlWinEventLog,6
raw/1563__DEFR-APP-05__XmlWinEventLog.log,DEFR-APP-05,XmlWinEventLog:Security,XmlWinEventLog,4
raw/1564__DEFR-APP-05__ms_defender_eventhub.log,DEFR-APP-05,ms:defender:eventhub,ms:defender:eventhub,2
raw/1565__DEFR-APP-05__sccm_client.log,DEFR-APP-05,sccm:client,sccm:client,1
raw/1566__DEFR-APP-06__XmlWinEventLog.log,DEFR-APP-06,XmlWinEventLog:Microsoft-Windows-Sysmon/Operational,XmlWinEventLog,3
raw/1567__DEFR-APP-06__XmlWinEventLog.log,DEFR-APP-06,XmlWinEventLog:Security,XmlWinEventLog,5
raw/1568__DEFR-APP-06__wsus_client.log,DEFR-APP-06,wsus:client,wsus:client,2
raw/1569__DEFR-APP-07__XmlWinEventLog.log,DEFR-APP-07,XmlWinEventLog:Microsoft-Windows-Sysmon/Operational,XmlWinEventLog,8
raw/1570__DEFR-APP-07__XmlWinEventLog.log,DEFR-APP-07,XmlWinEventLog:Security,XmlWinEventLog,1
raw/1571__DEFR-APP-08__XmlWinEventLog.log,DEFR-APP-08,XmlWinEventLog:Microsoft-Windows-Sysmon/Operational,XmlWinEventLog,5
raw/1572__DEFR-APP-08__XmlWinEventLog.log,DEFR-APP-08,XmlWinEventLog:Security,XmlWinEventLog,6
raw/1573__DEFR-APP-08__sccm_client.log,DEFR-APP-08,sccm:client,sccm:client,1
raw/1574__DEFR-DC-01__XmlWinEventLog.log,DEFR-DC-01,XmlWinEventLog:Security,XmlWinEventLog,125
raw/1575__DEFR-FS-01__XmlWinEventLog.log,DEFR-FS-01,XmlWinEventLog:Microsoft-Windows-Sysmon/Operational,XmlWinEventLog,6
raw/1576__DEFR-FS-01__XmlWinEventLog.log,DEFR-FS-01,XmlWinEventLog:Security,XmlWinEventLog,6
raw/1577__DEFR-FS-01__ms_defender_eventhub.log,DEFR-FS-01,ms:defender:eventhub,ms:defender:eventhub,1
raw/1578__DEFR-FS-01__wsus_client.log,DEFR-FS-01,wsus:client,wsus:client,1
raw/1579__DEFR-FS-02__XmlWinEventLog.log,DEFR-FS-02,XmlWinEventLog:Microsoft-Windows-Sysmon/Operational,XmlWinEventLog,5
raw/1580__DEFR-FS-02__XmlWinEventLog.log,DEFR-FS-02,XmlWinEventLog:Security,XmlWinEventLog,5
raw/1581__DEFR-FS-02__wsus_client.log,DEFR-FS-02,wsus:client,wsus:client,1
raw/1582__DEFR-FS-03__XmlWinEventLog.log,DEFR-FS-03,XmlWinEventLog:Microsoft-Windows-Sysmon/Operational,XmlWinEventLog,6
raw/1583__DEFR-FS-03__XmlWinEventLog.log,DEFR-FS-03,XmlWinEventLog:Security,XmlWinEventLog,6
raw/1584__DEFR-FS-03__ms_defender_eventhub.log,DEFR-FS-03,ms:defender:eventhub,ms:defender:eventhub,1
raw/1585__DEFR-FS-03__trellix_epo.log,DEFR-FS-03,trellix:epo,trellix:epo,1
raw/1586__DEFR-FS-04__XmlWinEventLog.log,DEFR-FS-04,XmlWinEventLog:Microsoft-Windows-Sysmon/Operational,XmlWinEventLog,9
raw/1587__DEFR-FS-04__XmlWinEventLog.log,DEFR-FS-04,XmlWinEventLog:Security,XmlWinEventLog,4
raw/1588__DEFR-FS-04__wsus_client.log,DEFR-FS-04,wsus:client,wsus:client,1
raw/1589__DEFR-FW-01__pan_traffic.log,DEFR-FW-01,pan:traffic,pan:traffic,85
raw/1590__DEFR-FW-02__fortigate_traffic.log,DEFR-FW-02,fortigate_traffic,fortigate_traffic,87
raw/1591__DEFR-FW-03__cisco_asa.log,DEFR-FW-03,cisco:asa,cisco:asa,88
raw/1592__DEFR-JUMP-01__XmlWinEventLog.log,DEFR-JUMP-01,XmlWinEventLog:Microsoft-Windows-Sysmon/Operational,XmlWinEventLog,6
raw/1593__DEFR-JUMP-01__XmlWinEventLog.log,DEFR-JUMP-01,XmlWinEventLog:Security,XmlWinEventLog,3
raw/1594__DEFR-JUMP-01__ms_defender_eventhub.log,DEFR-JUMP-01,ms:defender:eventhub,ms:defender:eventhub,1
raw/1595__DEFR-JUMP-01__trellix_epo.log,DEFR-JUMP-01,trellix:epo,trellix:epo,1
raw/1596__DEFR-JUMP-01__wsus_client.log,DEFR-JUMP-01,wsus:client,wsus:client,1
raw/1597__DEFR-JUMP-02__XmlWinEventLog.log,DEFR-JUMP-02,XmlWinEventLog:Microsoft-Windows-Sysmon/Operational,XmlWinEventLog,4
raw/1598__DEFR-JUMP-02__XmlWinEventLog.log,DEFR-JUMP-02,XmlWinEventLog:Security,XmlWinEventLog,6
raw/1599__DEFR-JUMP-02__sccm_client.log,DEFR-JUMP-02,sccm:client,sccm:client,1
raw/1600__DEFR-JUMP-03__XmlWinEventLog.log,DEFR-JUMP-03,XmlWinEventLog:Microsoft-Windows-Sysmon/Operational,XmlWinEventLog,9
raw/1601__DEFR-JUMP-03__XmlWinEventLog.log,DEFR-JUMP-03,XmlWinEventLog:Security,XmlWinEventLog,6
raw/1602__DEFR-JUMP-03__ms_defender_eventhub.log,DEFR-JUMP-03,ms:defender:eventhub,ms:defender:eventhub,1
raw/1603__DEFR-JUMP-03__trellix_epo.log,DEFR-JUMP-03,trellix:epo,trellix:epo,1
raw/1604__DEFR-JUMP-03__wsus_client.log,DEFR-JUMP-03,wsus:client,wsus:client,1
raw/1605__DEFR-LNX-01__linux_audit.log,DEFR-LNX-01,/var/log/audit/audit.log,linux_audit,54
raw/1606__DEFR-LNX-01__linux_secure.log,DEFR-LNX-01,/var/log/secure,linux_secure,14
raw/1607__DEFR-LNX-01__syslog.log,DEFR-LNX-01,/var/log/syslog,syslog,26
raw/1608__DEFR-LNX-01__ms_defender_eventhub.log,DEFR-LNX-01,ms:defender:eventhub,ms:defender:eventhub,1
raw/1609__DEFR-LNX-02__linux_audit.log,DEFR-LNX-02,/var/log/audit/audit.log,linux_audit,79
raw/1610__DEFR-LNX-02__linux_secure.log,DEFR-LNX-02,/var/log/secure,linux_secure,18
raw/1611__DEFR-LNX-02__syslog.log,DEFR-LNX-02,/var/log/syslog,syslog,20
raw/1612__DEFR-LNX-03__linux_audit.log,DEFR-LNX-03,/var/log/audit/audit.log,linux_audit,85
raw/1613__DEFR-LNX-03__linux_secure.log,DEFR-LNX-03,/var/log/secure,linux_secure,19
raw/1614__DEFR-LNX-03__syslog.log,DEFR-LNX-03,/var/log/syslog,syslog,34
raw/1615__DEFR-LNX-03__ms_defender_eventhub.log,DEFR-LNX-03,ms:defender:eventhub,ms:defender:eventhub,1
raw/1616__DEFR-LNX-03__trellix_epo.log,DEFR-LNX-03,trellix:epo,trellix:epo,1
raw/1617__DEFR-LNX-04__linux_audit.log,DEFR-LNX-04,/var/log/audit/audit.log,linux_audit,64
raw/1618__DEFR-LNX-04__linux_secure.log,DEFR-LNX-04,/var/log/secure,linux_secure,20
raw/1619__DEFR-LNX-04__syslog.log,DEFR-LNX-04,/var/log/syslog,syslog,20
raw/1620__DEFR-LNX-05__linux_audit.log,DEFR-LNX-05,/var/log/audit/audit.log,linux_audit,88
raw/1621__DEFR-LNX-05__linux_secure.log,DEFR-LNX-05,/var/log/secure,linux_secure,9
raw/1622__DEFR-LNX-05__syslog.log,DEFR-LNX-05,/var/log/syslog,syslog,20
raw/1623__DEFR-LNX-06__linux_audit.log,DEFR-LNX-06,/var/log/audit/audit.log,linux_audit,99
raw/1624__DEFR-LNX-06__linux_secure.log,DEFR-LNX-06,/var/log/secure,linux_secure,13
raw/1625__DEFR-LNX-06__syslog.log,DEFR-LNX-06,/var/log/syslog,syslog,30
raw/1626__DEFR-LNX-06__ms_defender_eventhub.log,DEFR-LNX-06,ms:defender:eventhub,ms:defender:eventhub,1
raw/1627__DEFR-LNX-07__linux_audit.log,DEFR-LNX-07,/var/log/audit/audit.log,linux_audit,100
raw/1628__DEFR-LNX-07__linux_secure.log,DEFR-LNX-07,/var/log/secure,linux_secure,16
raw/1629__DEFR-LNX-07__syslog.log,DEFR-LNX-07,/var/log/syslog,syslog,30
raw/1630__DEFR-LNX-07__ms_defender_eventhub.log,DEFR-LNX-07,ms:defender:eventhub,ms:defender:eventhub,1
raw/1631__DEFR-LNX-08__linux_audit.log,DEFR-LNX-08,/var/log/audit/audit.log,linux_audit,84
raw/1632__DEFR-LNX-08__linux_secure.log,DEFR-LNX-08,/var/log/secure,linux_secure,9
raw/1633__DEFR-LNX-08__syslog.log,DEFR-LNX-08,/var/log/syslog,syslog,18
raw/1634__DEFR-LNX-08__ms_defender_eventhub.log,DEFR-LNX-08,ms:defender:eventhub,ms:defender:eventhub,1
raw/1635__DEFR-PACS-01__pacs_access.log,DEFR-PACS-01,pacs:access,pacs:access,93
raw/1636__DEFR-PAW-01__XmlWinEventLog.log,DEFR-PAW-01,XmlWinEventLog:Microsoft-Windows-Sysmon/Operational,XmlWinEventLog,6
raw/1637__DEFR-PAW-01__XmlWinEventLog.log,DEFR-PAW-01,XmlWinEventLog:Security,XmlWinEventLog,7
raw/1638__DEFR-PAW-01__trellix_epo.log,DEFR-PAW-01,trellix:epo,trellix:epo,1
raw/1639__DEFR-PAW-01__wsus_client.log,DEFR-PAW-01,wsus:client,wsus:client,2
raw/1640__DEFR-PAW-02__XmlWinEventLog.log,DEFR-PAW-02,XmlWinEventLog:Microsoft-Windows-Sysmon/Operational,XmlWinEventLog,6
raw/1641__DEFR-PAW-02__XmlWinEventLog.log,DEFR-PAW-02,XmlWinEventLog:Security,XmlWinEventLog,7
raw/1642__DEFR-PAW-02__ms_defender_eventhub.log,DEFR-PAW-02,ms:defender:eventhub,ms:defender:eventhub,2
raw/1643__DEFR-PAW-02__wsus_client.log,DEFR-PAW-02,wsus:client,wsus:client,1
raw/1644__DEFR-PAW-03__XmlWinEventLog.log,DEFR-PAW-03,XmlWinEventLog:Microsoft-Windows-Sysmon/Operational,XmlWinEventLog,9
raw/1645__DEFR-PAW-03__XmlWinEventLog.log,DEFR-PAW-03,XmlWinEventLog:Security,XmlWinEventLog,2
raw/1646__DEFR-PAW-03__ms_defender_eventhub.log,DEFR-PAW-03,ms:defender:eventhub,ms:defender:eventhub,1
raw/1647__DEFR-PAW-04__XmlWinEventLog.log,DEFR-PAW-04,XmlWinEventLog:Microsoft-Windows-Sysmon/Operational,XmlWinEventLog,9
raw/1648__DEFR-PAW-04__XmlWinEventLog.log,DEFR-PAW-04,XmlWinEventLog:Security,XmlWinEventLog,2
raw/1649__DEFR-PAW-04__ms_defender_eventhub.log,DEFR-PAW-04,ms:defender:eventhub,ms:defender:eventhub,1
raw/1650__DEFR-PAW-04__sccm_client.log,DEFR-PAW-04,sccm:client,sccm:client,1
raw/1651__DEFR-PAW-05__XmlWinEventLog.log,DEFR-PAW-05,XmlWinEventLog:Microsoft-Windows-Sysmon/Operational,XmlWinEventLog,3
raw/1652__DEFR-PAW-05__XmlWinEventLog.log,DEFR-PAW-05,XmlWinEventLog:Security,XmlWinEventLog,2
raw/1653__DEFR-PAW-05__ms_defender_eventhub.log,DEFR-PAW-05,ms:defender:eventhub,ms:defender:eventhub,2
raw/1654__DEFR-PAW-05__trellix_epo.log,DEFR-PAW-05,trellix:epo,trellix:epo,1
raw/1655__DEFR-PAW-06__XmlWinEventLog.log,DEFR-PAW-06,XmlWinEventLog:Microsoft-Windows-Sysmon/Operational,XmlWinEventLog,6
raw/1656__DEFR-PAW-06__XmlWinEventLog.log,DEFR-PAW-06,XmlWinEventLog:Security,XmlWinEventLog,2
raw/1657__DEFR-RTR-01__cisco_ios.log,DEFR-RTR-01,cisco:ios,cisco:ios,31
raw/1658__DEFR-RTR-02__juniper.log,DEFR-RTR-02,juniper,juniper,17
raw/1659__DEFR-RTR-02__juniper_junos_firewall.log,DEFR-RTR-02,juniper:junos:firewall,juniper:junos:firewall,8
raw/1660__DEFR-VDI-01__XmlWinEventLog.log,DEFR-VDI-01,XmlWinEventLog:Microsoft-Windows-Sysmon/Operational,XmlWinEventLog,3
raw/1661__DEFR-VDI-01__XmlWinEventLog.log,DEFR-VDI-01,XmlWinEventLog:Security,XmlWinEventLog,2
raw/1662__DEFR-VDI-02__XmlWinEventLog.log,DEFR-VDI-02,XmlWinEventLog:Microsoft-Windows-Sysmon/Operational,XmlWinEventLog,8
raw/1663__DEFR-VDI-02__XmlWinEventLog.log,DEFR-VDI-02,XmlWinEventLog:Security,XmlWinEventLog,7
raw/1664__DEFR-VDI-02__ms_defender_eventhub.log,DEFR-VDI-02,ms:defender:eventhub,ms:defender:eventhub,2
raw/1665__DEFR-VDI-03__XmlWinEventLog.log,DEFR-VDI-03,XmlWinEventLog:Microsoft-Windows-Sysmon/Operational,XmlWinEventLog,3
raw/1666__DEFR-VDI-03__XmlWinEventLog.log,DEFR-VDI-03,XmlWinEventLog:Security,XmlWinEventLog,5
raw/1667__DEFR-WS-0001__XmlWinEventLog.log,DEFR-WS-0001,XmlWinEventLog:Microsoft-Windows-Sysmon/Operational,XmlWinEventLog,10
raw/1668__DEFR-WS-0001__XmlWinEventLog.log,DEFR-WS-0001,XmlWinEventLog:Security,XmlWinEventLog,5
raw/1669__DEFR-WS-0001__trellix_epo.log,DEFR-WS-0001,trellix:epo,trellix:epo,2
raw/1670__DEFR-WS-0002__XmlWinEventLog.log,DEFR-WS-0002,XmlWinEventLog:Microsoft-Windows-Sysmon/Operational,XmlWinEventLog,10
raw/1671__DEFR-WS-0002__XmlWinEventLog.log,DEFR-WS-0002,XmlWinEventLog:Security,XmlWinEventLog,3
raw/1672__DEFR-WS-0002__trellix_epo.log,DEFR-WS-0002,trellix:epo,trellix:epo,1
raw/1673__DEFR-WS-0003__XmlWinEventLog.log,DEFR-WS-0003,XmlWinEventLog:Microsoft-Windows-Sysmon/Operational,XmlWinEventLog,9
raw/1674__DEFR-WS-0003__XmlWinEventLog.log,DEFR-WS-0003,XmlWinEventLog:Security,XmlWinEventLog,13
raw/1675__DEFR-WS-0004__XmlWinEventLog.log,DEFR-WS-0004,XmlWinEventLog:Microsoft-Windows-Sysmon/Operational,XmlWinEventLog,13
raw/1676__DEFR-WS-0004__XmlWinEventLog.log,DEFR-WS-0004,XmlWinEventLog:Security,XmlWinEventLog,6
raw/1677__DEFR-WS-0004__ms_defender_eventhub.log,DEFR-WS-0004,ms:defender:eventhub,ms:defender:eventhub,2
raw/1678__DEFR-WS-0004__wsus_client.log,DEFR-WS-0004,wsus:client,wsus:client,1
raw/1679__DEFR-WS-0005__XmlWinEventLog.log,DEFR-WS-0005,XmlWinEventLog:Microsoft-Windows-Sysmon/Operational,XmlWinEventLog,9
raw/1680__DEFR-WS-0005__XmlWinEventLog.log,DEFR-WS-0005,XmlWinEventLog:Security,XmlWinEventLog,9
raw/1681__DEFR-WS-0005__sccm_client.log,DEFR-WS-0005,sccm:client,sccm:client,1
raw/1682__DEFR-WS-0005__trellix_epo.log,DEFR-WS-0005,trellix:epo,trellix:epo,1
raw/1683__DEFR-WS-0006__XmlWinEventLog.log,DEFR-WS-0006,XmlWinEventLog:Microsoft-Windows-Sysmon/Operational,XmlWinEventLog,12
raw/1684__DEFR-WS-0006__XmlWinEventLog.log,DEFR-WS-0006,XmlWinEventLog:Security,XmlWinEventLog,6
raw/1685__DEFR-WS-0006__trellix_epo.log,DEFR-WS-0006,trellix:epo,trellix:epo,1
raw/1686__DEFR-WS-0007__XmlWinEventLog.log,DEFR-WS-0007,XmlWinEventLog:Microsoft-Windows-Sysmon/Operational,XmlWinEventLog,3
raw/1687__DEFR-WS-0007__XmlWinEventLog.log,DEFR-WS-0007,XmlWinEventLog:Security,XmlWinEventLog,4
raw/1688__DEFR-WS-0007__trellix_epo.log,DEFR-WS-0007,trellix:epo,trellix:epo,1
raw/1689__DEFR-WS-0008__XmlWinEventLog.log,DEFR-WS-0008,XmlWinEventLog:Microsoft-Windows-Sysmon/Operational,XmlWinEventLog,6
raw/1690__DEFR-WS-0008__XmlWinEventLog.log,DEFR-WS-0008,XmlWinEventLog:Security,XmlWinEventLog,9
raw/1691__DEFR-WS-0009__XmlWinEventLog.log,DEFR-WS-0009,XmlWinEventLog:Microsoft-Windows-Sysmon/Operational,XmlWinEventLog,7
raw/1692__DEFR-WS-0009__XmlWinEventLog.log,DEFR-WS-0009,XmlWinEventLog:Security,XmlWinEventLog,11
raw/1693__DEFR-WS-0010__XmlWinEventLog.log,DEFR-WS-0010,XmlWinEventLog:Microsoft-Windows-Sysmon/Operational,XmlWinEventLog,9
raw/1694__DEFR-WS-0010__XmlWinEventLog.log,DEFR-WS-0010,XmlWinEventLog:Security,XmlWinEventLog,5
raw/1695__DEFR-WS-0010__ms_defender_eventhub.log,DEFR-WS-0010,ms:defender:eventhub,ms:defender:eventhub,2
raw/1696__DEFR-WS-0010__trellix_epo.log,DEFR-WS-0010,trellix:epo,trellix:epo,2
raw/1697__DEFR-WS-0011__XmlWinEventLog.log,DEFR-WS-0011,XmlWinEventLog:Microsoft-Windows-Sysmon/Operational,XmlWinEventLog,10
raw/1698__DEFR-WS-0011__XmlWinEventLog.log,DEFR-WS-0011,XmlWinEventLog:Security,XmlWinEventLog,9
raw/1699__DEFR-WS-0011__trellix_epo.log,DEFR-WS-0011,trellix:epo,trellix:epo,3
raw/1700__DEFR-WS-0012__XmlWinEventLog.log,DEFR-WS-0012,XmlWinEventLog:Microsoft-Windows-Sysmon/Operational,XmlWinEventLog,8
raw/1701__DEFR-WS-0012__XmlWinEventLog.log,DEFR-WS-0012,XmlWinEventLog:Security,XmlWinEventLog,8
raw/1702__DEFR-WS-0012__ms_defender_eventhub.log,DEFR-WS-0012,ms:defender:eventhub,ms:defender:eventhub,2
raw/1703__DEFR-WS-0013__XmlWinEventLog.log,DEFR-WS-0013,XmlWinEventLog:Microsoft-Windows-Sysmon/Operational,XmlWinEventLog,8
raw/1704__DEFR-WS-0013__XmlWinEventLog.log,DEFR-WS-0013,XmlWinEventLog:Security,XmlWinEventLog,6
raw/1705__DEFR-WS-0013__trellix_epo.log,DEFR-WS-0013,trellix:epo,trellix:epo,1
raw/1706__DEFR-WS-0014__XmlWinEventLog.log,DEFR-WS-0014,XmlWinEventLog:Microsoft-Windows-Sysmon/Operational,XmlWinEventLog,6
raw/1707__DEFR-WS-0014__XmlWinEventLog.log,DEFR-WS-0014,XmlWinEventLog:Security,XmlWinEventLog,13
raw/1708__DEFR-WS-0014__sccm_client.log,DEFR-WS-0014,sccm:client,sccm:client,1
raw/1709__DEFR-WS-0015__XmlWinEventLog.log,DEFR-WS-0015,XmlWinEventLog:Microsoft-Windows-Sysmon/Operational,XmlWinEventLog,4
raw/1710__DEFR-WS-0015__XmlWinEventLog.log,DEFR-WS-0015,XmlWinEventLog:Security,XmlWinEventLog,8
raw/1711__DEFR-WS-0015__ms_defender_eventhub.log,DEFR-WS-0015,ms:defender:eventhub,ms:defender:eventhub,2
raw/1712__DEFR-WS-0016__XmlWinEventLog.log,DEFR-WS-0016,XmlWinEventLog:Microsoft-Windows-Sysmon/Operational,XmlWinEventLog,9
raw/1713__DEFR-WS-0016__XmlWinEventLog.log,DEFR-WS-0016,XmlWinEventLog:Security,XmlWinEventLog,13
raw/1714__DEFR-WS-0016__ms_defender_eventhub.log,DEFR-WS-0016,ms:defender:eventhub,ms:defender:eventhub,1
raw/1715__DEFR-WS-0017__XmlWinEventLog.log,DEFR-WS-0017,XmlWinEventLog:Microsoft-Windows-Sysmon/Operational,XmlWinEventLog,4
raw/1716__DEFR-WS-0017__XmlWinEventLog.log,DEFR-WS-0017,XmlWinEventLog:Security,XmlWinEventLog,9
raw/1717__DEFR-WS-0018__XmlWinEventLog.log,DEFR-WS-0018,XmlWinEventLog:Microsoft-Windows-Sysmon/Operational,XmlWinEventLog,11
raw/1718__DEFR-WS-0018__XmlWinEventLog.log,DEFR-WS-0018,XmlWinEventLog:Security,XmlWinEventLog,13
raw/1719__DEFR-WS-0018__ms_defender_eventhub.log,DEFR-WS-0018,ms:defender:eventhub,ms:defender:eventhub,2
raw/1720__DEFR-WS-0019__XmlWinEventLog.log,DEFR-WS-0019,XmlWinEventLog:Microsoft-Windows-Sysmon/Operational,XmlWinEventLog,9
raw/1721__DEFR-WS-0019__XmlWinEventLog.log,DEFR-WS-0019,XmlWinEventLog:Security,XmlWinEventLog,7
raw/1722__DEFR-WS-0019__ms_defender_eventhub.log,DEFR-WS-0019,ms:defender:eventhub,ms:defender:eventhub,1
raw/1723__DEFR-WS-0020__XmlWinEventLog.log,DEFR-WS-0020,XmlWinEventLog:Microsoft-Windows-Sysmon/Operational,XmlWinEventLog,14
raw/1724__DEFR-WS-0020__XmlWinEventLog.log,DEFR-WS-0020,XmlWinEventLog:Security,XmlWinEventLog,8
raw/1725__DEFR-WS-0020__trellix_epo.log,DEFR-WS-0020,trellix:epo,trellix:epo,1
raw/1726__DEFR-WS-0021__XmlWinEventLog.log,DEFR-WS-0021,XmlWinEventLog:Microsoft-Windows-Sysmon/Operational,XmlWinEventLog,6
raw/1727__DEFR-WS-0021__XmlWinEventLog.log,DEFR-WS-0021,XmlWinEventLog:Security,XmlWinEventLog,9
raw/1728__DEFR-WS-0022__XmlWinEventLog.log,DEFR-WS-0022,XmlWinEventLog:Microsoft-Windows-Sysmon/Operational,XmlWinEventLog,9
raw/1729__DEFR-WS-0022__XmlWinEventLog.log,DEFR-WS-0022,XmlWinEventLog:Security,XmlWinEventLog,11
raw/1730__DEFR-WS-0022__wsus_client.log,DEFR-WS-0022,wsus:client,wsus:client,1
raw/1731__DEFR-WS-0023__XmlWinEventLog.log,DEFR-WS-0023,XmlWinEventLog:Microsoft-Windows-Sysmon/Operational,XmlWinEventLog,6
raw/1732__DEFR-WS-0023__XmlWinEventLog.log,DEFR-WS-0023,XmlWinEventLog:Security,XmlWinEventLog,8
raw/1733__DEFR-WS-0023__wsus_client.log,DEFR-WS-0023,wsus:client,wsus:client,1
raw/1734__DEFR-WS-0024__XmlWinEventLog.log,DEFR-WS-0024,XmlWinEventLog:Microsoft-Windows-Sysmon/Operational,XmlWinEventLog,5
raw/1735__DEFR-WS-0024__XmlWinEventLog.log,DEFR-WS-0024,XmlWinEventLog:Security,XmlWinEventLog,4
raw/1736__DEFR-WS-0024__ms_defender_eventhub.log,DEFR-WS-0024,ms:defender:eventhub,ms:defender:eventhub,1
raw/1737__DEFR-WS-0025__XmlWinEventLog.log,DEFR-WS-0025,XmlWinEventLog:Microsoft-Windows-Sysmon/Operational,XmlWinEventLog,8
raw/1738__DEFR-WS-0025__XmlWinEventLog.log,DEFR-WS-0025,XmlWinEventLog:Security,XmlWinEventLog,5
raw/1739__DEFR-WS-0025__ms_defender_eventhub.log,DEFR-WS-0025,ms:defender:eventhub,ms:defender:eventhub,1
raw/1740__DEFR-WS-0025__trellix_epo.log,DEFR-WS-0025,trellix:epo,trellix:epo,1
raw/1741__DEFR-WS-0026__XmlWinEventLog.log,DEFR-WS-0026,XmlWinEventLog:Microsoft-Windows-Sysmon/Operational,XmlWinEventLog,8
raw/1742__DEFR-WS-0026__XmlWinEventLog.log,DEFR-WS-0026,XmlWinEventLog:Security,XmlWinEventLog,7
raw/1743__DEFR-WS-0026__ms_defender_eventhub.log,DEFR-WS-0026,ms:defender:eventhub,ms:defender:eventhub,1
raw/1744__DEFR-WS-0026__wsus_client.log,DEFR-WS-0026,wsus:client,wsus:client,1
raw/1745__DEFR-WS-0027__XmlWinEventLog.log,DEFR-WS-0027,XmlWinEventLog:Microsoft-Windows-Sysmon/Operational,XmlWinEventLog,4
raw/1746__DEFR-WS-0027__XmlWinEventLog.log,DEFR-WS-0027,XmlWinEventLog:Security,XmlWinEventLog,1
raw/1747__DEFR-WS-0027__ms_defender_eventhub.log,DEFR-WS-0027,ms:defender:eventhub,ms:defender:eventhub,1
raw/1748__DEFR-WS-0028__XmlWinEventLog.log,DEFR-WS-0028,XmlWinEventLog:Microsoft-Windows-Sysmon/Operational,XmlWinEventLog,7
raw/1749__DEFR-WS-0028__XmlWinEventLog.log,DEFR-WS-0028,XmlWinEventLog:Security,XmlWinEventLog,3
raw/1750__DEFR-WS-0029__XmlWinEventLog.log,DEFR-WS-0029,XmlWinEventLog:Microsoft-Windows-Sysmon/Operational,XmlWinEventLog,7
raw/1751__DEFR-WS-0029__XmlWinEventLog.log,DEFR-WS-0029,XmlWinEventLog:Security,XmlWinEventLog,5
raw/1752__DEFR-WS-0029__ms_defender_eventhub.log,DEFR-WS-0029,ms:defender:eventhub,ms:defender:eventhub,1
raw/1753__DEFR-WS-0029__wsus_client.log,DEFR-WS-0029,wsus:client,wsus:client,1
raw/1754__DEFR-WS-0030__XmlWinEventLog.log,DEFR-WS-0030,XmlWinEventLog:Microsoft-Windows-Sysmon/Operational,XmlWinEventLog,4
raw/1755__DEFR-WS-0030__XmlWinEventLog.log,DEFR-WS-0030,XmlWinEventLog:Security,XmlWinEventLog,3
raw/1756__DEFR-WS-0030__ms_defender_eventhub.log,DEFR-WS-0030,ms:defender:eventhub,ms:defender:eventhub,2
raw/1757__DEFR-WS-0030__sccm_client.log,DEFR-WS-0030,sccm:client,sccm:client,1
raw/1758__DEFR-WS-0031__XmlWinEventLog.log,DEFR-WS-0031,XmlWinEventLog:Microsoft-Windows-Sysmon/Operational,XmlWinEventLog,4
raw/1759__DEFR-WS-0031__XmlWinEventLog.log,DEFR-WS-0031,XmlWinEventLog:Security,XmlWinEventLog,6
raw/1760__DEFR-WS-0032__XmlWinEventLog.log,DEFR-WS-0032,XmlWinEventLog:Microsoft-Windows-Sysmon/Operational,XmlWinEventLog,4
raw/1761__DEFR-WS-0032__XmlWinEventLog.log,DEFR-WS-0032,XmlWinEventLog:Security,XmlWinEventLog,2
raw/1762__DEFR-WS-0032__wsus_client.log,DEFR-WS-0032,wsus:client,wsus:client,1
raw/1763__DEFR-WS-0033__XmlWinEventLog.log,DEFR-WS-0033,XmlWinEventLog:Microsoft-Windows-Sysmon/Operational,XmlWinEventLog,7
raw/1764__DEFR-WS-0033__XmlWinEventLog.log,DEFR-WS-0033,XmlWinEventLog:Security,XmlWinEventLog,1
raw/1765__DEFR-WS-0033__trellix_epo.log,DEFR-WS-0033,trellix:epo,trellix:epo,1
raw/1766__DEFR-WS-0033__wsus_client.log,DEFR-WS-0033,wsus:client,wsus:client,1
raw/1767__DEFR-WS-0034__XmlWinEventLog.log,DEFR-WS-0034,XmlWinEventLog:Microsoft-Windows-Sysmon/Operational,XmlWinEventLog,4
raw/1768__DEFR-WS-0034__XmlWinEventLog.log,DEFR-WS-0034,XmlWinEventLog:Security,XmlWinEventLog,3
raw/1769__DEFR-WS-0034__ms_defender_eventhub.log,DEFR-WS-0034,ms:defender:eventhub,ms:defender:eventhub,1
raw/1770__DEFR-WS-0034__sccm_client.log,DEFR-WS-0034,sccm:client,sccm:client,1
raw/1771__DEFR-WS-0034__trellix_epo.log,DEFR-WS-0034,trellix:epo,trellix:epo,1
raw/1772__DEFR-WS-0035__XmlWinEventLog.log,DEFR-WS-0035,XmlWinEventLog:Microsoft-Windows-Sysmon/Operational,XmlWinEventLog,2
raw/1773__DEFR-WS-0035__XmlWinEventLog.log,DEFR-WS-0035,XmlWinEventLog:Security,XmlWinEventLog,2
raw/1774__DEFR-WS-0035__trellix_epo.log,DEFR-WS-0035,trellix:epo,trellix:epo,1
raw/1775__DEFR-WS-0036__XmlWinEventLog.log,DEFR-WS-0036,XmlWinEventLog:Microsoft-Windows-Sysmon/Operational,XmlWinEventLog,8
raw/1776__DEFR-WS-0036__XmlWinEventLog.log,DEFR-WS-0036,XmlWinEventLog:Security,XmlWinEventLog,3
raw/1777__DEFR-WS-0037__XmlWinEventLog.log,DEFR-WS-0037,XmlWinEventLog:Microsoft-Windows-Sysmon/Operational,XmlWinEventLog,9
raw/1778__DEFR-WS-0037__XmlWinEventLog.log,DEFR-WS-0037,XmlWinEventLog:Security,XmlWinEventLog,7
raw/1779__DEFR-WS-0037__trellix_epo.log,DEFR-WS-0037,trellix:epo,trellix:epo,1
raw/1780__DEFR-WS-0038__XmlWinEventLog.log,DEFR-WS-0038,XmlWinEventLog:Microsoft-Windows-Sysmon/Operational,XmlWinEventLog,7
raw/1781__DEFR-WS-0038__XmlWinEventLog.log,DEFR-WS-0038,XmlWinEventLog:Security,XmlWinEventLog,4
raw/1782__DEFR-WS-0038__ms_defender_eventhub.log,DEFR-WS-0038,ms:defender:eventhub,ms:defender:eventhub,1
raw/1783__DEFR-WS-0038__trellix_epo.log,DEFR-WS-0038,trellix:epo,trellix:epo,1
raw/1784__DEFR-WS-0039__XmlWinEventLog.log,DEFR-WS-0039,XmlWinEventLog:Microsoft-Windows-Sysmon/Operational,XmlWinEventLog,4
raw/1785__DEFR-WS-0039__XmlWinEventLog.log,DEFR-WS-0039,XmlWinEventLog:Security,XmlWinEventLog,4
raw/1786__DEFR-WS-0040__XmlWinEventLog.log,DEFR-WS-0040,XmlWinEventLog:Microsoft-Windows-Sysmon/Operational,XmlWinEventLog,3
raw/1787__DEFR-WS-0040__XmlWinEventLog.log,DEFR-WS-0040,XmlWinEventLog:Security,XmlWinEventLog,7
raw/1788__DEFR-WS-0041__XmlWinEventLog.log,DEFR-WS-0041,XmlWinEventLog:Microsoft-Windows-Sysmon/Operational,XmlWinEventLog,4
raw/1789__DEFR-WS-0041__XmlWinEventLog.log,DEFR-WS-0041,XmlWinEventLog:Security,XmlWinEventLog,3
raw/1790__DEFR-WS-0041__trellix_epo.log,DEFR-WS-0041,trellix:epo,trellix:epo,1
raw/1791__DEFR-WS-0042__XmlWinEventLog.log,DEFR-WS-0042,XmlWinEventLog:Microsoft-Windows-Sysmon/Operational,XmlWinEventLog,6
raw/1792__DEFR-WS-0042__ms_defender_eventhub.log,DEFR-WS-0042,ms:defender:eventhub,ms:defender:eventhub,1
raw/1793__DEFR-WS-0042__sccm_client.log,DEFR-WS-0042,sccm:client,sccm:client,1
raw/1794__DEFR-WS-0042__trellix_epo.log,DEFR-WS-0042,trellix:epo,trellix:epo,1
raw/1795__DEFR-WS-0043__XmlWinEventLog.log,DEFR-WS-0043,XmlWinEventLog:Microsoft-Windows-Sysmon/Operational,XmlWinEventLog,3
raw/1796__DEFR-WS-0043__XmlWinEventLog.log,DEFR-WS-0043,XmlWinEventLog:Security,XmlWinEventLog,6
raw/1797__DEFR-WS-0043__ms_defender_eventhub.log,DEFR-WS-0043,ms:defender:eventhub,ms:defender:eventhub,1
raw/1798__DEFR-WS-0043__sccm_client.log,DEFR-WS-0043,sccm:client,sccm:client,2
raw/1799__DEFR-WS-0043__trellix_epo.log,DEFR-WS-0043,trellix:epo,trellix:epo,1
raw/1800__DEFR-WS-0044__XmlWinEventLog.log,DEFR-WS-0044,XmlWinEventLog:Microsoft-Windows-Sysmon/Operational,XmlWinEventLog,6
raw/1801__DEFR-WS-0044__XmlWinEventLog.log,DEFR-WS-0044,XmlWinEventLog:Security,XmlWinEventLog,3
raw/1802__DEFR-WS-0044__ms_defender_eventhub.log,DEFR-WS-0044,ms:defender:eventhub,ms:defender:eventhub,1
raw/1803__DEFR-WS-0045__XmlWinEventLog.log,DEFR-WS-0045,XmlWinEventLog:Microsoft-Windows-Sysmon/Operational,XmlWinEventLog,3
raw/1804__DEFR-WS-0045__XmlWinEventLog.log,DEFR-WS-0045,XmlWinEventLog:Security,XmlWinEventLog,4
raw/1805__DEFR-WS-0045__ms_defender_eventhub.log,DEFR-WS-0045,ms:defender:eventhub,ms:defender:eventhub,2
raw/1806__DEFR-WS-0046__XmlWinEventLog.log,DEFR-WS-0046,XmlWinEventLog:Microsoft-Windows-Sysmon/Operational,XmlWinEventLog,6
raw/1807__DEFR-WS-0046__XmlWinEventLog.log,DEFR-WS-0046,XmlWinEventLog:Security,XmlWinEventLog,3
raw/1808__DEFR-WS-0047__XmlWinEventLog.log,DEFR-WS-0047,XmlWinEventLog:Microsoft-Windows-Sysmon/Operational,XmlWinEventLog,4
raw/1809__DEFR-WS-0047__XmlWinEventLog.log,DEFR-WS-0047,XmlWinEventLog:Security,XmlWinEventLog,8
raw/1810__DEFR-WS-0047__ms_defender_eventhub.log,DEFR-WS-0047,ms:defender:eventhub,ms:defender:eventhub,1
raw/1811__DEFR-WS-0048__XmlWinEventLog.log,DEFR-WS-0048,XmlWinEventLog:Microsoft-Windows-Sysmon/Operational,XmlWinEventLog,6
raw/1812__DEFR-WS-0048__XmlWinEventLog.log,DEFR-WS-0048,XmlWinEventLog:Security,XmlWinEventLog,5
raw/1813__DEFR-WS-0048__sccm_client.log,DEFR-WS-0048,sccm:client,sccm:client,1
raw/1814__DEFR-WS-0049__XmlWinEventLog.log,DEFR-WS-0049,XmlWinEventLog:Microsoft-Windows-Sysmon/Operational,XmlWinEventLog,4
raw/1815__DEFR-WS-0049__XmlWinEventLog.log,DEFR-WS-0049,XmlWinEventLog:Security,XmlWinEventLog,5
raw/1816__DEFR-WS-0049__ms_defender_eventhub.log,DEFR-WS-0049,ms:defender:eventhub,ms:defender:eventhub,2
raw/1817__DEFR-WS-0049__sccm_client.log,DEFR-WS-0049,sccm:client,sccm:client,1
raw/1818__DEFR-WS-0050__XmlWinEventLog.log,DEFR-WS-0050,XmlWinEventLog:Microsoft-Windows-Sysmon/Operational,XmlWinEventLog,5
raw/1819__DEFR-WS-0050__XmlWinEventLog.log,DEFR-WS-0050,XmlWinEventLog:Security,XmlWinEventLog,3
raw/1820__DEFR-WS-0050__ms_defender_eventhub.log,DEFR-WS-0050,ms:defender:eventhub,ms:defender:eventhub,1
raw/1821__DEFR-WS-0050__sccm_client.log,DEFR-WS-0050,sccm:client,sccm:client,2
raw/1822__DEFR-WS-0051__XmlWinEventLog.log,DEFR-WS-0051,XmlWinEventLog:Microsoft-Windows-Sysmon/Operational,XmlWinEventLog,4
raw/1823__DEFR-WS-0051__XmlWinEventLog.log,DEFR-WS-0051,XmlWinEventLog:Security,XmlWinEventLog,1
raw/1824__DEFR-WS-0051__trellix_epo.log,DEFR-WS-0051,trellix:epo,trellix:epo,2
raw/1825__DEFR-WS-0051__wsus_client.log,DEFR-WS-0051,wsus:client,wsus:client,1
raw/1826__DEFR-WS-0052__XmlWinEventLog.log,DEFR-WS-0052,XmlWinEventLog:Microsoft-Windows-Sysmon/Operational,XmlWinEventLog,4
raw/1827__DEFR-WS-0052__XmlWinEventLog.log,DEFR-WS-0052,XmlWinEventLog:Security,XmlWinEventLog,6
raw/1828__DEFR-WS-0053__XmlWinEventLog.log,DEFR-WS-0053,XmlWinEventLog:Microsoft-Windows-Sysmon/Operational,XmlWinEventLog,7
raw/1829__DEFR-WS-0053__XmlWinEventLog.log,DEFR-WS-0053,XmlWinEventLog:Security,XmlWinEventLog,9
raw/1830__DEFR-WS-0053__ms_defender_eventhub.log,DEFR-WS-0053,ms:defender:eventhub,ms:defender:eventhub,2
raw/1831__DEFR-WS-0054__XmlWinEventLog.log,DEFR-WS-0054,XmlWinEventLog:Microsoft-Windows-Sysmon/Operational,XmlWinEventLog,3
raw/1832__DEFR-WS-0054__XmlWinEventLog.log,DEFR-WS-0054,XmlWinEventLog:Security,XmlWinEventLog,5
raw/1833__DEFR-WS-0054__ms_defender_eventhub.log,DEFR-WS-0054,ms:defender:eventhub,ms:defender:eventhub,2
raw/1834__DEFR-WS-0055__XmlWinEventLog.log,DEFR-WS-0055,XmlWinEventLog:Microsoft-Windows-Sysmon/Operational,XmlWinEventLog,6
raw/1835__DEFR-WS-0055__XmlWinEventLog.log,DEFR-WS-0055,XmlWinEventLog:Security,XmlWinEventLog,3
raw/1836__DEFR-WS-0055__ms_defender_eventhub.log,DEFR-WS-0055,ms:defender:eventhub,ms:defender:eventhub,1
raw/1837__DEFR-WS-0055__sccm_client.log,DEFR-WS-0055,sccm:client,sccm:client,1
raw/1838__DEFR-WS-0055__wsus_client.log,DEFR-WS-0055,wsus:client,wsus:client,1
raw/1839__DEFR-WS-0056__XmlWinEventLog.log,DEFR-WS-0056,XmlWinEventLog:Microsoft-Windows-Sysmon/Operational,XmlWinEventLog,4
raw/1840__DEFR-WS-0056__XmlWinEventLog.log,DEFR-WS-0056,XmlWinEventLog:Security,XmlWinEventLog,7
raw/1841__DEFR-WS-0056__ms_defender_eventhub.log,DEFR-WS-0056,ms:defender:eventhub,ms:defender:eventhub,2
raw/1842__DEFR-WS-0056__wsus_client.log,DEFR-WS-0056,wsus:client,wsus:client,1
raw/1843__DEFR-WS-0057__XmlWinEventLog.log,DEFR-WS-0057,XmlWinEventLog:Microsoft-Windows-Sysmon/Operational,XmlWinEventLog,8
raw/1844__DEFR-WS-0057__XmlWinEventLog.log,DEFR-WS-0057,XmlWinEventLog:Security,XmlWinEventLog,2
raw/1845__DEFR-WS-0057__trellix_epo.log,DEFR-WS-0057,trellix:epo,trellix:epo,1
raw/1846__DEFR-WS-0058__XmlWinEventLog.log,DEFR-WS-0058,XmlWinEventLog:Microsoft-Windows-Sysmon/Operational,XmlWinEventLog,10
raw/1847__DEFR-WS-0058__XmlWinEventLog.log,DEFR-WS-0058,XmlWinEventLog:Security,XmlWinEventLog,2
raw/1848__DEFR-WS-0058__trellix_epo.log,DEFR-WS-0058,trellix:epo,trellix:epo,1
raw/1849__DEFR-WS-0059__XmlWinEventLog.log,DEFR-WS-0059,XmlWinEventLog:Microsoft-Windows-Sysmon/Operational,XmlWinEventLog,3
raw/1850__DEFR-WS-0059__XmlWinEventLog.log,DEFR-WS-0059,XmlWinEventLog:Security,XmlWinEventLog,6
raw/1851__DEFR-WS-0060__XmlWinEventLog.log,DEFR-WS-0060,XmlWinEventLog:Microsoft-Windows-Sysmon/Operational,XmlWinEventLog,6
raw/1852__DEFR-WS-0060__XmlWinEventLog.log,DEFR-WS-0060,XmlWinEventLog:Security,XmlWinEventLog,7
raw/1853__DEFR-WS-0061__XmlWinEventLog.log,DEFR-WS-0061,XmlWinEventLog:Microsoft-Windows-Sysmon/Operational,XmlWinEventLog,10
raw/1854__DEFR-WS-0061__XmlWinEventLog.log,DEFR-WS-0061,XmlWinEventLog:Security,XmlWinEventLog,4
raw/1855__DEFR-WS-0061__sccm_client.log,DEFR-WS-0061,sccm:client,sccm:client,1
raw/1856__DEFR-WS-0061__trellix_epo.log,DEFR-WS-0061,trellix:epo,trellix:epo,1
raw/1857__DEFR-WS-0062__XmlWinEventLog.log,DEFR-WS-0062,XmlWinEventLog:Microsoft-Windows-Sysmon/Operational,XmlWinEventLog,4
raw/1858__DEFR-WS-0062__XmlWinEventLog.log,DEFR-WS-0062,XmlWinEventLog:Security,XmlWinEventLog,4
raw/1859__DEFR-WS-0063__XmlWinEventLog.log,DEFR-WS-0063,XmlWinEventLog:Microsoft-Windows-Sysmon/Operational,XmlWinEventLog,5
raw/1860__DEFR-WS-0063__XmlWinEventLog.log,DEFR-WS-0063,XmlWinEventLog:Security,XmlWinEventLog,2
raw/1861__DEFR-WS-0064__XmlWinEventLog.log,DEFR-WS-0064,XmlWinEventLog:Microsoft-Windows-Sysmon/Operational,XmlWinEventLog,5
raw/1862__DEFR-WS-0064__XmlWinEventLog.log,DEFR-WS-0064,XmlWinEventLog:Security,XmlWinEventLog,4
raw/1863__DEFR-ZEEK-01__bro_conn_json.log,DEFR-ZEEK-01,zeek:conn,bro:conn:json,870
raw/1864__DEFR-ZEEK-01__bro_dce_rpc_json.log,DEFR-ZEEK-01,zeek:dce_rpc,bro:dce_rpc:json,80
raw/1865__DEFR-ZEEK-01__bro_dns_json.log,DEFR-ZEEK-01,zeek:dns,bro:dns:json,346
raw/1866__DEFR-ZEEK-01__bro_http_json.log,DEFR-ZEEK-01,zeek:http,bro:http:json,187
raw/1867__DEFR-ZEEK-01__bro_smb_files_json.log,DEFR-ZEEK-01,zeek:smb_files,bro:smb_files:json,83
raw/1868__DEFR-ZEEK-01__bro_ssl_json.log,DEFR-ZEEK-01,zeek:ssl,bro:ssl:json,300
raw/1869__IEDU-APP-01__XmlWinEventLog.log,IEDU-APP-01,XmlWinEventLog:Microsoft-Windows-Sysmon/Operational,XmlWinEventLog,10
raw/1870__IEDU-APP-01__XmlWinEventLog.log,IEDU-APP-01,XmlWinEventLog:Security,XmlWinEventLog,3
raw/1871__IEDU-APP-01__ms_defender_eventhub.log,IEDU-APP-01,ms:defender:eventhub,ms:defender:eventhub,1
raw/1872__IEDU-APP-01__sccm_client.log,IEDU-APP-01,sccm:client,sccm:client,1
raw/1873__IEDU-APP-01__trellix_epo.log,IEDU-APP-01,trellix:epo,trellix:epo,1
raw/1874__IEDU-APP-02__XmlWinEventLog.log,IEDU-APP-02,XmlWinEventLog:Microsoft-Windows-Sysmon/Operational,XmlWinEventLog,5
raw/1875__IEDU-APP-02__trellix_epo.log,IEDU-APP-02,trellix:epo,trellix:epo,1
raw/1876__IEDU-APP-03__XmlWinEventLog.log,IEDU-APP-03,XmlWinEventLog:Microsoft-Windows-Sysmon/Operational,XmlWinEventLog,7
raw/1877__IEDU-APP-03__XmlWinEventLog.log,IEDU-APP-03,XmlWinEventLog:Security,XmlWinEventLog,8
raw/1878__IEDU-APP-03__ms_defender_eventhub.log,IEDU-APP-03,ms:defender:eventhub,ms:defender:eventhub,1
raw/1879__IEDU-APP-03__sccm_client.log,IEDU-APP-03,sccm:client,sccm:client,1
raw/1880__IEDU-APP-04__XmlWinEventLog.log,IEDU-APP-04,XmlWinEventLog:Microsoft-Windows-Sysmon/Operational,XmlWinEventLog,12
raw/1881__IEDU-APP-04__XmlWinEventLog.log,IEDU-APP-04,XmlWinEventLog:Security,XmlWinEventLog,4
raw/1882__IEDU-APP-05__XmlWinEventLog.log,IEDU-APP-05,XmlWinEventLog:Microsoft-Windows-Sysmon/Operational,XmlWinEventLog,14
raw/1883__IEDU-APP-05__XmlWinEventLog.log,IEDU-APP-05,XmlWinEventLog:Security,XmlWinEventLog,7
raw/1884__IEDU-APP-06__XmlWinEventLog.log,IEDU-APP-06,XmlWinEventLog:Microsoft-Windows-Sysmon/Operational,XmlWinEventLog,1
raw/1885__IEDU-APP-06__XmlWinEventLog.log,IEDU-APP-06,XmlWinEventLog:Security,XmlWinEventLog,4
raw/1886__IEDU-APP-06__ms_defender_eventhub.log,IEDU-APP-06,ms:defender:eventhub,ms:defender:eventhub,2
raw/1887__IEDU-APP-06__sccm_client.log,IEDU-APP-06,sccm:client,sccm:client,1
raw/1888__IEDU-APP-07__XmlWinEventLog.log,IEDU-APP-07,XmlWinEventLog:Microsoft-Windows-Sysmon/Operational,XmlWinEventLog,3
raw/1889__IEDU-APP-07__XmlWinEventLog.log,IEDU-APP-07,XmlWinEventLog:Security,XmlWinEventLog,1
raw/1890__IEDU-APP-08__XmlWinEventLog.log,IEDU-APP-08,XmlWinEventLog:Microsoft-Windows-Sysmon/Operational,XmlWinEventLog,6
raw/1891__IEDU-APP-08__XmlWinEventLog.log,IEDU-APP-08,XmlWinEventLog:Security,XmlWinEventLog,7
raw/1892__IEDU-APP-08__trellix_epo.log,IEDU-APP-08,trellix:epo,trellix:epo,2
raw/1893__IEDU-DC-01__XmlWinEventLog.log,IEDU-DC-01,XmlWinEventLog:Security,XmlWinEventLog,114
raw/1894__IEDU-FS-01__XmlWinEventLog.log,IEDU-FS-01,XmlWinEventLog:Microsoft-Windows-Sysmon/Operational,XmlWinEventLog,5
raw/1895__IEDU-FS-01__XmlWinEventLog.log,IEDU-FS-01,XmlWinEventLog:Security,XmlWinEventLog,11
raw/1896__IEDU-FS-02__XmlWinEventLog.log,IEDU-FS-02,XmlWinEventLog:Microsoft-Windows-Sysmon/Operational,XmlWinEventLog,5
raw/1897__IEDU-FS-02__XmlWinEventLog.log,IEDU-FS-02,XmlWinEventLog:Security,XmlWinEventLog,3
raw/1898__IEDU-FS-03__XmlWinEventLog.log,IEDU-FS-03,XmlWinEventLog:Microsoft-Windows-Sysmon/Operational,XmlWinEventLog,1
raw/1899__IEDU-FS-03__XmlWinEventLog.log,IEDU-FS-03,XmlWinEventLog:Security,XmlWinEventLog,12
raw/1900__IEDU-FS-03__ms_defender_eventhub.log,IEDU-FS-03,ms:defender:eventhub,ms:defender:eventhub,1
raw/1901__IEDU-FS-03__wsus_client.log,IEDU-FS-03,wsus:client,wsus:client,2
raw/1902__IEDU-FS-04__XmlWinEventLog.log,IEDU-FS-04,XmlWinEventLog:Microsoft-Windows-Sysmon/Operational,XmlWinEventLog,4
raw/1903__IEDU-FS-04__XmlWinEventLog.log,IEDU-FS-04,XmlWinEventLog:Security,XmlWinEventLog,8
raw/1904__IEDU-FS-04__ms_defender_eventhub.log,IEDU-FS-04,ms:defender:eventhub,ms:defender:eventhub,1
raw/1905__IEDU-FW-01__pan_traffic.log,IEDU-FW-01,pan:traffic,pan:traffic,84
raw/1906__IEDU-FW-02__fortigate_traffic.log,IEDU-FW-02,fortigate_traffic,fortigate_traffic,101
raw/1907__IEDU-FW-03__cisco_asa.log,IEDU-FW-03,cisco:asa,cisco:asa,96
raw/1908__IEDU-JUMP-01__XmlWinEventLog.log,IEDU-JUMP-01,XmlWinEventLog:Microsoft-Windows-Sysmon/Operational,XmlWinEventLog,5
raw/1909__IEDU-JUMP-01__XmlWinEventLog.log,IEDU-JUMP-01,XmlWinEventLog:Security,XmlWinEventLog,3
raw/1910__IEDU-JUMP-01__ms_defender_eventhub.log,IEDU-JUMP-01,ms:defender:eventhub,ms:defender:eventhub,1
raw/1911__IEDU-JUMP-01__trellix_epo.log,IEDU-JUMP-01,trellix:epo,trellix:epo,1
raw/1912__IEDU-JUMP-01__wsus_client.log,IEDU-JUMP-01,wsus:client,wsus:client,1
raw/1913__IEDU-JUMP-02__XmlWinEventLog.log,IEDU-JUMP-02,XmlWinEventLog:Microsoft-Windows-Sysmon/Operational,XmlWinEventLog,4
raw/1914__IEDU-JUMP-02__XmlWinEventLog.log,IEDU-JUMP-02,XmlWinEventLog:Security,XmlWinEventLog,7
raw/1915__IEDU-JUMP-02__sccm_client.log,IEDU-JUMP-02,sccm:client,sccm:client,1
raw/1916__IEDU-JUMP-03__XmlWinEventLog.log,IEDU-JUMP-03,XmlWinEventLog:Microsoft-Windows-Sysmon/Operational,XmlWinEventLog,10
raw/1917__IEDU-JUMP-03__XmlWinEventLog.log,IEDU-JUMP-03,XmlWinEventLog:Security,XmlWinEventLog,8
raw/1918__IEDU-JUMP-03__wsus_client.log,IEDU-JUMP-03,wsus:client,wsus:client,1
raw/1919__IEDU-LNX-01__linux_audit.log,IEDU-LNX-01,/var/log/audit/audit.log,linux_audit,83
raw/1920__IEDU-LNX-01__linux_secure.log,IEDU-LNX-01,/var/log/secure,linux_secure,17
raw/1921__IEDU-LNX-01__syslog.log,IEDU-LNX-01,/var/log/syslog,syslog,35
raw/1922__IEDU-LNX-01__ms_defender_eventhub.log,IEDU-LNX-01,ms:defender:eventhub,ms:defender:eventhub,1
raw/1923__IEDU-LNX-02__linux_audit.log,IEDU-LNX-02,/var/log/audit/audit.log,linux_audit,94
raw/1924__IEDU-LNX-02__linux_secure.log,IEDU-LNX-02,/var/log/secure,linux_secure,15
raw/1925__IEDU-LNX-02__syslog.log,IEDU-LNX-02,/var/log/syslog,syslog,21
raw/1926__IEDU-LNX-02__trellix_epo.log,IEDU-LNX-02,trellix:epo,trellix:epo,1
raw/1927__IEDU-LNX-03__linux_audit.log,IEDU-LNX-03,/var/log/audit/audit.log,linux_audit,83
raw/1928__IEDU-LNX-03__linux_secure.log,IEDU-LNX-03,/var/log/secure,linux_secure,18
raw/1929__IEDU-LNX-03__syslog.log,IEDU-LNX-03,/var/log/syslog,syslog,18
raw/1930__IEDU-LNX-03__ms_defender_eventhub.log,IEDU-LNX-03,ms:defender:eventhub,ms:defender:eventhub,1
raw/1931__IEDU-LNX-03__trellix_epo.log,IEDU-LNX-03,trellix:epo,trellix:epo,1
raw/1932__IEDU-LNX-04__linux_audit.log,IEDU-LNX-04,/var/log/audit/audit.log,linux_audit,78
raw/1933__IEDU-LNX-04__linux_secure.log,IEDU-LNX-04,/var/log/secure,linux_secure,18
raw/1934__IEDU-LNX-04__syslog.log,IEDU-LNX-04,/var/log/syslog,syslog,24
raw/1935__IEDU-LNX-05__linux_audit.log,IEDU-LNX-05,/var/log/audit/audit.log,linux_audit,70
raw/1936__IEDU-LNX-05__linux_secure.log,IEDU-LNX-05,/var/log/secure,linux_secure,14
raw/1937__IEDU-LNX-05__syslog.log,IEDU-LNX-05,/var/log/syslog,syslog,27
raw/1938__IEDU-LNX-06__linux_audit.log,IEDU-LNX-06,/var/log/audit/audit.log,linux_audit,59
raw/1939__IEDU-LNX-06__linux_secure.log,IEDU-LNX-06,/var/log/secure,linux_secure,14
raw/1940__IEDU-LNX-06__syslog.log,IEDU-LNX-06,/var/log/syslog,syslog,18
raw/1941__IEDU-LNX-06__ms_defender_eventhub.log,IEDU-LNX-06,ms:defender:eventhub,ms:defender:eventhub,1
raw/1942__IEDU-LNX-07__linux_audit.log,IEDU-LNX-07,/var/log/audit/audit.log,linux_audit,121
raw/1943__IEDU-LNX-07__linux_secure.log,IEDU-LNX-07,/var/log/secure,linux_secure,18
raw/1944__IEDU-LNX-07__syslog.log,IEDU-LNX-07,/var/log/syslog,syslog,18
raw/1945__IEDU-LNX-08__linux_audit.log,IEDU-LNX-08,/var/log/audit/audit.log,linux_audit,83
raw/1946__IEDU-LNX-08__linux_secure.log,IEDU-LNX-08,/var/log/secure,linux_secure,18
raw/1947__IEDU-LNX-08__syslog.log,IEDU-LNX-08,/var/log/syslog,syslog,13
raw/1948__IEDU-LNX-08__ms_defender_eventhub.log,IEDU-LNX-08,ms:defender:eventhub,ms:defender:eventhub,2
raw/1949__IEDU-PACS-01__pacs_access.log,IEDU-PACS-01,pacs:access,pacs:access,113
raw/1950__IEDU-PAW-01__XmlWinEventLog.log,IEDU-PAW-01,XmlWinEventLog:Microsoft-Windows-Sysmon/Operational,XmlWinEventLog,1
raw/1951__IEDU-PAW-01__XmlWinEventLog.log,IEDU-PAW-01,XmlWinEventLog:Security,XmlWinEventLog,3
raw/1952__IEDU-PAW-01__ms_defender_eventhub.log,IEDU-PAW-01,ms:defender:eventhub,ms:defender:eventhub,1
raw/1953__IEDU-PAW-02__XmlWinEventLog.log,IEDU-PAW-02,XmlWinEventLog:Microsoft-Windows-Sysmon/Operational,XmlWinEventLog,6
raw/1954__IEDU-PAW-02__XmlWinEventLog.log,IEDU-PAW-02,XmlWinEventLog:Security,XmlWinEventLog,5
raw/1955__IEDU-PAW-02__ms_defender_eventhub.log,IEDU-PAW-02,ms:defender:eventhub,ms:defender:eventhub,1
raw/1956__IEDU-PAW-03__XmlWinEventLog.log,IEDU-PAW-03,XmlWinEventLog:Microsoft-Windows-Sysmon/Operational,XmlWinEventLog,4
raw/1957__IEDU-PAW-03__XmlWinEventLog.log,IEDU-PAW-03,XmlWinEventLog:Security,XmlWinEventLog,8
raw/1958__IEDU-PAW-04__XmlWinEventLog.log,IEDU-PAW-04,XmlWinEventLog:Microsoft-Windows-Sysmon/Operational,XmlWinEventLog,9
raw/1959__IEDU-PAW-04__XmlWinEventLog.log,IEDU-PAW-04,XmlWinEventLog:Security,XmlWinEventLog,6
raw/1960__IEDU-PAW-05__XmlWinEventLog.log,IEDU-PAW-05,XmlWinEventLog:Microsoft-Windows-Sysmon/Operational,XmlWinEventLog,8
raw/1961__IEDU-PAW-05__XmlWinEventLog.log,IEDU-PAW-05,XmlWinEventLog:Security,XmlWinEventLog,2
raw/1962__IEDU-PAW-05__trellix_epo.log,IEDU-PAW-05,trellix:epo,trellix:epo,1
raw/1963__IEDU-PAW-06__XmlWinEventLog.log,IEDU-PAW-06,XmlWinEventLog:Microsoft-Windows-Sysmon/Operational,XmlWinEventLog,7
raw/1964__IEDU-PAW-06__XmlWinEventLog.log,IEDU-PAW-06,XmlWinEventLog:Security,XmlWinEventLog,4
raw/1965__IEDU-PAW-06__ms_defender_eventhub.log,IEDU-PAW-06,ms:defender:eventhub,ms:defender:eventhub,1
raw/1966__IEDU-RTR-01__cisco_ios.log,IEDU-RTR-01,cisco:ios,cisco:ios,47
raw/1967__IEDU-RTR-02__juniper.log,IEDU-RTR-02,juniper,juniper,15
raw/1968__IEDU-RTR-02__juniper_junos_firewall.log,IEDU-RTR-02,juniper:junos:firewall,juniper:junos:firewall,9
raw/1969__IEDU-VDI-01__XmlWinEventLog.log,IEDU-VDI-01,XmlWinEventLog:Microsoft-Windows-Sysmon/Operational,XmlWinEventLog,4
raw/1970__IEDU-VDI-01__XmlWinEventLog.log,IEDU-VDI-01,XmlWinEventLog:Security,XmlWinEventLog,2
raw/1971__IEDU-VDI-01__ms_defender_eventhub.log,IEDU-VDI-01,ms:defender:eventhub,ms:defender:eventhub,1
raw/1972__IEDU-VDI-01__trellix_epo.log,IEDU-VDI-01,trellix:epo,trellix:epo,2
raw/1973__IEDU-VDI-02__XmlWinEventLog.log,IEDU-VDI-02,XmlWinEventLog:Microsoft-Windows-Sysmon/Operational,XmlWinEventLog,6
raw/1974__IEDU-VDI-02__XmlWinEventLog.log,IEDU-VDI-02,XmlWinEventLog:Security,XmlWinEventLog,3
raw/1975__IEDU-VDI-02__trellix_epo.log,IEDU-VDI-02,trellix:epo,trellix:epo,1
raw/1976__IEDU-VDI-03__XmlWinEventLog.log,IEDU-VDI-03,XmlWinEventLog:Microsoft-Windows-Sysmon/Operational,XmlWinEventLog,2
raw/1977__IEDU-VDI-03__XmlWinEventLog.log,IEDU-VDI-03,XmlWinEventLog:Security,XmlWinEventLog,11
raw/1978__IEDU-VDI-03__sccm_client.log,IEDU-VDI-03,sccm:client,sccm:client,1
raw/1979__IEDU-VDI-03__wsus_client.log,IEDU-VDI-03,wsus:client,wsus:client,1
raw/1980__IEDU-WS-0001__XmlWinEventLog.log,IEDU-WS-0001,XmlWinEventLog:Microsoft-Windows-Sysmon/Operational,XmlWinEventLog,5
raw/1981__IEDU-WS-0001__XmlWinEventLog.log,IEDU-WS-0001,XmlWinEventLog:Security,XmlWinEventLog,8
raw/1982__IEDU-WS-0001__ms_defender_eventhub.log,IEDU-WS-0001,ms:defender:eventhub,ms:defender:eventhub,1
raw/1983__IEDU-WS-0001__wsus_client.log,IEDU-WS-0001,wsus:client,wsus:client,1
raw/1984__IEDU-WS-0002__XmlWinEventLog.log,IEDU-WS-0002,XmlWinEventLog:Microsoft-Windows-Sysmon/Operational,XmlWinEventLog,9
raw/1985__IEDU-WS-0002__XmlWinEventLog.log,IEDU-WS-0002,XmlWinEventLog:Security,XmlWinEventLog,7
raw/1986__IEDU-WS-0002__trellix_epo.log,IEDU-WS-0002,trellix:epo,trellix:epo,2
raw/1987__IEDU-WS-0003__XmlWinEventLog.log,IEDU-WS-0003,XmlWinEventLog:Microsoft-Windows-Sysmon/Operational,XmlWinEventLog,10
raw/1988__IEDU-WS-0003__XmlWinEventLog.log,IEDU-WS-0003,XmlWinEventLog:Security,XmlWinEventLog,8
raw/1989__IEDU-WS-0003__trellix_epo.log,IEDU-WS-0003,trellix:epo,trellix:epo,1
raw/1990__IEDU-WS-0004__XmlWinEventLog.log,IEDU-WS-0004,XmlWinEventLog:Microsoft-Windows-Sysmon/Operational,XmlWinEventLog,8
raw/1991__IEDU-WS-0004__XmlWinEventLog.log,IEDU-WS-0004,XmlWinEventLog:Security,XmlWinEventLog,6
raw/1992__IEDU-WS-0004__ms_defender_eventhub.log,IEDU-WS-0004,ms:defender:eventhub,ms:defender:eventhub,1
raw/1993__IEDU-WS-0005__XmlWinEventLog.log,IEDU-WS-0005,XmlWinEventLog:Microsoft-Windows-Sysmon/Operational,XmlWinEventLog,9
raw/1994__IEDU-WS-0005__XmlWinEventLog.log,IEDU-WS-0005,XmlWinEventLog:Security,XmlWinEventLog,7
raw/1995__IEDU-WS-0005__ms_defender_eventhub.log,IEDU-WS-0005,ms:defender:eventhub,ms:defender:eventhub,3
raw/1996__IEDU-WS-0006__XmlWinEventLog.log,IEDU-WS-0006,XmlWinEventLog:Microsoft-Windows-Sysmon/Operational,XmlWinEventLog,9
raw/1997__IEDU-WS-0006__XmlWinEventLog.log,IEDU-WS-0006,XmlWinEventLog:Security,XmlWinEventLog,9
raw/1998__IEDU-WS-0006__ms_defender_eventhub.log,IEDU-WS-0006,ms:defender:eventhub,ms:defender:eventhub,2
raw/1999__IEDU-WS-0007__XmlWinEventLog.log,IEDU-WS-0007,XmlWinEventLog:Microsoft-Windows-Sysmon/Operational,XmlWinEventLog,11
raw/2000__IEDU-WS-0007__XmlWinEventLog.log,IEDU-WS-0007,XmlWinEventLog:Security,XmlWinEventLog,7
raw/2001__IEDU-WS-0007__trellix_epo.log,IEDU-WS-0007,trellix:epo,trellix:epo,1
raw/2002__IEDU-WS-0008__XmlWinEventLog.log,IEDU-WS-0008,XmlWinEventLog:Microsoft-Windows-Sysmon/Operational,XmlWinEventLog,7
raw/2003__IEDU-WS-0008__XmlWinEventLog.log,IEDU-WS-0008,XmlWinEventLog:Security,XmlWinEventLog,10
raw/2004__IEDU-WS-0008__wsus_client.log,IEDU-WS-0008,wsus:client,wsus:client,1
raw/2005__IEDU-WS-0009__XmlWinEventLog.log,IEDU-WS-0009,XmlWinEventLog:Microsoft-Windows-Sysmon/Operational,XmlWinEventLog,9
raw/2006__IEDU-WS-0009__XmlWinEventLog.log,IEDU-WS-0009,XmlWinEventLog:Security,XmlWinEventLog,6
raw/2007__IEDU-WS-0010__XmlWinEventLog.log,IEDU-WS-0010,XmlWinEventLog:Microsoft-Windows-Sysmon/Operational,XmlWinEventLog,7
raw/2008__IEDU-WS-0010__XmlWinEventLog.log,IEDU-WS-0010,XmlWinEventLog:Security,XmlWinEventLog,5
raw/2009__IEDU-WS-0011__XmlWinEventLog.log,IEDU-WS-0011,XmlWinEventLog:Microsoft-Windows-Sysmon/Operational,XmlWinEventLog,9
raw/2010__IEDU-WS-0011__XmlWinEventLog.log,IEDU-WS-0011,XmlWinEventLog:Security,XmlWinEventLog,1
raw/2011__IEDU-WS-0011__trellix_epo.log,IEDU-WS-0011,trellix:epo,trellix:epo,1
raw/2012__IEDU-WS-0012__XmlWinEventLog.log,IEDU-WS-0012,XmlWinEventLog:Microsoft-Windows-Sysmon/Operational,XmlWinEventLog,9
raw/2013__IEDU-WS-0012__XmlWinEventLog.log,IEDU-WS-0012,XmlWinEventLog:Security,XmlWinEventLog,10
raw/2014__IEDU-WS-0012__ms_defender_eventhub.log,IEDU-WS-0012,ms:defender:eventhub,ms:defender:eventhub,1
raw/2015__IEDU-WS-0012__wsus_client.log,IEDU-WS-0012,wsus:client,wsus:client,2
raw/2016__IEDU-WS-0013__XmlWinEventLog.log,IEDU-WS-0013,XmlWinEventLog:Microsoft-Windows-Sysmon/Operational,XmlWinEventLog,7
raw/2017__IEDU-WS-0013__XmlWinEventLog.log,IEDU-WS-0013,XmlWinEventLog:Security,XmlWinEventLog,12
raw/2018__IEDU-WS-0013__ms_defender_eventhub.log,IEDU-WS-0013,ms:defender:eventhub,ms:defender:eventhub,1
raw/2019__IEDU-WS-0014__XmlWinEventLog.log,IEDU-WS-0014,XmlWinEventLog:Microsoft-Windows-Sysmon/Operational,XmlWinEventLog,11
raw/2020__IEDU-WS-0014__XmlWinEventLog.log,IEDU-WS-0014,XmlWinEventLog:Security,XmlWinEventLog,4
raw/2021__IEDU-WS-0014__sccm_client.log,IEDU-WS-0014,sccm:client,sccm:client,1
raw/2022__IEDU-WS-0014__trellix_epo.log,IEDU-WS-0014,trellix:epo,trellix:epo,1
raw/2023__IEDU-WS-0014__wsus_client.log,IEDU-WS-0014,wsus:client,wsus:client,1
raw/2024__IEDU-WS-0015__XmlWinEventLog.log,IEDU-WS-0015,XmlWinEventLog:Microsoft-Windows-Sysmon/Operational,XmlWinEventLog,6
raw/2025__IEDU-WS-0015__XmlWinEventLog.log,IEDU-WS-0015,XmlWinEventLog:Security,XmlWinEventLog,9
raw/2026__IEDU-WS-0015__ms_defender_eventhub.log,IEDU-WS-0015,ms:defender:eventhub,ms:defender:eventhub,1
raw/2027__IEDU-WS-0016__XmlWinEventLog.log,IEDU-WS-0016,XmlWinEventLog:Microsoft-Windows-Sysmon/Operational,XmlWinEventLog,5
raw/2028__IEDU-WS-0016__XmlWinEventLog.log,IEDU-WS-0016,XmlWinEventLog:Security,XmlWinEventLog,18
raw/2029__IEDU-WS-0016__ms_defender_eventhub.log,IEDU-WS-0016,ms:defender:eventhub,ms:defender:eventhub,1
raw/2030__IEDU-WS-0016__sccm_client.log,IEDU-WS-0016,sccm:client,sccm:client,1
raw/2031__IEDU-WS-0017__XmlWinEventLog.log,IEDU-WS-0017,XmlWinEventLog:Microsoft-Windows-Sysmon/Operational,XmlWinEventLog,6
raw/2032__IEDU-WS-0017__XmlWinEventLog.log,IEDU-WS-0017,XmlWinEventLog:Security,XmlWinEventLog,3
raw/2033__IEDU-WS-0017__ms_defender_eventhub.log,IEDU-WS-0017,ms:defender:eventhub,ms:defender:eventhub,1
raw/2034__IEDU-WS-0018__XmlWinEventLog.log,IEDU-WS-0018,XmlWinEventLog:Microsoft-Windows-Sysmon/Operational,XmlWinEventLog,13
raw/2035__IEDU-WS-0018__XmlWinEventLog.log,IEDU-WS-0018,XmlWinEventLog:Security,XmlWinEventLog,9
raw/2036__IEDU-WS-0018__ms_defender_eventhub.log,IEDU-WS-0018,ms:defender:eventhub,ms:defender:eventhub,2
raw/2037__IEDU-WS-0019__XmlWinEventLog.log,IEDU-WS-0019,XmlWinEventLog:Microsoft-Windows-Sysmon/Operational,XmlWinEventLog,6
raw/2038__IEDU-WS-0019__XmlWinEventLog.log,IEDU-WS-0019,XmlWinEventLog:Security,XmlWinEventLog,8
raw/2039__IEDU-WS-0019__trellix_epo.log,IEDU-WS-0019,trellix:epo,trellix:epo,1
raw/2040__IEDU-WS-0020__XmlWinEventLog.log,IEDU-WS-0020,XmlWinEventLog:Microsoft-Windows-Sysmon/Operational,XmlWinEventLog,7
raw/2041__IEDU-WS-0020__XmlWinEventLog.log,IEDU-WS-0020,XmlWinEventLog:Security,XmlWinEventLog,10
raw/2042__IEDU-WS-0020__sccm_client.log,IEDU-WS-0020,sccm:client,sccm:client,1
raw/2043__IEDU-WS-0021__XmlWinEventLog.log,IEDU-WS-0021,XmlWinEventLog:Microsoft-Windows-Sysmon/Operational,XmlWinEventLog,6
raw/2044__IEDU-WS-0021__XmlWinEventLog.log,IEDU-WS-0021,XmlWinEventLog:Security,XmlWinEventLog,7
raw/2045__IEDU-WS-0021__ms_defender_eventhub.log,IEDU-WS-0021,ms:defender:eventhub,ms:defender:eventhub,2
raw/2046__IEDU-WS-0021__trellix_epo.log,IEDU-WS-0021,trellix:epo,trellix:epo,2
raw/2047__IEDU-WS-0022__XmlWinEventLog.log,IEDU-WS-0022,XmlWinEventLog:Microsoft-Windows-Sysmon/Operational,XmlWinEventLog,6
raw/2048__IEDU-WS-0022__XmlWinEventLog.log,IEDU-WS-0022,XmlWinEventLog:Security,XmlWinEventLog,3
raw/2049__IEDU-WS-0022__wsus_client.log,IEDU-WS-0022,wsus:client,wsus:client,1
raw/2050__IEDU-WS-0023__XmlWinEventLog.log,IEDU-WS-0023,XmlWinEventLog:Microsoft-Windows-Sysmon/Operational,XmlWinEventLog,7
raw/2051__IEDU-WS-0023__XmlWinEventLog.log,IEDU-WS-0023,XmlWinEventLog:Security,XmlWinEventLog,8
raw/2052__IEDU-WS-0024__XmlWinEventLog.log,IEDU-WS-0024,XmlWinEventLog:Microsoft-Windows-Sysmon/Operational,XmlWinEventLog,8
raw/2053__IEDU-WS-0024__XmlWinEventLog.log,IEDU-WS-0024,XmlWinEventLog:Security,XmlWinEventLog,13
raw/2054__IEDU-WS-0024__sccm_client.log,IEDU-WS-0024,sccm:client,sccm:client,1
raw/2055__IEDU-WS-0024__trellix_epo.log,IEDU-WS-0024,trellix:epo,trellix:epo,1
raw/2056__IEDU-WS-0025__XmlWinEventLog.log,IEDU-WS-0025,XmlWinEventLog:Microsoft-Windows-Sysmon/Operational,XmlWinEventLog,3
raw/2057__IEDU-WS-0025__XmlWinEventLog.log,IEDU-WS-0025,XmlWinEventLog:Security,XmlWinEventLog,4
raw/2058__IEDU-WS-0025__ms_defender_eventhub.log,IEDU-WS-0025,ms:defender:eventhub,ms:defender:eventhub,1
raw/2059__IEDU-WS-0026__XmlWinEventLog.log,IEDU-WS-0026,XmlWinEventLog:Microsoft-Windows-Sysmon/Operational,XmlWinEventLog,2
raw/2060__IEDU-WS-0026__XmlWinEventLog.log,IEDU-WS-0026,XmlWinEventLog:Security,XmlWinEventLog,3
raw/2061__IEDU-WS-0027__XmlWinEventLog.log,IEDU-WS-0027,XmlWinEventLog:Microsoft-Windows-Sysmon/Operational,XmlWinEventLog,5
raw/2062__IEDU-WS-0027__XmlWinEventLog.log,IEDU-WS-0027,XmlWinEventLog:Security,XmlWinEventLog,3
raw/2063__IEDU-WS-0027__ms_defender_eventhub.log,IEDU-WS-0027,ms:defender:eventhub,ms:defender:eventhub,2
raw/2064__IEDU-WS-0027__trellix_epo.log,IEDU-WS-0027,trellix:epo,trellix:epo,1
raw/2065__IEDU-WS-0028__XmlWinEventLog.log,IEDU-WS-0028,XmlWinEventLog:Microsoft-Windows-Sysmon/Operational,XmlWinEventLog,6
raw/2066__IEDU-WS-0028__XmlWinEventLog.log,IEDU-WS-0028,XmlWinEventLog:Security,XmlWinEventLog,7
raw/2067__IEDU-WS-0028__trellix_epo.log,IEDU-WS-0028,trellix:epo,trellix:epo,1
raw/2068__IEDU-WS-0029__XmlWinEventLog.log,IEDU-WS-0029,XmlWinEventLog:Microsoft-Windows-Sysmon/Operational,XmlWinEventLog,4
raw/2069__IEDU-WS-0029__XmlWinEventLog.log,IEDU-WS-0029,XmlWinEventLog:Security,XmlWinEventLog,6
raw/2070__IEDU-WS-0029__ms_defender_eventhub.log,IEDU-WS-0029,ms:defender:eventhub,ms:defender:eventhub,3
raw/2071__IEDU-WS-0029__sccm_client.log,IEDU-WS-0029,sccm:client,sccm:client,1
raw/2072__IEDU-WS-0030__XmlWinEventLog.log,IEDU-WS-0030,XmlWinEventLog:Microsoft-Windows-Sysmon/Operational,XmlWinEventLog,5
raw/2073__IEDU-WS-0030__XmlWinEventLog.log,IEDU-WS-0030,XmlWinEventLog:Security,XmlWinEventLog,5
raw/2074__IEDU-WS-0030__trellix_epo.log,IEDU-WS-0030,trellix:epo,trellix:epo,2
raw/2075__IEDU-WS-0031__XmlWinEventLog.log,IEDU-WS-0031,XmlWinEventLog:Microsoft-Windows-Sysmon/Operational,XmlWinEventLog,6
raw/2076__IEDU-WS-0031__XmlWinEventLog.log,IEDU-WS-0031,XmlWinEventLog:Security,XmlWinEventLog,5
raw/2077__IEDU-WS-0031__wsus_client.log,IEDU-WS-0031,wsus:client,wsus:client,1
raw/2078__IEDU-WS-0032__XmlWinEventLog.log,IEDU-WS-0032,XmlWinEventLog:Microsoft-Windows-Sysmon/Operational,XmlWinEventLog,3
raw/2079__IEDU-WS-0032__XmlWinEventLog.log,IEDU-WS-0032,XmlWinEventLog:Security,XmlWinEventLog,5
raw/2080__IEDU-WS-0032__ms_defender_eventhub.log,IEDU-WS-0032,ms:defender:eventhub,ms:defender:eventhub,1
raw/2081__IEDU-WS-0033__XmlWinEventLog.log,IEDU-WS-0033,XmlWinEventLog:Microsoft-Windows-Sysmon/Operational,XmlWinEventLog,4
raw/2082__IEDU-WS-0033__XmlWinEventLog.log,IEDU-WS-0033,XmlWinEventLog:Security,XmlWinEventLog,7
raw/2083__IEDU-WS-0033__ms_defender_eventhub.log,IEDU-WS-0033,ms:defender:eventhub,ms:defender:eventhub,2
raw/2084__IEDU-WS-0034__XmlWinEventLog.log,IEDU-WS-0034,XmlWinEventLog:Microsoft-Windows-Sysmon/Operational,XmlWinEventLog,11
raw/2085__IEDU-WS-0034__XmlWinEventLog.log,IEDU-WS-0034,XmlWinEventLog:Security,XmlWinEventLog,6
raw/2086__IEDU-WS-0035__XmlWinEventLog.log,IEDU-WS-0035,XmlWinEventLog:Microsoft-Windows-Sysmon/Operational,XmlWinEventLog,9
raw/2087__IEDU-WS-0035__XmlWinEventLog.log,IEDU-WS-0035,XmlWinEventLog:Security,XmlWinEventLog,2
raw/2088__IEDU-WS-0035__ms_defender_eventhub.log,IEDU-WS-0035,ms:defender:eventhub,ms:defender:eventhub,2
raw/2089__IEDU-WS-0036__XmlWinEventLog.log,IEDU-WS-0036,XmlWinEventLog:Microsoft-Windows-Sysmon/Operational,XmlWinEventLog,2
raw/2090__IEDU-WS-0036__XmlWinEventLog.log,IEDU-WS-0036,XmlWinEventLog:Security,XmlWinEventLog,5
raw/2091__IEDU-WS-0037__XmlWinEventLog.log,IEDU-WS-0037,XmlWinEventLog:Microsoft-Windows-Sysmon/Operational,XmlWinEventLog,6
raw/2092__IEDU-WS-0037__XmlWinEventLog.log,IEDU-WS-0037,XmlWinEventLog:Security,XmlWinEventLog,4
raw/2093__IEDU-WS-0037__ms_defender_eventhub.log,IEDU-WS-0037,ms:defender:eventhub,ms:defender:eventhub,1
raw/2094__IEDU-WS-0037__sccm_client.log,IEDU-WS-0037,sccm:client,sccm:client,1
raw/2095__IEDU-WS-0037__trellix_epo.log,IEDU-WS-0037,trellix:epo,trellix:epo,1
raw/2096__IEDU-WS-0037__wsus_client.log,IEDU-WS-0037,wsus:client,wsus:client,2
raw/2097__IEDU-WS-0038__XmlWinEventLog.log,IEDU-WS-0038,XmlWinEventLog:Microsoft-Windows-Sysmon/Operational,XmlWinEventLog,9
raw/2098__IEDU-WS-0038__XmlWinEventLog.log,IEDU-WS-0038,XmlWinEventLog:Security,XmlWinEventLog,3
raw/2099__IEDU-WS-0038__ms_defender_eventhub.log,IEDU-WS-0038,ms:defender:eventhub,ms:defender:eventhub,1
raw/2100__IEDU-WS-0039__XmlWinEventLog.log,IEDU-WS-0039,XmlWinEventLog:Microsoft-Windows-Sysmon/Operational,XmlWinEventLog,3
raw/2101__IEDU-WS-0039__XmlWinEventLog.log,IEDU-WS-0039,XmlWinEventLog:Security,XmlWinEventLog,4
raw/2102__IEDU-WS-0039__ms_defender_eventhub.log,IEDU-WS-0039,ms:defender:eventhub,ms:defender:eventhub,3
raw/2103__IEDU-WS-0040__XmlWinEventLog.log,IEDU-WS-0040,XmlWinEventLog:Microsoft-Windows-Sysmon/Operational,XmlWinEventLog,5
raw/2104__IEDU-WS-0040__XmlWinEventLog.log,IEDU-WS-0040,XmlWinEventLog:Security,XmlWinEventLog,6
raw/2105__IEDU-WS-0040__ms_defender_eventhub.log,IEDU-WS-0040,ms:defender:eventhub,ms:defender:eventhub,1
raw/2106__IEDU-WS-0041__XmlWinEventLog.log,IEDU-WS-0041,XmlWinEventLog:Microsoft-Windows-Sysmon/Operational,XmlWinEventLog,7
raw/2107__IEDU-WS-0041__XmlWinEventLog.log,IEDU-WS-0041,XmlWinEventLog:Security,XmlWinEventLog,3
raw/2108__IEDU-WS-0041__trellix_epo.log,IEDU-WS-0041,trellix:epo,trellix:epo,1
raw/2109__IEDU-WS-0041__wsus_client.log,IEDU-WS-0041,wsus:client,wsus:client,1
raw/2110__IEDU-WS-0042__XmlWinEventLog.log,IEDU-WS-0042,XmlWinEventLog:Microsoft-Windows-Sysmon/Operational,XmlWinEventLog,7
raw/2111__IEDU-WS-0042__XmlWinEventLog.log,IEDU-WS-0042,XmlWinEventLog:Security,XmlWinEventLog,5
raw/2112__IEDU-WS-0043__XmlWinEventLog.log,IEDU-WS-0043,XmlWinEventLog:Microsoft-Windows-Sysmon/Operational,XmlWinEventLog,4
raw/2113__IEDU-WS-0043__XmlWinEventLog.log,IEDU-WS-0043,XmlWinEventLog:Security,XmlWinEventLog,4
raw/2114__IEDU-WS-0044__XmlWinEventLog.log,IEDU-WS-0044,XmlWinEventLog:Microsoft-Windows-Sysmon/Operational,XmlWinEventLog,9
raw/2115__IEDU-WS-0044__XmlWinEventLog.log,IEDU-WS-0044,XmlWinEventLog:Security,XmlWinEventLog,4
raw/2116__IEDU-WS-0045__XmlWinEventLog.log,IEDU-WS-0045,XmlWinEventLog:Microsoft-Windows-Sysmon/Operational,XmlWinEventLog,8
raw/2117__IEDU-WS-0045__XmlWinEventLog.log,IEDU-WS-0045,XmlWinEventLog:Security,XmlWinEventLog,4
raw/2118__IEDU-WS-0046__XmlWinEventLog.log,IEDU-WS-0046,XmlWinEventLog:Microsoft-Windows-Sysmon/Operational,XmlWinEventLog,4
raw/2119__IEDU-WS-0046__XmlWinEventLog.log,IEDU-WS-0046,XmlWinEventLog:Security,XmlWinEventLog,2
raw/2120__IEDU-WS-0046__wsus_client.log,IEDU-WS-0046,wsus:client,wsus:client,1
raw/2121__IEDU-WS-0047__XmlWinEventLog.log,IEDU-WS-0047,XmlWinEventLog:Microsoft-Windows-Sysmon/Operational,XmlWinEventLog,12
raw/2122__IEDU-WS-0047__XmlWinEventLog.log,IEDU-WS-0047,XmlWinEventLog:Security,XmlWinEventLog,5
raw/2123__IEDU-WS-0047__ms_defender_eventhub.log,IEDU-WS-0047,ms:defender:eventhub,ms:defender:eventhub,2
raw/2124__IEDU-WS-0047__sccm_client.log,IEDU-WS-0047,sccm:client,sccm:client,1
raw/2125__IEDU-WS-0048__XmlWinEventLog.log,IEDU-WS-0048,XmlWinEventLog:Microsoft-Windows-Sysmon/Operational,XmlWinEventLog,7
raw/2126__IEDU-WS-0048__XmlWinEventLog.log,IEDU-WS-0048,XmlWinEventLog:Security,XmlWinEventLog,6
raw/2127__IEDU-WS-0048__ms_defender_eventhub.log,IEDU-WS-0048,ms:defender:eventhub,ms:defender:eventhub,3
raw/2128__IEDU-WS-0048__sccm_client.log,IEDU-WS-0048,sccm:client,sccm:client,1
raw/2129__IEDU-WS-0049__XmlWinEventLog.log,IEDU-WS-0049,XmlWinEventLog:Microsoft-Windows-Sysmon/Operational,XmlWinEventLog,6
raw/2130__IEDU-WS-0049__XmlWinEventLog.log,IEDU-WS-0049,XmlWinEventLog:Security,XmlWinEventLog,6
raw/2131__IEDU-WS-0049__ms_defender_eventhub.log,IEDU-WS-0049,ms:defender:eventhub,ms:defender:eventhub,1
raw/2132__IEDU-WS-0049__trellix_epo.log,IEDU-WS-0049,trellix:epo,trellix:epo,3
raw/2133__IEDU-WS-0050__XmlWinEventLog.log,IEDU-WS-0050,XmlWinEventLog:Microsoft-Windows-Sysmon/Operational,XmlWinEventLog,8
raw/2134__IEDU-WS-0050__XmlWinEventLog.log,IEDU-WS-0050,XmlWinEventLog:Security,XmlWinEventLog,3
raw/2135__IEDU-WS-0050__sccm_client.log,IEDU-WS-0050,sccm:client,sccm:client,1
raw/2136__IEDU-WS-0051__XmlWinEventLog.log,IEDU-WS-0051,XmlWinEventLog:Microsoft-Windows-Sysmon/Operational,XmlWinEventLog,6
raw/2137__IEDU-WS-0051__XmlWinEventLog.log,IEDU-WS-0051,XmlWinEventLog:Security,XmlWinEventLog,3
raw/2138__IEDU-WS-0052__XmlWinEventLog.log,IEDU-WS-0052,XmlWinEventLog:Microsoft-Windows-Sysmon/Operational,XmlWinEventLog,7
raw/2139__IEDU-WS-0052__XmlWinEventLog.log,IEDU-WS-0052,XmlWinEventLog:Security,XmlWinEventLog,8
raw/2140__IEDU-WS-0052__ms_defender_eventhub.log,IEDU-WS-0052,ms:defender:eventhub,ms:defender:eventhub,1
raw/2141__IEDU-WS-0052__trellix_epo.log,IEDU-WS-0052,trellix:epo,trellix:epo,2
raw/2142__IEDU-WS-0052__wsus_client.log,IEDU-WS-0052,wsus:client,wsus:client,1
raw/2143__IEDU-WS-0053__XmlWinEventLog.log,IEDU-WS-0053,XmlWinEventLog:Microsoft-Windows-Sysmon/Operational,XmlWinEventLog,5
raw/2144__IEDU-WS-0053__XmlWinEventLog.log,IEDU-WS-0053,XmlWinEventLog:Security,XmlWinEventLog,4
raw/2145__IEDU-WS-0054__XmlWinEventLog.log,IEDU-WS-0054,XmlWinEventLog:Microsoft-Windows-Sysmon/Operational,XmlWinEventLog,3
raw/2146__IEDU-WS-0054__XmlWinEventLog.log,IEDU-WS-0054,XmlWinEventLog:Security,XmlWinEventLog,3
raw/2147__IEDU-WS-0054__ms_defender_eventhub.log,IEDU-WS-0054,ms:defender:eventhub,ms:defender:eventhub,1
raw/2148__IEDU-WS-0055__XmlWinEventLog.log,IEDU-WS-0055,XmlWinEventLog:Microsoft-Windows-Sysmon/Operational,XmlWinEventLog,9
raw/2149__IEDU-WS-0055__XmlWinEventLog.log,IEDU-WS-0055,XmlWinEventLog:Security,XmlWinEventLog,8
raw/2150__IEDU-WS-0055__trellix_epo.log,IEDU-WS-0055,trellix:epo,trellix:epo,1
raw/2151__IEDU-WS-0056__XmlWinEventLog.log,IEDU-WS-0056,XmlWinEventLog:Microsoft-Windows-Sysmon/Operational,XmlWinEventLog,4
raw/2152__IEDU-WS-0056__XmlWinEventLog.log,IEDU-WS-0056,XmlWinEventLog:Security,XmlWinEventLog,4
raw/2153__IEDU-WS-0056__ms_defender_eventhub.log,IEDU-WS-0056,ms:defender:eventhub,ms:defender:eventhub,1
raw/2154__IEDU-WS-0056__trellix_epo.log,IEDU-WS-0056,trellix:epo,trellix:epo,2
raw/2155__IEDU-WS-0057__XmlWinEventLog.log,IEDU-WS-0057,XmlWinEventLog:Microsoft-Windows-Sysmon/Operational,XmlWinEventLog,5
raw/2156__IEDU-WS-0057__XmlWinEventLog.log,IEDU-WS-0057,XmlWinEventLog:Security,XmlWinEventLog,8
raw/2157__IEDU-WS-0057__ms_defender_eventhub.log,IEDU-WS-0057,ms:defender:eventhub,ms:defender:eventhub,1
raw/2158__IEDU-WS-0058__XmlWinEventLog.log,IEDU-WS-0058,XmlWinEventLog:Microsoft-Windows-Sysmon/Operational,XmlWinEventLog,1
raw/2159__IEDU-WS-0058__XmlWinEventLog.log,IEDU-WS-0058,XmlWinEventLog:Security,XmlWinEventLog,4
raw/2160__IEDU-WS-0058__trellix_epo.log,IEDU-WS-0058,trellix:epo,trellix:epo,3
raw/2161__IEDU-WS-0059__XmlWinEventLog.log,IEDU-WS-0059,XmlWinEventLog:Microsoft-Windows-Sysmon/Operational,XmlWinEventLog,8
raw/2162__IEDU-WS-0059__XmlWinEventLog.log,IEDU-WS-0059,XmlWinEventLog:Security,XmlWinEventLog,4
raw/2163__IEDU-WS-0059__wsus_client.log,IEDU-WS-0059,wsus:client,wsus:client,1
raw/2164__IEDU-WS-0060__XmlWinEventLog.log,IEDU-WS-0060,XmlWinEventLog:Microsoft-Windows-Sysmon/Operational,XmlWinEventLog,5
raw/2165__IEDU-WS-0060__XmlWinEventLog.log,IEDU-WS-0060,XmlWinEventLog:Security,XmlWinEventLog,5
raw/2166__IEDU-WS-0060__sccm_client.log,IEDU-WS-0060,sccm:client,sccm:client,1
raw/2167__IEDU-WS-0061__XmlWinEventLog.log,IEDU-WS-0061,XmlWinEventLog:Microsoft-Windows-Sysmon/Operational,XmlWinEventLog,4
raw/2168__IEDU-WS-0061__XmlWinEventLog.log,IEDU-WS-0061,XmlWinEventLog:Security,XmlWinEventLog,6
raw/2169__IEDU-WS-0061__trellix_epo.log,IEDU-WS-0061,trellix:epo,trellix:epo,1
raw/2170__IEDU-WS-0061__wsus_client.log,IEDU-WS-0061,wsus:client,wsus:client,1
raw/2171__IEDU-WS-0062__XmlWinEventLog.log,IEDU-WS-0062,XmlWinEventLog:Microsoft-Windows-Sysmon/Operational,XmlWinEventLog,5
raw/2172__IEDU-WS-0062__XmlWinEventLog.log,IEDU-WS-0062,XmlWinEventLog:Security,XmlWinEventLog,2
raw/2173__IEDU-WS-0062__wsus_client.log,IEDU-WS-0062,wsus:client,wsus:client,1
raw/2174__IEDU-WS-0063__XmlWinEventLog.log,IEDU-WS-0063,XmlWinEventLog:Microsoft-Windows-Sysmon/Operational,XmlWinEventLog,7
raw/2175__IEDU-WS-0063__XmlWinEventLog.log,IEDU-WS-0063,XmlWinEventLog:Security,XmlWinEventLog,3
raw/2176__IEDU-WS-0063__wsus_client.log,IEDU-WS-0063,wsus:client,wsus:client,1
raw/2177__IEDU-WS-0064__XmlWinEventLog.log,IEDU-WS-0064,XmlWinEventLog:Microsoft-Windows-Sysmon/Operational,XmlWinEventLog,5
raw/2178__IEDU-WS-0064__XmlWinEventLog.log,IEDU-WS-0064,XmlWinEventLog:Security,XmlWinEventLog,5
raw/2179__IEDU-WS-0064__ms_defender_eventhub.log,IEDU-WS-0064,ms:defender:eventhub,ms:defender:eventhub,1
raw/2180__IEDU-WS-0064__sccm_client.log,IEDU-WS-0064,sccm:client,sccm:client,1
raw/2181__IEDU-ZEEK-01__bro_conn_json.log,IEDU-ZEEK-01,zeek:conn,bro:conn:json,852
raw/2182__IEDU-ZEEK-01__bro_dce_rpc_json.log,IEDU-ZEEK-01,zeek:dce_rpc,bro:dce_rpc:json,77
raw/2183__IEDU-ZEEK-01__bro_dns_json.log,IEDU-ZEEK-01,zeek:dns,bro:dns:json,337
raw/2184__IEDU-ZEEK-01__bro_http_json.log,IEDU-ZEEK-01,zeek:http,bro:http:json,202
raw/2185__IEDU-ZEEK-01__bro_smb_files_json.log,IEDU-ZEEK-01,zeek:smb_files,bro:smb_files:json,88
raw/2186__IEDU-ZEEK-01__bro_ssl_json.log,IEDU-ZEEK-01,zeek:ssl,bro:ssl:json,357
raw/2187__JPTY-APP-01__XmlWinEventLog.log,JPTY-APP-01,XmlWinEventLog:Microsoft-Windows-Sysmon/Operational,XmlWinEventLog,2
raw/2188__JPTY-APP-01__XmlWinEventLog.log,JPTY-APP-01,XmlWinEventLog:Security,XmlWinEventLog,3
raw/2189__JPTY-APP-02__XmlWinEventLog.log,JPTY-APP-02,XmlWinEventLog:Microsoft-Windows-Sysmon/Operational,XmlWinEventLog,8
raw/2190__JPTY-APP-02__XmlWinEventLog.log,JPTY-APP-02,XmlWinEventLog:Security,XmlWinEventLog,4
raw/2191__JPTY-APP-02__wsus_client.log,JPTY-APP-02,wsus:client,wsus:client,1
raw/2192__JPTY-APP-03__XmlWinEventLog.log,JPTY-APP-03,XmlWinEventLog:Microsoft-Windows-Sysmon/Operational,XmlWinEventLog,6
raw/2193__JPTY-APP-03__XmlWinEventLog.log,JPTY-APP-03,XmlWinEventLog:Security,XmlWinEventLog,8
raw/2194__JPTY-APP-04__XmlWinEventLog.log,JPTY-APP-04,XmlWinEventLog:Microsoft-Windows-Sysmon/Operational,XmlWinEventLog,3
raw/2195__JPTY-APP-04__XmlWinEventLog.log,JPTY-APP-04,XmlWinEventLog:Security,XmlWinEventLog,1
raw/2196__JPTY-APP-04__ms_defender_eventhub.log,JPTY-APP-04,ms:defender:eventhub,ms:defender:eventhub,1
raw/2197__JPTY-APP-04__trellix_epo.log,JPTY-APP-04,trellix:epo,trellix:epo,1
raw/2198__JPTY-APP-05__XmlWinEventLog.log,JPTY-APP-05,XmlWinEventLog:Microsoft-Windows-Sysmon/Operational,XmlWinEventLog,7
raw/2199__JPTY-APP-05__XmlWinEventLog.log,JPTY-APP-05,XmlWinEventLog:Security,XmlWinEventLog,3
raw/2200__JPTY-APP-06__XmlWinEventLog.log,JPTY-APP-06,XmlWinEventLog:Microsoft-Windows-Sysmon/Operational,XmlWinEventLog,5
raw/2201__JPTY-APP-06__XmlWinEventLog.log,JPTY-APP-06,XmlWinEventLog:Security,XmlWinEventLog,6
raw/2202__JPTY-APP-06__ms_defender_eventhub.log,JPTY-APP-06,ms:defender:eventhub,ms:defender:eventhub,2
raw/2203__JPTY-APP-06__sccm_client.log,JPTY-APP-06,sccm:client,sccm:client,1
raw/2204__JPTY-APP-06__wsus_client.log,JPTY-APP-06,wsus:client,wsus:client,1
raw/2205__JPTY-APP-07__XmlWinEventLog.log,JPTY-APP-07,XmlWinEventLog:Microsoft-Windows-Sysmon/Operational,XmlWinEventLog,4
raw/2206__JPTY-APP-07__XmlWinEventLog.log,JPTY-APP-07,XmlWinEventLog:Security,XmlWinEventLog,10
raw/2207__JPTY-APP-08__XmlWinEventLog.log,JPTY-APP-08,XmlWinEventLog:Microsoft-Windows-Sysmon/Operational,XmlWinEventLog,3
raw/2208__JPTY-APP-08__XmlWinEventLog.log,JPTY-APP-08,XmlWinEventLog:Security,XmlWinEventLog,3
raw/2209__JPTY-DC-01__XmlWinEventLog.log,JPTY-DC-01,XmlWinEventLog:Security,XmlWinEventLog,154
raw/2210__JPTY-FS-01__XmlWinEventLog.log,JPTY-FS-01,XmlWinEventLog:Microsoft-Windows-Sysmon/Operational,XmlWinEventLog,6
raw/2211__JPTY-FS-01__XmlWinEventLog.log,JPTY-FS-01,XmlWinEventLog:Security,XmlWinEventLog,4
raw/2212__JPTY-FS-01__ms_defender_eventhub.log,JPTY-FS-01,ms:defender:eventhub,ms:defender:eventhub,3
raw/2213__JPTY-FS-01__wsus_client.log,JPTY-FS-01,wsus:client,wsus:client,1
raw/2214__JPTY-FS-02__XmlWinEventLog.log,JPTY-FS-02,XmlWinEventLog:Microsoft-Windows-Sysmon/Operational,XmlWinEventLog,7
raw/2215__JPTY-FS-02__XmlWinEventLog.log,JPTY-FS-02,XmlWinEventLog:Security,XmlWinEventLog,3
raw/2216__JPTY-FS-02__ms_defender_eventhub.log,JPTY-FS-02,ms:defender:eventhub,ms:defender:eventhub,1
raw/2217__JPTY-FS-02__trellix_epo.log,JPTY-FS-02,trellix:epo,trellix:epo,1
raw/2218__JPTY-FS-03__XmlWinEventLog.log,JPTY-FS-03,XmlWinEventLog:Microsoft-Windows-Sysmon/Operational,XmlWinEventLog,10
raw/2219__JPTY-FS-03__XmlWinEventLog.log,JPTY-FS-03,XmlWinEventLog:Security,XmlWinEventLog,4
raw/2220__JPTY-FS-04__XmlWinEventLog.log,JPTY-FS-04,XmlWinEventLog:Microsoft-Windows-Sysmon/Operational,XmlWinEventLog,8
raw/2221__JPTY-FS-04__XmlWinEventLog.log,JPTY-FS-04,XmlWinEventLog:Security,XmlWinEventLog,5
raw/2222__JPTY-FS-04__sccm_client.log,JPTY-FS-04,sccm:client,sccm:client,1
raw/2223__JPTY-FW-01__pan_traffic.log,JPTY-FW-01,pan:traffic,pan:traffic,94
raw/2224__JPTY-FW-02__fortigate_traffic.log,JPTY-FW-02,fortigate_traffic,fortigate_traffic,87
raw/2225__JPTY-FW-03__cisco_asa.log,JPTY-FW-03,cisco:asa,cisco:asa,77
raw/2226__JPTY-FW-03__juniper.log,JPTY-FW-03,junos:syslog,juniper,1
raw/2227__JPTY-HIST-MGMT-01__XmlWinEventLog.log,JPTY-HIST-MGMT-01,XmlWinEventLog:Microsoft-Windows-Sysmon/Operational,XmlWinEventLog,10
raw/2228__JPTY-HIST-MGMT-01__XmlWinEventLog.log,JPTY-HIST-MGMT-01,XmlWinEventLog:Security,XmlWinEventLog,9
raw/2229__JPTY-JUMP-01__XmlWinEventLog.log,JPTY-JUMP-01,XmlWinEventLog:Microsoft-Windows-Sysmon/Operational,XmlWinEventLog,2
raw/2230__JPTY-JUMP-01__XmlWinEventLog.log,JPTY-JUMP-01,XmlWinEventLog:Security,XmlWinEventLog,3
raw/2231__JPTY-JUMP-02__XmlWinEventLog.log,JPTY-JUMP-02,XmlWinEventLog:Microsoft-Windows-Sysmon/Operational,XmlWinEventLog,7
raw/2232__JPTY-JUMP-02__XmlWinEventLog.log,JPTY-JUMP-02,XmlWinEventLog:Security,XmlWinEventLog,2
raw/2233__JPTY-JUMP-03__XmlWinEventLog.log,JPTY-JUMP-03,XmlWinEventLog:Microsoft-Windows-Sysmon/Operational,XmlWinEventLog,7
raw/2234__JPTY-JUMP-03__XmlWinEventLog.log,JPTY-JUMP-03,XmlWinEventLog:Security,XmlWinEventLog,9
raw/2235__JPTY-LNX-01__linux_audit.log,JPTY-LNX-01,/var/log/audit/audit.log,linux_audit,50
raw/2236__JPTY-LNX-01__linux_secure.log,JPTY-LNX-01,/var/log/secure,linux_secure,11
raw/2237__JPTY-LNX-01__syslog.log,JPTY-LNX-01,/var/log/syslog,syslog,27
raw/2238__JPTY-LNX-02__linux_audit.log,JPTY-LNX-02,/var/log/audit/audit.log,linux_audit,87
raw/2239__JPTY-LNX-02__linux_secure.log,JPTY-LNX-02,/var/log/secure,linux_secure,20
raw/2240__JPTY-LNX-02__syslog.log,JPTY-LNX-02,/var/log/syslog,syslog,24
raw/2241__JPTY-LNX-02__ms_defender_eventhub.log,JPTY-LNX-02,ms:defender:eventhub,ms:defender:eventhub,3
raw/2242__JPTY-LNX-03__linux_audit.log,JPTY-LNX-03,/var/log/audit/audit.log,linux_audit,110
raw/2243__JPTY-LNX-03__linux_secure.log,JPTY-LNX-03,/var/log/secure,linux_secure,15
raw/2244__JPTY-LNX-03__syslog.log,JPTY-LNX-03,/var/log/syslog,syslog,24
raw/2245__JPTY-LNX-03__ms_defender_eventhub.log,JPTY-LNX-03,ms:defender:eventhub,ms:defender:eventhub,1
raw/2246__JPTY-LNX-04__linux_audit.log,JPTY-LNX-04,/var/log/audit/audit.log,linux_audit,106
raw/2247__JPTY-LNX-04__linux_secure.log,JPTY-LNX-04,/var/log/secure,linux_secure,12
raw/2248__JPTY-LNX-04__syslog.log,JPTY-LNX-04,/var/log/syslog,syslog,30
raw/2249__JPTY-LNX-05__linux_audit.log,JPTY-LNX-05,/var/log/audit/audit.log,linux_audit,70
raw/2250__JPTY-LNX-05__linux_secure.log,JPTY-LNX-05,/var/log/secure,linux_secure,20
raw/2251__JPTY-LNX-05__syslog.log,JPTY-LNX-05,/var/log/syslog,syslog,24
raw/2252__JPTY-LNX-06__linux_audit.log,JPTY-LNX-06,/var/log/audit/audit.log,linux_audit,60
raw/2253__JPTY-LNX-06__linux_secure.log,JPTY-LNX-06,/var/log/secure,linux_secure,12
raw/2254__JPTY-LNX-06__syslog.log,JPTY-LNX-06,/var/log/syslog,syslog,25
raw/2255__JPTY-LNX-06__ms_defender_eventhub.log,JPTY-LNX-06,ms:defender:eventhub,ms:defender:eventhub,1
raw/2256__JPTY-LNX-07__linux_audit.log,JPTY-LNX-07,/var/log/audit/audit.log,linux_audit,93
raw/2257__JPTY-LNX-07__linux_secure.log,JPTY-LNX-07,/var/log/secure,linux_secure,17
raw/2258__JPTY-LNX-07__syslog.log,JPTY-LNX-07,/var/log/syslog,syslog,28
raw/2259__JPTY-LNX-07__trellix_epo.log,JPTY-LNX-07,trellix:epo,trellix:epo,1
raw/2260__JPTY-LNX-08__linux_audit.log,JPTY-LNX-08,/var/log/audit/audit.log,linux_audit,115
raw/2261__JPTY-LNX-08__linux_secure.log,JPTY-LNX-08,/var/log/secure,linux_secure,13
raw/2262__JPTY-LNX-08__syslog.log,JPTY-LNX-08,/var/log/syslog,syslog,28
raw/2263__JPTY-LNX-08__ms_defender_eventhub.log,JPTY-LNX-08,ms:defender:eventhub,ms:defender:eventhub,1
raw/2264__JPTY-PACS-01__pacs_access.log,JPTY-PACS-01,pacs:access,pacs:access,102
raw/2265__JPTY-PAW-01__XmlWinEventLog.log,JPTY-PAW-01,XmlWinEventLog:Microsoft-Windows-Sysmon/Operational,XmlWinEventLog,3
raw/2266__JPTY-PAW-01__ms_defender_eventhub.log,JPTY-PAW-01,ms:defender:eventhub,ms:defender:eventhub,1
raw/2267__JPTY-PAW-02__XmlWinEventLog.log,JPTY-PAW-02,XmlWinEventLog:Microsoft-Windows-Sysmon/Operational,XmlWinEventLog,5
raw/2268__JPTY-PAW-02__XmlWinEventLog.log,JPTY-PAW-02,XmlWinEventLog:Security,XmlWinEventLog,8
raw/2269__JPTY-PAW-02__ms_defender_eventhub.log,JPTY-PAW-02,ms:defender:eventhub,ms:defender:eventhub,1
raw/2270__JPTY-PAW-02__trellix_epo.log,JPTY-PAW-02,trellix:epo,trellix:epo,1
raw/2271__JPTY-PAW-03__XmlWinEventLog.log,JPTY-PAW-03,XmlWinEventLog:Microsoft-Windows-Sysmon/Operational,XmlWinEventLog,4
raw/2272__JPTY-PAW-03__XmlWinEventLog.log,JPTY-PAW-03,XmlWinEventLog:Security,XmlWinEventLog,4
raw/2273__JPTY-PAW-03__ms_defender_eventhub.log,JPTY-PAW-03,ms:defender:eventhub,ms:defender:eventhub,1
raw/2274__JPTY-PAW-04__XmlWinEventLog.log,JPTY-PAW-04,XmlWinEventLog:Microsoft-Windows-Sysmon/Operational,XmlWinEventLog,6
raw/2275__JPTY-PAW-04__XmlWinEventLog.log,JPTY-PAW-04,XmlWinEventLog:Security,XmlWinEventLog,4
raw/2276__JPTY-PAW-04__sccm_client.log,JPTY-PAW-04,sccm:client,sccm:client,1
raw/2277__JPTY-PAW-05__XmlWinEventLog.log,JPTY-PAW-05,XmlWinEventLog:Microsoft-Windows-Sysmon/Operational,XmlWinEventLog,5
raw/2278__JPTY-PAW-05__XmlWinEventLog.log,JPTY-PAW-05,XmlWinEventLog:Security,XmlWinEventLog,6
raw/2279__JPTY-PAW-05__trellix_epo.log,JPTY-PAW-05,trellix:epo,trellix:epo,1
raw/2280__JPTY-PAW-06__XmlWinEventLog.log,JPTY-PAW-06,XmlWinEventLog:Microsoft-Windows-Sysmon/Operational,XmlWinEventLog,4
raw/2281__JPTY-PAW-06__XmlWinEventLog.log,JPTY-PAW-06,XmlWinEventLog:Security,XmlWinEventLog,7
raw/2282__JPTY-PAW-06__trellix_epo.log,JPTY-PAW-06,trellix:epo,trellix:epo,1
raw/2283__JPTY-RTR-01__cisco_ios.log,JPTY-RTR-01,cisco:ios,cisco:ios,38
raw/2284__JPTY-RTR-02__juniper.log,JPTY-RTR-02,juniper,juniper,16
raw/2285__JPTY-RTR-02__juniper_junos_firewall.log,JPTY-RTR-02,juniper:junos:firewall,juniper:junos:firewall,7
raw/2286__JPTY-VDI-01__XmlWinEventLog.log,JPTY-VDI-01,XmlWinEventLog:Microsoft-Windows-Sysmon/Operational,XmlWinEventLog,4
raw/2287__JPTY-VDI-01__XmlWinEventLog.log,JPTY-VDI-01,XmlWinEventLog:Security,XmlWinEventLog,7
raw/2288__JPTY-VDI-01__sccm_client.log,JPTY-VDI-01,sccm:client,sccm:client,1
raw/2289__JPTY-VDI-02__XmlWinEventLog.log,JPTY-VDI-02,XmlWinEventLog:Microsoft-Windows-Sysmon/Operational,XmlWinEventLog,4
raw/2290__JPTY-VDI-02__XmlWinEventLog.log,JPTY-VDI-02,XmlWinEventLog:Security,XmlWinEventLog,8
raw/2291__JPTY-VDI-02__ms_defender_eventhub.log,JPTY-VDI-02,ms:defender:eventhub,ms:defender:eventhub,1
raw/2292__JPTY-VDI-02__trellix_epo.log,JPTY-VDI-02,trellix:epo,trellix:epo,1
raw/2293__JPTY-VDI-03__XmlWinEventLog.log,JPTY-VDI-03,XmlWinEventLog:Microsoft-Windows-Sysmon/Operational,XmlWinEventLog,3
raw/2294__JPTY-VDI-03__XmlWinEventLog.log,JPTY-VDI-03,XmlWinEventLog:Security,XmlWinEventLog,3
raw/2295__JPTY-VDI-03__ms_defender_eventhub.log,JPTY-VDI-03,ms:defender:eventhub,ms:defender:eventhub,1
raw/2296__JPTY-VDI-03__trellix_epo.log,JPTY-VDI-03,trellix:epo,trellix:epo,1
raw/2297__JPTY-VDI-03__wsus_client.log,JPTY-VDI-03,wsus:client,wsus:client,1
raw/2298__JPTY-WS-0001__XmlWinEventLog.log,JPTY-WS-0001,XmlWinEventLog:Microsoft-Windows-Sysmon/Operational,XmlWinEventLog,9
raw/2299__JPTY-WS-0001__XmlWinEventLog.log,JPTY-WS-0001,XmlWinEventLog:Security,XmlWinEventLog,11
raw/2300__JPTY-WS-0001__sccm_client.log,JPTY-WS-0001,sccm:client,sccm:client,1
raw/2301__JPTY-WS-0002__XmlWinEventLog.log,JPTY-WS-0002,XmlWinEventLog:Microsoft-Windows-Sysmon/Operational,XmlWinEventLog,4
raw/2302__JPTY-WS-0002__XmlWinEventLog.log,JPTY-WS-0002,XmlWinEventLog:Security,XmlWinEventLog,9
raw/2303__JPTY-WS-0002__wsus_client.log,JPTY-WS-0002,wsus:client,wsus:client,1
raw/2304__JPTY-WS-0003__XmlWinEventLog.log,JPTY-WS-0003,XmlWinEventLog:Microsoft-Windows-Sysmon/Operational,XmlWinEventLog,5
raw/2305__JPTY-WS-0003__XmlWinEventLog.log,JPTY-WS-0003,XmlWinEventLog:Security,XmlWinEventLog,8
raw/2306__JPTY-WS-0003__ms_defender_eventhub.log,JPTY-WS-0003,ms:defender:eventhub,ms:defender:eventhub,4
raw/2307__JPTY-WS-0004__XmlWinEventLog.log,JPTY-WS-0004,XmlWinEventLog:Microsoft-Windows-Sysmon/Operational,XmlWinEventLog,6
raw/2308__JPTY-WS-0004__XmlWinEventLog.log,JPTY-WS-0004,XmlWinEventLog:Security,XmlWinEventLog,2
raw/2309__JPTY-WS-0004__ms_defender_eventhub.log,JPTY-WS-0004,ms:defender:eventhub,ms:defender:eventhub,1
raw/2310__JPTY-WS-0005__XmlWinEventLog.log,JPTY-WS-0005,XmlWinEventLog:Microsoft-Windows-Sysmon/Operational,XmlWinEventLog,8
raw/2311__JPTY-WS-0005__XmlWinEventLog.log,JPTY-WS-0005,XmlWinEventLog:Security,XmlWinEventLog,7
raw/2312__JPTY-WS-0005__ms_defender_eventhub.log,JPTY-WS-0005,ms:defender:eventhub,ms:defender:eventhub,3
raw/2313__JPTY-WS-0006__XmlWinEventLog.log,JPTY-WS-0006,XmlWinEventLog:Microsoft-Windows-Sysmon/Operational,XmlWinEventLog,2
raw/2314__JPTY-WS-0006__XmlWinEventLog.log,JPTY-WS-0006,XmlWinEventLog:Security,XmlWinEventLog,3
raw/2315__JPTY-WS-0006__ms_defender_eventhub.log,JPTY-WS-0006,ms:defender:eventhub,ms:defender:eventhub,1
raw/2316__JPTY-WS-0006__trellix_epo.log,JPTY-WS-0006,trellix:epo,trellix:epo,2
raw/2317__JPTY-WS-0006__wsus_client.log,JPTY-WS-0006,wsus:client,wsus:client,1
raw/2318__JPTY-WS-0007__XmlWinEventLog.log,JPTY-WS-0007,XmlWinEventLog:Microsoft-Windows-Sysmon/Operational,XmlWinEventLog,8
raw/2319__JPTY-WS-0007__XmlWinEventLog.log,JPTY-WS-0007,XmlWinEventLog:Security,XmlWinEventLog,11
raw/2320__JPTY-WS-0007__trellix_epo.log,JPTY-WS-0007,trellix:epo,trellix:epo,1
raw/2321__JPTY-WS-0008__XmlWinEventLog.log,JPTY-WS-0008,XmlWinEventLog:Microsoft-Windows-Sysmon/Operational,XmlWinEventLog,6
raw/2322__JPTY-WS-0008__XmlWinEventLog.log,JPTY-WS-0008,XmlWinEventLog:Security,XmlWinEventLog,9
raw/2323__JPTY-WS-0009__XmlWinEventLog.log,JPTY-WS-0009,XmlWinEventLog:Microsoft-Windows-Sysmon/Operational,XmlWinEventLog,7
raw/2324__JPTY-WS-0009__XmlWinEventLog.log,JPTY-WS-0009,XmlWinEventLog:Security,XmlWinEventLog,6
raw/2325__JPTY-WS-0010__XmlWinEventLog.log,JPTY-WS-0010,XmlWinEventLog:Microsoft-Windows-Sysmon/Operational,XmlWinEventLog,12
raw/2326__JPTY-WS-0010__XmlWinEventLog.log,JPTY-WS-0010,XmlWinEventLog:Security,XmlWinEventLog,16
raw/2327__JPTY-WS-0010__trellix_epo.log,JPTY-WS-0010,trellix:epo,trellix:epo,1
raw/2328__JPTY-WS-0011__XmlWinEventLog.log,JPTY-WS-0011,XmlWinEventLog:Microsoft-Windows-Sysmon/Operational,XmlWinEventLog,9
raw/2329__JPTY-WS-0011__XmlWinEventLog.log,JPTY-WS-0011,XmlWinEventLog:Security,XmlWinEventLog,5
raw/2330__JPTY-WS-0011__ms_defender_eventhub.log,JPTY-WS-0011,ms:defender:eventhub,ms:defender:eventhub,1
raw/2331__JPTY-WS-0012__XmlWinEventLog.log,JPTY-WS-0012,XmlWinEventLog:Microsoft-Windows-Sysmon/Operational,XmlWinEventLog,7
raw/2332__JPTY-WS-0012__XmlWinEventLog.log,JPTY-WS-0012,XmlWinEventLog:Security,XmlWinEventLog,7
raw/2333__JPTY-WS-0013__XmlWinEventLog.log,JPTY-WS-0013,XmlWinEventLog:Microsoft-Windows-Sysmon/Operational,XmlWinEventLog,8
raw/2334__JPTY-WS-0013__XmlWinEventLog.log,JPTY-WS-0013,XmlWinEventLog:Security,XmlWinEventLog,9
raw/2335__JPTY-WS-0013__ms_defender_eventhub.log,JPTY-WS-0013,ms:defender:eventhub,ms:defender:eventhub,4
raw/2336__JPTY-WS-0013__trellix_epo.log,JPTY-WS-0013,trellix:epo,trellix:epo,1
raw/2337__JPTY-WS-0014__XmlWinEventLog.log,JPTY-WS-0014,XmlWinEventLog:Microsoft-Windows-Sysmon/Operational,XmlWinEventLog,8
raw/2338__JPTY-WS-0014__XmlWinEventLog.log,JPTY-WS-0014,XmlWinEventLog:Security,XmlWinEventLog,6
raw/2339__JPTY-WS-0014__ms_defender_eventhub.log,JPTY-WS-0014,ms:defender:eventhub,ms:defender:eventhub,3
raw/2340__JPTY-WS-0015__XmlWinEventLog.log,JPTY-WS-0015,XmlWinEventLog:Microsoft-Windows-Sysmon/Operational,XmlWinEventLog,11
raw/2341__JPTY-WS-0015__XmlWinEventLog.log,JPTY-WS-0015,XmlWinEventLog:Security,XmlWinEventLog,8
raw/2342__JPTY-WS-0015__ms_defender_eventhub.log,JPTY-WS-0015,ms:defender:eventhub,ms:defender:eventhub,1
raw/2343__JPTY-WS-0016__XmlWinEventLog.log,JPTY-WS-0016,XmlWinEventLog:Microsoft-Windows-Sysmon/Operational,XmlWinEventLog,11
raw/2344__JPTY-WS-0016__XmlWinEventLog.log,JPTY-WS-0016,XmlWinEventLog:Security,XmlWinEventLog,7
raw/2345__JPTY-WS-0016__ms_defender_eventhub.log,JPTY-WS-0016,ms:defender:eventhub,ms:defender:eventhub,1
raw/2346__JPTY-WS-0016__wsus_client.log,JPTY-WS-0016,wsus:client,wsus:client,1
raw/2347__JPTY-WS-0017__XmlWinEventLog.log,JPTY-WS-0017,XmlWinEventLog:Microsoft-Windows-Sysmon/Operational,XmlWinEventLog,9
raw/2348__JPTY-WS-0017__XmlWinEventLog.log,JPTY-WS-0017,XmlWinEventLog:Security,XmlWinEventLog,10
raw/2349__JPTY-WS-0018__XmlWinEventLog.log,JPTY-WS-0018,XmlWinEventLog:Microsoft-Windows-Sysmon/Operational,XmlWinEventLog,8
raw/2350__JPTY-WS-0018__XmlWinEventLog.log,JPTY-WS-0018,XmlWinEventLog:Security,XmlWinEventLog,10
raw/2351__JPTY-WS-0019__XmlWinEventLog.log,JPTY-WS-0019,XmlWinEventLog:Microsoft-Windows-Sysmon/Operational,XmlWinEventLog,8
raw/2352__JPTY-WS-0019__XmlWinEventLog.log,JPTY-WS-0019,XmlWinEventLog:Security,XmlWinEventLog,10
raw/2353__JPTY-WS-0020__XmlWinEventLog.log,JPTY-WS-0020,XmlWinEventLog:Microsoft-Windows-Sysmon/Operational,XmlWinEventLog,6
raw/2354__JPTY-WS-0020__XmlWinEventLog.log,JPTY-WS-0020,XmlWinEventLog:Security,XmlWinEventLog,8
raw/2355__JPTY-WS-0021__XmlWinEventLog.log,JPTY-WS-0021,XmlWinEventLog:Microsoft-Windows-Sysmon/Operational,XmlWinEventLog,10
raw/2356__JPTY-WS-0021__XmlWinEventLog.log,JPTY-WS-0021,XmlWinEventLog:Security,XmlWinEventLog,9
raw/2357__JPTY-WS-0021__sccm_client.log,JPTY-WS-0021,sccm:client,sccm:client,1
raw/2358__JPTY-WS-0021__wsus_client.log,JPTY-WS-0021,wsus:client,wsus:client,1
raw/2359__JPTY-WS-0022__XmlWinEventLog.log,JPTY-WS-0022,XmlWinEventLog:Microsoft-Windows-Sysmon/Operational,XmlWinEventLog,9
raw/2360__JPTY-WS-0022__XmlWinEventLog.log,JPTY-WS-0022,XmlWinEventLog:Security,XmlWinEventLog,5
raw/2361__JPTY-WS-0022__ms_defender_eventhub.log,JPTY-WS-0022,ms:defender:eventhub,ms:defender:eventhub,1
raw/2362__JPTY-WS-0022__trellix_epo.log,JPTY-WS-0022,trellix:epo,trellix:epo,1
raw/2363__JPTY-WS-0023__XmlWinEventLog.log,JPTY-WS-0023,XmlWinEventLog:Microsoft-Windows-Sysmon/Operational,XmlWinEventLog,10
raw/2364__JPTY-WS-0023__XmlWinEventLog.log,JPTY-WS-0023,XmlWinEventLog:Security,XmlWinEventLog,7
raw/2365__JPTY-WS-0023__sccm_client.log,JPTY-WS-0023,sccm:client,sccm:client,2
raw/2366__JPTY-WS-0023__trellix_epo.log,JPTY-WS-0023,trellix:epo,trellix:epo,1
raw/2367__JPTY-WS-0024__XmlWinEventLog.log,JPTY-WS-0024,XmlWinEventLog:Microsoft-Windows-Sysmon/Operational,XmlWinEventLog,9
raw/2368__JPTY-WS-0024__XmlWinEventLog.log,JPTY-WS-0024,XmlWinEventLog:Security,XmlWinEventLog,7
raw/2369__JPTY-WS-0024__ms_defender_eventhub.log,JPTY-WS-0024,ms:defender:eventhub,ms:defender:eventhub,1
raw/2370__JPTY-WS-0024__trellix_epo.log,JPTY-WS-0024,trellix:epo,trellix:epo,1
raw/2371__JPTY-WS-0024__wsus_client.log,JPTY-WS-0024,wsus:client,wsus:client,1
raw/2372__JPTY-WS-0025__XmlWinEventLog.log,JPTY-WS-0025,XmlWinEventLog:Microsoft-Windows-Sysmon/Operational,XmlWinEventLog,14
raw/2373__JPTY-WS-0025__XmlWinEventLog.log,JPTY-WS-0025,XmlWinEventLog:Security,XmlWinEventLog,3
raw/2374__JPTY-WS-0025__ms_defender_eventhub.log,JPTY-WS-0025,ms:defender:eventhub,ms:defender:eventhub,2
raw/2375__JPTY-WS-0025__trellix_epo.log,JPTY-WS-0025,trellix:epo,trellix:epo,1
raw/2376__JPTY-WS-0026__XmlWinEventLog.log,JPTY-WS-0026,XmlWinEventLog:Microsoft-Windows-Sysmon/Operational,XmlWinEventLog,6
raw/2377__JPTY-WS-0026__XmlWinEventLog.log,JPTY-WS-0026,XmlWinEventLog:Security,XmlWinEventLog,4
raw/2378__JPTY-WS-0026__trellix_epo.log,JPTY-WS-0026,trellix:epo,trellix:epo,1
raw/2379__JPTY-WS-0027__XmlWinEventLog.log,JPTY-WS-0027,XmlWinEventLog:Microsoft-Windows-Sysmon/Operational,XmlWinEventLog,3
raw/2380__JPTY-WS-0027__XmlWinEventLog.log,JPTY-WS-0027,XmlWinEventLog:Security,XmlWinEventLog,4
raw/2381__JPTY-WS-0028__XmlWinEventLog.log,JPTY-WS-0028,XmlWinEventLog:Microsoft-Windows-Sysmon/Operational,XmlWinEventLog,5
raw/2382__JPTY-WS-0028__XmlWinEventLog.log,JPTY-WS-0028,XmlWinEventLog:Security,XmlWinEventLog,3
raw/2383__JPTY-WS-0028__ms_defender_eventhub.log,JPTY-WS-0028,ms:defender:eventhub,ms:defender:eventhub,4
raw/2384__JPTY-WS-0029__XmlWinEventLog.log,JPTY-WS-0029,XmlWinEventLog:Microsoft-Windows-Sysmon/Operational,XmlWinEventLog,2
raw/2385__JPTY-WS-0029__XmlWinEventLog.log,JPTY-WS-0029,XmlWinEventLog:Security,XmlWinEventLog,3
raw/2386__JPTY-WS-0029__ms_defender_eventhub.log,JPTY-WS-0029,ms:defender:eventhub,ms:defender:eventhub,1
raw/2387__JPTY-WS-0029__trellix_epo.log,JPTY-WS-0029,trellix:epo,trellix:epo,1
raw/2388__JPTY-WS-0030__XmlWinEventLog.log,JPTY-WS-0030,XmlWinEventLog:Microsoft-Windows-Sysmon/Operational,XmlWinEventLog,5
raw/2389__JPTY-WS-0030__XmlWinEventLog.log,JPTY-WS-0030,XmlWinEventLog:Security,XmlWinEventLog,1
raw/2390__JPTY-WS-0031__XmlWinEventLog.log,JPTY-WS-0031,XmlWinEventLog:Microsoft-Windows-Sysmon/Operational,XmlWinEventLog,5
raw/2391__JPTY-WS-0031__XmlWinEventLog.log,JPTY-WS-0031,XmlWinEventLog:Security,XmlWinEventLog,5
raw/2392__JPTY-WS-0031__ms_defender_eventhub.log,JPTY-WS-0031,ms:defender:eventhub,ms:defender:eventhub,3
raw/2393__JPTY-WS-0031__sccm_client.log,JPTY-WS-0031,sccm:client,sccm:client,1
raw/2394__JPTY-WS-0032__XmlWinEventLog.log,JPTY-WS-0032,XmlWinEventLog:Microsoft-Windows-Sysmon/Operational,XmlWinEventLog,4
raw/2395__JPTY-WS-0032__XmlWinEventLog.log,JPTY-WS-0032,XmlWinEventLog:Security,XmlWinEventLog,2
raw/2396__JPTY-WS-0032__trellix_epo.log,JPTY-WS-0032,trellix:epo,trellix:epo,1
raw/2397__JPTY-WS-0033__XmlWinEventLog.log,JPTY-WS-0033,XmlWinEventLog:Microsoft-Windows-Sysmon/Operational,XmlWinEventLog,5
raw/2398__JPTY-WS-0033__XmlWinEventLog.log,JPTY-WS-0033,XmlWinEventLog:Security,XmlWinEventLog,3
raw/2399__JPTY-WS-0034__XmlWinEventLog.log,JPTY-WS-0034,XmlWinEventLog:Microsoft-Windows-Sysmon/Operational,XmlWinEventLog,6
raw/2400__JPTY-WS-0034__XmlWinEventLog.log,JPTY-WS-0034,XmlWinEventLog:Security,XmlWinEventLog,5
raw/2401__JPTY-WS-0035__XmlWinEventLog.log,JPTY-WS-0035,XmlWinEventLog:Microsoft-Windows-Sysmon/Operational,XmlWinEventLog,4
raw/2402__JPTY-WS-0035__XmlWinEventLog.log,JPTY-WS-0035,XmlWinEventLog:Security,XmlWinEventLog,1
raw/2403__JPTY-WS-0035__trellix_epo.log,JPTY-WS-0035,trellix:epo,trellix:epo,1
raw/2404__JPTY-WS-0036__XmlWinEventLog.log,JPTY-WS-0036,XmlWinEventLog:Microsoft-Windows-Sysmon/Operational,XmlWinEventLog,1
raw/2405__JPTY-WS-0036__XmlWinEventLog.log,JPTY-WS-0036,XmlWinEventLog:Security,XmlWinEventLog,5
raw/2406__JPTY-WS-0036__ms_defender_eventhub.log,JPTY-WS-0036,ms:defender:eventhub,ms:defender:eventhub,1
raw/2407__JPTY-WS-0036__trellix_epo.log,JPTY-WS-0036,trellix:epo,trellix:epo,1
raw/2408__JPTY-WS-0037__XmlWinEventLog.log,JPTY-WS-0037,XmlWinEventLog:Microsoft-Windows-Sysmon/Operational,XmlWinEventLog,9
raw/2409__JPTY-WS-0037__XmlWinEventLog.log,JPTY-WS-0037,XmlWinEventLog:Security,XmlWinEventLog,6
raw/2410__JPTY-WS-0037__ms_defender_eventhub.log,JPTY-WS-0037,ms:defender:eventhub,ms:defender:eventhub,3
raw/2411__JPTY-WS-0037__sccm_client.log,JPTY-WS-0037,sccm:client,sccm:client,1
raw/2412__JPTY-WS-0038__XmlWinEventLog.log,JPTY-WS-0038,XmlWinEventLog:Microsoft-Windows-Sysmon/Operational,XmlWinEventLog,7
raw/2413__JPTY-WS-0038__XmlWinEventLog.log,JPTY-WS-0038,XmlWinEventLog:Security,XmlWinEventLog,7
raw/2414__JPTY-WS-0038__ms_defender_eventhub.log,JPTY-WS-0038,ms:defender:eventhub,ms:defender:eventhub,2
raw/2415__JPTY-WS-0038__trellix_epo.log,JPTY-WS-0038,trellix:epo,trellix:epo,2
raw/2416__JPTY-WS-0039__XmlWinEventLog.log,JPTY-WS-0039,XmlWinEventLog:Microsoft-Windows-Sysmon/Operational,XmlWinEventLog,7
raw/2417__JPTY-WS-0039__XmlWinEventLog.log,JPTY-WS-0039,XmlWinEventLog:Security,XmlWinEventLog,5
raw/2418__JPTY-WS-0039__sccm_client.log,JPTY-WS-0039,sccm:client,sccm:client,1
raw/2419__JPTY-WS-0039__trellix_epo.log,JPTY-WS-0039,trellix:epo,trellix:epo,1
raw/2420__JPTY-WS-0039__wsus_client.log,JPTY-WS-0039,wsus:client,wsus:client,1
raw/2421__JPTY-WS-0040__XmlWinEventLog.log,JPTY-WS-0040,XmlWinEventLog:Microsoft-Windows-Sysmon/Operational,XmlWinEventLog,7
raw/2422__JPTY-WS-0040__XmlWinEventLog.log,JPTY-WS-0040,XmlWinEventLog:Security,XmlWinEventLog,3
raw/2423__JPTY-WS-0041__XmlWinEventLog.log,JPTY-WS-0041,XmlWinEventLog:Microsoft-Windows-Sysmon/Operational,XmlWinEventLog,3
raw/2424__JPTY-WS-0041__XmlWinEventLog.log,JPTY-WS-0041,XmlWinEventLog:Security,XmlWinEventLog,2
raw/2425__JPTY-WS-0042__XmlWinEventLog.log,JPTY-WS-0042,XmlWinEventLog:Microsoft-Windows-Sysmon/Operational,XmlWinEventLog,2
raw/2426__JPTY-WS-0042__XmlWinEventLog.log,JPTY-WS-0042,XmlWinEventLog:Security,XmlWinEventLog,5
raw/2427__JPTY-WS-0043__XmlWinEventLog.log,JPTY-WS-0043,XmlWinEventLog:Microsoft-Windows-Sysmon/Operational,XmlWinEventLog,9
raw/2428__JPTY-WS-0043__XmlWinEventLog.log,JPTY-WS-0043,XmlWinEventLog:Security,XmlWinEventLog,7
raw/2429__JPTY-WS-0043__sccm_client.log,JPTY-WS-0043,sccm:client,sccm:client,1
raw/2430__JPTY-WS-0043__wsus_client.log,JPTY-WS-0043,wsus:client,wsus:client,1
raw/2431__JPTY-WS-0044__XmlWinEventLog.log,JPTY-WS-0044,XmlWinEventLog:Microsoft-Windows-Sysmon/Operational,XmlWinEventLog,7
raw/2432__JPTY-WS-0044__XmlWinEventLog.log,JPTY-WS-0044,XmlWinEventLog:Security,XmlWinEventLog,3
raw/2433__JPTY-WS-0044__ms_defender_eventhub.log,JPTY-WS-0044,ms:defender:eventhub,ms:defender:eventhub,3
raw/2434__JPTY-WS-0044__wsus_client.log,JPTY-WS-0044,wsus:client,wsus:client,1
raw/2435__JPTY-WS-0045__XmlWinEventLog.log,JPTY-WS-0045,XmlWinEventLog:Microsoft-Windows-Sysmon/Operational,XmlWinEventLog,5
raw/2436__JPTY-WS-0045__XmlWinEventLog.log,JPTY-WS-0045,XmlWinEventLog:Security,XmlWinEventLog,2
raw/2437__JPTY-WS-0046__XmlWinEventLog.log,JPTY-WS-0046,XmlWinEventLog:Microsoft-Windows-Sysmon/Operational,XmlWinEventLog,5
raw/2438__JPTY-WS-0046__XmlWinEventLog.log,JPTY-WS-0046,XmlWinEventLog:Security,XmlWinEventLog,6
raw/2439__JPTY-WS-0046__ms_defender_eventhub.log,JPTY-WS-0046,ms:defender:eventhub,ms:defender:eventhub,2
raw/2440__JPTY-WS-0046__wsus_client.log,JPTY-WS-0046,wsus:client,wsus:client,1
raw/2441__JPTY-WS-0047__XmlWinEventLog.log,JPTY-WS-0047,XmlWinEventLog:Microsoft-Windows-Sysmon/Operational,XmlWinEventLog,3
raw/2442__JPTY-WS-0047__XmlWinEventLog.log,JPTY-WS-0047,XmlWinEventLog:Security,XmlWinEventLog,3
raw/2443__JPTY-WS-0048__XmlWinEventLog.log,JPTY-WS-0048,XmlWinEventLog:Microsoft-Windows-Sysmon/Operational,XmlWinEventLog,5
raw/2444__JPTY-WS-0048__XmlWinEventLog.log,JPTY-WS-0048,XmlWinEventLog:Security,XmlWinEventLog,6
raw/2445__JPTY-WS-0049__XmlWinEventLog.log,JPTY-WS-0049,XmlWinEventLog:Microsoft-Windows-Sysmon/Operational,XmlWinEventLog,8
raw/2446__JPTY-WS-0049__XmlWinEventLog.log,JPTY-WS-0049,XmlWinEventLog:Security,XmlWinEventLog,8
raw/2447__JPTY-WS-0049__sccm_client.log,JPTY-WS-0049,sccm:client,sccm:client,1
raw/2448__JPTY-WS-0050__XmlWinEventLog.log,JPTY-WS-0050,XmlWinEventLog:Microsoft-Windows-Sysmon/Operational,XmlWinEventLog,6
raw/2449__JPTY-WS-0050__XmlWinEventLog.log,JPTY-WS-0050,XmlWinEventLog:Security,XmlWinEventLog,2
raw/2450__JPTY-WS-0050__ms_defender_eventhub.log,JPTY-WS-0050,ms:defender:eventhub,ms:defender:eventhub,3
raw/2451__JPTY-WS-0051__XmlWinEventLog.log,JPTY-WS-0051,XmlWinEventLog:Microsoft-Windows-Sysmon/Operational,XmlWinEventLog,7
raw/2452__JPTY-WS-0051__XmlWinEventLog.log,JPTY-WS-0051,XmlWinEventLog:Security,XmlWinEventLog,2
raw/2453__JPTY-WS-0051__ms_defender_eventhub.log,JPTY-WS-0051,ms:defender:eventhub,ms:defender:eventhub,2
raw/2454__JPTY-WS-0052__XmlWinEventLog.log,JPTY-WS-0052,XmlWinEventLog:Microsoft-Windows-Sysmon/Operational,XmlWinEventLog,4
raw/2455__JPTY-WS-0052__XmlWinEventLog.log,JPTY-WS-0052,XmlWinEventLog:Security,XmlWinEventLog,5
raw/2456__JPTY-WS-0052__wsus_client.log,JPTY-WS-0052,wsus:client,wsus:client,1
raw/2457__JPTY-WS-0053__XmlWinEventLog.log,JPTY-WS-0053,XmlWinEventLog:Microsoft-Windows-Sysmon/Operational,XmlWinEventLog,5
raw/2458__JPTY-WS-0053__XmlWinEventLog.log,JPTY-WS-0053,XmlWinEventLog:Security,XmlWinEventLog,4
raw/2459__JPTY-WS-0053__wsus_client.log,JPTY-WS-0053,wsus:client,wsus:client,1
raw/2460__JPTY-WS-0054__XmlWinEventLog.log,JPTY-WS-0054,XmlWinEventLog:Microsoft-Windows-Sysmon/Operational,XmlWinEventLog,8
raw/2461__JPTY-WS-0054__XmlWinEventLog.log,JPTY-WS-0054,XmlWinEventLog:Security,XmlWinEventLog,5
raw/2462__JPTY-WS-0054__wsus_client.log,JPTY-WS-0054,wsus:client,wsus:client,1
raw/2463__JPTY-WS-0055__XmlWinEventLog.log,JPTY-WS-0055,XmlWinEventLog:Microsoft-Windows-Sysmon/Operational,XmlWinEventLog,3
raw/2464__JPTY-WS-0055__XmlWinEventLog.log,JPTY-WS-0055,XmlWinEventLog:Security,XmlWinEventLog,6
raw/2465__JPTY-WS-0055__trellix_epo.log,JPTY-WS-0055,trellix:epo,trellix:epo,2
raw/2466__JPTY-WS-0056__XmlWinEventLog.log,JPTY-WS-0056,XmlWinEventLog:Microsoft-Windows-Sysmon/Operational,XmlWinEventLog,8
raw/2467__JPTY-WS-0056__XmlWinEventLog.log,JPTY-WS-0056,XmlWinEventLog:Security,XmlWinEventLog,2
raw/2468__JPTY-WS-0056__ms_defender_eventhub.log,JPTY-WS-0056,ms:defender:eventhub,ms:defender:eventhub,2
raw/2469__JPTY-WS-0057__XmlWinEventLog.log,JPTY-WS-0057,XmlWinEventLog:Microsoft-Windows-Sysmon/Operational,XmlWinEventLog,4
raw/2470__JPTY-WS-0057__XmlWinEventLog.log,JPTY-WS-0057,XmlWinEventLog:Security,XmlWinEventLog,6
raw/2471__JPTY-WS-0057__trellix_epo.log,JPTY-WS-0057,trellix:epo,trellix:epo,1
raw/2472__JPTY-WS-0058__XmlWinEventLog.log,JPTY-WS-0058,XmlWinEventLog:Microsoft-Windows-Sysmon/Operational,XmlWinEventLog,6
raw/2473__JPTY-WS-0058__XmlWinEventLog.log,JPTY-WS-0058,XmlWinEventLog:Security,XmlWinEventLog,7
raw/2474__JPTY-WS-0059__XmlWinEventLog.log,JPTY-WS-0059,XmlWinEventLog:Microsoft-Windows-Sysmon/Operational,XmlWinEventLog,8
raw/2475__JPTY-WS-0059__XmlWinEventLog.log,JPTY-WS-0059,XmlWinEventLog:Security,XmlWinEventLog,4
raw/2476__JPTY-WS-0060__XmlWinEventLog.log,JPTY-WS-0060,XmlWinEventLog:Microsoft-Windows-Sysmon/Operational,XmlWinEventLog,6
raw/2477__JPTY-WS-0060__XmlWinEventLog.log,JPTY-WS-0060,XmlWinEventLog:Security,XmlWinEventLog,7
raw/2478__JPTY-WS-0061__XmlWinEventLog.log,JPTY-WS-0061,XmlWinEventLog:Microsoft-Windows-Sysmon/Operational,XmlWinEventLog,9
raw/2479__JPTY-WS-0061__XmlWinEventLog.log,JPTY-WS-0061,XmlWinEventLog:Security,XmlWinEventLog,3
raw/2480__JPTY-WS-0062__XmlWinEventLog.log,JPTY-WS-0062,XmlWinEventLog:Microsoft-Windows-Sysmon/Operational,XmlWinEventLog,3
raw/2481__JPTY-WS-0062__XmlWinEventLog.log,JPTY-WS-0062,XmlWinEventLog:Security,XmlWinEventLog,2
raw/2482__JPTY-WS-0062__trellix_epo.log,JPTY-WS-0062,trellix:epo,trellix:epo,1
raw/2483__JPTY-WS-0062__wsus_client.log,JPTY-WS-0062,wsus:client,wsus:client,2
raw/2484__JPTY-WS-0063__XmlWinEventLog.log,JPTY-WS-0063,XmlWinEventLog:Microsoft-Windows-Sysmon/Operational,XmlWinEventLog,6
raw/2485__JPTY-WS-0063__XmlWinEventLog.log,JPTY-WS-0063,XmlWinEventLog:Security,XmlWinEventLog,5
raw/2486__JPTY-WS-0063__sccm_client.log,JPTY-WS-0063,sccm:client,sccm:client,1
raw/2487__JPTY-WS-0064__XmlWinEventLog.log,JPTY-WS-0064,XmlWinEventLog:Microsoft-Windows-Sysmon/Operational,XmlWinEventLog,6
raw/2488__JPTY-WS-0064__XmlWinEventLog.log,JPTY-WS-0064,XmlWinEventLog:Security,XmlWinEventLog,4
raw/2489__JPTY-WS-0064__ms_defender_eventhub.log,JPTY-WS-0064,ms:defender:eventhub,ms:defender:eventhub,1
raw/2490__JPTY-WS-0064__wsus_client.log,JPTY-WS-0064,wsus:client,wsus:client,1
raw/2491__JPTY-ZEEK-01__bro_conn_json.log,JPTY-ZEEK-01,zeek:conn,bro:conn:json,844
raw/2492__JPTY-ZEEK-01__bro_dce_rpc_json.log,JPTY-ZEEK-01,zeek:dce_rpc,bro:dce_rpc:json,80
raw/2493__JPTY-ZEEK-01__bro_dns_json.log,JPTY-ZEEK-01,zeek:dns,bro:dns:json,362
raw/2494__JPTY-ZEEK-01__bro_http_json.log,JPTY-ZEEK-01,zeek:http,bro:http:json,185
raw/2495__JPTY-ZEEK-01__bro_smb_files_json.log,JPTY-ZEEK-01,zeek:smb_files,bro:smb_files:json,102
raw/2496__JPTY-ZEEK-01__bro_ssl_json.log,JPTY-ZEEK-01,zeek:ssl,bro:ssl:json,325
raw/2497__NLAM-APP-01__XmlWinEventLog.log,NLAM-APP-01,XmlWinEventLog:Microsoft-Windows-Sysmon/Operational,XmlWinEventLog,5
raw/2498__NLAM-APP-01__XmlWinEventLog.log,NLAM-APP-01,XmlWinEventLog:Security,XmlWinEventLog,6
raw/2499__NLAM-APP-01__ms_defender_eventhub.log,NLAM-APP-01,ms:defender:eventhub,ms:defender:eventhub,1
raw/2500__NLAM-APP-02__XmlWinEventLog.log,NLAM-APP-02,XmlWinEventLog:Microsoft-Windows-Sysmon/Operational,XmlWinEventLog,1
raw/2501__NLAM-APP-02__XmlWinEventLog.log,NLAM-APP-02,XmlWinEventLog:Security,XmlWinEventLog,6
raw/2502__NLAM-APP-03__XmlWinEventLog.log,NLAM-APP-03,XmlWinEventLog:Microsoft-Windows-Sysmon/Operational,XmlWinEventLog,8
raw/2503__NLAM-APP-03__XmlWinEventLog.log,NLAM-APP-03,XmlWinEventLog:Security,XmlWinEventLog,5
raw/2504__NLAM-APP-03__ms_defender_eventhub.log,NLAM-APP-03,ms:defender:eventhub,ms:defender:eventhub,3
raw/2505__NLAM-APP-03__trellix_epo.log,NLAM-APP-03,trellix:epo,trellix:epo,1
raw/2506__NLAM-APP-04__XmlWinEventLog.log,NLAM-APP-04,XmlWinEventLog:Microsoft-Windows-Sysmon/Operational,XmlWinEventLog,8
raw/2507__NLAM-APP-04__XmlWinEventLog.log,NLAM-APP-04,XmlWinEventLog:Security,XmlWinEventLog,5
raw/2508__NLAM-APP-05__XmlWinEventLog.log,NLAM-APP-05,XmlWinEventLog:Microsoft-Windows-Sysmon/Operational,XmlWinEventLog,2
raw/2509__NLAM-APP-05__XmlWinEventLog.log,NLAM-APP-05,XmlWinEventLog:Security,XmlWinEventLog,4
raw/2510__NLAM-APP-05__wsus_client.log,NLAM-APP-05,wsus:client,wsus:client,1
raw/2511__NLAM-APP-06__XmlWinEventLog.log,NLAM-APP-06,XmlWinEventLog:Microsoft-Windows-Sysmon/Operational,XmlWinEventLog,9
raw/2512__NLAM-APP-06__sccm_client.log,NLAM-APP-06,sccm:client,sccm:client,1
raw/2513__NLAM-APP-07__XmlWinEventLog.log,NLAM-APP-07,XmlWinEventLog:Microsoft-Windows-Sysmon/Operational,XmlWinEventLog,3
raw/2514__NLAM-APP-07__XmlWinEventLog.log,NLAM-APP-07,XmlWinEventLog:Security,XmlWinEventLog,2
raw/2515__NLAM-APP-07__trellix_epo.log,NLAM-APP-07,trellix:epo,trellix:epo,1
raw/2516__NLAM-APP-08__XmlWinEventLog.log,NLAM-APP-08,XmlWinEventLog:Microsoft-Windows-Sysmon/Operational,XmlWinEventLog,4
raw/2517__NLAM-APP-08__XmlWinEventLog.log,NLAM-APP-08,XmlWinEventLog:Security,XmlWinEventLog,9
raw/2518__NLAM-DC-01__XmlWinEventLog.log,NLAM-DC-01,XmlWinEventLog:Security,XmlWinEventLog,124
raw/2519__NLAM-FS-01__XmlWinEventLog.log,NLAM-FS-01,XmlWinEventLog:Microsoft-Windows-Sysmon/Operational,XmlWinEventLog,1
raw/2520__NLAM-FS-01__XmlWinEventLog.log,NLAM-FS-01,XmlWinEventLog:Security,XmlWinEventLog,3
raw/2521__NLAM-FS-01__ms_defender_eventhub.log,NLAM-FS-01,ms:defender:eventhub,ms:defender:eventhub,2
raw/2522__NLAM-FS-01__wsus_client.log,NLAM-FS-01,wsus:client,wsus:client,1
raw/2523__NLAM-FS-02__XmlWinEventLog.log,NLAM-FS-02,XmlWinEventLog:Microsoft-Windows-Sysmon/Operational,XmlWinEventLog,6
raw/2524__NLAM-FS-02__XmlWinEventLog.log,NLAM-FS-02,XmlWinEventLog:Security,XmlWinEventLog,2
raw/2525__NLAM-FS-02__trellix_epo.log,NLAM-FS-02,trellix:epo,trellix:epo,1
raw/2526__NLAM-FS-03__XmlWinEventLog.log,NLAM-FS-03,XmlWinEventLog:Microsoft-Windows-Sysmon/Operational,XmlWinEventLog,9
raw/2527__NLAM-FS-03__XmlWinEventLog.log,NLAM-FS-03,XmlWinEventLog:Security,XmlWinEventLog,6
raw/2528__NLAM-FS-03__ms_defender_eventhub.log,NLAM-FS-03,ms:defender:eventhub,ms:defender:eventhub,2
raw/2529__NLAM-FS-03__sccm_client.log,NLAM-FS-03,sccm:client,sccm:client,1
raw/2530__NLAM-FS-04__XmlWinEventLog.log,NLAM-FS-04,XmlWinEventLog:Microsoft-Windows-Sysmon/Operational,XmlWinEventLog,3
raw/2531__NLAM-FS-04__XmlWinEventLog.log,NLAM-FS-04,XmlWinEventLog:Security,XmlWinEventLog,4
raw/2532__NLAM-FS-04__ms_defender_eventhub.log,NLAM-FS-04,ms:defender:eventhub,ms:defender:eventhub,1
raw/2533__NLAM-FW-01__pan_traffic.log,NLAM-FW-01,pan:traffic,pan:traffic,96
raw/2534__NLAM-FW-02__fortigate_traffic.log,NLAM-FW-02,fortigate_traffic,fortigate_traffic,92
raw/2535__NLAM-FW-03__cisco_asa.log,NLAM-FW-03,cisco:asa,cisco:asa,87
raw/2536__NLAM-JUMP-01__XmlWinEventLog.log,NLAM-JUMP-01,XmlWinEventLog:Microsoft-Windows-Sysmon/Operational,XmlWinEventLog,5
raw/2537__NLAM-JUMP-01__XmlWinEventLog.log,NLAM-JUMP-01,XmlWinEventLog:Security,XmlWinEventLog,4
raw/2538__NLAM-JUMP-01__sccm_client.log,NLAM-JUMP-01,sccm:client,sccm:client,1
raw/2539__NLAM-JUMP-02__XmlWinEventLog.log,NLAM-JUMP-02,XmlWinEventLog:Microsoft-Windows-Sysmon/Operational,XmlWinEventLog,6
raw/2540__NLAM-JUMP-02__XmlWinEventLog.log,NLAM-JUMP-02,XmlWinEventLog:Security,XmlWinEventLog,7
raw/2541__NLAM-JUMP-03__XmlWinEventLog.log,NLAM-JUMP-03,XmlWinEventLog:Microsoft-Windows-Sysmon/Operational,XmlWinEventLog,3
raw/2542__NLAM-JUMP-03__ms_defender_eventhub.log,NLAM-JUMP-03,ms:defender:eventhub,ms:defender:eventhub,1
raw/2543__NLAM-JUMP-03__wsus_client.log,NLAM-JUMP-03,wsus:client,wsus:client,1
raw/2544__NLAM-LNX-01__linux_audit.log,NLAM-LNX-01,/var/log/audit/audit.log,linux_audit,75
raw/2545__NLAM-LNX-01__linux_secure.log,NLAM-LNX-01,/var/log/secure,linux_secure,14
raw/2546__NLAM-LNX-01__syslog.log,NLAM-LNX-01,/var/log/syslog,syslog,13
raw/2547__NLAM-LNX-01__trellix_epo.log,NLAM-LNX-01,trellix:epo,trellix:epo,1
raw/2548__NLAM-LNX-02__linux_audit.log,NLAM-LNX-02,/var/log/audit/audit.log,linux_audit,106
raw/2549__NLAM-LNX-02__linux_secure.log,NLAM-LNX-02,/var/log/secure,linux_secure,19
raw/2550__NLAM-LNX-02__syslog.log,NLAM-LNX-02,/var/log/syslog,syslog,19
raw/2551__NLAM-LNX-02__ms_defender_eventhub.log,NLAM-LNX-02,ms:defender:eventhub,ms:defender:eventhub,2
raw/2552__NLAM-LNX-03__linux_audit.log,NLAM-LNX-03,/var/log/audit/audit.log,linux_audit,100
raw/2553__NLAM-LNX-03__linux_secure.log,NLAM-LNX-03,/var/log/secure,linux_secure,14
raw/2554__NLAM-LNX-03__syslog.log,NLAM-LNX-03,/var/log/syslog,syslog,29
raw/2555__NLAM-LNX-03__trellix_epo.log,NLAM-LNX-03,trellix:epo,trellix:epo,3
raw/2556__NLAM-LNX-04__linux_audit.log,NLAM-LNX-04,/var/log/audit/audit.log,linux_audit,70
raw/2557__NLAM-LNX-04__linux_secure.log,NLAM-LNX-04,/var/log/secure,linux_secure,14
raw/2558__NLAM-LNX-04__syslog.log,NLAM-LNX-04,/var/log/syslog,syslog,22
raw/2559__NLAM-LNX-04__trellix_epo.log,NLAM-LNX-04,trellix:epo,trellix:epo,2
raw/2560__NLAM-LNX-05__linux_audit.log,NLAM-LNX-05,/var/log/audit/audit.log,linux_audit,111
raw/2561__NLAM-LNX-05__linux_secure.log,NLAM-LNX-05,/var/log/secure,linux_secure,19
raw/2562__NLAM-LNX-05__syslog.log,NLAM-LNX-05,/var/log/syslog,syslog,23
raw/2563__NLAM-LNX-06__linux_audit.log,NLAM-LNX-06,/var/log/audit/audit.log,linux_audit,104
raw/2564__NLAM-LNX-06__linux_secure.log,NLAM-LNX-06,/var/log/secure,linux_secure,13
raw/2565__NLAM-LNX-06__syslog.log,NLAM-LNX-06,/var/log/syslog,syslog,30
raw/2566__NLAM-LNX-06__ms_defender_eventhub.log,NLAM-LNX-06,ms:defender:eventhub,ms:defender:eventhub,1
raw/2567__NLAM-LNX-06__trellix_epo.log,NLAM-LNX-06,trellix:epo,trellix:epo,1
raw/2568__NLAM-LNX-07__linux_audit.log,NLAM-LNX-07,/var/log/audit/audit.log,linux_audit,76
raw/2569__NLAM-LNX-07__linux_secure.log,NLAM-LNX-07,/var/log/secure,linux_secure,19
raw/2570__NLAM-LNX-07__syslog.log,NLAM-LNX-07,/var/log/syslog,syslog,30
raw/2571__NLAM-LNX-08__linux_audit.log,NLAM-LNX-08,/var/log/audit/audit.log,linux_audit,76
raw/2572__NLAM-LNX-08__linux_secure.log,NLAM-LNX-08,/var/log/secure,linux_secure,11
raw/2573__NLAM-LNX-08__syslog.log,NLAM-LNX-08,/var/log/syslog,syslog,27
raw/2574__NLAM-PACS-01__pacs_access.log,NLAM-PACS-01,pacs:access,pacs:access,109
raw/2575__NLAM-PAW-01__XmlWinEventLog.log,NLAM-PAW-01,XmlWinEventLog:Microsoft-Windows-Sysmon/Operational,XmlWinEventLog,6
raw/2576__NLAM-PAW-01__XmlWinEventLog.log,NLAM-PAW-01,XmlWinEventLog:Security,XmlWinEventLog,5
raw/2577__NLAM-PAW-02__XmlWinEventLog.log,NLAM-PAW-02,XmlWinEventLog:Microsoft-Windows-Sysmon/Operational,XmlWinEventLog,4
raw/2578__NLAM-PAW-02__XmlWinEventLog.log,NLAM-PAW-02,XmlWinEventLog:Security,XmlWinEventLog,6
raw/2579__NLAM-PAW-03__XmlWinEventLog.log,NLAM-PAW-03,XmlWinEventLog:Microsoft-Windows-Sysmon/Operational,XmlWinEventLog,3
raw/2580__NLAM-PAW-03__XmlWinEventLog.log,NLAM-PAW-03,XmlWinEventLog:Security,XmlWinEventLog,2
raw/2581__NLAM-PAW-04__XmlWinEventLog.log,NLAM-PAW-04,XmlWinEventLog:Microsoft-Windows-Sysmon/Operational,XmlWinEventLog,5
raw/2582__NLAM-PAW-04__XmlWinEventLog.log,NLAM-PAW-04,XmlWinEventLog:Security,XmlWinEventLog,2
raw/2583__NLAM-PAW-04__wsus_client.log,NLAM-PAW-04,wsus:client,wsus:client,1
raw/2584__NLAM-PAW-05__XmlWinEventLog.log,NLAM-PAW-05,XmlWinEventLog:Microsoft-Windows-Sysmon/Operational,XmlWinEventLog,5
raw/2585__NLAM-PAW-05__XmlWinEventLog.log,NLAM-PAW-05,XmlWinEventLog:Security,XmlWinEventLog,3
raw/2586__NLAM-PAW-06__XmlWinEventLog.log,NLAM-PAW-06,XmlWinEventLog:Microsoft-Windows-Sysmon/Operational,XmlWinEventLog,6
raw/2587__NLAM-PAW-06__XmlWinEventLog.log,NLAM-PAW-06,XmlWinEventLog:Security,XmlWinEventLog,4
raw/2588__NLAM-PAW-06__wsus_client.log,NLAM-PAW-06,wsus:client,wsus:client,1
raw/2589__NLAM-RTR-01__cisco_ios.log,NLAM-RTR-01,cisco:ios,cisco:ios,33
raw/2590__NLAM-RTR-02__juniper.log,NLAM-RTR-02,juniper,juniper,19
raw/2591__NLAM-RTR-02__juniper_junos_firewall.log,NLAM-RTR-02,juniper:junos:firewall,juniper:junos:firewall,7
raw/2592__NLAM-VDI-01__XmlWinEventLog.log,NLAM-VDI-01,XmlWinEventLog:Microsoft-Windows-Sysmon/Operational,XmlWinEventLog,4
raw/2593__NLAM-VDI-01__XmlWinEventLog.log,NLAM-VDI-01,XmlWinEventLog:Security,XmlWinEventLog,6
raw/2594__NLAM-VDI-02__XmlWinEventLog.log,NLAM-VDI-02,XmlWinEventLog:Microsoft-Windows-Sysmon/Operational,XmlWinEventLog,3
raw/2595__NLAM-VDI-02__XmlWinEventLog.log,NLAM-VDI-02,XmlWinEventLog:Security,XmlWinEventLog,3
raw/2596__NLAM-VDI-02__ms_defender_eventhub.log,NLAM-VDI-02,ms:defender:eventhub,ms:defender:eventhub,3
raw/2597__NLAM-VDI-02__wsus_client.log,NLAM-VDI-02,wsus:client,wsus:client,1
raw/2598__NLAM-VDI-03__XmlWinEventLog.log,NLAM-VDI-03,XmlWinEventLog:Microsoft-Windows-Sysmon/Operational,XmlWinEventLog,6
raw/2599__NLAM-VDI-03__XmlWinEventLog.log,NLAM-VDI-03,XmlWinEventLog:Security,XmlWinEventLog,7
raw/2600__NLAM-WS-0001__XmlWinEventLog.log,NLAM-WS-0001,XmlWinEventLog:Microsoft-Windows-Sysmon/Operational,XmlWinEventLog,7
raw/2601__NLAM-WS-0001__XmlWinEventLog.log,NLAM-WS-0001,XmlWinEventLog:Security,XmlWinEventLog,5
raw/2602__NLAM-WS-0001__wsus_client.log,NLAM-WS-0001,wsus:client,wsus:client,1
raw/2603__NLAM-WS-0002__XmlWinEventLog.log,NLAM-WS-0002,XmlWinEventLog:Microsoft-Windows-Sysmon/Operational,XmlWinEventLog,11
raw/2604__NLAM-WS-0002__XmlWinEventLog.log,NLAM-WS-0002,XmlWinEventLog:Security,XmlWinEventLog,8
raw/2605__NLAM-WS-0002__wsus_client.log,NLAM-WS-0002,wsus:client,wsus:client,1
raw/2606__NLAM-WS-0003__XmlWinEventLog.log,NLAM-WS-0003,XmlWinEventLog:Microsoft-Windows-Sysmon/Operational,XmlWinEventLog,9
raw/2607__NLAM-WS-0003__XmlWinEventLog.log,NLAM-WS-0003,XmlWinEventLog:Security,XmlWinEventLog,9
raw/2608__NLAM-WS-0003__ms_defender_eventhub.log,NLAM-WS-0003,ms:defender:eventhub,ms:defender:eventhub,1
raw/2609__NLAM-WS-0004__XmlWinEventLog.log,NLAM-WS-0004,XmlWinEventLog:Microsoft-Windows-Sysmon/Operational,XmlWinEventLog,8
raw/2610__NLAM-WS-0004__XmlWinEventLog.log,NLAM-WS-0004,XmlWinEventLog:Security,XmlWinEventLog,10
raw/2611__NLAM-WS-0004__ms_defender_eventhub.log,NLAM-WS-0004,ms:defender:eventhub,ms:defender:eventhub,1
raw/2612__NLAM-WS-0005__XmlWinEventLog.log,NLAM-WS-0005,XmlWinEventLog:Microsoft-Windows-Sysmon/Operational,XmlWinEventLog,3
raw/2613__NLAM-WS-0005__XmlWinEventLog.log,NLAM-WS-0005,XmlWinEventLog:Security,XmlWinEventLog,7
raw/2614__NLAM-WS-0005__trellix_epo.log,NLAM-WS-0005,trellix:epo,trellix:epo,1
raw/2615__NLAM-WS-0005__wsus_client.log,NLAM-WS-0005,wsus:client,wsus:client,1
raw/2616__NLAM-WS-0006__XmlWinEventLog.log,NLAM-WS-0006,XmlWinEventLog:Microsoft-Windows-Sysmon/Operational,XmlWinEventLog,8
raw/2617__NLAM-WS-0006__XmlWinEventLog.log,NLAM-WS-0006,XmlWinEventLog:Security,XmlWinEventLog,8
raw/2618__NLAM-WS-0007__XmlWinEventLog.log,NLAM-WS-0007,XmlWinEventLog:Microsoft-Windows-Sysmon/Operational,XmlWinEventLog,9
raw/2619__NLAM-WS-0007__XmlWinEventLog.log,NLAM-WS-0007,XmlWinEventLog:Security,XmlWinEventLog,4
raw/2620__NLAM-WS-0007__ms_defender_eventhub.log,NLAM-WS-0007,ms:defender:eventhub,ms:defender:eventhub,1
raw/2621__NLAM-WS-0007__sccm_client.log,NLAM-WS-0007,sccm:client,sccm:client,1
raw/2622__NLAM-WS-0008__XmlWinEventLog.log,NLAM-WS-0008,XmlWinEventLog:Microsoft-Windows-Sysmon/Operational,XmlWinEventLog,11
raw/2623__NLAM-WS-0008__XmlWinEventLog.log,NLAM-WS-0008,XmlWinEventLog:Security,XmlWinEventLog,17
raw/2624__NLAM-WS-0008__ms_defender_eventhub.log,NLAM-WS-0008,ms:defender:eventhub,ms:defender:eventhub,4
raw/2625__NLAM-WS-0009__XmlWinEventLog.log,NLAM-WS-0009,XmlWinEventLog:Microsoft-Windows-Sysmon/Operational,XmlWinEventLog,13
raw/2626__NLAM-WS-0009__XmlWinEventLog.log,NLAM-WS-0009,XmlWinEventLog:Security,XmlWinEventLog,8
raw/2627__NLAM-WS-0010__XmlWinEventLog.log,NLAM-WS-0010,XmlWinEventLog:Microsoft-Windows-Sysmon/Operational,XmlWinEventLog,8
raw/2628__NLAM-WS-0010__XmlWinEventLog.log,NLAM-WS-0010,XmlWinEventLog:Security,XmlWinEventLog,10
raw/2629__NLAM-WS-0010__ms_defender_eventhub.log,NLAM-WS-0010,ms:defender:eventhub,ms:defender:eventhub,1
raw/2630__NLAM-WS-0011__XmlWinEventLog.log,NLAM-WS-0011,XmlWinEventLog:Microsoft-Windows-Sysmon/Operational,XmlWinEventLog,7
raw/2631__NLAM-WS-0011__XmlWinEventLog.log,NLAM-WS-0011,XmlWinEventLog:Security,XmlWinEventLog,11
raw/2632__NLAM-WS-0011__ms_defender_eventhub.log,NLAM-WS-0011,ms:defender:eventhub,ms:defender:eventhub,1
raw/2633__NLAM-WS-0011__trellix_epo.log,NLAM-WS-0011,trellix:epo,trellix:epo,2
raw/2634__NLAM-WS-0012__XmlWinEventLog.log,NLAM-WS-0012,XmlWinEventLog:Microsoft-Windows-Sysmon/Operational,XmlWinEventLog,11
raw/2635__NLAM-WS-0012__XmlWinEventLog.log,NLAM-WS-0012,XmlWinEventLog:Security,XmlWinEventLog,9
raw/2636__NLAM-WS-0012__trellix_epo.log,NLAM-WS-0012,trellix:epo,trellix:epo,1
raw/2637__NLAM-WS-0012__wsus_client.log,NLAM-WS-0012,wsus:client,wsus:client,2
raw/2638__NLAM-WS-0013__XmlWinEventLog.log,NLAM-WS-0013,XmlWinEventLog:Microsoft-Windows-Sysmon/Operational,XmlWinEventLog,7
raw/2639__NLAM-WS-0013__XmlWinEventLog.log,NLAM-WS-0013,XmlWinEventLog:Security,XmlWinEventLog,7
raw/2640__NLAM-WS-0013__ms_defender_eventhub.log,NLAM-WS-0013,ms:defender:eventhub,ms:defender:eventhub,1
raw/2641__NLAM-WS-0014__XmlWinEventLog.log,NLAM-WS-0014,XmlWinEventLog:Microsoft-Windows-Sysmon/Operational,XmlWinEventLog,9
raw/2642__NLAM-WS-0014__XmlWinEventLog.log,NLAM-WS-0014,XmlWinEventLog:Security,XmlWinEventLog,9
raw/2643__NLAM-WS-0014__sccm_client.log,NLAM-WS-0014,sccm:client,sccm:client,1
raw/2644__NLAM-WS-0014__trellix_epo.log,NLAM-WS-0014,trellix:epo,trellix:epo,1
raw/2645__NLAM-WS-0015__XmlWinEventLog.log,NLAM-WS-0015,XmlWinEventLog:Microsoft-Windows-Sysmon/Operational,XmlWinEventLog,7
raw/2646__NLAM-WS-0015__XmlWinEventLog.log,NLAM-WS-0015,XmlWinEventLog:Security,XmlWinEventLog,4
raw/2647__NLAM-WS-0015__ms_defender_eventhub.log,NLAM-WS-0015,ms:defender:eventhub,ms:defender:eventhub,1
raw/2648__NLAM-WS-0015__sccm_client.log,NLAM-WS-0015,sccm:client,sccm:client,1
raw/2649__NLAM-WS-0015__wsus_client.log,NLAM-WS-0015,wsus:client,wsus:client,1
raw/2650__NLAM-WS-0016__XmlWinEventLog.log,NLAM-WS-0016,XmlWinEventLog:Microsoft-Windows-Sysmon/Operational,XmlWinEventLog,13
raw/2651__NLAM-WS-0016__XmlWinEventLog.log,NLAM-WS-0016,XmlWinEventLog:Security,XmlWinEventLog,3
raw/2652__NLAM-WS-0016__ms_defender_eventhub.log,NLAM-WS-0016,ms:defender:eventhub,ms:defender:eventhub,1
raw/2653__NLAM-WS-0016__trellix_epo.log,NLAM-WS-0016,trellix:epo,trellix:epo,1
raw/2654__NLAM-WS-0016__wsus_client.log,NLAM-WS-0016,wsus:client,wsus:client,1
raw/2655__NLAM-WS-0017__XmlWinEventLog.log,NLAM-WS-0017,XmlWinEventLog:Microsoft-Windows-Sysmon/Operational,XmlWinEventLog,4
raw/2656__NLAM-WS-0017__XmlWinEventLog.log,NLAM-WS-0017,XmlWinEventLog:Security,XmlWinEventLog,6
raw/2657__NLAM-WS-0017__ms_defender_eventhub.log,NLAM-WS-0017,ms:defender:eventhub,ms:defender:eventhub,1
raw/2658__NLAM-WS-0018__XmlWinEventLog.log,NLAM-WS-0018,XmlWinEventLog:Microsoft-Windows-Sysmon/Operational,XmlWinEventLog,11
raw/2659__NLAM-WS-0018__XmlWinEventLog.log,NLAM-WS-0018,XmlWinEventLog:Security,XmlWinEventLog,3
raw/2660__NLAM-WS-0018__ms_defender_eventhub.log,NLAM-WS-0018,ms:defender:eventhub,ms:defender:eventhub,2
raw/2661__NLAM-WS-0018__trellix_epo.log,NLAM-WS-0018,trellix:epo,trellix:epo,1
raw/2662__NLAM-WS-0019__XmlWinEventLog.log,NLAM-WS-0019,XmlWinEventLog:Microsoft-Windows-Sysmon/Operational,XmlWinEventLog,7
raw/2663__NLAM-WS-0019__XmlWinEventLog.log,NLAM-WS-0019,XmlWinEventLog:Security,XmlWinEventLog,5
raw/2664__NLAM-WS-0020__XmlWinEventLog.log,NLAM-WS-0020,XmlWinEventLog:Microsoft-Windows-Sysmon/Operational,XmlWinEventLog,8
raw/2665__NLAM-WS-0020__XmlWinEventLog.log,NLAM-WS-0020,XmlWinEventLog:Security,XmlWinEventLog,8
raw/2666__NLAM-WS-0020__trellix_epo.log,NLAM-WS-0020,trellix:epo,trellix:epo,1
raw/2667__NLAM-WS-0021__XmlWinEventLog.log,NLAM-WS-0021,XmlWinEventLog:Microsoft-Windows-Sysmon/Operational,XmlWinEventLog,7
raw/2668__NLAM-WS-0021__XmlWinEventLog.log,NLAM-WS-0021,XmlWinEventLog:Security,XmlWinEventLog,6
raw/2669__NLAM-WS-0021__trellix_epo.log,NLAM-WS-0021,trellix:epo,trellix:epo,1
raw/2670__NLAM-WS-0022__XmlWinEventLog.log,NLAM-WS-0022,XmlWinEventLog:Microsoft-Windows-Sysmon/Operational,XmlWinEventLog,9
raw/2671__NLAM-WS-0022__XmlWinEventLog.log,NLAM-WS-0022,XmlWinEventLog:Security,XmlWinEventLog,8
raw/2672__NLAM-WS-0022__trellix_epo.log,NLAM-WS-0022,trellix:epo,trellix:epo,1
raw/2673__NLAM-WS-0022__wsus_client.log,NLAM-WS-0022,wsus:client,wsus:client,1
raw/2674__NLAM-WS-0023__XmlWinEventLog.log,NLAM-WS-0023,XmlWinEventLog:Microsoft-Windows-Sysmon/Operational,XmlWinEventLog,10
raw/2675__NLAM-WS-0023__XmlWinEventLog.log,NLAM-WS-0023,XmlWinEventLog:Security,XmlWinEventLog,3
raw/2676__NLAM-WS-0023__trellix_epo.log,NLAM-WS-0023,trellix:epo,trellix:epo,1
raw/2677__NLAM-WS-0023__wsus_client.log,NLAM-WS-0023,wsus:client,wsus:client,1
raw/2678__NLAM-WS-0024__XmlWinEventLog.log,NLAM-WS-0024,XmlWinEventLog:Microsoft-Windows-Sysmon/Operational,XmlWinEventLog,9
raw/2679__NLAM-WS-0024__XmlWinEventLog.log,NLAM-WS-0024,XmlWinEventLog:Security,XmlWinEventLog,10
raw/2680__NLAM-WS-0025__XmlWinEventLog.log,NLAM-WS-0025,XmlWinEventLog:Microsoft-Windows-Sysmon/Operational,XmlWinEventLog,2
raw/2681__NLAM-WS-0025__XmlWinEventLog.log,NLAM-WS-0025,XmlWinEventLog:Security,XmlWinEventLog,2
raw/2682__NLAM-WS-0025__ms_defender_eventhub.log,NLAM-WS-0025,ms:defender:eventhub,ms:defender:eventhub,2
raw/2683__NLAM-WS-0025__sccm_client.log,NLAM-WS-0025,sccm:client,sccm:client,1
raw/2684__NLAM-WS-0025__trellix_epo.log,NLAM-WS-0025,trellix:epo,trellix:epo,1
raw/2685__NLAM-WS-0026__XmlWinEventLog.log,NLAM-WS-0026,XmlWinEventLog:Microsoft-Windows-Sysmon/Operational,XmlWinEventLog,2
raw/2686__NLAM-WS-0026__XmlWinEventLog.log,NLAM-WS-0026,XmlWinEventLog:Security,XmlWinEventLog,3
raw/2687__NLAM-WS-0026__ms_defender_eventhub.log,NLAM-WS-0026,ms:defender:eventhub,ms:defender:eventhub,1
raw/2688__NLAM-WS-0027__XmlWinEventLog.log,NLAM-WS-0027,XmlWinEventLog:Microsoft-Windows-Sysmon/Operational,XmlWinEventLog,4
raw/2689__NLAM-WS-0027__XmlWinEventLog.log,NLAM-WS-0027,XmlWinEventLog:Security,XmlWinEventLog,1
raw/2690__NLAM-WS-0027__sccm_client.log,NLAM-WS-0027,sccm:client,sccm:client,1
raw/2691__NLAM-WS-0027__wsus_client.log,NLAM-WS-0027,wsus:client,wsus:client,2
raw/2692__NLAM-WS-0028__XmlWinEventLog.log,NLAM-WS-0028,XmlWinEventLog:Microsoft-Windows-Sysmon/Operational,XmlWinEventLog,2
raw/2693__NLAM-WS-0028__XmlWinEventLog.log,NLAM-WS-0028,XmlWinEventLog:Security,XmlWinEventLog,9
raw/2694__NLAM-WS-0029__XmlWinEventLog.log,NLAM-WS-0029,XmlWinEventLog:Microsoft-Windows-Sysmon/Operational,XmlWinEventLog,11
raw/2695__NLAM-WS-0029__XmlWinEventLog.log,NLAM-WS-0029,XmlWinEventLog:Security,XmlWinEventLog,7
raw/2696__NLAM-WS-0029__ms_defender_eventhub.log,NLAM-WS-0029,ms:defender:eventhub,ms:defender:eventhub,1
raw/2697__NLAM-WS-0030__XmlWinEventLog.log,NLAM-WS-0030,XmlWinEventLog:Microsoft-Windows-Sysmon/Operational,XmlWinEventLog,5
raw/2698__NLAM-WS-0030__XmlWinEventLog.log,NLAM-WS-0030,XmlWinEventLog:Security,XmlWinEventLog,5
raw/2699__NLAM-WS-0031__XmlWinEventLog.log,NLAM-WS-0031,XmlWinEventLog:Microsoft-Windows-Sysmon/Operational,XmlWinEventLog,5
raw/2700__NLAM-WS-0031__XmlWinEventLog.log,NLAM-WS-0031,XmlWinEventLog:Security,XmlWinEventLog,6
raw/2701__NLAM-WS-0031__ms_defender_eventhub.log,NLAM-WS-0031,ms:defender:eventhub,ms:defender:eventhub,2
raw/2702__NLAM-WS-0032__XmlWinEventLog.log,NLAM-WS-0032,XmlWinEventLog:Microsoft-Windows-Sysmon/Operational,XmlWinEventLog,7
raw/2703__NLAM-WS-0032__XmlWinEventLog.log,NLAM-WS-0032,XmlWinEventLog:Security,XmlWinEventLog,4
raw/2704__NLAM-WS-0033__XmlWinEventLog.log,NLAM-WS-0033,XmlWinEventLog:Microsoft-Windows-Sysmon/Operational,XmlWinEventLog,4
raw/2705__NLAM-WS-0033__XmlWinEventLog.log,NLAM-WS-0033,XmlWinEventLog:Security,XmlWinEventLog,5
raw/2706__NLAM-WS-0033__ms_defender_eventhub.log,NLAM-WS-0033,ms:defender:eventhub,ms:defender:eventhub,2
raw/2707__NLAM-WS-0034__XmlWinEventLog.log,NLAM-WS-0034,XmlWinEventLog:Microsoft-Windows-Sysmon/Operational,XmlWinEventLog,6
raw/2708__NLAM-WS-0034__XmlWinEventLog.log,NLAM-WS-0034,XmlWinEventLog:Security,XmlWinEventLog,12
raw/2709__NLAM-WS-0034__ms_defender_eventhub.log,NLAM-WS-0034,ms:defender:eventhub,ms:defender:eventhub,1
raw/2710__NLAM-WS-0034__trellix_epo.log,NLAM-WS-0034,trellix:epo,trellix:epo,1
raw/2711__NLAM-WS-0035__XmlWinEventLog.log,NLAM-WS-0035,XmlWinEventLog:Microsoft-Windows-Sysmon/Operational,XmlWinEventLog,3
raw/2712__NLAM-WS-0035__wsus_client.log,NLAM-WS-0035,wsus:client,wsus:client,1
raw/2713__NLAM-WS-0036__XmlWinEventLog.log,NLAM-WS-0036,XmlWinEventLog:Microsoft-Windows-Sysmon/Operational,XmlWinEventLog,4
raw/2714__NLAM-WS-0036__XmlWinEventLog.log,NLAM-WS-0036,XmlWinEventLog:Security,XmlWinEventLog,2
raw/2715__NLAM-WS-0036__sccm_client.log,NLAM-WS-0036,sccm:client,sccm:client,1
raw/2716__NLAM-WS-0037__XmlWinEventLog.log,NLAM-WS-0037,XmlWinEventLog:Microsoft-Windows-Sysmon/Operational,XmlWinEventLog,6
raw/2717__NLAM-WS-0037__XmlWinEventLog.log,NLAM-WS-0037,XmlWinEventLog:Security,XmlWinEventLog,4
raw/2718__NLAM-WS-0037__sccm_client.log,NLAM-WS-0037,sccm:client,sccm:client,1
raw/2719__NLAM-WS-0038__XmlWinEventLog.log,NLAM-WS-0038,XmlWinEventLog:Microsoft-Windows-Sysmon/Operational,XmlWinEventLog,4
raw/2720__NLAM-WS-0038__XmlWinEventLog.log,NLAM-WS-0038,XmlWinEventLog:Security,XmlWinEventLog,7
raw/2721__NLAM-WS-0038__sccm_client.log,NLAM-WS-0038,sccm:client,sccm:client,1
raw/2722__NLAM-WS-0039__XmlWinEventLog.log,NLAM-WS-0039,XmlWinEventLog:Microsoft-Windows-Sysmon/Operational,XmlWinEventLog,3
raw/2723__NLAM-WS-0039__XmlWinEventLog.log,NLAM-WS-0039,XmlWinEventLog:Security,XmlWinEventLog,3
raw/2724__NLAM-WS-0039__sccm_client.log,NLAM-WS-0039,sccm:client,sccm:client,1
raw/2725__NLAM-WS-0040__XmlWinEventLog.log,NLAM-WS-0040,XmlWinEventLog:Microsoft-Windows-Sysmon/Operational,XmlWinEventLog,10
raw/2726__NLAM-WS-0040__XmlWinEventLog.log,NLAM-WS-0040,XmlWinEventLog:Security,XmlWinEventLog,4
raw/2727__NLAM-WS-0040__sccm_client.log,NLAM-WS-0040,sccm:client,sccm:client,1
raw/2728__NLAM-WS-0041__XmlWinEventLog.log,NLAM-WS-0041,XmlWinEventLog:Microsoft-Windows-Sysmon/Operational,XmlWinEventLog,8
raw/2729__NLAM-WS-0041__XmlWinEventLog.log,NLAM-WS-0041,XmlWinEventLog:Security,XmlWinEventLog,8
raw/2730__NLAM-WS-0041__trellix_epo.log,NLAM-WS-0041,trellix:epo,trellix:epo,1
raw/2731__NLAM-WS-0042__XmlWinEventLog.log,NLAM-WS-0042,XmlWinEventLog:Microsoft-Windows-Sysmon/Operational,XmlWinEventLog,1
raw/2732__NLAM-WS-0042__XmlWinEventLog.log,NLAM-WS-0042,XmlWinEventLog:Security,XmlWinEventLog,5
raw/2733__NLAM-WS-0042__sccm_client.log,NLAM-WS-0042,sccm:client,sccm:client,1
raw/2734__NLAM-WS-0043__XmlWinEventLog.log,NLAM-WS-0043,XmlWinEventLog:Microsoft-Windows-Sysmon/Operational,XmlWinEventLog,3
raw/2735__NLAM-WS-0043__XmlWinEventLog.log,NLAM-WS-0043,XmlWinEventLog:Security,XmlWinEventLog,5
raw/2736__NLAM-WS-0043__wsus_client.log,NLAM-WS-0043,wsus:client,wsus:client,1
raw/2737__NLAM-WS-0044__XmlWinEventLog.log,NLAM-WS-0044,XmlWinEventLog:Microsoft-Windows-Sysmon/Operational,XmlWinEventLog,5
raw/2738__NLAM-WS-0044__XmlWinEventLog.log,NLAM-WS-0044,XmlWinEventLog:Security,XmlWinEventLog,2
raw/2739__NLAM-WS-0044__ms_defender_eventhub.log,NLAM-WS-0044,ms:defender:eventhub,ms:defender:eventhub,1
raw/2740__NLAM-WS-0045__XmlWinEventLog.log,NLAM-WS-0045,XmlWinEventLog:Microsoft-Windows-Sysmon/Operational,XmlWinEventLog,5
raw/2741__NLAM-WS-0045__XmlWinEventLog.log,NLAM-WS-0045,XmlWinEventLog:Security,XmlWinEventLog,2
raw/2742__NLAM-WS-0045__ms_defender_eventhub.log,NLAM-WS-0045,ms:defender:eventhub,ms:defender:eventhub,1
raw/2743__NLAM-WS-0045__trellix_epo.log,NLAM-WS-0045,trellix:epo,trellix:epo,2
raw/2744__NLAM-WS-0045__wsus_client.log,NLAM-WS-0045,wsus:client,wsus:client,1
raw/2745__NLAM-WS-0046__XmlWinEventLog.log,NLAM-WS-0046,XmlWinEventLog:Microsoft-Windows-Sysmon/Operational,XmlWinEventLog,2
raw/2746__NLAM-WS-0046__XmlWinEventLog.log,NLAM-WS-0046,XmlWinEventLog:Security,XmlWinEventLog,5
raw/2747__NLAM-WS-0047__XmlWinEventLog.log,NLAM-WS-0047,XmlWinEventLog:Microsoft-Windows-Sysmon/Operational,XmlWinEventLog,3
raw/2748__NLAM-WS-0047__XmlWinEventLog.log,NLAM-WS-0047,XmlWinEventLog:Security,XmlWinEventLog,4
raw/2749__NLAM-WS-0047__trellix_epo.log,NLAM-WS-0047,trellix:epo,trellix:epo,1
raw/2750__NLAM-WS-0048__XmlWinEventLog.log,NLAM-WS-0048,XmlWinEventLog:Microsoft-Windows-Sysmon/Operational,XmlWinEventLog,8
raw/2751__NLAM-WS-0048__XmlWinEventLog.log,NLAM-WS-0048,XmlWinEventLog:Security,XmlWinEventLog,12
raw/2752__NLAM-WS-0048__ms_defender_eventhub.log,NLAM-WS-0048,ms:defender:eventhub,ms:defender:eventhub,3
raw/2753__NLAM-WS-0048__sccm_client.log,NLAM-WS-0048,sccm:client,sccm:client,1
raw/2754__NLAM-WS-0049__XmlWinEventLog.log,NLAM-WS-0049,XmlWinEventLog:Microsoft-Windows-Sysmon/Operational,XmlWinEventLog,7
raw/2755__NLAM-WS-0049__XmlWinEventLog.log,NLAM-WS-0049,XmlWinEventLog:Security,XmlWinEventLog,6
raw/2756__NLAM-WS-0049__ms_defender_eventhub.log,NLAM-WS-0049,ms:defender:eventhub,ms:defender:eventhub,2
raw/2757__NLAM-WS-0050__XmlWinEventLog.log,NLAM-WS-0050,XmlWinEventLog:Microsoft-Windows-Sysmon/Operational,XmlWinEventLog,3
raw/2758__NLAM-WS-0050__XmlWinEventLog.log,NLAM-WS-0050,XmlWinEventLog:Security,XmlWinEventLog,8
raw/2759__NLAM-WS-0050__sccm_client.log,NLAM-WS-0050,sccm:client,sccm:client,1
raw/2760__NLAM-WS-0051__XmlWinEventLog.log,NLAM-WS-0051,XmlWinEventLog:Microsoft-Windows-Sysmon/Operational,XmlWinEventLog,5
raw/2761__NLAM-WS-0051__XmlWinEventLog.log,NLAM-WS-0051,XmlWinEventLog:Security,XmlWinEventLog,5
raw/2762__NLAM-WS-0052__XmlWinEventLog.log,NLAM-WS-0052,XmlWinEventLog:Microsoft-Windows-Sysmon/Operational,XmlWinEventLog,4
raw/2763__NLAM-WS-0052__XmlWinEventLog.log,NLAM-WS-0052,XmlWinEventLog:Security,XmlWinEventLog,3
raw/2764__NLAM-WS-0052__ms_defender_eventhub.log,NLAM-WS-0052,ms:defender:eventhub,ms:defender:eventhub,1
raw/2765__NLAM-WS-0053__XmlWinEventLog.log,NLAM-WS-0053,XmlWinEventLog:Microsoft-Windows-Sysmon/Operational,XmlWinEventLog,9
raw/2766__NLAM-WS-0053__XmlWinEventLog.log,NLAM-WS-0053,XmlWinEventLog:Security,XmlWinEventLog,4
raw/2767__NLAM-WS-0053__ms_defender_eventhub.log,NLAM-WS-0053,ms:defender:eventhub,ms:defender:eventhub,1
raw/2768__NLAM-WS-0054__XmlWinEventLog.log,NLAM-WS-0054,XmlWinEventLog:Microsoft-Windows-Sysmon/Operational,XmlWinEventLog,10
raw/2769__NLAM-WS-0054__XmlWinEventLog.log,NLAM-WS-0054,XmlWinEventLog:Security,XmlWinEventLog,3
raw/2770__NLAM-WS-0054__ms_defender_eventhub.log,NLAM-WS-0054,ms:defender:eventhub,ms:defender:eventhub,2
raw/2771__NLAM-WS-0054__sccm_client.log,NLAM-WS-0054,sccm:client,sccm:client,2
raw/2772__NLAM-WS-0055__XmlWinEventLog.log,NLAM-WS-0055,XmlWinEventLog:Microsoft-Windows-Sysmon/Operational,XmlWinEventLog,9
raw/2773__NLAM-WS-0055__XmlWinEventLog.log,NLAM-WS-0055,XmlWinEventLog:Security,XmlWinEventLog,4
raw/2774__NLAM-WS-0055__ms_defender_eventhub.log,NLAM-WS-0055,ms:defender:eventhub,ms:defender:eventhub,2
raw/2775__NLAM-WS-0056__XmlWinEventLog.log,NLAM-WS-0056,XmlWinEventLog:Microsoft-Windows-Sysmon/Operational,XmlWinEventLog,7
raw/2776__NLAM-WS-0056__XmlWinEventLog.log,NLAM-WS-0056,XmlWinEventLog:Security,XmlWinEventLog,7
raw/2777__NLAM-WS-0057__XmlWinEventLog.log,NLAM-WS-0057,XmlWinEventLog:Microsoft-Windows-Sysmon/Operational,XmlWinEventLog,5
raw/2778__NLAM-WS-0057__XmlWinEventLog.log,NLAM-WS-0057,XmlWinEventLog:Security,XmlWinEventLog,2
raw/2779__NLAM-WS-0057__trellix_epo.log,NLAM-WS-0057,trellix:epo,trellix:epo,1
raw/2780__NLAM-WS-0058__XmlWinEventLog.log,NLAM-WS-0058,XmlWinEventLog:Microsoft-Windows-Sysmon/Operational,XmlWinEventLog,3
raw/2781__NLAM-WS-0058__XmlWinEventLog.log,NLAM-WS-0058,XmlWinEventLog:Security,XmlWinEventLog,5
raw/2782__NLAM-WS-0058__sccm_client.log,NLAM-WS-0058,sccm:client,sccm:client,1
raw/2783__NLAM-WS-0058__trellix_epo.log,NLAM-WS-0058,trellix:epo,trellix:epo,1
raw/2784__NLAM-WS-0059__XmlWinEventLog.log,NLAM-WS-0059,XmlWinEventLog:Microsoft-Windows-Sysmon/Operational,XmlWinEventLog,3
raw/2785__NLAM-WS-0059__XmlWinEventLog.log,NLAM-WS-0059,XmlWinEventLog:Security,XmlWinEventLog,5
raw/2786__NLAM-WS-0059__ms_defender_eventhub.log,NLAM-WS-0059,ms:defender:eventhub,ms:defender:eventhub,1
raw/2787__NLAM-WS-0059__trellix_epo.log,NLAM-WS-0059,trellix:epo,trellix:epo,1
raw/2788__NLAM-WS-0060__XmlWinEventLog.log,NLAM-WS-0060,XmlWinEventLog:Microsoft-Windows-Sysmon/Operational,XmlWinEventLog,1
raw/2789__NLAM-WS-0060__XmlWinEventLog.log,NLAM-WS-0060,XmlWinEventLog:Security,XmlWinEventLog,5
raw/2790__NLAM-WS-0061__XmlWinEventLog.log,NLAM-WS-0061,XmlWinEventLog:Microsoft-Windows-Sysmon/Operational,XmlWinEventLog,3
raw/2791__NLAM-WS-0061__XmlWinEventLog.log,NLAM-WS-0061,XmlWinEventLog:Security,XmlWinEventLog,9
raw/2792__NLAM-WS-0062__XmlWinEventLog.log,NLAM-WS-0062,XmlWinEventLog:Microsoft-Windows-Sysmon/Operational,XmlWinEventLog,4
raw/2793__NLAM-WS-0062__XmlWinEventLog.log,NLAM-WS-0062,XmlWinEventLog:Security,XmlWinEventLog,5
raw/2794__NLAM-WS-0062__trellix_epo.log,NLAM-WS-0062,trellix:epo,trellix:epo,2
raw/2795__NLAM-WS-0062__wsus_client.log,NLAM-WS-0062,wsus:client,wsus:client,1
raw/2796__NLAM-WS-0063__XmlWinEventLog.log,NLAM-WS-0063,XmlWinEventLog:Microsoft-Windows-Sysmon/Operational,XmlWinEventLog,8
raw/2797__NLAM-WS-0063__XmlWinEventLog.log,NLAM-WS-0063,XmlWinEventLog:Security,XmlWinEventLog,8
raw/2798__NLAM-WS-0063__ms_defender_eventhub.log,NLAM-WS-0063,ms:defender:eventhub,ms:defender:eventhub,1
raw/2799__NLAM-WS-0064__XmlWinEventLog.log,NLAM-WS-0064,XmlWinEventLog:Microsoft-Windows-Sysmon/Operational,XmlWinEventLog,4
raw/2800__NLAM-WS-0064__XmlWinEventLog.log,NLAM-WS-0064,XmlWinEventLog:Security,XmlWinEventLog,4
raw/2801__NLAM-WS-0064__trellix_epo.log,NLAM-WS-0064,trellix:epo,trellix:epo,1
raw/2802__NLAM-ZEEK-01__bro_conn_json.log,NLAM-ZEEK-01,zeek:conn,bro:conn:json,827
raw/2803__NLAM-ZEEK-01__bro_dce_rpc_json.log,NLAM-ZEEK-01,zeek:dce_rpc,bro:dce_rpc:json,73
raw/2804__NLAM-ZEEK-01__bro_dns_json.log,NLAM-ZEEK-01,zeek:dns,bro:dns:json,366
raw/2805__NLAM-ZEEK-01__bro_http_json.log,NLAM-ZEEK-01,zeek:http,bro:http:json,209
raw/2806__NLAM-ZEEK-01__bro_smb_files_json.log,NLAM-ZEEK-01,zeek:smb_files,bro:smb_files:json,89
raw/2807__NLAM-ZEEK-01__bro_ssl_json.log,NLAM-ZEEK-01,zeek:ssl,bro:ssl:json,323
raw/2808__NZAK-APP-01__XmlWinEventLog.log,NZAK-APP-01,XmlWinEventLog:Microsoft-Windows-Sysmon/Operational,XmlWinEventLog,3
raw/2809__NZAK-APP-01__XmlWinEventLog.log,NZAK-APP-01,XmlWinEventLog:Security,XmlWinEventLog,7
raw/2810__NZAK-APP-01__ms_defender_eventhub.log,NZAK-APP-01,ms:defender:eventhub,ms:defender:eventhub,1
raw/2811__NZAK-APP-02__XmlWinEventLog.log,NZAK-APP-02,XmlWinEventLog:Microsoft-Windows-Sysmon/Operational,XmlWinEventLog,6
raw/2812__NZAK-APP-02__XmlWinEventLog.log,NZAK-APP-02,XmlWinEventLog:Security,XmlWinEventLog,1
raw/2813__NZAK-APP-03__XmlWinEventLog.log,NZAK-APP-03,XmlWinEventLog:Microsoft-Windows-Sysmon/Operational,XmlWinEventLog,7
raw/2814__NZAK-APP-03__XmlWinEventLog.log,NZAK-APP-03,XmlWinEventLog:Security,XmlWinEventLog,6
raw/2815__NZAK-APP-04__XmlWinEventLog.log,NZAK-APP-04,XmlWinEventLog:Microsoft-Windows-Sysmon/Operational,XmlWinEventLog,3
raw/2816__NZAK-APP-04__XmlWinEventLog.log,NZAK-APP-04,XmlWinEventLog:Security,XmlWinEventLog,5
raw/2817__NZAK-APP-05__XmlWinEventLog.log,NZAK-APP-05,XmlWinEventLog:Microsoft-Windows-Sysmon/Operational,XmlWinEventLog,4
raw/2818__NZAK-APP-05__XmlWinEventLog.log,NZAK-APP-05,XmlWinEventLog:Security,XmlWinEventLog,3
raw/2819__NZAK-APP-06__XmlWinEventLog.log,NZAK-APP-06,XmlWinEventLog:Microsoft-Windows-Sysmon/Operational,XmlWinEventLog,8
raw/2820__NZAK-APP-06__XmlWinEventLog.log,NZAK-APP-06,XmlWinEventLog:Security,XmlWinEventLog,4
raw/2821__NZAK-APP-07__XmlWinEventLog.log,NZAK-APP-07,XmlWinEventLog:Microsoft-Windows-Sysmon/Operational,XmlWinEventLog,7
raw/2822__NZAK-APP-07__XmlWinEventLog.log,NZAK-APP-07,XmlWinEventLog:Security,XmlWinEventLog,2
raw/2823__NZAK-APP-08__XmlWinEventLog.log,NZAK-APP-08,XmlWinEventLog:Microsoft-Windows-Sysmon/Operational,XmlWinEventLog,5
raw/2824__NZAK-APP-08__XmlWinEventLog.log,NZAK-APP-08,XmlWinEventLog:Security,XmlWinEventLog,4
raw/2825__NZAK-APP-08__ms_defender_eventhub.log,NZAK-APP-08,ms:defender:eventhub,ms:defender:eventhub,1
raw/2826__NZAK-DC-01__XmlWinEventLog.log,NZAK-DC-01,XmlWinEventLog:Security,XmlWinEventLog,105
raw/2827__NZAK-DLP-01__dlp_events.log,NZAK-DLP-01,dlp:events,dlp:events,1
raw/2828__NZAK-FS-01__XmlWinEventLog.log,NZAK-FS-01,XmlWinEventLog:Microsoft-Windows-Sysmon/Operational,XmlWinEventLog,7
raw/2829__NZAK-FS-01__XmlWinEventLog.log,NZAK-FS-01,XmlWinEventLog:Security,XmlWinEventLog,2
raw/2830__NZAK-FS-02__XmlWinEventLog.log,NZAK-FS-02,XmlWinEventLog:Microsoft-Windows-Sysmon/Operational,XmlWinEventLog,5
raw/2831__NZAK-FS-02__XmlWinEventLog.log,NZAK-FS-02,XmlWinEventLog:Security,XmlWinEventLog,5
raw/2832__NZAK-FS-02__ms_defender_eventhub.log,NZAK-FS-02,ms:defender:eventhub,ms:defender:eventhub,3
raw/2833__NZAK-FS-02__trellix_epo.log,NZAK-FS-02,trellix:epo,trellix:epo,2
raw/2834__NZAK-FS-03__XmlWinEventLog.log,NZAK-FS-03,XmlWinEventLog:Microsoft-Windows-Sysmon/Operational,XmlWinEventLog,3
raw/2835__NZAK-FS-03__XmlWinEventLog.log,NZAK-FS-03,XmlWinEventLog:Security,XmlWinEventLog,1
raw/2836__NZAK-FS-03__trellix_epo.log,NZAK-FS-03,trellix:epo,trellix:epo,1
raw/2837__NZAK-FS-04__XmlWinEventLog.log,NZAK-FS-04,XmlWinEventLog:Microsoft-Windows-Sysmon/Operational,XmlWinEventLog,6
raw/2838__NZAK-FS-04__XmlWinEventLog.log,NZAK-FS-04,XmlWinEventLog:Security,XmlWinEventLog,2
raw/2839__NZAK-FW-01__cisco_asa.log,NZAK-FW-01,cisco:asa,cisco:asa,1
raw/2840__NZAK-FW-01__pan_traffic.log,NZAK-FW-01,pan:traffic,pan:traffic,81
raw/2841__NZAK-FW-02__fortigate_traffic.log,NZAK-FW-02,fortigate_traffic,fortigate_traffic,81
raw/2842__NZAK-FW-03__cisco_asa.log,NZAK-FW-03,cisco:asa,cisco:asa,97
raw/2843__NZAK-JUMP-01__XmlWinEventLog.log,NZAK-JUMP-01,XmlWinEventLog:Microsoft-Windows-Sysmon/Operational,XmlWinEventLog,3
raw/2844__NZAK-JUMP-01__XmlWinEventLog.log,NZAK-JUMP-01,XmlWinEventLog:Security,XmlWinEventLog,8
raw/2845__NZAK-JUMP-01__ms_defender_eventhub.log,NZAK-JUMP-01,ms:defender:eventhub,ms:defender:eventhub,1
raw/2846__NZAK-JUMP-01__trellix_epo.log,NZAK-JUMP-01,trellix:epo,trellix:epo,1
raw/2847__NZAK-JUMP-01__wsus_client.log,NZAK-JUMP-01,wsus:client,wsus:client,1
raw/2848__NZAK-JUMP-02__XmlWinEventLog.log,NZAK-JUMP-02,XmlWinEventLog:Microsoft-Windows-Sysmon/Operational,XmlWinEventLog,5
raw/2849__NZAK-JUMP-02__XmlWinEventLog.log,NZAK-JUMP-02,XmlWinEventLog:Security,XmlWinEventLog,5
raw/2850__NZAK-JUMP-03__XmlWinEventLog.log,NZAK-JUMP-03,XmlWinEventLog:Microsoft-Windows-Sysmon/Operational,XmlWinEventLog,5
raw/2851__NZAK-JUMP-03__XmlWinEventLog.log,NZAK-JUMP-03,XmlWinEventLog:Security,XmlWinEventLog,1
raw/2852__NZAK-JUMP-03__ms_defender_eventhub.log,NZAK-JUMP-03,ms:defender:eventhub,ms:defender:eventhub,4
raw/2853__NZAK-JUMP-03__trellix_epo.log,NZAK-JUMP-03,trellix:epo,trellix:epo,1
raw/2854__NZAK-LNX-01__linux_audit.log,NZAK-LNX-01,/var/log/audit/audit.log,linux_audit,111
raw/2855__NZAK-LNX-01__linux_secure.log,NZAK-LNX-01,/var/log/secure,linux_secure,5
raw/2856__NZAK-LNX-01__syslog.log,NZAK-LNX-01,/var/log/syslog,syslog,28
raw/2857__NZAK-LNX-02__linux_audit.log,NZAK-LNX-02,/var/log/audit/audit.log,linux_audit,92
raw/2858__NZAK-LNX-02__linux_secure.log,NZAK-LNX-02,/var/log/secure,linux_secure,11
raw/2859__NZAK-LNX-02__syslog.log,NZAK-LNX-02,/var/log/syslog,syslog,18
raw/2860__NZAK-LNX-02__trellix_epo.log,NZAK-LNX-02,trellix:epo,trellix:epo,2
raw/2861__NZAK-LNX-03__linux_audit.log,NZAK-LNX-03,/var/log/audit/audit.log,linux_audit,88
raw/2862__NZAK-LNX-03__linux_secure.log,NZAK-LNX-03,/var/log/secure,linux_secure,17
raw/2863__NZAK-LNX-03__syslog.log,NZAK-LNX-03,/var/log/syslog,syslog,28
raw/2864__NZAK-LNX-03__ms_defender_eventhub.log,NZAK-LNX-03,ms:defender:eventhub,ms:defender:eventhub,1
raw/2865__NZAK-LNX-04__linux_audit.log,NZAK-LNX-04,/var/log/audit/audit.log,linux_audit,82
raw/2866__NZAK-LNX-04__linux_secure.log,NZAK-LNX-04,/var/log/secure,linux_secure,14
raw/2867__NZAK-LNX-04__syslog.log,NZAK-LNX-04,/var/log/syslog,syslog,30
raw/2868__NZAK-LNX-04__ms_defender_eventhub.log,NZAK-LNX-04,ms:defender:eventhub,ms:defender:eventhub,1
raw/2869__NZAK-LNX-04__trellix_epo.log,NZAK-LNX-04,trellix:epo,trellix:epo,1
raw/2870__NZAK-LNX-05__linux_audit.log,NZAK-LNX-05,/var/log/audit/audit.log,linux_audit,63
raw/2871__NZAK-LNX-05__linux_secure.log,NZAK-LNX-05,/var/log/secure,linux_secure,9
raw/2872__NZAK-LNX-05__syslog.log,NZAK-LNX-05,/var/log/syslog,syslog,31
raw/2873__NZAK-LNX-06__linux_audit.log,NZAK-LNX-06,/var/log/audit/audit.log,linux_audit,96
raw/2874__NZAK-LNX-06__linux_secure.log,NZAK-LNX-06,/var/log/secure,linux_secure,8
raw/2875__NZAK-LNX-06__syslog.log,NZAK-LNX-06,/var/log/syslog,syslog,29
raw/2876__NZAK-LNX-07__linux_audit.log,NZAK-LNX-07,/var/log/audit/audit.log,linux_audit,63
raw/2877__NZAK-LNX-07__linux_secure.log,NZAK-LNX-07,/var/log/secure,linux_secure,12
raw/2878__NZAK-LNX-07__syslog.log,NZAK-LNX-07,/var/log/syslog,syslog,27
raw/2879__NZAK-LNX-08__linux_audit.log,NZAK-LNX-08,/var/log/audit/audit.log,linux_audit,91
raw/2880__NZAK-LNX-08__linux_secure.log,NZAK-LNX-08,/var/log/secure,linux_secure,10
raw/2881__NZAK-LNX-08__syslog.log,NZAK-LNX-08,/var/log/syslog,syslog,28
raw/2882__NZAK-MFT-01__mft_transfer.log,NZAK-MFT-01,mft:transfer,mft:transfer,2
raw/2883__NZAK-MFT-GW-02__linux_audit.log,NZAK-MFT-GW-02,/var/log/audit/audit.log,linux_audit,10
raw/2884__NZAK-MFT-GW-02__linux_secure.log,NZAK-MFT-GW-02,/var/log/secure,linux_secure,1
raw/2885__NZAK-MFT-GW-02__syslog.log,NZAK-MFT-GW-02,/var/log/syslog,syslog,3
raw/2886__NZAK-PACS-01__pacs_access.log,NZAK-PACS-01,pacs:access,pacs:access,103
raw/2887__NZAK-PAW-01__XmlWinEventLog.log,NZAK-PAW-01,XmlWinEventLog:Microsoft-Windows-Sysmon/Operational,XmlWinEventLog,1
raw/2888__NZAK-PAW-01__XmlWinEventLog.log,NZAK-PAW-01,XmlWinEventLog:Security,XmlWinEventLog,3
raw/2889__NZAK-PAW-01__ms_defender_eventhub.log,NZAK-PAW-01,ms:defender:eventhub,ms:defender:eventhub,1
raw/2890__NZAK-PAW-02__XmlWinEventLog.log,NZAK-PAW-02,XmlWinEventLog:Microsoft-Windows-Sysmon/Operational,XmlWinEventLog,5
raw/2891__NZAK-PAW-02__XmlWinEventLog.log,NZAK-PAW-02,XmlWinEventLog:Security,XmlWinEventLog,7
raw/2892__NZAK-PAW-02__trellix_epo.log,NZAK-PAW-02,trellix:epo,trellix:epo,1
raw/2893__NZAK-PAW-03__XmlWinEventLog.log,NZAK-PAW-03,XmlWinEventLog:Microsoft-Windows-Sysmon/Operational,XmlWinEventLog,6
raw/2894__NZAK-PAW-03__XmlWinEventLog.log,NZAK-PAW-03,XmlWinEventLog:Security,XmlWinEventLog,5
raw/2895__NZAK-PAW-03__ms_defender_eventhub.log,NZAK-PAW-03,ms:defender:eventhub,ms:defender:eventhub,1
raw/2896__NZAK-PAW-03__trellix_epo.log,NZAK-PAW-03,trellix:epo,trellix:epo,1
raw/2897__NZAK-PAW-04__XmlWinEventLog.log,NZAK-PAW-04,XmlWinEventLog:Microsoft-Windows-Sysmon/Operational,XmlWinEventLog,6
raw/2898__NZAK-PAW-04__XmlWinEventLog.log,NZAK-PAW-04,XmlWinEventLog:Security,XmlWinEventLog,5
raw/2899__NZAK-PAW-05__XmlWinEventLog.log,NZAK-PAW-05,XmlWinEventLog:Microsoft-Windows-Sysmon/Operational,XmlWinEventLog,7
raw/2900__NZAK-PAW-05__XmlWinEventLog.log,NZAK-PAW-05,XmlWinEventLog:Security,XmlWinEventLog,7
raw/2901__NZAK-PAW-05__ms_defender_eventhub.log,NZAK-PAW-05,ms:defender:eventhub,ms:defender:eventhub,2
raw/2902__NZAK-PAW-06__XmlWinEventLog.log,NZAK-PAW-06,XmlWinEventLog:Security,XmlWinEventLog,3
raw/2903__NZAK-PAW-06__sccm_client.log,NZAK-PAW-06,sccm:client,sccm:client,1
raw/2904__NZAK-RTR-01__cisco_ios.log,NZAK-RTR-01,cisco:ios,cisco:ios,41
raw/2905__NZAK-RTR-02__juniper.log,NZAK-RTR-02,juniper,juniper,18
raw/2906__NZAK-RTR-02__juniper_junos_firewall.log,NZAK-RTR-02,juniper:junos:firewall,juniper:junos:firewall,10
raw/2907__NZAK-VDI-01__XmlWinEventLog.log,NZAK-VDI-01,XmlWinEventLog:Microsoft-Windows-Sysmon/Operational,XmlWinEventLog,5
raw/2908__NZAK-VDI-01__XmlWinEventLog.log,NZAK-VDI-01,XmlWinEventLog:Security,XmlWinEventLog,7
raw/2909__NZAK-VDI-01__ms_defender_eventhub.log,NZAK-VDI-01,ms:defender:eventhub,ms:defender:eventhub,1
raw/2910__NZAK-VDI-01__trellix_epo.log,NZAK-VDI-01,trellix:epo,trellix:epo,1
raw/2911__NZAK-VDI-02__XmlWinEventLog.log,NZAK-VDI-02,XmlWinEventLog:Microsoft-Windows-Sysmon/Operational,XmlWinEventLog,5
raw/2912__NZAK-VDI-02__XmlWinEventLog.log,NZAK-VDI-02,XmlWinEventLog:Security,XmlWinEventLog,2
raw/2913__NZAK-VDI-02__ms_defender_eventhub.log,NZAK-VDI-02,ms:defender:eventhub,ms:defender:eventhub,1
raw/2914__NZAK-VDI-02__sccm_client.log,NZAK-VDI-02,sccm:client,sccm:client,1
raw/2915__NZAK-VDI-03__XmlWinEventLog.log,NZAK-VDI-03,XmlWinEventLog:Microsoft-Windows-Sysmon/Operational,XmlWinEventLog,5
raw/2916__NZAK-VDI-03__XmlWinEventLog.log,NZAK-VDI-03,XmlWinEventLog:Security,XmlWinEventLog,11
raw/2917__NZAK-VDI-03__sccm_client.log,NZAK-VDI-03,sccm:client,sccm:client,1
raw/2918__NZAK-WS-0001__XmlWinEventLog.log,NZAK-WS-0001,XmlWinEventLog:Microsoft-Windows-Sysmon/Operational,XmlWinEventLog,6
raw/2919__NZAK-WS-0001__XmlWinEventLog.log,NZAK-WS-0001,XmlWinEventLog:Security,XmlWinEventLog,9
raw/2920__NZAK-WS-0001__ms_defender_eventhub.log,NZAK-WS-0001,ms:defender:eventhub,ms:defender:eventhub,1
raw/2921__NZAK-WS-0002__XmlWinEventLog.log,NZAK-WS-0002,XmlWinEventLog:Microsoft-Windows-Sysmon/Operational,XmlWinEventLog,4
raw/2922__NZAK-WS-0002__XmlWinEventLog.log,NZAK-WS-0002,XmlWinEventLog:Security,XmlWinEventLog,8
raw/2923__NZAK-WS-0002__ms_defender_eventhub.log,NZAK-WS-0002,ms:defender:eventhub,ms:defender:eventhub,2
raw/2924__NZAK-WS-0002__sccm_client.log,NZAK-WS-0002,sccm:client,sccm:client,1
raw/2925__NZAK-WS-0002__trellix_epo.log,NZAK-WS-0002,trellix:epo,trellix:epo,1
raw/2926__NZAK-WS-0002__wsus_client.log,NZAK-WS-0002,wsus:client,wsus:client,1
raw/2927__NZAK-WS-0003__XmlWinEventLog.log,NZAK-WS-0003,XmlWinEventLog:Microsoft-Windows-Sysmon/Operational,XmlWinEventLog,7
raw/2928__NZAK-WS-0003__XmlWinEventLog.log,NZAK-WS-0003,XmlWinEventLog:Security,XmlWinEventLog,8
raw/2929__NZAK-WS-0003__ms_defender_eventhub.log,NZAK-WS-0003,ms:defender:eventhub,ms:defender:eventhub,1
raw/2930__NZAK-WS-0004__XmlWinEventLog.log,NZAK-WS-0004,XmlWinEventLog:Microsoft-Windows-Sysmon/Operational,XmlWinEventLog,2
raw/2931__NZAK-WS-0004__XmlWinEventLog.log,NZAK-WS-0004,XmlWinEventLog:Security,XmlWinEventLog,8
raw/2932__NZAK-WS-0004__sccm_client.log,NZAK-WS-0004,sccm:client,sccm:client,1
raw/2933__NZAK-WS-0005__XmlWinEventLog.log,NZAK-WS-0005,XmlWinEventLog:Microsoft-Windows-Sysmon/Operational,XmlWinEventLog,8
raw/2934__NZAK-WS-0005__XmlWinEventLog.log,NZAK-WS-0005,XmlWinEventLog:Security,XmlWinEventLog,7
raw/2935__NZAK-WS-0006__XmlWinEventLog.log,NZAK-WS-0006,XmlWinEventLog:Microsoft-Windows-Sysmon/Operational,XmlWinEventLog,11
raw/2936__NZAK-WS-0006__XmlWinEventLog.log,NZAK-WS-0006,XmlWinEventLog:Security,XmlWinEventLog,9
raw/2937__NZAK-WS-0006__ms_defender_eventhub.log,NZAK-WS-0006,ms:defender:eventhub,ms:defender:eventhub,2
raw/2938__NZAK-WS-0006__sccm_client.log,NZAK-WS-0006,sccm:client,sccm:client,1
raw/2939__NZAK-WS-0007__XmlWinEventLog.log,NZAK-WS-0007,XmlWinEventLog:Microsoft-Windows-Sysmon/Operational,XmlWinEventLog,6
raw/2940__NZAK-WS-0007__XmlWinEventLog.log,NZAK-WS-0007,XmlWinEventLog:Security,XmlWinEventLog,6
raw/2941__NZAK-WS-0007__ms_defender_eventhub.log,NZAK-WS-0007,ms:defender:eventhub,ms:defender:eventhub,2
raw/2942__NZAK-WS-0007__wsus_client.log,NZAK-WS-0007,wsus:client,wsus:client,2
raw/2943__NZAK-WS-0008__XmlWinEventLog.log,NZAK-WS-0008,XmlWinEventLog:Microsoft-Windows-Sysmon/Operational,XmlWinEventLog,9
raw/2944__NZAK-WS-0008__XmlWinEventLog.log,NZAK-WS-0008,XmlWinEventLog:Security,XmlWinEventLog,11
raw/2945__NZAK-WS-0008__ms_defender_eventhub.log,NZAK-WS-0008,ms:defender:eventhub,ms:defender:eventhub,1
raw/2946__NZAK-WS-0009__XmlWinEventLog.log,NZAK-WS-0009,XmlWinEventLog:Microsoft-Windows-Sysmon/Operational,XmlWinEventLog,11
raw/2947__NZAK-WS-0009__XmlWinEventLog.log,NZAK-WS-0009,XmlWinEventLog:Security,XmlWinEventLog,8
raw/2948__NZAK-WS-0009__ms_defender_eventhub.log,NZAK-WS-0009,ms:defender:eventhub,ms:defender:eventhub,1
raw/2949__NZAK-WS-0010__XmlWinEventLog.log,NZAK-WS-0010,XmlWinEventLog:Microsoft-Windows-Sysmon/Operational,XmlWinEventLog,13
raw/2950__NZAK-WS-0010__XmlWinEventLog.log,NZAK-WS-0010,XmlWinEventLog:Security,XmlWinEventLog,8
raw/2951__NZAK-WS-0011__XmlWinEventLog.log,NZAK-WS-0011,XmlWinEventLog:Microsoft-Windows-Sysmon/Operational,XmlWinEventLog,7
raw/2952__NZAK-WS-0011__XmlWinEventLog.log,NZAK-WS-0011,XmlWinEventLog:Security,XmlWinEventLog,5
raw/2953__NZAK-WS-0011__ms_defender_eventhub.log,NZAK-WS-0011,ms:defender:eventhub,ms:defender:eventhub,1
raw/2954__NZAK-WS-0012__XmlWinEventLog.log,NZAK-WS-0012,XmlWinEventLog:Microsoft-Windows-Sysmon/Operational,XmlWinEventLog,6
raw/2955__NZAK-WS-0012__XmlWinEventLog.log,NZAK-WS-0012,XmlWinEventLog:Security,XmlWinEventLog,12
raw/2956__NZAK-WS-0013__XmlWinEventLog.log,NZAK-WS-0013,XmlWinEventLog:Microsoft-Windows-Sysmon/Operational,XmlWinEventLog,10
raw/2957__NZAK-WS-0013__XmlWinEventLog.log,NZAK-WS-0013,XmlWinEventLog:Security,XmlWinEventLog,9
raw/2958__NZAK-WS-0013__ms_defender_eventhub.log,NZAK-WS-0013,ms:defender:eventhub,ms:defender:eventhub,1
raw/2959__NZAK-WS-0014__XmlWinEventLog.log,NZAK-WS-0014,XmlWinEventLog:Microsoft-Windows-Sysmon/Operational,XmlWinEventLog,8
raw/2960__NZAK-WS-0014__XmlWinEventLog.log,NZAK-WS-0014,XmlWinEventLog:Security,XmlWinEventLog,7
raw/2961__NZAK-WS-0015__XmlWinEventLog.log,NZAK-WS-0015,XmlWinEventLog:Microsoft-Windows-Sysmon/Operational,XmlWinEventLog,7
raw/2962__NZAK-WS-0015__XmlWinEventLog.log,NZAK-WS-0015,XmlWinEventLog:Security,XmlWinEventLog,7
raw/2963__NZAK-WS-0015__ms_defender_eventhub.log,NZAK-WS-0015,ms:defender:eventhub,ms:defender:eventhub,1
raw/2964__NZAK-WS-0016__XmlWinEventLog.log,NZAK-WS-0016,XmlWinEventLog:Microsoft-Windows-Sysmon/Operational,XmlWinEventLog,8
raw/2965__NZAK-WS-0016__XmlWinEventLog.log,NZAK-WS-0016,XmlWinEventLog:Security,XmlWinEventLog,6
raw/2966__NZAK-WS-0016__sccm_client.log,NZAK-WS-0016,sccm:client,sccm:client,1
raw/2967__NZAK-WS-0016__trellix_epo.log,NZAK-WS-0016,trellix:epo,trellix:epo,1
raw/2968__NZAK-WS-0017__XmlWinEventLog.log,NZAK-WS-0017,XmlWinEventLog:Microsoft-Windows-Sysmon/Operational,XmlWinEventLog,10
raw/2969__NZAK-WS-0017__XmlWinEventLog.log,NZAK-WS-0017,XmlWinEventLog:Security,XmlWinEventLog,7
raw/2970__NZAK-WS-0018__XmlWinEventLog.log,NZAK-WS-0018,XmlWinEventLog:Microsoft-Windows-Sysmon/Operational,XmlWinEventLog,11
raw/2971__NZAK-WS-0018__XmlWinEventLog.log,NZAK-WS-0018,XmlWinEventLog:Security,XmlWinEventLog,3
raw/2972__NZAK-WS-0018__trellix_epo.log,NZAK-WS-0018,trellix:epo,trellix:epo,1
raw/2973__NZAK-WS-0019__XmlWinEventLog.log,NZAK-WS-0019,XmlWinEventLog:Microsoft-Windows-Sysmon/Operational,XmlWinEventLog,4
raw/2974__NZAK-WS-0019__XmlWinEventLog.log,NZAK-WS-0019,XmlWinEventLog:Security,XmlWinEventLog,11
raw/2975__NZAK-WS-0019__ms_defender_eventhub.log,NZAK-WS-0019,ms:defender:eventhub,ms:defender:eventhub,2
raw/2976__NZAK-WS-0020__XmlWinEventLog.log,NZAK-WS-0020,XmlWinEventLog:Microsoft-Windows-Sysmon/Operational,XmlWinEventLog,6
raw/2977__NZAK-WS-0020__XmlWinEventLog.log,NZAK-WS-0020,XmlWinEventLog:Security,XmlWinEventLog,11
raw/2978__NZAK-WS-0020__ms_defender_eventhub.log,NZAK-WS-0020,ms:defender:eventhub,ms:defender:eventhub,1
raw/2979__NZAK-WS-0020__sccm_client.log,NZAK-WS-0020,sccm:client,sccm:client,1
raw/2980__NZAK-WS-0020__trellix_epo.log,NZAK-WS-0020,trellix:epo,trellix:epo,1
raw/2981__NZAK-WS-0021__XmlWinEventLog.log,NZAK-WS-0021,XmlWinEventLog:Microsoft-Windows-Sysmon/Operational,XmlWinEventLog,6
raw/2982__NZAK-WS-0021__XmlWinEventLog.log,NZAK-WS-0021,XmlWinEventLog:Security,XmlWinEventLog,10
raw/2983__NZAK-WS-0021__trellix_epo.log,NZAK-WS-0021,trellix:epo,trellix:epo,1
raw/2984__NZAK-WS-0022__XmlWinEventLog.log,NZAK-WS-0022,XmlWinEventLog:Microsoft-Windows-Sysmon/Operational,XmlWinEventLog,13
raw/2985__NZAK-WS-0022__XmlWinEventLog.log,NZAK-WS-0022,XmlWinEventLog:Security,XmlWinEventLog,4
raw/2986__NZAK-WS-0022__ms_defender_eventhub.log,NZAK-WS-0022,ms:defender:eventhub,ms:defender:eventhub,4
raw/2987__NZAK-WS-0023__XmlWinEventLog.log,NZAK-WS-0023,XmlWinEventLog:Microsoft-Windows-Sysmon/Operational,XmlWinEventLog,6
raw/2988__NZAK-WS-0023__XmlWinEventLog.log,NZAK-WS-0023,XmlWinEventLog:Security,XmlWinEventLog,6
raw/2989__NZAK-WS-0023__ms_defender_eventhub.log,NZAK-WS-0023,ms:defender:eventhub,ms:defender:eventhub,1
raw/2990__NZAK-WS-0024__XmlWinEventLog.log,NZAK-WS-0024,XmlWinEventLog:Microsoft-Windows-Sysmon/Operational,XmlWinEventLog,9
raw/2991__NZAK-WS-0024__XmlWinEventLog.log,NZAK-WS-0024,XmlWinEventLog:Security,XmlWinEventLog,7
raw/2992__NZAK-WS-0025__XmlWinEventLog.log,NZAK-WS-0025,XmlWinEventLog:Microsoft-Windows-Sysmon/Operational,XmlWinEventLog,3
raw/2993__NZAK-WS-0025__XmlWinEventLog.log,NZAK-WS-0025,XmlWinEventLog:Security,XmlWinEventLog,1
raw/2994__NZAK-WS-0025__sccm_client.log,NZAK-WS-0025,sccm:client,sccm:client,1
raw/2995__NZAK-WS-0025__trellix_epo.log,NZAK-WS-0025,trellix:epo,trellix:epo,1
raw/2996__NZAK-WS-0026__XmlWinEventLog.log,NZAK-WS-0026,XmlWinEventLog:Microsoft-Windows-Sysmon/Operational,XmlWinEventLog,6
raw/2997__NZAK-WS-0026__XmlWinEventLog.log,NZAK-WS-0026,XmlWinEventLog:Security,XmlWinEventLog,3
raw/2998__NZAK-WS-0026__ms_defender_eventhub.log,NZAK-WS-0026,ms:defender:eventhub,ms:defender:eventhub,1
raw/2999__NZAK-WS-0026__sccm_client.log,NZAK-WS-0026,sccm:client,sccm:client,1
raw/3000__NZAK-WS-0027__XmlWinEventLog.log,NZAK-WS-0027,XmlWinEventLog:Microsoft-Windows-Sysmon/Operational,XmlWinEventLog,3
raw/3001__NZAK-WS-0027__XmlWinEventLog.log,NZAK-WS-0027,XmlWinEventLog:Security,XmlWinEventLog,5
raw/3002__NZAK-WS-0028__XmlWinEventLog.log,NZAK-WS-0028,XmlWinEventLog:Microsoft-Windows-Sysmon/Operational,XmlWinEventLog,4
raw/3003__NZAK-WS-0028__XmlWinEventLog.log,NZAK-WS-0028,XmlWinEventLog:Security,XmlWinEventLog,3
raw/3004__NZAK-WS-0028__sccm_client.log,NZAK-WS-0028,sccm:client,sccm:client,1
raw/3005__NZAK-WS-0028__wsus_client.log,NZAK-WS-0028,wsus:client,wsus:client,1
raw/3006__NZAK-WS-0029__XmlWinEventLog.log,NZAK-WS-0029,XmlWinEventLog:Security,XmlWinEventLog,5
raw/3007__NZAK-WS-0030__XmlWinEventLog.log,NZAK-WS-0030,XmlWinEventLog:Microsoft-Windows-Sysmon/Operational,XmlWinEventLog,8
raw/3008__NZAK-WS-0030__XmlWinEventLog.log,NZAK-WS-0030,XmlWinEventLog:Security,XmlWinEventLog,5
raw/3009__NZAK-WS-0030__ms_defender_eventhub.log,NZAK-WS-0030,ms:defender:eventhub,ms:defender:eventhub,3
raw/3010__NZAK-WS-0031__XmlWinEventLog.log,NZAK-WS-0031,XmlWinEventLog:Microsoft-Windows-Sysmon/Operational,XmlWinEventLog,7
raw/3011__NZAK-WS-0031__XmlWinEventLog.log,NZAK-WS-0031,XmlWinEventLog:Security,XmlWinEventLog,5
raw/3012__NZAK-WS-0031__ms_defender_eventhub.log,NZAK-WS-0031,ms:defender:eventhub,ms:defender:eventhub,2
raw/3013__NZAK-WS-0031__sccm_client.log,NZAK-WS-0031,sccm:client,sccm:client,1
raw/3014__NZAK-WS-0031__trellix_epo.log,NZAK-WS-0031,trellix:epo,trellix:epo,2
raw/3015__NZAK-WS-0032__XmlWinEventLog.log,NZAK-WS-0032,XmlWinEventLog:Microsoft-Windows-Sysmon/Operational,XmlWinEventLog,8
raw/3016__NZAK-WS-0032__XmlWinEventLog.log,NZAK-WS-0032,XmlWinEventLog:Security,XmlWinEventLog,9
raw/3017__NZAK-WS-0032__ms_defender_eventhub.log,NZAK-WS-0032,ms:defender:eventhub,ms:defender:eventhub,1
raw/3018__NZAK-WS-0033__XmlWinEventLog.log,NZAK-WS-0033,XmlWinEventLog:Microsoft-Windows-Sysmon/Operational,XmlWinEventLog,3
raw/3019__NZAK-WS-0033__XmlWinEventLog.log,NZAK-WS-0033,XmlWinEventLog:Security,XmlWinEventLog,1
raw/3020__NZAK-WS-0033__ms_defender_eventhub.log,NZAK-WS-0033,ms:defender:eventhub,ms:defender:eventhub,3
raw/3021__NZAK-WS-0033__trellix_epo.log,NZAK-WS-0033,trellix:epo,trellix:epo,1
raw/3022__NZAK-WS-0034__XmlWinEventLog.log,NZAK-WS-0034,XmlWinEventLog:Microsoft-Windows-Sysmon/Operational,XmlWinEventLog,11
raw/3023__NZAK-WS-0034__XmlWinEventLog.log,NZAK-WS-0034,XmlWinEventLog:Security,XmlWinEventLog,2
raw/3024__NZAK-WS-0034__ms_defender_eventhub.log,NZAK-WS-0034,ms:defender:eventhub,ms:defender:eventhub,1
raw/3025__NZAK-WS-0035__XmlWinEventLog.log,NZAK-WS-0035,XmlWinEventLog:Microsoft-Windows-Sysmon/Operational,XmlWinEventLog,5
raw/3026__NZAK-WS-0035__XmlWinEventLog.log,NZAK-WS-0035,XmlWinEventLog:Security,XmlWinEventLog,7
raw/3027__NZAK-WS-0035__ms_defender_eventhub.log,NZAK-WS-0035,ms:defender:eventhub,ms:defender:eventhub,1
raw/3028__NZAK-WS-0036__XmlWinEventLog.log,NZAK-WS-0036,XmlWinEventLog:Microsoft-Windows-Sysmon/Operational,XmlWinEventLog,3
raw/3029__NZAK-WS-0036__XmlWinEventLog.log,NZAK-WS-0036,XmlWinEventLog:Security,XmlWinEventLog,4
raw/3030__NZAK-WS-0036__sccm_client.log,NZAK-WS-0036,sccm:client,sccm:client,1
raw/3031__NZAK-WS-0036__trellix_epo.log,NZAK-WS-0036,trellix:epo,trellix:epo,2
raw/3032__NZAK-WS-0037__XmlWinEventLog.log,NZAK-WS-0037,XmlWinEventLog:Microsoft-Windows-Sysmon/Operational,XmlWinEventLog,8
raw/3033__NZAK-WS-0037__XmlWinEventLog.log,NZAK-WS-0037,XmlWinEventLog:Security,XmlWinEventLog,7
raw/3034__NZAK-WS-0038__XmlWinEventLog.log,NZAK-WS-0038,XmlWinEventLog:Microsoft-Windows-Sysmon/Operational,XmlWinEventLog,2
raw/3035__NZAK-WS-0038__XmlWinEventLog.log,NZAK-WS-0038,XmlWinEventLog:Security,XmlWinEventLog,3
raw/3036__NZAK-WS-0038__sccm_client.log,NZAK-WS-0038,sccm:client,sccm:client,1
raw/3037__NZAK-WS-0038__trellix_epo.log,NZAK-WS-0038,trellix:epo,trellix:epo,1
raw/3038__NZAK-WS-0039__XmlWinEventLog.log,NZAK-WS-0039,XmlWinEventLog:Microsoft-Windows-Sysmon/Operational,XmlWinEventLog,8
raw/3039__NZAK-WS-0039__XmlWinEventLog.log,NZAK-WS-0039,XmlWinEventLog:Security,XmlWinEventLog,5
raw/3040__NZAK-WS-0039__ms_defender_eventhub.log,NZAK-WS-0039,ms:defender:eventhub,ms:defender:eventhub,1
raw/3041__NZAK-WS-0040__XmlWinEventLog.log,NZAK-WS-0040,XmlWinEventLog:Microsoft-Windows-Sysmon/Operational,XmlWinEventLog,4
raw/3042__NZAK-WS-0040__XmlWinEventLog.log,NZAK-WS-0040,XmlWinEventLog:Security,XmlWinEventLog,5
raw/3043__NZAK-WS-0041__XmlWinEventLog.log,NZAK-WS-0041,XmlWinEventLog:Microsoft-Windows-Sysmon/Operational,XmlWinEventLog,1
raw/3044__NZAK-WS-0041__XmlWinEventLog.log,NZAK-WS-0041,XmlWinEventLog:Security,XmlWinEventLog,3
raw/3045__NZAK-WS-0041__sccm_client.log,NZAK-WS-0041,sccm:client,sccm:client,1
raw/3046__NZAK-WS-0042__XmlWinEventLog.log,NZAK-WS-0042,XmlWinEventLog:Microsoft-Windows-Sysmon/Operational,XmlWinEventLog,4
raw/3047__NZAK-WS-0042__XmlWinEventLog.log,NZAK-WS-0042,XmlWinEventLog:Security,XmlWinEventLog,5
raw/3048__NZAK-WS-0042__trellix_epo.log,NZAK-WS-0042,trellix:epo,trellix:epo,1
raw/3049__NZAK-WS-0043__XmlWinEventLog.log,NZAK-WS-0043,XmlWinEventLog:Microsoft-Windows-Sysmon/Operational,XmlWinEventLog,6
raw/3050__NZAK-WS-0043__XmlWinEventLog.log,NZAK-WS-0043,XmlWinEventLog:Security,XmlWinEventLog,4
raw/3051__NZAK-WS-0043__ms_defender_eventhub.log,NZAK-WS-0043,ms:defender:eventhub,ms:defender:eventhub,2
raw/3052__NZAK-WS-0044__XmlWinEventLog.log,NZAK-WS-0044,XmlWinEventLog:Microsoft-Windows-Sysmon/Operational,XmlWinEventLog,9
raw/3053__NZAK-WS-0044__XmlWinEventLog.log,NZAK-WS-0044,XmlWinEventLog:Security,XmlWinEventLog,5
raw/3054__NZAK-WS-0044__ms_defender_eventhub.log,NZAK-WS-0044,ms:defender:eventhub,ms:defender:eventhub,3
raw/3055__NZAK-WS-0045__XmlWinEventLog.log,NZAK-WS-0045,XmlWinEventLog:Microsoft-Windows-Sysmon/Operational,XmlWinEventLog,8
raw/3056__NZAK-WS-0045__XmlWinEventLog.log,NZAK-WS-0045,XmlWinEventLog:Security,XmlWinEventLog,2
raw/3057__NZAK-WS-0045__ms_defender_eventhub.log,NZAK-WS-0045,ms:defender:eventhub,ms:defender:eventhub,1
raw/3058__NZAK-WS-0046__XmlWinEventLog.log,NZAK-WS-0046,XmlWinEventLog:Microsoft-Windows-Sysmon/Operational,XmlWinEventLog,2
raw/3059__NZAK-WS-0046__XmlWinEventLog.log,NZAK-WS-0046,XmlWinEventLog:Security,XmlWinEventLog,6
raw/3060__NZAK-WS-0046__ms_defender_eventhub.log,NZAK-WS-0046,ms:defender:eventhub,ms:defender:eventhub,2
raw/3061__NZAK-WS-0046__sccm_client.log,NZAK-WS-0046,sccm:client,sccm:client,1
raw/3062__NZAK-WS-0047__XmlWinEventLog.log,NZAK-WS-0047,XmlWinEventLog:Microsoft-Windows-Sysmon/Operational,XmlWinEventLog,2
raw/3063__NZAK-WS-0047__XmlWinEventLog.log,NZAK-WS-0047,XmlWinEventLog:Security,XmlWinEventLog,3
raw/3064__NZAK-WS-0048__XmlWinEventLog.log,NZAK-WS-0048,XmlWinEventLog:Microsoft-Windows-Sysmon/Operational,XmlWinEventLog,6
raw/3065__NZAK-WS-0048__XmlWinEventLog.log,NZAK-WS-0048,XmlWinEventLog:Security,XmlWinEventLog,3
raw/3066__NZAK-WS-0048__ms_defender_eventhub.log,NZAK-WS-0048,ms:defender:eventhub,ms:defender:eventhub,1
raw/3067__NZAK-WS-0049__XmlWinEventLog.log,NZAK-WS-0049,XmlWinEventLog:Microsoft-Windows-Sysmon/Operational,XmlWinEventLog,7
raw/3068__NZAK-WS-0049__XmlWinEventLog.log,NZAK-WS-0049,XmlWinEventLog:Security,XmlWinEventLog,7
raw/3069__NZAK-WS-0050__XmlWinEventLog.log,NZAK-WS-0050,XmlWinEventLog:Microsoft-Windows-Sysmon/Operational,XmlWinEventLog,4
raw/3070__NZAK-WS-0050__XmlWinEventLog.log,NZAK-WS-0050,XmlWinEventLog:Security,XmlWinEventLog,3
raw/3071__NZAK-WS-0050__ms_defender_eventhub.log,NZAK-WS-0050,ms:defender:eventhub,ms:defender:eventhub,1
raw/3072__NZAK-WS-0051__XmlWinEventLog.log,NZAK-WS-0051,XmlWinEventLog:Microsoft-Windows-Sysmon/Operational,XmlWinEventLog,6
raw/3073__NZAK-WS-0051__XmlWinEventLog.log,NZAK-WS-0051,XmlWinEventLog:Security,XmlWinEventLog,8
raw/3074__NZAK-WS-0051__trellix_epo.log,NZAK-WS-0051,trellix:epo,trellix:epo,1
raw/3075__NZAK-WS-0052__XmlWinEventLog.log,NZAK-WS-0052,XmlWinEventLog:Microsoft-Windows-Sysmon/Operational,XmlWinEventLog,2
raw/3076__NZAK-WS-0052__XmlWinEventLog.log,NZAK-WS-0052,XmlWinEventLog:Security,XmlWinEventLog,6
raw/3077__NZAK-WS-0052__trellix_epo.log,NZAK-WS-0052,trellix:epo,trellix:epo,1
raw/3078__NZAK-WS-0052__wsus_client.log,NZAK-WS-0052,wsus:client,wsus:client,1
raw/3079__NZAK-WS-0053__XmlWinEventLog.log,NZAK-WS-0053,XmlWinEventLog:Microsoft-Windows-Sysmon/Operational,XmlWinEventLog,2
raw/3080__NZAK-WS-0053__XmlWinEventLog.log,NZAK-WS-0053,XmlWinEventLog:Security,XmlWinEventLog,9
raw/3081__NZAK-WS-0053__ms_defender_eventhub.log,NZAK-WS-0053,ms:defender:eventhub,ms:defender:eventhub,3
raw/3082__NZAK-WS-0053__sccm_client.log,NZAK-WS-0053,sccm:client,sccm:client,1
raw/3083__NZAK-WS-0054__XmlWinEventLog.log,NZAK-WS-0054,XmlWinEventLog:Microsoft-Windows-Sysmon/Operational,XmlWinEventLog,2
raw/3084__NZAK-WS-0054__XmlWinEventLog.log,NZAK-WS-0054,XmlWinEventLog:Security,XmlWinEventLog,5
raw/3085__NZAK-WS-0055__XmlWinEventLog.log,NZAK-WS-0055,XmlWinEventLog:Microsoft-Windows-Sysmon/Operational,XmlWinEventLog,5
raw/3086__NZAK-WS-0055__XmlWinEventLog.log,NZAK-WS-0055,XmlWinEventLog:Security,XmlWinEventLog,3
raw/3087__NZAK-WS-0055__trellix_epo.log,NZAK-WS-0055,trellix:epo,trellix:epo,1
raw/3088__NZAK-WS-0056__XmlWinEventLog.log,NZAK-WS-0056,XmlWinEventLog:Microsoft-Windows-Sysmon/Operational,XmlWinEventLog,12
raw/3089__NZAK-WS-0056__XmlWinEventLog.log,NZAK-WS-0056,XmlWinEventLog:Security,XmlWinEventLog,3
raw/3090__NZAK-WS-0056__trellix_epo.log,NZAK-WS-0056,trellix:epo,trellix:epo,2
raw/3091__NZAK-WS-0057__XmlWinEventLog.log,NZAK-WS-0057,XmlWinEventLog:Microsoft-Windows-Sysmon/Operational,XmlWinEventLog,9
raw/3092__NZAK-WS-0057__XmlWinEventLog.log,NZAK-WS-0057,XmlWinEventLog:Security,XmlWinEventLog,4
raw/3093__NZAK-WS-0057__trellix_epo.log,NZAK-WS-0057,trellix:epo,trellix:epo,1
raw/3094__NZAK-WS-0058__XmlWinEventLog.log,NZAK-WS-0058,XmlWinEventLog:Microsoft-Windows-Sysmon/Operational,XmlWinEventLog,4
raw/3095__NZAK-WS-0058__XmlWinEventLog.log,NZAK-WS-0058,XmlWinEventLog:Security,XmlWinEventLog,2
raw/3096__NZAK-WS-0058__ms_defender_eventhub.log,NZAK-WS-0058,ms:defender:eventhub,ms:defender:eventhub,1
raw/3097__NZAK-WS-0059__XmlWinEventLog.log,NZAK-WS-0059,XmlWinEventLog:Microsoft-Windows-Sysmon/Operational,XmlWinEventLog,6
raw/3098__NZAK-WS-0059__XmlWinEventLog.log,NZAK-WS-0059,XmlWinEventLog:Security,XmlWinEventLog,1
raw/3099__NZAK-WS-0059__ms_defender_eventhub.log,NZAK-WS-0059,ms:defender:eventhub,ms:defender:eventhub,1
raw/3100__NZAK-WS-0059__sccm_client.log,NZAK-WS-0059,sccm:client,sccm:client,1
raw/3101__NZAK-WS-0060__XmlWinEventLog.log,NZAK-WS-0060,XmlWinEventLog:Microsoft-Windows-Sysmon/Operational,XmlWinEventLog,8
raw/3102__NZAK-WS-0060__XmlWinEventLog.log,NZAK-WS-0060,XmlWinEventLog:Security,XmlWinEventLog,5
raw/3103__NZAK-WS-0060__ms_defender_eventhub.log,NZAK-WS-0060,ms:defender:eventhub,ms:defender:eventhub,1
raw/3104__NZAK-WS-0060__sccm_client.log,NZAK-WS-0060,sccm:client,sccm:client,1
raw/3105__NZAK-WS-0061__XmlWinEventLog.log,NZAK-WS-0061,XmlWinEventLog:Microsoft-Windows-Sysmon/Operational,XmlWinEventLog,8
raw/3106__NZAK-WS-0061__XmlWinEventLog.log,NZAK-WS-0061,XmlWinEventLog:Security,XmlWinEventLog,7
raw/3107__NZAK-WS-0061__ms_defender_eventhub.log,NZAK-WS-0061,ms:defender:eventhub,ms:defender:eventhub,1
raw/3108__NZAK-WS-0062__XmlWinEventLog.log,NZAK-WS-0062,XmlWinEventLog:Microsoft-Windows-Sysmon/Operational,XmlWinEventLog,7
raw/3109__NZAK-WS-0062__XmlWinEventLog.log,NZAK-WS-0062,XmlWinEventLog:Security,XmlWinEventLog,2
raw/3110__NZAK-WS-0062__ms_defender_eventhub.log,NZAK-WS-0062,ms:defender:eventhub,ms:defender:eventhub,1
raw/3111__NZAK-WS-0063__XmlWinEventLog.log,NZAK-WS-0063,XmlWinEventLog:Microsoft-Windows-Sysmon/Operational,XmlWinEventLog,4
raw/3112__NZAK-WS-0063__XmlWinEventLog.log,NZAK-WS-0063,XmlWinEventLog:Security,XmlWinEventLog,4
raw/3113__NZAK-WS-0064__XmlWinEventLog.log,NZAK-WS-0064,XmlWinEventLog:Microsoft-Windows-Sysmon/Operational,XmlWinEventLog,2
raw/3114__NZAK-WS-0064__XmlWinEventLog.log,NZAK-WS-0064,XmlWinEventLog:Security,XmlWinEventLog,5
raw/3115__NZAK-WS-0064__ms_defender_eventhub.log,NZAK-WS-0064,ms:defender:eventhub,ms:defender:eventhub,2
raw/3116__NZAK-WS-0064__sccm_client.log,NZAK-WS-0064,sccm:client,sccm:client,1
raw/3117__NZAK-ZEEK-01__bro_conn_json.log,NZAK-ZEEK-01,zeek:conn,bro:conn:json,892
raw/3118__NZAK-ZEEK-01__bro_dce_rpc_json.log,NZAK-ZEEK-01,zeek:dce_rpc,bro:dce_rpc:json,73
raw/3119__NZAK-ZEEK-01__bro_dns_json.log,NZAK-ZEEK-01,zeek:dns,bro:dns:json,332
raw/3120__NZAK-ZEEK-01__bro_http_json.log,NZAK-ZEEK-01,zeek:http,bro:http:json,185
raw/3121__NZAK-ZEEK-01__bro_smb_files_json.log,NZAK-ZEEK-01,zeek:smb_files,bro:smb_files:json,79
raw/3122__NZAK-ZEEK-01__bro_ssl_json.log,NZAK-ZEEK-01,zeek:ssl,bro:ssl:json,335
raw/3123__PLWA-APP-01__XmlWinEventLog.log,PLWA-APP-01,XmlWinEventLog:Microsoft-Windows-Sysmon/Operational,XmlWinEventLog,6
raw/3124__PLWA-APP-01__XmlWinEventLog.log,PLWA-APP-01,XmlWinEventLog:Security,XmlWinEventLog,2
raw/3125__PLWA-APP-01__sccm_client.log,PLWA-APP-01,sccm:client,sccm:client,1
raw/3126__PLWA-APP-01__trellix_epo.log,PLWA-APP-01,trellix:epo,trellix:epo,1
raw/3127__PLWA-APP-02__XmlWinEventLog.log,PLWA-APP-02,XmlWinEventLog:Microsoft-Windows-Sysmon/Operational,XmlWinEventLog,8
raw/3128__PLWA-APP-02__XmlWinEventLog.log,PLWA-APP-02,XmlWinEventLog:Security,XmlWinEventLog,6
raw/3129__PLWA-APP-02__ms_defender_eventhub.log,PLWA-APP-02,ms:defender:eventhub,ms:defender:eventhub,2
raw/3130__PLWA-APP-02__sccm_client.log,PLWA-APP-02,sccm:client,sccm:client,1
raw/3131__PLWA-APP-03__XmlWinEventLog.log,PLWA-APP-03,XmlWinEventLog:Microsoft-Windows-Sysmon/Operational,XmlWinEventLog,4
raw/3132__PLWA-APP-03__XmlWinEventLog.log,PLWA-APP-03,XmlWinEventLog:Security,XmlWinEventLog,8
raw/3133__PLWA-APP-04__XmlWinEventLog.log,PLWA-APP-04,XmlWinEventLog:Microsoft-Windows-Sysmon/Operational,XmlWinEventLog,7
raw/3134__PLWA-APP-04__XmlWinEventLog.log,PLWA-APP-04,XmlWinEventLog:Security,XmlWinEventLog,5
raw/3135__PLWA-APP-04__ms_defender_eventhub.log,PLWA-APP-04,ms:defender:eventhub,ms:defender:eventhub,2
raw/3136__PLWA-APP-05__XmlWinEventLog.log,PLWA-APP-05,XmlWinEventLog:Microsoft-Windows-Sysmon/Operational,XmlWinEventLog,4
raw/3137__PLWA-APP-05__XmlWinEventLog.log,PLWA-APP-05,XmlWinEventLog:Security,XmlWinEventLog,3
raw/3138__PLWA-APP-05__ms_defender_eventhub.log,PLWA-APP-05,ms:defender:eventhub,ms:defender:eventhub,1
raw/3139__PLWA-APP-06__XmlWinEventLog.log,PLWA-APP-06,XmlWinEventLog:Microsoft-Windows-Sysmon/Operational,XmlWinEventLog,4
raw/3140__PLWA-APP-06__XmlWinEventLog.log,PLWA-APP-06,XmlWinEventLog:Security,XmlWinEventLog,4
raw/3141__PLWA-APP-06__ms_defender_eventhub.log,PLWA-APP-06,ms:defender:eventhub,ms:defender:eventhub,2
raw/3142__PLWA-APP-06__trellix_epo.log,PLWA-APP-06,trellix:epo,trellix:epo,1
raw/3143__PLWA-APP-07__XmlWinEventLog.log,PLWA-APP-07,XmlWinEventLog:Microsoft-Windows-Sysmon/Operational,XmlWinEventLog,7
raw/3144__PLWA-APP-07__XmlWinEventLog.log,PLWA-APP-07,XmlWinEventLog:Security,XmlWinEventLog,2
raw/3145__PLWA-APP-07__ms_defender_eventhub.log,PLWA-APP-07,ms:defender:eventhub,ms:defender:eventhub,1
raw/3146__PLWA-APP-08__XmlWinEventLog.log,PLWA-APP-08,XmlWinEventLog:Microsoft-Windows-Sysmon/Operational,XmlWinEventLog,4
raw/3147__PLWA-APP-08__XmlWinEventLog.log,PLWA-APP-08,XmlWinEventLog:Security,XmlWinEventLog,3
raw/3148__PLWA-DC-01__XmlWinEventLog.log,PLWA-DC-01,XmlWinEventLog:Security,XmlWinEventLog,116
raw/3149__PLWA-FS-01__XmlWinEventLog.log,PLWA-FS-01,XmlWinEventLog:Microsoft-Windows-Sysmon/Operational,XmlWinEventLog,9
raw/3150__PLWA-FS-01__XmlWinEventLog.log,PLWA-FS-01,XmlWinEventLog:Security,XmlWinEventLog,8
raw/3151__PLWA-FS-02__XmlWinEventLog.log,PLWA-FS-02,XmlWinEventLog:Microsoft-Windows-Sysmon/Operational,XmlWinEventLog,7
raw/3152__PLWA-FS-02__XmlWinEventLog.log,PLWA-FS-02,XmlWinEventLog:Security,XmlWinEventLog,5
raw/3153__PLWA-FS-02__ms_defender_eventhub.log,PLWA-FS-02,ms:defender:eventhub,ms:defender:eventhub,1
raw/3154__PLWA-FS-02__sccm_client.log,PLWA-FS-02,sccm:client,sccm:client,1
raw/3155__PLWA-FS-03__XmlWinEventLog.log,PLWA-FS-03,XmlWinEventLog:Microsoft-Windows-Sysmon/Operational,XmlWinEventLog,7
raw/3156__PLWA-FS-03__XmlWinEventLog.log,PLWA-FS-03,XmlWinEventLog:Security,XmlWinEventLog,6
raw/3157__PLWA-FS-03__ms_defender_eventhub.log,PLWA-FS-03,ms:defender:eventhub,ms:defender:eventhub,1
raw/3158__PLWA-FS-03__sccm_client.log,PLWA-FS-03,sccm:client,sccm:client,1
raw/3159__PLWA-FS-04__XmlWinEventLog.log,PLWA-FS-04,XmlWinEventLog:Microsoft-Windows-Sysmon/Operational,XmlWinEventLog,4
raw/3160__PLWA-FS-04__XmlWinEventLog.log,PLWA-FS-04,XmlWinEventLog:Security,XmlWinEventLog,3
raw/3161__PLWA-FS-04__ms_defender_eventhub.log,PLWA-FS-04,ms:defender:eventhub,ms:defender:eventhub,1
raw/3162__PLWA-FS-04__sccm_client.log,PLWA-FS-04,sccm:client,sccm:client,1
raw/3163__PLWA-FW-01__pan_traffic.log,PLWA-FW-01,pan:traffic,pan:traffic,86
raw/3164__PLWA-FW-02__fortigate_traffic.log,PLWA-FW-02,fortigate_traffic,fortigate_traffic,80
raw/3165__PLWA-FW-03__cisco_asa.log,PLWA-FW-03,cisco:asa,cisco:asa,98
raw/3166__PLWA-JUMP-01__XmlWinEventLog.log,PLWA-JUMP-01,XmlWinEventLog:Microsoft-Windows-Sysmon/Operational,XmlWinEventLog,6
raw/3167__PLWA-JUMP-01__XmlWinEventLog.log,PLWA-JUMP-01,XmlWinEventLog:Security,XmlWinEventLog,1
raw/3168__PLWA-JUMP-01__ms_defender_eventhub.log,PLWA-JUMP-01,ms:defender:eventhub,ms:defender:eventhub,2
raw/3169__PLWA-JUMP-02__XmlWinEventLog.log,PLWA-JUMP-02,XmlWinEventLog:Microsoft-Windows-Sysmon/Operational,XmlWinEventLog,7
raw/3170__PLWA-JUMP-02__XmlWinEventLog.log,PLWA-JUMP-02,XmlWinEventLog:Security,XmlWinEventLog,5
raw/3171__PLWA-JUMP-03__XmlWinEventLog.log,PLWA-JUMP-03,XmlWinEventLog:Microsoft-Windows-Sysmon/Operational,XmlWinEventLog,7
raw/3172__PLWA-JUMP-03__XmlWinEventLog.log,PLWA-JUMP-03,XmlWinEventLog:Security,XmlWinEventLog,9
raw/3173__PLWA-LNX-01__linux_audit.log,PLWA-LNX-01,/var/log/audit/audit.log,linux_audit,85
raw/3174__PLWA-LNX-01__linux_secure.log,PLWA-LNX-01,/var/log/secure,linux_secure,12
raw/3175__PLWA-LNX-01__syslog.log,PLWA-LNX-01,/var/log/syslog,syslog,25
raw/3176__PLWA-LNX-01__ms_defender_eventhub.log,PLWA-LNX-01,ms:defender:eventhub,ms:defender:eventhub,1
raw/3177__PLWA-LNX-01__trellix_epo.log,PLWA-LNX-01,trellix:epo,trellix:epo,1
raw/3178__PLWA-LNX-02__linux_audit.log,PLWA-LNX-02,/var/log/audit/audit.log,linux_audit,66
raw/3179__PLWA-LNX-02__linux_secure.log,PLWA-LNX-02,/var/log/secure,linux_secure,17
raw/3180__PLWA-LNX-02__syslog.log,PLWA-LNX-02,/var/log/syslog,syslog,28
raw/3181__PLWA-LNX-02__ms_defender_eventhub.log,PLWA-LNX-02,ms:defender:eventhub,ms:defender:eventhub,1
raw/3182__PLWA-LNX-03__linux_audit.log,PLWA-LNX-03,/var/log/audit/audit.log,linux_audit,40
raw/3183__PLWA-LNX-03__linux_secure.log,PLWA-LNX-03,/var/log/secure,linux_secure,9
raw/3184__PLWA-LNX-03__syslog.log,PLWA-LNX-03,/var/log/syslog,syslog,25
raw/3185__PLWA-LNX-04__linux_audit.log,PLWA-LNX-04,/var/log/audit/audit.log,linux_audit,70
raw/3186__PLWA-LNX-04__linux_secure.log,PLWA-LNX-04,/var/log/secure,linux_secure,17
raw/3187__PLWA-LNX-04__syslog.log,PLWA-LNX-04,/var/log/syslog,syslog,23
raw/3188__PLWA-LNX-04__ms_defender_eventhub.log,PLWA-LNX-04,ms:defender:eventhub,ms:defender:eventhub,1
raw/3189__PLWA-LNX-05__linux_audit.log,PLWA-LNX-05,/var/log/audit/audit.log,linux_audit,53
raw/3190__PLWA-LNX-05__linux_secure.log,PLWA-LNX-05,/var/log/secure,linux_secure,13
raw/3191__PLWA-LNX-05__syslog.log,PLWA-LNX-05,/var/log/syslog,syslog,23
raw/3192__PLWA-LNX-06__linux_audit.log,PLWA-LNX-06,/var/log/audit/audit.log,linux_audit,112
raw/3193__PLWA-LNX-06__linux_secure.log,PLWA-LNX-06,/var/log/secure,linux_secure,11
raw/3194__PLWA-LNX-06__syslog.log,PLWA-LNX-06,/var/log/syslog,syslog,22
raw/3195__PLWA-LNX-06__trellix_epo.log,PLWA-LNX-06,trellix:epo,trellix:epo,1
raw/3196__PLWA-LNX-07__linux_audit.log,PLWA-LNX-07,/var/log/audit/audit.log,linux_audit,76
raw/3197__PLWA-LNX-07__linux_secure.log,PLWA-LNX-07,/var/log/secure,linux_secure,9
raw/3198__PLWA-LNX-07__syslog.log,PLWA-LNX-07,/var/log/syslog,syslog,21
raw/3199__PLWA-LNX-08__linux_audit.log,PLWA-LNX-08,/var/log/audit/audit.log,linux_audit,110
raw/3200__PLWA-LNX-08__linux_secure.log,PLWA-LNX-08,/var/log/secure,linux_secure,14
raw/3201__PLWA-LNX-08__syslog.log,PLWA-LNX-08,/var/log/syslog,syslog,24
raw/3202__PLWA-PACS-01__pacs_access.log,PLWA-PACS-01,pacs:access,pacs:access,101
raw/3203__PLWA-PAW-01__XmlWinEventLog.log,PLWA-PAW-01,XmlWinEventLog:Microsoft-Windows-Sysmon/Operational,XmlWinEventLog,4
raw/3204__PLWA-PAW-01__XmlWinEventLog.log,PLWA-PAW-01,XmlWinEventLog:Security,XmlWinEventLog,5
raw/3205__PLWA-PAW-01__ms_defender_eventhub.log,PLWA-PAW-01,ms:defender:eventhub,ms:defender:eventhub,1
raw/3206__PLWA-PAW-01__wsus_client.log,PLWA-PAW-01,wsus:client,wsus:client,1
raw/3207__PLWA-PAW-02__XmlWinEventLog.log,PLWA-PAW-02,XmlWinEventLog:Microsoft-Windows-Sysmon/Operational,XmlWinEventLog,8
raw/3208__PLWA-PAW-02__XmlWinEventLog.log,PLWA-PAW-02,XmlWinEventLog:Security,XmlWinEventLog,6
raw/3209__PLWA-PAW-02__sccm_client.log,PLWA-PAW-02,sccm:client,sccm:client,2
raw/3210__PLWA-PAW-03__XmlWinEventLog.log,PLWA-PAW-03,XmlWinEventLog:Microsoft-Windows-Sysmon/Operational,XmlWinEventLog,7
raw/3211__PLWA-PAW-03__XmlWinEventLog.log,PLWA-PAW-03,XmlWinEventLog:Security,XmlWinEventLog,4
raw/3212__PLWA-PAW-04__XmlWinEventLog.log,PLWA-PAW-04,XmlWinEventLog:Microsoft-Windows-Sysmon/Operational,XmlWinEventLog,7
raw/3213__PLWA-PAW-04__XmlWinEventLog.log,PLWA-PAW-04,XmlWinEventLog:Security,XmlWinEventLog,2
raw/3214__PLWA-PAW-04__ms_defender_eventhub.log,PLWA-PAW-04,ms:defender:eventhub,ms:defender:eventhub,3
raw/3215__PLWA-PAW-04__trellix_epo.log,PLWA-PAW-04,trellix:epo,trellix:epo,1
raw/3216__PLWA-PAW-04__wsus_client.log,PLWA-PAW-04,wsus:client,wsus:client,1
raw/3217__PLWA-PAW-05__XmlWinEventLog.log,PLWA-PAW-05,XmlWinEventLog:Microsoft-Windows-Sysmon/Operational,XmlWinEventLog,7
raw/3218__PLWA-PAW-05__XmlWinEventLog.log,PLWA-PAW-05,XmlWinEventLog:Security,XmlWinEventLog,7
raw/3219__PLWA-PAW-05__ms_defender_eventhub.log,PLWA-PAW-05,ms:defender:eventhub,ms:defender:eventhub,1
raw/3220__PLWA-PAW-05__sccm_client.log,PLWA-PAW-05,sccm:client,sccm:client,1
raw/3221__PLWA-PAW-06__XmlWinEventLog.log,PLWA-PAW-06,XmlWinEventLog:Microsoft-Windows-Sysmon/Operational,XmlWinEventLog,3
raw/3222__PLWA-PAW-06__XmlWinEventLog.log,PLWA-PAW-06,XmlWinEventLog:Security,XmlWinEventLog,2
raw/3223__PLWA-RTR-01__cisco_ios.log,PLWA-RTR-01,cisco:ios,cisco:ios,31
raw/3224__PLWA-RTR-02__juniper.log,PLWA-RTR-02,juniper,juniper,23
raw/3225__PLWA-RTR-02__juniper_junos_firewall.log,PLWA-RTR-02,juniper:junos:firewall,juniper:junos:firewall,11
raw/3226__PLWA-VDI-01__XmlWinEventLog.log,PLWA-VDI-01,XmlWinEventLog:Microsoft-Windows-Sysmon/Operational,XmlWinEventLog,7
raw/3227__PLWA-VDI-01__XmlWinEventLog.log,PLWA-VDI-01,XmlWinEventLog:Security,XmlWinEventLog,7
raw/3228__PLWA-VDI-01__ms_defender_eventhub.log,PLWA-VDI-01,ms:defender:eventhub,ms:defender:eventhub,1
raw/3229__PLWA-VDI-02__XmlWinEventLog.log,PLWA-VDI-02,XmlWinEventLog:Microsoft-Windows-Sysmon/Operational,XmlWinEventLog,5
raw/3230__PLWA-VDI-02__XmlWinEventLog.log,PLWA-VDI-02,XmlWinEventLog:Security,XmlWinEventLog,7
raw/3231__PLWA-VDI-03__XmlWinEventLog.log,PLWA-VDI-03,XmlWinEventLog:Microsoft-Windows-Sysmon/Operational,XmlWinEventLog,9
raw/3232__PLWA-VDI-03__XmlWinEventLog.log,PLWA-VDI-03,XmlWinEventLog:Security,XmlWinEventLog,3
raw/3233__PLWA-VDI-03__ms_defender_eventhub.log,PLWA-VDI-03,ms:defender:eventhub,ms:defender:eventhub,1
raw/3234__PLWA-WS-0001__XmlWinEventLog.log,PLWA-WS-0001,XmlWinEventLog:Microsoft-Windows-Sysmon/Operational,XmlWinEventLog,11
raw/3235__PLWA-WS-0001__XmlWinEventLog.log,PLWA-WS-0001,XmlWinEventLog:Security,XmlWinEventLog,4
raw/3236__PLWA-WS-0002__XmlWinEventLog.log,PLWA-WS-0002,XmlWinEventLog:Microsoft-Windows-Sysmon/Operational,XmlWinEventLog,11
raw/3237__PLWA-WS-0002__XmlWinEventLog.log,PLWA-WS-0002,XmlWinEventLog:Security,XmlWinEventLog,8
raw/3238__PLWA-WS-0002__ms_defender_eventhub.log,PLWA-WS-0002,ms:defender:eventhub,ms:defender:eventhub,1
raw/3239__PLWA-WS-0002__trellix_epo.log,PLWA-WS-0002,trellix:epo,trellix:epo,1
raw/3240__PLWA-WS-0003__XmlWinEventLog.log,PLWA-WS-0003,XmlWinEventLog:Microsoft-Windows-Sysmon/Operational,XmlWinEventLog,8
raw/3241__PLWA-WS-0003__XmlWinEventLog.log,PLWA-WS-0003,XmlWinEventLog:Security,XmlWinEventLog,8
raw/3242__PLWA-WS-0004__XmlWinEventLog.log,PLWA-WS-0004,XmlWinEventLog:Microsoft-Windows-Sysmon/Operational,XmlWinEventLog,7
raw/3243__PLWA-WS-0004__XmlWinEventLog.log,PLWA-WS-0004,XmlWinEventLog:Security,XmlWinEventLog,11
raw/3244__PLWA-WS-0004__ms_defender_eventhub.log,PLWA-WS-0004,ms:defender:eventhub,ms:defender:eventhub,1
raw/3245__PLWA-WS-0004__trellix_epo.log,PLWA-WS-0004,trellix:epo,trellix:epo,2
raw/3246__PLWA-WS-0005__XmlWinEventLog.log,PLWA-WS-0005,XmlWinEventLog:Microsoft-Windows-Sysmon/Operational,XmlWinEventLog,10
raw/3247__PLWA-WS-0005__XmlWinEventLog.log,PLWA-WS-0005,XmlWinEventLog:Security,XmlWinEventLog,4
raw/3248__PLWA-WS-0005__wsus_client.log,PLWA-WS-0005,wsus:client,wsus:client,1
raw/3249__PLWA-WS-0006__XmlWinEventLog.log,PLWA-WS-0006,XmlWinEventLog:Microsoft-Windows-Sysmon/Operational,XmlWinEventLog,7
raw/3250__PLWA-WS-0006__XmlWinEventLog.log,PLWA-WS-0006,XmlWinEventLog:Security,XmlWinEventLog,6
raw/3251__PLWA-WS-0006__ms_defender_eventhub.log,PLWA-WS-0006,ms:defender:eventhub,ms:defender:eventhub,1
raw/3252__PLWA-WS-0007__XmlWinEventLog.log,PLWA-WS-0007,XmlWinEventLog:Microsoft-Windows-Sysmon/Operational,XmlWinEventLog,9
raw/3253__PLWA-WS-0007__XmlWinEventLog.log,PLWA-WS-0007,XmlWinEventLog:Security,XmlWinEventLog,6
raw/3254__PLWA-WS-0007__ms_defender_eventhub.log,PLWA-WS-0007,ms:defender:eventhub,ms:defender:eventhub,1
raw/3255__PLWA-WS-0007__trellix_epo.log,PLWA-WS-0007,trellix:epo,trellix:epo,2
raw/3256__PLWA-WS-0008__XmlWinEventLog.log,PLWA-WS-0008,XmlWinEventLog:Microsoft-Windows-Sysmon/Operational,XmlWinEventLog,8
raw/3257__PLWA-WS-0008__XmlWinEventLog.log,PLWA-WS-0008,XmlWinEventLog:Security,XmlWinEventLog,7
raw/3258__PLWA-WS-0008__trellix_epo.log,PLWA-WS-0008,trellix:epo,trellix:epo,1
raw/3259__PLWA-WS-0009__XmlWinEventLog.log,PLWA-WS-0009,XmlWinEventLog:Microsoft-Windows-Sysmon/Operational,XmlWinEventLog,10
raw/3260__PLWA-WS-0009__XmlWinEventLog.log,PLWA-WS-0009,XmlWinEventLog:Security,XmlWinEventLog,7
raw/3261__PLWA-WS-0009__wsus_client.log,PLWA-WS-0009,wsus:client,wsus:client,1
raw/3262__PLWA-WS-0010__XmlWinEventLog.log,PLWA-WS-0010,XmlWinEventLog:Microsoft-Windows-Sysmon/Operational,XmlWinEventLog,5
raw/3263__PLWA-WS-0010__XmlWinEventLog.log,PLWA-WS-0010,XmlWinEventLog:Security,XmlWinEventLog,10
raw/3264__PLWA-WS-0010__sccm_client.log,PLWA-WS-0010,sccm:client,sccm:client,1
raw/3265__PLWA-WS-0010__trellix_epo.log,PLWA-WS-0010,trellix:epo,trellix:epo,1
raw/3266__PLWA-WS-0011__XmlWinEventLog.log,PLWA-WS-0011,XmlWinEventLog:Microsoft-Windows-Sysmon/Operational,XmlWinEventLog,6
raw/3267__PLWA-WS-0011__XmlWinEventLog.log,PLWA-WS-0011,XmlWinEventLog:Security,XmlWinEventLog,14
raw/3268__PLWA-WS-0012__XmlWinEventLog.log,PLWA-WS-0012,XmlWinEventLog:Microsoft-Windows-Sysmon/Operational,XmlWinEventLog,9
raw/3269__PLWA-WS-0012__XmlWinEventLog.log,PLWA-WS-0012,XmlWinEventLog:Security,XmlWinEventLog,9
raw/3270__PLWA-WS-0013__XmlWinEventLog.log,PLWA-WS-0013,XmlWinEventLog:Microsoft-Windows-Sysmon/Operational,XmlWinEventLog,8
raw/3271__PLWA-WS-0013__XmlWinEventLog.log,PLWA-WS-0013,XmlWinEventLog:Security,XmlWinEventLog,7
raw/3272__PLWA-WS-0014__XmlWinEventLog.log,PLWA-WS-0014,XmlWinEventLog:Microsoft-Windows-Sysmon/Operational,XmlWinEventLog,10
raw/3273__PLWA-WS-0014__XmlWinEventLog.log,PLWA-WS-0014,XmlWinEventLog:Security,XmlWinEventLog,8
raw/3274__PLWA-WS-0015__XmlWinEventLog.log,PLWA-WS-0015,XmlWinEventLog:Microsoft-Windows-Sysmon/Operational,XmlWinEventLog,8
raw/3275__PLWA-WS-0015__XmlWinEventLog.log,PLWA-WS-0015,XmlWinEventLog:Security,XmlWinEventLog,9
raw/3276__PLWA-WS-0015__ms_defender_eventhub.log,PLWA-WS-0015,ms:defender:eventhub,ms:defender:eventhub,1
raw/3277__PLWA-WS-0015__trellix_epo.log,PLWA-WS-0015,trellix:epo,trellix:epo,1
raw/3278__PLWA-WS-0015__wsus_client.log,PLWA-WS-0015,wsus:client,wsus:client,1
raw/3279__PLWA-WS-0016__XmlWinEventLog.log,PLWA-WS-0016,XmlWinEventLog:Microsoft-Windows-Sysmon/Operational,XmlWinEventLog,9
raw/3280__PLWA-WS-0016__XmlWinEventLog.log,PLWA-WS-0016,XmlWinEventLog:Security,XmlWinEventLog,11
raw/3281__PLWA-WS-0016__ms_defender_eventhub.log,PLWA-WS-0016,ms:defender:eventhub,ms:defender:eventhub,1
raw/3282__PLWA-WS-0016__trellix_epo.log,PLWA-WS-0016,trellix:epo,trellix:epo,1
raw/3283__PLWA-WS-0017__XmlWinEventLog.log,PLWA-WS-0017,XmlWinEventLog:Microsoft-Windows-Sysmon/Operational,XmlWinEventLog,5
raw/3284__PLWA-WS-0017__XmlWinEventLog.log,PLWA-WS-0017,XmlWinEventLog:Security,XmlWinEventLog,7
raw/3285__PLWA-WS-0017__ms_defender_eventhub.log,PLWA-WS-0017,ms:defender:eventhub,ms:defender:eventhub,1
raw/3286__PLWA-WS-0018__XmlWinEventLog.log,PLWA-WS-0018,XmlWinEventLog:Microsoft-Windows-Sysmon/Operational,XmlWinEventLog,5
raw/3287__PLWA-WS-0018__XmlWinEventLog.log,PLWA-WS-0018,XmlWinEventLog:Security,XmlWinEventLog,8
raw/3288__PLWA-WS-0018__sccm_client.log,PLWA-WS-0018,sccm:client,sccm:client,1
raw/3289__PLWA-WS-0018__trellix_epo.log,PLWA-WS-0018,trellix:epo,trellix:epo,1
raw/3290__PLWA-WS-0019__XmlWinEventLog.log,PLWA-WS-0019,XmlWinEventLog:Microsoft-Windows-Sysmon/Operational,XmlWinEventLog,7
raw/3291__PLWA-WS-0019__XmlWinEventLog.log,PLWA-WS-0019,XmlWinEventLog:Security,XmlWinEventLog,5
raw/3292__PLWA-WS-0020__XmlWinEventLog.log,PLWA-WS-0020,XmlWinEventLog:Microsoft-Windows-Sysmon/Operational,XmlWinEventLog,10
raw/3293__PLWA-WS-0020__XmlWinEventLog.log,PLWA-WS-0020,XmlWinEventLog:Security,XmlWinEventLog,8
raw/3294__PLWA-WS-0020__ms_defender_eventhub.log,PLWA-WS-0020,ms:defender:eventhub,ms:defender:eventhub,1
raw/3295__PLWA-WS-0020__trellix_epo.log,PLWA-WS-0020,trellix:epo,trellix:epo,1
raw/3296__PLWA-WS-0021__XmlWinEventLog.log,PLWA-WS-0021,XmlWinEventLog:Microsoft-Windows-Sysmon/Operational,XmlWinEventLog,15
raw/3297__PLWA-WS-0021__XmlWinEventLog.log,PLWA-WS-0021,XmlWinEventLog:Security,XmlWinEventLog,11
raw/3298__PLWA-WS-0021__ms_defender_eventhub.log,PLWA-WS-0021,ms:defender:eventhub,ms:defender:eventhub,2
raw/3299__PLWA-WS-0021__sccm_client.log,PLWA-WS-0021,sccm:client,sccm:client,1
raw/3300__PLWA-WS-0021__wsus_client.log,PLWA-WS-0021,wsus:client,wsus:client,1
raw/3301__PLWA-WS-0022__XmlWinEventLog.log,PLWA-WS-0022,XmlWinEventLog:Microsoft-Windows-Sysmon/Operational,XmlWinEventLog,5
raw/3302__PLWA-WS-0022__XmlWinEventLog.log,PLWA-WS-0022,XmlWinEventLog:Security,XmlWinEventLog,10
raw/3303__PLWA-WS-0022__sccm_client.log,PLWA-WS-0022,sccm:client,sccm:client,1
raw/3304__PLWA-WS-0023__XmlWinEventLog.log,PLWA-WS-0023,XmlWinEventLog:Microsoft-Windows-Sysmon/Operational,XmlWinEventLog,10
raw/3305__PLWA-WS-0023__XmlWinEventLog.log,PLWA-WS-0023,XmlWinEventLog:Security,XmlWinEventLog,5
raw/3306__PLWA-WS-0023__ms_defender_eventhub.log,PLWA-WS-0023,ms:defender:eventhub,ms:defender:eventhub,1
raw/3307__PLWA-WS-0024__XmlWinEventLog.log,PLWA-WS-0024,XmlWinEventLog:Microsoft-Windows-Sysmon/Operational,XmlWinEventLog,6
raw/3308__PLWA-WS-0024__XmlWinEventLog.log,PLWA-WS-0024,XmlWinEventLog:Security,XmlWinEventLog,4
raw/3309__PLWA-WS-0025__XmlWinEventLog.log,PLWA-WS-0025,XmlWinEventLog:Microsoft-Windows-Sysmon/Operational,XmlWinEventLog,4
raw/3310__PLWA-WS-0025__XmlWinEventLog.log,PLWA-WS-0025,XmlWinEventLog:Security,XmlWinEventLog,5
raw/3311__PLWA-WS-0025__ms_defender_eventhub.log,PLWA-WS-0025,ms:defender:eventhub,ms:defender:eventhub,2
raw/3312__PLWA-WS-0026__XmlWinEventLog.log,PLWA-WS-0026,XmlWinEventLog:Microsoft-Windows-Sysmon/Operational,XmlWinEventLog,4
raw/3313__PLWA-WS-0026__XmlWinEventLog.log,PLWA-WS-0026,XmlWinEventLog:Security,XmlWinEventLog,2
raw/3314__PLWA-WS-0027__XmlWinEventLog.log,PLWA-WS-0027,XmlWinEventLog:Microsoft-Windows-Sysmon/Operational,XmlWinEventLog,7
raw/3315__PLWA-WS-0027__XmlWinEventLog.log,PLWA-WS-0027,XmlWinEventLog:Security,XmlWinEventLog,3
raw/3316__PLWA-WS-0027__sccm_client.log,PLWA-WS-0027,sccm:client,sccm:client,1
raw/3317__PLWA-WS-0028__XmlWinEventLog.log,PLWA-WS-0028,XmlWinEventLog:Microsoft-Windows-Sysmon/Operational,XmlWinEventLog,6
raw/3318__PLWA-WS-0028__XmlWinEventLog.log,PLWA-WS-0028,XmlWinEventLog:Security,XmlWinEventLog,4
raw/3319__PLWA-WS-0028__ms_defender_eventhub.log,PLWA-WS-0028,ms:defender:eventhub,ms:defender:eventhub,3
raw/3320__PLWA-WS-0029__XmlWinEventLog.log,PLWA-WS-0029,XmlWinEventLog:Microsoft-Windows-Sysmon/Operational,XmlWinEventLog,3
raw/3321__PLWA-WS-0029__XmlWinEventLog.log,PLWA-WS-0029,XmlWinEventLog:Security,XmlWinEventLog,5
raw/3322__PLWA-WS-0029__ms_defender_eventhub.log,PLWA-WS-0029,ms:defender:eventhub,ms:defender:eventhub,3
raw/3323__PLWA-WS-0029__trellix_epo.log,PLWA-WS-0029,trellix:epo,trellix:epo,1
raw/3324__PLWA-WS-0030__XmlWinEventLog.log,PLWA-WS-0030,XmlWinEventLog:Microsoft-Windows-Sysmon/Operational,XmlWinEventLog,1
raw/3325__PLWA-WS-0030__XmlWinEventLog.log,PLWA-WS-0030,XmlWinEventLog:Security,XmlWinEventLog,4
raw/3326__PLWA-WS-0031__XmlWinEventLog.log,PLWA-WS-0031,XmlWinEventLog:Microsoft-Windows-Sysmon/Operational,XmlWinEventLog,7
raw/3327__PLWA-WS-0031__XmlWinEventLog.log,PLWA-WS-0031,XmlWinEventLog:Security,XmlWinEventLog,2
raw/3328__PLWA-WS-0031__ms_defender_eventhub.log,PLWA-WS-0031,ms:defender:eventhub,ms:defender:eventhub,2
raw/3329__PLWA-WS-0031__sccm_client.log,PLWA-WS-0031,sccm:client,sccm:client,1
raw/3330__PLWA-WS-0032__XmlWinEventLog.log,PLWA-WS-0032,XmlWinEventLog:Microsoft-Windows-Sysmon/Operational,XmlWinEventLog,5
raw/3331__PLWA-WS-0032__XmlWinEventLog.log,PLWA-WS-0032,XmlWinEventLog:Security,XmlWinEventLog,4
raw/3332__PLWA-WS-0032__sccm_client.log,PLWA-WS-0032,sccm:client,sccm:client,1
raw/3333__PLWA-WS-0033__XmlWinEventLog.log,PLWA-WS-0033,XmlWinEventLog:Microsoft-Windows-Sysmon/Operational,XmlWinEventLog,8
raw/3334__PLWA-WS-0033__XmlWinEventLog.log,PLWA-WS-0033,XmlWinEventLog:Security,XmlWinEventLog,1
raw/3335__PLWA-WS-0033__ms_defender_eventhub.log,PLWA-WS-0033,ms:defender:eventhub,ms:defender:eventhub,1
raw/3336__PLWA-WS-0033__trellix_epo.log,PLWA-WS-0033,trellix:epo,trellix:epo,1
raw/3337__PLWA-WS-0034__XmlWinEventLog.log,PLWA-WS-0034,XmlWinEventLog:Microsoft-Windows-Sysmon/Operational,XmlWinEventLog,4
raw/3338__PLWA-WS-0034__XmlWinEventLog.log,PLWA-WS-0034,XmlWinEventLog:Security,XmlWinEventLog,2
raw/3339__PLWA-WS-0034__sccm_client.log,PLWA-WS-0034,sccm:client,sccm:client,1
raw/3340__PLWA-WS-0034__wsus_client.log,PLWA-WS-0034,wsus:client,wsus:client,1
raw/3341__PLWA-WS-0035__XmlWinEventLog.log,PLWA-WS-0035,XmlWinEventLog:Microsoft-Windows-Sysmon/Operational,XmlWinEventLog,7
raw/3342__PLWA-WS-0035__XmlWinEventLog.log,PLWA-WS-0035,XmlWinEventLog:Security,XmlWinEventLog,2
raw/3343__PLWA-WS-0035__ms_defender_eventhub.log,PLWA-WS-0035,ms:defender:eventhub,ms:defender:eventhub,1
raw/3344__PLWA-WS-0035__sccm_client.log,PLWA-WS-0035,sccm:client,sccm:client,1
raw/3345__PLWA-WS-0035__wsus_client.log,PLWA-WS-0035,wsus:client,wsus:client,1
raw/3346__PLWA-WS-0036__XmlWinEventLog.log,PLWA-WS-0036,XmlWinEventLog:Microsoft-Windows-Sysmon/Operational,XmlWinEventLog,6
raw/3347__PLWA-WS-0036__XmlWinEventLog.log,PLWA-WS-0036,XmlWinEventLog:Security,XmlWinEventLog,3
raw/3348__PLWA-WS-0036__ms_defender_eventhub.log,PLWA-WS-0036,ms:defender:eventhub,ms:defender:eventhub,2
raw/3349__PLWA-WS-0036__wsus_client.log,PLWA-WS-0036,wsus:client,wsus:client,1
raw/3350__PLWA-WS-0037__XmlWinEventLog.log,PLWA-WS-0037,XmlWinEventLog:Microsoft-Windows-Sysmon/Operational,XmlWinEventLog,9
raw/3351__PLWA-WS-0037__XmlWinEventLog.log,PLWA-WS-0037,XmlWinEventLog:Security,XmlWinEventLog,5
raw/3352__PLWA-WS-0038__XmlWinEventLog.log,PLWA-WS-0038,XmlWinEventLog:Microsoft-Windows-Sysmon/Operational,XmlWinEventLog,5
raw/3353__PLWA-WS-0038__XmlWinEventLog.log,PLWA-WS-0038,XmlWinEventLog:Security,XmlWinEventLog,6
raw/3354__PLWA-WS-0039__XmlWinEventLog.log,PLWA-WS-0039,XmlWinEventLog:Microsoft-Windows-Sysmon/Operational,XmlWinEventLog,4
raw/3355__PLWA-WS-0039__XmlWinEventLog.log,PLWA-WS-0039,XmlWinEventLog:Security,XmlWinEventLog,5
raw/3356__PLWA-WS-0040__XmlWinEventLog.log,PLWA-WS-0040,XmlWinEventLog:Microsoft-Windows-Sysmon/Operational,XmlWinEventLog,4
raw/3357__PLWA-WS-0040__XmlWinEventLog.log,PLWA-WS-0040,XmlWinEventLog:Security,XmlWinEventLog,6
raw/3358__PLWA-WS-0040__ms_defender_eventhub.log,PLWA-WS-0040,ms:defender:eventhub,ms:defender:eventhub,1
raw/3359__PLWA-WS-0041__XmlWinEventLog.log,PLWA-WS-0041,XmlWinEventLog:Microsoft-Windows-Sysmon/Operational,XmlWinEventLog,3
raw/3360__PLWA-WS-0041__XmlWinEventLog.log,PLWA-WS-0041,XmlWinEventLog:Security,XmlWinEventLog,5
raw/3361__PLWA-WS-0042__XmlWinEventLog.log,PLWA-WS-0042,XmlWinEventLog:Microsoft-Windows-Sysmon/Operational,XmlWinEventLog,4
raw/3362__PLWA-WS-0042__XmlWinEventLog.log,PLWA-WS-0042,XmlWinEventLog:Security,XmlWinEventLog,7
raw/3363__PLWA-WS-0043__XmlWinEventLog.log,PLWA-WS-0043,XmlWinEventLog:Microsoft-Windows-Sysmon/Operational,XmlWinEventLog,10
raw/3364__PLWA-WS-0043__XmlWinEventLog.log,PLWA-WS-0043,XmlWinEventLog:Security,XmlWinEventLog,2
raw/3365__PLWA-WS-0044__XmlWinEventLog.log,PLWA-WS-0044,XmlWinEventLog:Microsoft-Windows-Sysmon/Operational,XmlWinEventLog,9
raw/3366__PLWA-WS-0044__ms_defender_eventhub.log,PLWA-WS-0044,ms:defender:eventhub,ms:defender:eventhub,2
raw/3367__PLWA-WS-0044__wsus_client.log,PLWA-WS-0044,wsus:client,wsus:client,1
raw/3368__PLWA-WS-0045__XmlWinEventLog.log,PLWA-WS-0045,XmlWinEventLog:Microsoft-Windows-Sysmon/Operational,XmlWinEventLog,4
raw/3369__PLWA-WS-0045__XmlWinEventLog.log,PLWA-WS-0045,XmlWinEventLog:Security,XmlWinEventLog,5
raw/3370__PLWA-WS-0045__trellix_epo.log,PLWA-WS-0045,trellix:epo,trellix:epo,1
raw/3371__PLWA-WS-0046__XmlWinEventLog.log,PLWA-WS-0046,XmlWinEventLog:Microsoft-Windows-Sysmon/Operational,XmlWinEventLog,5
raw/3372__PLWA-WS-0046__XmlWinEventLog.log,PLWA-WS-0046,XmlWinEventLog:Security,XmlWinEventLog,3
raw/3373__PLWA-WS-0046__ms_defender_eventhub.log,PLWA-WS-0046,ms:defender:eventhub,ms:defender:eventhub,2
raw/3374__PLWA-WS-0046__sccm_client.log,PLWA-WS-0046,sccm:client,sccm:client,1
raw/3375__PLWA-WS-0047__XmlWinEventLog.log,PLWA-WS-0047,XmlWinEventLog:Microsoft-Windows-Sysmon/Operational,XmlWinEventLog,4
raw/3376__PLWA-WS-0047__XmlWinEventLog.log,PLWA-WS-0047,XmlWinEventLog:Security,XmlWinEventLog,4
raw/3377__PLWA-WS-0047__ms_defender_eventhub.log,PLWA-WS-0047,ms:defender:eventhub,ms:defender:eventhub,2
raw/3378__PLWA-WS-0048__XmlWinEventLog.log,PLWA-WS-0048,XmlWinEventLog:Microsoft-Windows-Sysmon/Operational,XmlWinEventLog,6
raw/3379__PLWA-WS-0048__XmlWinEventLog.log,PLWA-WS-0048,XmlWinEventLog:Security,XmlWinEventLog,6
raw/3380__PLWA-WS-0048__ms_defender_eventhub.log,PLWA-WS-0048,ms:defender:eventhub,ms:defender:eventhub,1
raw/3381__PLWA-WS-0048__trellix_epo.log,PLWA-WS-0048,trellix:epo,trellix:epo,1
raw/3382__PLWA-WS-0049__XmlWinEventLog.log,PLWA-WS-0049,XmlWinEventLog:Microsoft-Windows-Sysmon/Operational,XmlWinEventLog,2
raw/3383__PLWA-WS-0049__XmlWinEventLog.log,PLWA-WS-0049,XmlWinEventLog:Security,XmlWinEventLog,1
raw/3384__PLWA-WS-0049__ms_defender_eventhub.log,PLWA-WS-0049,ms:defender:eventhub,ms:defender:eventhub,1
raw/3385__PLWA-WS-0049__sccm_client.log,PLWA-WS-0049,sccm:client,sccm:client,1
raw/3386__PLWA-WS-0050__XmlWinEventLog.log,PLWA-WS-0050,XmlWinEventLog:Microsoft-Windows-Sysmon/Operational,XmlWinEventLog,5
raw/3387__PLWA-WS-0050__XmlWinEventLog.log,PLWA-WS-0050,XmlWinEventLog:Security,XmlWinEventLog,3
raw/3388__PLWA-WS-0050__ms_defender_eventhub.log,PLWA-WS-0050,ms:defender:eventhub,ms:defender:eventhub,2
raw/3389__PLWA-WS-0051__XmlWinEventLog.log,PLWA-WS-0051,XmlWinEventLog:Microsoft-Windows-Sysmon/Operational,XmlWinEventLog,1
raw/3390__PLWA-WS-0051__XmlWinEventLog.log,PLWA-WS-0051,XmlWinEventLog:Security,XmlWinEventLog,5
raw/3391__PLWA-WS-0051__ms_defender_eventhub.log,PLWA-WS-0051,ms:defender:eventhub,ms:defender:eventhub,1
raw/3392__PLWA-WS-0051__sccm_client.log,PLWA-WS-0051,sccm:client,sccm:client,1
raw/3393__PLWA-WS-0052__XmlWinEventLog.log,PLWA-WS-0052,XmlWinEventLog:Security,XmlWinEventLog,5
raw/3394__PLWA-WS-0052__ms_defender_eventhub.log,PLWA-WS-0052,ms:defender:eventhub,ms:defender:eventhub,1
raw/3395__PLWA-WS-0053__XmlWinEventLog.log,PLWA-WS-0053,XmlWinEventLog:Microsoft-Windows-Sysmon/Operational,XmlWinEventLog,9
raw/3396__PLWA-WS-0053__XmlWinEventLog.log,PLWA-WS-0053,XmlWinEventLog:Security,XmlWinEventLog,6
raw/3397__PLWA-WS-0053__ms_defender_eventhub.log,PLWA-WS-0053,ms:defender:eventhub,ms:defender:eventhub,1
raw/3398__PLWA-WS-0054__XmlWinEventLog.log,PLWA-WS-0054,XmlWinEventLog:Microsoft-Windows-Sysmon/Operational,XmlWinEventLog,4
raw/3399__PLWA-WS-0054__XmlWinEventLog.log,PLWA-WS-0054,XmlWinEventLog:Security,XmlWinEventLog,4
raw/3400__PLWA-WS-0055__XmlWinEventLog.log,PLWA-WS-0055,XmlWinEventLog:Microsoft-Windows-Sysmon/Operational,XmlWinEventLog,7
raw/3401__PLWA-WS-0055__XmlWinEventLog.log,PLWA-WS-0055,XmlWinEventLog:Security,XmlWinEventLog,4
raw/3402__PLWA-WS-0056__XmlWinEventLog.log,PLWA-WS-0056,XmlWinEventLog:Microsoft-Windows-Sysmon/Operational,XmlWinEventLog,10
raw/3403__PLWA-WS-0056__XmlWinEventLog.log,PLWA-WS-0056,XmlWinEventLog:Security,XmlWinEventLog,4
raw/3404__PLWA-WS-0056__sccm_client.log,PLWA-WS-0056,sccm:client,sccm:client,1
raw/3405__PLWA-WS-0057__XmlWinEventLog.log,PLWA-WS-0057,XmlWinEventLog:Microsoft-Windows-Sysmon/Operational,XmlWinEventLog,6
raw/3406__PLWA-WS-0057__XmlWinEventLog.log,PLWA-WS-0057,XmlWinEventLog:Security,XmlWinEventLog,7
raw/3407__PLWA-WS-0057__ms_defender_eventhub.log,PLWA-WS-0057,ms:defender:eventhub,ms:defender:eventhub,1
raw/3408__PLWA-WS-0058__XmlWinEventLog.log,PLWA-WS-0058,XmlWinEventLog:Microsoft-Windows-Sysmon/Operational,XmlWinEventLog,8
raw/3409__PLWA-WS-0058__XmlWinEventLog.log,PLWA-WS-0058,XmlWinEventLog:Security,XmlWinEventLog,3
raw/3410__PLWA-WS-0058__trellix_epo.log,PLWA-WS-0058,trellix:epo,trellix:epo,1
raw/3411__PLWA-WS-0059__XmlWinEventLog.log,PLWA-WS-0059,XmlWinEventLog:Microsoft-Windows-Sysmon/Operational,XmlWinEventLog,5
raw/3412__PLWA-WS-0059__XmlWinEventLog.log,PLWA-WS-0059,XmlWinEventLog:Security,XmlWinEventLog,5
raw/3413__PLWA-WS-0059__ms_defender_eventhub.log,PLWA-WS-0059,ms:defender:eventhub,ms:defender:eventhub,4
raw/3414__PLWA-WS-0060__XmlWinEventLog.log,PLWA-WS-0060,XmlWinEventLog:Microsoft-Windows-Sysmon/Operational,XmlWinEventLog,3
raw/3415__PLWA-WS-0060__XmlWinEventLog.log,PLWA-WS-0060,XmlWinEventLog:Security,XmlWinEventLog,4
raw/3416__PLWA-WS-0061__XmlWinEventLog.log,PLWA-WS-0061,XmlWinEventLog:Microsoft-Windows-Sysmon/Operational,XmlWinEventLog,6
raw/3417__PLWA-WS-0061__XmlWinEventLog.log,PLWA-WS-0061,XmlWinEventLog:Security,XmlWinEventLog,1
raw/3418__PLWA-WS-0061__trellix_epo.log,PLWA-WS-0061,trellix:epo,trellix:epo,1
raw/3419__PLWA-WS-0062__XmlWinEventLog.log,PLWA-WS-0062,XmlWinEventLog:Microsoft-Windows-Sysmon/Operational,XmlWinEventLog,5
raw/3420__PLWA-WS-0062__XmlWinEventLog.log,PLWA-WS-0062,XmlWinEventLog:Security,XmlWinEventLog,4
raw/3421__PLWA-WS-0063__XmlWinEventLog.log,PLWA-WS-0063,XmlWinEventLog:Microsoft-Windows-Sysmon/Operational,XmlWinEventLog,7
raw/3422__PLWA-WS-0063__XmlWinEventLog.log,PLWA-WS-0063,XmlWinEventLog:Security,XmlWinEventLog,4
raw/3423__PLWA-WS-0063__trellix_epo.log,PLWA-WS-0063,trellix:epo,trellix:epo,1
raw/3424__PLWA-WS-0064__XmlWinEventLog.log,PLWA-WS-0064,XmlWinEventLog:Microsoft-Windows-Sysmon/Operational,XmlWinEventLog,9
raw/3425__PLWA-WS-0064__XmlWinEventLog.log,PLWA-WS-0064,XmlWinEventLog:Security,XmlWinEventLog,1
raw/3426__PLWA-WS-0064__ms_defender_eventhub.log,PLWA-WS-0064,ms:defender:eventhub,ms:defender:eventhub,3
raw/3427__PLWA-WS-0064__trellix_epo.log,PLWA-WS-0064,trellix:epo,trellix:epo,1
raw/3428__PLWA-ZEEK-01__bro_conn_json.log,PLWA-ZEEK-01,zeek:conn,bro:conn:json,856
raw/3429__PLWA-ZEEK-01__bro_dce_rpc_json.log,PLWA-ZEEK-01,zeek:dce_rpc,bro:dce_rpc:json,70
raw/3430__PLWA-ZEEK-01__bro_dns_json.log,PLWA-ZEEK-01,zeek:dns,bro:dns:json,383
raw/3431__PLWA-ZEEK-01__bro_http_json.log,PLWA-ZEEK-01,zeek:http,bro:http:json,186
raw/3432__PLWA-ZEEK-01__bro_smb_files_json.log,PLWA-ZEEK-01,zeek:smb_files,bro:smb_files:json,86
raw/3433__PLWA-ZEEK-01__bro_ssl_json.log,PLWA-ZEEK-01,zeek:ssl,bro:ssl:json,340
raw/3434__SAAS-SERVICENOW__servicenow_audit.log,SAAS-SERVICENOW,servicenow:audit,servicenow:audit,333
raw/3435__SERVICENOW__servicenow_audit.log,SERVICENOW,servicenow:audit,servicenow:audit,4
raw/3436__SGSI-APP-01__XmlWinEventLog.log,SGSI-APP-01,XmlWinEventLog:Microsoft-Windows-Sysmon/Operational,XmlWinEventLog,8
raw/3437__SGSI-APP-01__XmlWinEventLog.log,SGSI-APP-01,XmlWinEventLog:Security,XmlWinEventLog,5
raw/3438__SGSI-APP-01__ms_defender_eventhub.log,SGSI-APP-01,ms:defender:eventhub,ms:defender:eventhub,2
raw/3439__SGSI-APP-01__trellix_epo.log,SGSI-APP-01,trellix:epo,trellix:epo,1
raw/3440__SGSI-APP-02__XmlWinEventLog.log,SGSI-APP-02,XmlWinEventLog:Microsoft-Windows-Sysmon/Operational,XmlWinEventLog,4
raw/3441__SGSI-APP-02__XmlWinEventLog.log,SGSI-APP-02,XmlWinEventLog:Security,XmlWinEventLog,4
raw/3442__SGSI-APP-03__XmlWinEventLog.log,SGSI-APP-03,XmlWinEventLog:Microsoft-Windows-Sysmon/Operational,XmlWinEventLog,6
raw/3443__SGSI-APP-03__XmlWinEventLog.log,SGSI-APP-03,XmlWinEventLog:Security,XmlWinEventLog,1
raw/3444__SGSI-APP-03__trellix_epo.log,SGSI-APP-03,trellix:epo,trellix:epo,2
raw/3445__SGSI-APP-03__wsus_client.log,SGSI-APP-03,wsus:client,wsus:client,1
raw/3446__SGSI-APP-04__XmlWinEventLog.log,SGSI-APP-04,XmlWinEventLog:Microsoft-Windows-Sysmon/Operational,XmlWinEventLog,6
raw/3447__SGSI-APP-04__XmlWinEventLog.log,SGSI-APP-04,XmlWinEventLog:Security,XmlWinEventLog,4
raw/3448__SGSI-APP-05__XmlWinEventLog.log,SGSI-APP-05,XmlWinEventLog:Microsoft-Windows-Sysmon/Operational,XmlWinEventLog,1
raw/3449__SGSI-APP-05__XmlWinEventLog.log,SGSI-APP-05,XmlWinEventLog:Security,XmlWinEventLog,3
raw/3450__SGSI-APP-05__ms_defender_eventhub.log,SGSI-APP-05,ms:defender:eventhub,ms:defender:eventhub,2
raw/3451__SGSI-APP-05__trellix_epo.log,SGSI-APP-05,trellix:epo,trellix:epo,1
raw/3452__SGSI-APP-06__XmlWinEventLog.log,SGSI-APP-06,XmlWinEventLog:Microsoft-Windows-Sysmon/Operational,XmlWinEventLog,2
raw/3453__SGSI-APP-06__XmlWinEventLog.log,SGSI-APP-06,XmlWinEventLog:Security,XmlWinEventLog,10
raw/3454__SGSI-APP-06__ms_defender_eventhub.log,SGSI-APP-06,ms:defender:eventhub,ms:defender:eventhub,1
raw/3455__SGSI-APP-07__XmlWinEventLog.log,SGSI-APP-07,XmlWinEventLog:Microsoft-Windows-Sysmon/Operational,XmlWinEventLog,9
raw/3456__SGSI-APP-07__XmlWinEventLog.log,SGSI-APP-07,XmlWinEventLog:Security,XmlWinEventLog,4
raw/3457__SGSI-APP-07__trellix_epo.log,SGSI-APP-07,trellix:epo,trellix:epo,1
raw/3458__SGSI-APP-07__wsus_client.log,SGSI-APP-07,wsus:client,wsus:client,1
raw/3459__SGSI-APP-08__XmlWinEventLog.log,SGSI-APP-08,XmlWinEventLog:Microsoft-Windows-Sysmon/Operational,XmlWinEventLog,6
raw/3460__SGSI-APP-08__XmlWinEventLog.log,SGSI-APP-08,XmlWinEventLog:Security,XmlWinEventLog,2
raw/3461__SGSI-APP-08__sccm_client.log,SGSI-APP-08,sccm:client,sccm:client,1
raw/3462__SGSI-DC-01__XmlWinEventLog.log,SGSI-DC-01,XmlWinEventLog:Security,XmlWinEventLog,123
raw/3463__SGSI-FS-01__XmlWinEventLog.log,SGSI-FS-01,XmlWinEventLog:Microsoft-Windows-Sysmon/Operational,XmlWinEventLog,1
raw/3464__SGSI-FS-01__XmlWinEventLog.log,SGSI-FS-01,XmlWinEventLog:Security,XmlWinEventLog,2
raw/3465__SGSI-FS-01__wsus_client.log,SGSI-FS-01,wsus:client,wsus:client,1
raw/3466__SGSI-FS-02__XmlWinEventLog.log,SGSI-FS-02,XmlWinEventLog:Microsoft-Windows-Sysmon/Operational,XmlWinEventLog,4
raw/3467__SGSI-FS-02__XmlWinEventLog.log,SGSI-FS-02,XmlWinEventLog:Security,XmlWinEventLog,4
raw/3468__SGSI-FS-02__ms_defender_eventhub.log,SGSI-FS-02,ms:defender:eventhub,ms:defender:eventhub,1
raw/3469__SGSI-FS-03__XmlWinEventLog.log,SGSI-FS-03,XmlWinEventLog:Microsoft-Windows-Sysmon/Operational,XmlWinEventLog,5
raw/3470__SGSI-FS-03__XmlWinEventLog.log,SGSI-FS-03,XmlWinEventLog:Security,XmlWinEventLog,6
raw/3471__SGSI-FS-04__XmlWinEventLog.log,SGSI-FS-04,XmlWinEventLog:Microsoft-Windows-Sysmon/Operational,XmlWinEventLog,6
raw/3472__SGSI-FS-04__XmlWinEventLog.log,SGSI-FS-04,XmlWinEventLog:Security,XmlWinEventLog,2
raw/3473__SGSI-FS-04__ms_defender_eventhub.log,SGSI-FS-04,ms:defender:eventhub,ms:defender:eventhub,3
raw/3474__SGSI-FW-01__pan_traffic.log,SGSI-FW-01,pan:traffic,pan:traffic,83
raw/3475__SGSI-FW-02__fortigate_traffic.log,SGSI-FW-02,fortigate_traffic,fortigate_traffic,99
raw/3476__SGSI-FW-03__cisco_asa.log,SGSI-FW-03,cisco:asa,cisco:asa,88
raw/3477__SGSI-JUMP-01__XmlWinEventLog.log,SGSI-JUMP-01,XmlWinEventLog:Microsoft-Windows-Sysmon/Operational,XmlWinEventLog,4
raw/3478__SGSI-JUMP-01__XmlWinEventLog.log,SGSI-JUMP-01,XmlWinEventLog:Security,XmlWinEventLog,3
raw/3479__SGSI-JUMP-01__trellix_epo.log,SGSI-JUMP-01,trellix:epo,trellix:epo,1
raw/3480__SGSI-JUMP-02__XmlWinEventLog.log,SGSI-JUMP-02,XmlWinEventLog:Microsoft-Windows-Sysmon/Operational,XmlWinEventLog,7
raw/3481__SGSI-JUMP-02__XmlWinEventLog.log,SGSI-JUMP-02,XmlWinEventLog:Security,XmlWinEventLog,10
raw/3482__SGSI-JUMP-03__XmlWinEventLog.log,SGSI-JUMP-03,XmlWinEventLog:Microsoft-Windows-Sysmon/Operational,XmlWinEventLog,10
raw/3483__SGSI-JUMP-03__XmlWinEventLog.log,SGSI-JUMP-03,XmlWinEventLog:Security,XmlWinEventLog,3
raw/3484__SGSI-JUMP-03__sccm_client.log,SGSI-JUMP-03,sccm:client,sccm:client,1
raw/3485__SGSI-LNX-01__linux_audit.log,SGSI-LNX-01,/var/log/audit/audit.log,linux_audit,57
raw/3486__SGSI-LNX-01__linux_secure.log,SGSI-LNX-01,/var/log/secure,linux_secure,15
raw/3487__SGSI-LNX-01__syslog.log,SGSI-LNX-01,/var/log/syslog,syslog,24
raw/3488__SGSI-LNX-02__linux_audit.log,SGSI-LNX-02,/var/log/audit/audit.log,linux_audit,85
raw/3489__SGSI-LNX-02__linux_secure.log,SGSI-LNX-02,/var/log/secure,linux_secure,14
raw/3490__SGSI-LNX-02__syslog.log,SGSI-LNX-02,/var/log/syslog,syslog,21
raw/3491__SGSI-LNX-03__linux_audit.log,SGSI-LNX-03,/var/log/audit/audit.log,linux_audit,86
raw/3492__SGSI-LNX-03__linux_secure.log,SGSI-LNX-03,/var/log/secure,linux_secure,19
raw/3493__SGSI-LNX-03__syslog.log,SGSI-LNX-03,/var/log/syslog,syslog,19
raw/3494__SGSI-LNX-04__linux_audit.log,SGSI-LNX-04,/var/log/audit/audit.log,linux_audit,92
raw/3495__SGSI-LNX-04__linux_secure.log,SGSI-LNX-04,/var/log/secure,linux_secure,9
raw/3496__SGSI-LNX-04__syslog.log,SGSI-LNX-04,/var/log/syslog,syslog,23
raw/3497__SGSI-LNX-04__ms_defender_eventhub.log,SGSI-LNX-04,ms:defender:eventhub,ms:defender:eventhub,1
raw/3498__SGSI-LNX-05__linux_audit.log,SGSI-LNX-05,/var/log/audit/audit.log,linux_audit,65
raw/3499__SGSI-LNX-05__linux_secure.log,SGSI-LNX-05,/var/log/secure,linux_secure,16
raw/3500__SGSI-LNX-05__syslog.log,SGSI-LNX-05,/var/log/syslog,syslog,24
raw/3501__SGSI-LNX-05__trellix_epo.log,SGSI-LNX-05,trellix:epo,trellix:epo,1
raw/3502__SGSI-LNX-06__linux_audit.log,SGSI-LNX-06,/var/log/audit/audit.log,linux_audit,102
raw/3503__SGSI-LNX-06__linux_secure.log,SGSI-LNX-06,/var/log/secure,linux_secure,8
raw/3504__SGSI-LNX-06__syslog.log,SGSI-LNX-06,/var/log/syslog,syslog,24
raw/3505__SGSI-LNX-06__ms_defender_eventhub.log,SGSI-LNX-06,ms:defender:eventhub,ms:defender:eventhub,1
raw/3506__SGSI-LNX-06__trellix_epo.log,SGSI-LNX-06,trellix:epo,trellix:epo,1
raw/3507__SGSI-LNX-07__linux_audit.log,SGSI-LNX-07,/var/log/audit/audit.log,linux_audit,104
raw/3508__SGSI-LNX-07__linux_secure.log,SGSI-LNX-07,/var/log/secure,linux_secure,15
raw/3509__SGSI-LNX-07__syslog.log,SGSI-LNX-07,/var/log/syslog,syslog,36
raw/3510__SGSI-LNX-07__ms_defender_eventhub.log,SGSI-LNX-07,ms:defender:eventhub,ms:defender:eventhub,1
raw/3511__SGSI-LNX-07__trellix_epo.log,SGSI-LNX-07,trellix:epo,trellix:epo,1
raw/3512__SGSI-LNX-08__linux_audit.log,SGSI-LNX-08,/var/log/audit/audit.log,linux_audit,70
raw/3513__SGSI-LNX-08__linux_secure.log,SGSI-LNX-08,/var/log/secure,linux_secure,17
raw/3514__SGSI-LNX-08__syslog.log,SGSI-LNX-08,/var/log/syslog,syslog,13
raw/3515__SGSI-NET-JMP-01__XmlWinEventLog.log,SGSI-NET-JMP-01,XmlWinEventLog:Microsoft-Windows-Sysmon/Operational,XmlWinEventLog,1
raw/3516__SGSI-NET-JMP-01__XmlWinEventLog.log,SGSI-NET-JMP-01,XmlWinEventLog:Security,XmlWinEventLog,1
raw/3517__SGSI-NET-JMP-02__XmlWinEventLog.log,SGSI-NET-JMP-02,XmlWinEventLog:Microsoft-Windows-Sysmon/Operational,XmlWinEventLog,8
raw/3518__SGSI-NET-JMP-02__XmlWinEventLog.log,SGSI-NET-JMP-02,XmlWinEventLog:Security,XmlWinEventLog,9
raw/3519__SGSI-PACS-01__pacs_access.log,SGSI-PACS-01,pacs:access,pacs:access,85
raw/3520__SGSI-PAW-01__XmlWinEventLog.log,SGSI-PAW-01,XmlWinEventLog:Microsoft-Windows-Sysmon/Operational,XmlWinEventLog,10
raw/3521__SGSI-PAW-01__XmlWinEventLog.log,SGSI-PAW-01,XmlWinEventLog:Security,XmlWinEventLog,5
raw/3522__SGSI-PAW-01__ms_defender_eventhub.log,SGSI-PAW-01,ms:defender:eventhub,ms:defender:eventhub,1
raw/3523__SGSI-PAW-02__XmlWinEventLog.log,SGSI-PAW-02,XmlWinEventLog:Microsoft-Windows-Sysmon/Operational,XmlWinEventLog,3
raw/3524__SGSI-PAW-02__XmlWinEventLog.log,SGSI-PAW-02,XmlWinEventLog:Security,XmlWinEventLog,7
raw/3525__SGSI-PAW-02__ms_defender_eventhub.log,SGSI-PAW-02,ms:defender:eventhub,ms:defender:eventhub,1
raw/3526__SGSI-PAW-03__XmlWinEventLog.log,SGSI-PAW-03,XmlWinEventLog:Microsoft-Windows-Sysmon/Operational,XmlWinEventLog,6
raw/3527__SGSI-PAW-03__XmlWinEventLog.log,SGSI-PAW-03,XmlWinEventLog:Security,XmlWinEventLog,1
raw/3528__SGSI-PAW-03__ms_defender_eventhub.log,SGSI-PAW-03,ms:defender:eventhub,ms:defender:eventhub,2
raw/3529__SGSI-PAW-04__XmlWinEventLog.log,SGSI-PAW-04,XmlWinEventLog:Microsoft-Windows-Sysmon/Operational,XmlWinEventLog,9
raw/3530__SGSI-PAW-04__XmlWinEventLog.log,SGSI-PAW-04,XmlWinEventLog:Security,XmlWinEventLog,5
raw/3531__SGSI-PAW-04__ms_defender_eventhub.log,SGSI-PAW-04,ms:defender:eventhub,ms:defender:eventhub,3
raw/3532__SGSI-PAW-05__XmlWinEventLog.log,SGSI-PAW-05,XmlWinEventLog:Microsoft-Windows-Sysmon/Operational,XmlWinEventLog,5
raw/3533__SGSI-PAW-05__XmlWinEventLog.log,SGSI-PAW-05,XmlWinEventLog:Security,XmlWinEventLog,5
raw/3534__SGSI-PAW-06__XmlWinEventLog.log,SGSI-PAW-06,XmlWinEventLog:Microsoft-Windows-Sysmon/Operational,XmlWinEventLog,2
raw/3535__SGSI-PAW-06__XmlWinEventLog.log,SGSI-PAW-06,XmlWinEventLog:Security,XmlWinEventLog,2
raw/3536__SGSI-PAW-06__wsus_client.log,SGSI-PAW-06,wsus:client,wsus:client,1
raw/3537__SGSI-RADIUS-01__radius_auth.log,SGSI-RADIUS-01,radius:auth,radius:auth,2
raw/3538__SGSI-RTR-01__cisco_ios.log,SGSI-RTR-01,cisco:ios,cisco:ios,31
raw/3539__SGSI-RTR-02__juniper.log,SGSI-RTR-02,juniper,juniper,21
raw/3540__SGSI-RTR-02__juniper_junos_firewall.log,SGSI-RTR-02,juniper:junos:firewall,juniper:junos:firewall,7
raw/3541__SGSI-VDI-01__XmlWinEventLog.log,SGSI-VDI-01,XmlWinEventLog:Microsoft-Windows-Sysmon/Operational,XmlWinEventLog,5
raw/3542__SGSI-VDI-01__XmlWinEventLog.log,SGSI-VDI-01,XmlWinEventLog:Security,XmlWinEventLog,3
raw/3543__SGSI-VDI-01__ms_defender_eventhub.log,SGSI-VDI-01,ms:defender:eventhub,ms:defender:eventhub,2
raw/3544__SGSI-VDI-01__sccm_client.log,SGSI-VDI-01,sccm:client,sccm:client,2
raw/3545__SGSI-VDI-01__wsus_client.log,SGSI-VDI-01,wsus:client,wsus:client,1
raw/3546__SGSI-VDI-02__XmlWinEventLog.log,SGSI-VDI-02,XmlWinEventLog:Microsoft-Windows-Sysmon/Operational,XmlWinEventLog,2
raw/3547__SGSI-VDI-02__XmlWinEventLog.log,SGSI-VDI-02,XmlWinEventLog:Security,XmlWinEventLog,4
raw/3548__SGSI-VDI-02__trellix_epo.log,SGSI-VDI-02,trellix:epo,trellix:epo,1
raw/3549__SGSI-VDI-03__XmlWinEventLog.log,SGSI-VDI-03,XmlWinEventLog:Microsoft-Windows-Sysmon/Operational,XmlWinEventLog,9
raw/3550__SGSI-VDI-03__XmlWinEventLog.log,SGSI-VDI-03,XmlWinEventLog:Security,XmlWinEventLog,4
raw/3551__SGSI-VDI-03__trellix_epo.log,SGSI-VDI-03,trellix:epo,trellix:epo,1
raw/3552__SGSI-WS-0001__XmlWinEventLog.log,SGSI-WS-0001,XmlWinEventLog:Microsoft-Windows-Sysmon/Operational,XmlWinEventLog,9
raw/3553__SGSI-WS-0001__XmlWinEventLog.log,SGSI-WS-0001,XmlWinEventLog:Security,XmlWinEventLog,10
raw/3554__SGSI-WS-0001__ms_defender_eventhub.log,SGSI-WS-0001,ms:defender:eventhub,ms:defender:eventhub,1
raw/3555__SGSI-WS-0001__sccm_client.log,SGSI-WS-0001,sccm:client,sccm:client,1
raw/3556__SGSI-WS-0002__XmlWinEventLog.log,SGSI-WS-0002,XmlWinEventLog:Microsoft-Windows-Sysmon/Operational,XmlWinEventLog,9
raw/3557__SGSI-WS-0002__XmlWinEventLog.log,SGSI-WS-0002,XmlWinEventLog:Security,XmlWinEventLog,10
raw/3558__SGSI-WS-0002__trellix_epo.log,SGSI-WS-0002,trellix:epo,trellix:epo,1
raw/3559__SGSI-WS-0003__XmlWinEventLog.log,SGSI-WS-0003,XmlWinEventLog:Microsoft-Windows-Sysmon/Operational,XmlWinEventLog,15
raw/3560__SGSI-WS-0003__XmlWinEventLog.log,SGSI-WS-0003,XmlWinEventLog:Security,XmlWinEventLog,5
raw/3561__SGSI-WS-0004__XmlWinEventLog.log,SGSI-WS-0004,XmlWinEventLog:Microsoft-Windows-Sysmon/Operational,XmlWinEventLog,7
raw/3562__SGSI-WS-0004__XmlWinEventLog.log,SGSI-WS-0004,XmlWinEventLog:Security,XmlWinEventLog,7
raw/3563__SGSI-WS-0004__trellix_epo.log,SGSI-WS-0004,trellix:epo,trellix:epo,1
raw/3564__SGSI-WS-0005__XmlWinEventLog.log,SGSI-WS-0005,XmlWinEventLog:Microsoft-Windows-Sysmon/Operational,XmlWinEventLog,11
raw/3565__SGSI-WS-0005__XmlWinEventLog.log,SGSI-WS-0005,XmlWinEventLog:Security,XmlWinEventLog,14
raw/3566__SGSI-WS-0005__trellix_epo.log,SGSI-WS-0005,trellix:epo,trellix:epo,1
raw/3567__SGSI-WS-0006__XmlWinEventLog.log,SGSI-WS-0006,XmlWinEventLog:Microsoft-Windows-Sysmon/Operational,XmlWinEventLog,8
raw/3568__SGSI-WS-0006__XmlWinEventLog.log,SGSI-WS-0006,XmlWinEventLog:Security,XmlWinEventLog,8
raw/3569__SGSI-WS-0006__ms_defender_eventhub.log,SGSI-WS-0006,ms:defender:eventhub,ms:defender:eventhub,1
raw/3570__SGSI-WS-0007__XmlWinEventLog.log,SGSI-WS-0007,XmlWinEventLog:Microsoft-Windows-Sysmon/Operational,XmlWinEventLog,8
raw/3571__SGSI-WS-0007__XmlWinEventLog.log,SGSI-WS-0007,XmlWinEventLog:Security,XmlWinEventLog,4
raw/3572__SGSI-WS-0008__XmlWinEventLog.log,SGSI-WS-0008,XmlWinEventLog:Microsoft-Windows-Sysmon/Operational,XmlWinEventLog,5
raw/3573__SGSI-WS-0008__XmlWinEventLog.log,SGSI-WS-0008,XmlWinEventLog:Security,XmlWinEventLog,13
raw/3574__SGSI-WS-0008__trellix_epo.log,SGSI-WS-0008,trellix:epo,trellix:epo,1
raw/3575__SGSI-WS-0009__XmlWinEventLog.log,SGSI-WS-0009,XmlWinEventLog:Microsoft-Windows-Sysmon/Operational,XmlWinEventLog,6
raw/3576__SGSI-WS-0009__XmlWinEventLog.log,SGSI-WS-0009,XmlWinEventLog:Security,XmlWinEventLog,15
raw/3577__SGSI-WS-0009__ms_defender_eventhub.log,SGSI-WS-0009,ms:defender:eventhub,ms:defender:eventhub,2
raw/3578__SGSI-WS-0009__sccm_client.log,SGSI-WS-0009,sccm:client,sccm:client,1
raw/3579__SGSI-WS-0010__XmlWinEventLog.log,SGSI-WS-0010,XmlWinEventLog:Microsoft-Windows-Sysmon/Operational,XmlWinEventLog,10
raw/3580__SGSI-WS-0010__XmlWinEventLog.log,SGSI-WS-0010,XmlWinEventLog:Security,XmlWinEventLog,7
raw/3581__SGSI-WS-0010__ms_defender_eventhub.log,SGSI-WS-0010,ms:defender:eventhub,ms:defender:eventhub,3
raw/3582__SGSI-WS-0010__trellix_epo.log,SGSI-WS-0010,trellix:epo,trellix:epo,1
raw/3583__SGSI-WS-0010__wsus_client.log,SGSI-WS-0010,wsus:client,wsus:client,1
raw/3584__SGSI-WS-0011__XmlWinEventLog.log,SGSI-WS-0011,XmlWinEventLog:Microsoft-Windows-Sysmon/Operational,XmlWinEventLog,12
raw/3585__SGSI-WS-0011__XmlWinEventLog.log,SGSI-WS-0011,XmlWinEventLog:Security,XmlWinEventLog,3
raw/3586__SGSI-WS-0011__ms_defender_eventhub.log,SGSI-WS-0011,ms:defender:eventhub,ms:defender:eventhub,1
raw/3587__SGSI-WS-0012__XmlWinEventLog.log,SGSI-WS-0012,XmlWinEventLog:Microsoft-Windows-Sysmon/Operational,XmlWinEventLog,6
raw/3588__SGSI-WS-0012__XmlWinEventLog.log,SGSI-WS-0012,XmlWinEventLog:Security,XmlWinEventLog,5
raw/3589__SGSI-WS-0013__XmlWinEventLog.log,SGSI-WS-0013,XmlWinEventLog:Microsoft-Windows-Sysmon/Operational,XmlWinEventLog,14
raw/3590__SGSI-WS-0013__XmlWinEventLog.log,SGSI-WS-0013,XmlWinEventLog:Security,XmlWinEventLog,7
raw/3591__SGSI-WS-0013__sccm_client.log,SGSI-WS-0013,sccm:client,sccm:client,1
raw/3592__SGSI-WS-0014__XmlWinEventLog.log,SGSI-WS-0014,XmlWinEventLog:Microsoft-Windows-Sysmon/Operational,XmlWinEventLog,7
raw/3593__SGSI-WS-0014__XmlWinEventLog.log,SGSI-WS-0014,XmlWinEventLog:Security,XmlWinEventLog,8
raw/3594__SGSI-WS-0014__ms_defender_eventhub.log,SGSI-WS-0014,ms:defender:eventhub,ms:defender:eventhub,1
raw/3595__SGSI-WS-0015__XmlWinEventLog.log,SGSI-WS-0015,XmlWinEventLog:Microsoft-Windows-Sysmon/Operational,XmlWinEventLog,16
raw/3596__SGSI-WS-0015__XmlWinEventLog.log,SGSI-WS-0015,XmlWinEventLog:Security,XmlWinEventLog,11
raw/3597__SGSI-WS-0015__trellix_epo.log,SGSI-WS-0015,trellix:epo,trellix:epo,1
raw/3598__SGSI-WS-0016__XmlWinEventLog.log,SGSI-WS-0016,XmlWinEventLog:Microsoft-Windows-Sysmon/Operational,XmlWinEventLog,10
raw/3599__SGSI-WS-0016__XmlWinEventLog.log,SGSI-WS-0016,XmlWinEventLog:Security,XmlWinEventLog,9
raw/3600__SGSI-WS-0016__ms_defender_eventhub.log,SGSI-WS-0016,ms:defender:eventhub,ms:defender:eventhub,1
raw/3601__SGSI-WS-0016__trellix_epo.log,SGSI-WS-0016,trellix:epo,trellix:epo,1
raw/3602__SGSI-WS-0017__XmlWinEventLog.log,SGSI-WS-0017,XmlWinEventLog:Microsoft-Windows-Sysmon/Operational,XmlWinEventLog,8
raw/3603__SGSI-WS-0017__XmlWinEventLog.log,SGSI-WS-0017,XmlWinEventLog:Security,XmlWinEventLog,11
raw/3604__SGSI-WS-0017__trellix_epo.log,SGSI-WS-0017,trellix:epo,trellix:epo,1
raw/3605__SGSI-WS-0018__XmlWinEventLog.log,SGSI-WS-0018,XmlWinEventLog:Microsoft-Windows-Sysmon/Operational,XmlWinEventLog,6
raw/3606__SGSI-WS-0018__XmlWinEventLog.log,SGSI-WS-0018,XmlWinEventLog:Security,XmlWinEventLog,9
raw/3607__SGSI-WS-0018__trellix_epo.log,SGSI-WS-0018,trellix:epo,trellix:epo,1
raw/3608__SGSI-WS-0019__XmlWinEventLog.log,SGSI-WS-0019,XmlWinEventLog:Microsoft-Windows-Sysmon/Operational,XmlWinEventLog,9
raw/3609__SGSI-WS-0019__XmlWinEventLog.log,SGSI-WS-0019,XmlWinEventLog:Security,XmlWinEventLog,7
raw/3610__SGSI-WS-0019__sccm_client.log,SGSI-WS-0019,sccm:client,sccm:client,1
raw/3611__SGSI-WS-0020__XmlWinEventLog.log,SGSI-WS-0020,XmlWinEventLog:Microsoft-Windows-Sysmon/Operational,XmlWinEventLog,4
raw/3612__SGSI-WS-0020__XmlWinEventLog.log,SGSI-WS-0020,XmlWinEventLog:Security,XmlWinEventLog,8
raw/3613__SGSI-WS-0020__sccm_client.log,SGSI-WS-0020,sccm:client,sccm:client,1
raw/3614__SGSI-WS-0020__trellix_epo.log,SGSI-WS-0020,trellix:epo,trellix:epo,1
raw/3615__SGSI-WS-0021__XmlWinEventLog.log,SGSI-WS-0021,XmlWinEventLog:Microsoft-Windows-Sysmon/Operational,XmlWinEventLog,9
raw/3616__SGSI-WS-0021__XmlWinEventLog.log,SGSI-WS-0021,XmlWinEventLog:Security,XmlWinEventLog,11
raw/3617__SGSI-WS-0022__XmlWinEventLog.log,SGSI-WS-0022,XmlWinEventLog:Microsoft-Windows-Sysmon/Operational,XmlWinEventLog,7
raw/3618__SGSI-WS-0022__XmlWinEventLog.log,SGSI-WS-0022,XmlWinEventLog:Security,XmlWinEventLog,7
raw/3619__SGSI-WS-0022__ms_defender_eventhub.log,SGSI-WS-0022,ms:defender:eventhub,ms:defender:eventhub,1
raw/3620__SGSI-WS-0022__sccm_client.log,SGSI-WS-0022,sccm:client,sccm:client,2
raw/3621__SGSI-WS-0023__XmlWinEventLog.log,SGSI-WS-0023,XmlWinEventLog:Microsoft-Windows-Sysmon/Operational,XmlWinEventLog,12
raw/3622__SGSI-WS-0023__XmlWinEventLog.log,SGSI-WS-0023,XmlWinEventLog:Security,XmlWinEventLog,8
raw/3623__SGSI-WS-0023__trellix_epo.log,SGSI-WS-0023,trellix:epo,trellix:epo,2
raw/3624__SGSI-WS-0023__wsus_client.log,SGSI-WS-0023,wsus:client,wsus:client,1
raw/3625__SGSI-WS-0024__XmlWinEventLog.log,SGSI-WS-0024,XmlWinEventLog:Microsoft-Windows-Sysmon/Operational,XmlWinEventLog,7
raw/3626__SGSI-WS-0024__XmlWinEventLog.log,SGSI-WS-0024,XmlWinEventLog:Security,XmlWinEventLog,10
raw/3627__SGSI-WS-0025__XmlWinEventLog.log,SGSI-WS-0025,XmlWinEventLog:Microsoft-Windows-Sysmon/Operational,XmlWinEventLog,5
raw/3628__SGSI-WS-0025__XmlWinEventLog.log,SGSI-WS-0025,XmlWinEventLog:Security,XmlWinEventLog,4
raw/3629__SGSI-WS-0025__ms_defender_eventhub.log,SGSI-WS-0025,ms:defender:eventhub,ms:defender:eventhub,1
raw/3630__SGSI-WS-0026__XmlWinEventLog.log,SGSI-WS-0026,XmlWinEventLog:Microsoft-Windows-Sysmon/Operational,XmlWinEventLog,4
raw/3631__SGSI-WS-0026__XmlWinEventLog.log,SGSI-WS-0026,XmlWinEventLog:Security,XmlWinEventLog,4
raw/3632__SGSI-WS-0026__ms_defender_eventhub.log,SGSI-WS-0026,ms:defender:eventhub,ms:defender:eventhub,2
raw/3633__SGSI-WS-0026__trellix_epo.log,SGSI-WS-0026,trellix:epo,trellix:epo,1
raw/3634__SGSI-WS-0027__XmlWinEventLog.log,SGSI-WS-0027,XmlWinEventLog:Microsoft-Windows-Sysmon/Operational,XmlWinEventLog,7
raw/3635__SGSI-WS-0027__XmlWinEventLog.log,SGSI-WS-0027,XmlWinEventLog:Security,XmlWinEventLog,2
raw/3636__SGSI-WS-0027__ms_defender_eventhub.log,SGSI-WS-0027,ms:defender:eventhub,ms:defender:eventhub,2
raw/3637__SGSI-WS-0028__XmlWinEventLog.log,SGSI-WS-0028,XmlWinEventLog:Microsoft-Windows-Sysmon/Operational,XmlWinEventLog,7
raw/3638__SGSI-WS-0028__XmlWinEventLog.log,SGSI-WS-0028,XmlWinEventLog:Security,XmlWinEventLog,6
raw/3639__SGSI-WS-0028__ms_defender_eventhub.log,SGSI-WS-0028,ms:defender:eventhub,ms:defender:eventhub,3
raw/3640__SGSI-WS-0028__trellix_epo.log,SGSI-WS-0028,trellix:epo,trellix:epo,1
raw/3641__SGSI-WS-0028__wsus_client.log,SGSI-WS-0028,wsus:client,wsus:client,1
raw/3642__SGSI-WS-0029__XmlWinEventLog.log,SGSI-WS-0029,XmlWinEventLog:Microsoft-Windows-Sysmon/Operational,XmlWinEventLog,1
raw/3643__SGSI-WS-0029__XmlWinEventLog.log,SGSI-WS-0029,XmlWinEventLog:Security,XmlWinEventLog,5
raw/3644__SGSI-WS-0029__ms_defender_eventhub.log,SGSI-WS-0029,ms:defender:eventhub,ms:defender:eventhub,1
raw/3645__SGSI-WS-0029__trellix_epo.log,SGSI-WS-0029,trellix:epo,trellix:epo,1
raw/3646__SGSI-WS-0030__XmlWinEventLog.log,SGSI-WS-0030,XmlWinEventLog:Microsoft-Windows-Sysmon/Operational,XmlWinEventLog,5
raw/3647__SGSI-WS-0030__XmlWinEventLog.log,SGSI-WS-0030,XmlWinEventLog:Security,XmlWinEventLog,2
raw/3648__SGSI-WS-0031__XmlWinEventLog.log,SGSI-WS-0031,XmlWinEventLog:Microsoft-Windows-Sysmon/Operational,XmlWinEventLog,8
raw/3649__SGSI-WS-0031__XmlWinEventLog.log,SGSI-WS-0031,XmlWinEventLog:Security,XmlWinEventLog,4
raw/3650__SGSI-WS-0031__sccm_client.log,SGSI-WS-0031,sccm:client,sccm:client,1
raw/3651__SGSI-WS-0031__trellix_epo.log,SGSI-WS-0031,trellix:epo,trellix:epo,1
raw/3652__SGSI-WS-0032__XmlWinEventLog.log,SGSI-WS-0032,XmlWinEventLog:Microsoft-Windows-Sysmon/Operational,XmlWinEventLog,8
raw/3653__SGSI-WS-0032__XmlWinEventLog.log,SGSI-WS-0032,XmlWinEventLog:Security,XmlWinEventLog,3
raw/3654__SGSI-WS-0032__ms_defender_eventhub.log,SGSI-WS-0032,ms:defender:eventhub,ms:defender:eventhub,2
raw/3655__SGSI-WS-0032__sccm_client.log,SGSI-WS-0032,sccm:client,sccm:client,1
raw/3656__SGSI-WS-0033__XmlWinEventLog.log,SGSI-WS-0033,XmlWinEventLog:Microsoft-Windows-Sysmon/Operational,XmlWinEventLog,3
raw/3657__SGSI-WS-0033__XmlWinEventLog.log,SGSI-WS-0033,XmlWinEventLog:Security,XmlWinEventLog,5
raw/3658__SGSI-WS-0033__ms_defender_eventhub.log,SGSI-WS-0033,ms:defender:eventhub,ms:defender:eventhub,1
raw/3659__SGSI-WS-0034__XmlWinEventLog.log,SGSI-WS-0034,XmlWinEventLog:Microsoft-Windows-Sysmon/Operational,XmlWinEventLog,8
raw/3660__SGSI-WS-0034__XmlWinEventLog.log,SGSI-WS-0034,XmlWinEventLog:Security,XmlWinEventLog,6
raw/3661__SGSI-WS-0035__XmlWinEventLog.log,SGSI-WS-0035,XmlWinEventLog:Microsoft-Windows-Sysmon/Operational,XmlWinEventLog,3
raw/3662__SGSI-WS-0035__XmlWinEventLog.log,SGSI-WS-0035,XmlWinEventLog:Security,XmlWinEventLog,3
raw/3663__SGSI-WS-0035__ms_defender_eventhub.log,SGSI-WS-0035,ms:defender:eventhub,ms:defender:eventhub,3
raw/3664__SGSI-WS-0036__XmlWinEventLog.log,SGSI-WS-0036,XmlWinEventLog:Microsoft-Windows-Sysmon/Operational,XmlWinEventLog,4
raw/3665__SGSI-WS-0036__XmlWinEventLog.log,SGSI-WS-0036,XmlWinEventLog:Security,XmlWinEventLog,5
raw/3666__SGSI-WS-0036__ms_defender_eventhub.log,SGSI-WS-0036,ms:defender:eventhub,ms:defender:eventhub,1
raw/3667__SGSI-WS-0036__sccm_client.log,SGSI-WS-0036,sccm:client,sccm:client,1
raw/3668__SGSI-WS-0037__XmlWinEventLog.log,SGSI-WS-0037,XmlWinEventLog:Microsoft-Windows-Sysmon/Operational,XmlWinEventLog,8
raw/3669__SGSI-WS-0037__XmlWinEventLog.log,SGSI-WS-0037,XmlWinEventLog:Security,XmlWinEventLog,6
raw/3670__SGSI-WS-0037__ms_defender_eventhub.log,SGSI-WS-0037,ms:defender:eventhub,ms:defender:eventhub,2
raw/3671__SGSI-WS-0037__trellix_epo.log,SGSI-WS-0037,trellix:epo,trellix:epo,1
raw/3672__SGSI-WS-0037__wsus_client.log,SGSI-WS-0037,wsus:client,wsus:client,1
raw/3673__SGSI-WS-0038__XmlWinEventLog.log,SGSI-WS-0038,XmlWinEventLog:Microsoft-Windows-Sysmon/Operational,XmlWinEventLog,4
raw/3674__SGSI-WS-0038__XmlWinEventLog.log,SGSI-WS-0038,XmlWinEventLog:Security,XmlWinEventLog,6
raw/3675__SGSI-WS-0038__wsus_client.log,SGSI-WS-0038,wsus:client,wsus:client,1
raw/3676__SGSI-WS-0039__XmlWinEventLog.log,SGSI-WS-0039,XmlWinEventLog:Microsoft-Windows-Sysmon/Operational,XmlWinEventLog,11
raw/3677__SGSI-WS-0039__XmlWinEventLog.log,SGSI-WS-0039,XmlWinEventLog:Security,XmlWinEventLog,6
raw/3678__SGSI-WS-0039__ms_defender_eventhub.log,SGSI-WS-0039,ms:defender:eventhub,ms:defender:eventhub,1
raw/3679__SGSI-WS-0040__XmlWinEventLog.log,SGSI-WS-0040,XmlWinEventLog:Microsoft-Windows-Sysmon/Operational,XmlWinEventLog,6
raw/3680__SGSI-WS-0040__XmlWinEventLog.log,SGSI-WS-0040,XmlWinEventLog:Security,XmlWinEventLog,4
raw/3681__SGSI-WS-0040__ms_defender_eventhub.log,SGSI-WS-0040,ms:defender:eventhub,ms:defender:eventhub,1
raw/3682__SGSI-WS-0040__trellix_epo.log,SGSI-WS-0040,trellix:epo,trellix:epo,1
raw/3683__SGSI-WS-0041__XmlWinEventLog.log,SGSI-WS-0041,XmlWinEventLog:Microsoft-Windows-Sysmon/Operational,XmlWinEventLog,9
raw/3684__SGSI-WS-0041__XmlWinEventLog.log,SGSI-WS-0041,XmlWinEventLog:Security,XmlWinEventLog,5
raw/3685__SGSI-WS-0041__sccm_client.log,SGSI-WS-0041,sccm:client,sccm:client,1
raw/3686__SGSI-WS-0041__wsus_client.log,SGSI-WS-0041,wsus:client,wsus:client,1
raw/3687__SGSI-WS-0042__XmlWinEventLog.log,SGSI-WS-0042,XmlWinEventLog:Microsoft-Windows-Sysmon/Operational,XmlWinEventLog,6
raw/3688__SGSI-WS-0042__XmlWinEventLog.log,SGSI-WS-0042,XmlWinEventLog:Security,XmlWinEventLog,6
raw/3689__SGSI-WS-0042__sccm_client.log,SGSI-WS-0042,sccm:client,sccm:client,1
raw/3690__SGSI-WS-0042__trellix_epo.log,SGSI-WS-0042,trellix:epo,trellix:epo,2
raw/3691__SGSI-WS-0043__XmlWinEventLog.log,SGSI-WS-0043,XmlWinEventLog:Microsoft-Windows-Sysmon/Operational,XmlWinEventLog,3
raw/3692__SGSI-WS-0043__XmlWinEventLog.log,SGSI-WS-0043,XmlWinEventLog:Security,XmlWinEventLog,6
raw/3693__SGSI-WS-0043__ms_defender_eventhub.log,SGSI-WS-0043,ms:defender:eventhub,ms:defender:eventhub,2
raw/3694__SGSI-WS-0043__trellix_epo.log,SGSI-WS-0043,trellix:epo,trellix:epo,1
raw/3695__SGSI-WS-0044__XmlWinEventLog.log,SGSI-WS-0044,XmlWinEventLog:Microsoft-Windows-Sysmon/Operational,XmlWinEventLog,7
raw/3696__SGSI-WS-0044__XmlWinEventLog.log,SGSI-WS-0044,XmlWinEventLog:Security,XmlWinEventLog,6
raw/3697__SGSI-WS-0044__ms_defender_eventhub.log,SGSI-WS-0044,ms:defender:eventhub,ms:defender:eventhub,1
raw/3698__SGSI-WS-0044__trellix_epo.log,SGSI-WS-0044,trellix:epo,trellix:epo,2
raw/3699__SGSI-WS-0045__XmlWinEventLog.log,SGSI-WS-0045,XmlWinEventLog:Microsoft-Windows-Sysmon/Operational,XmlWinEventLog,9
raw/3700__SGSI-WS-0045__XmlWinEventLog.log,SGSI-WS-0045,XmlWinEventLog:Security,XmlWinEventLog,9
raw/3701__SGSI-WS-0045__ms_defender_eventhub.log,SGSI-WS-0045,ms:defender:eventhub,ms:defender:eventhub,1
raw/3702__SGSI-WS-0046__XmlWinEventLog.log,SGSI-WS-0046,XmlWinEventLog:Microsoft-Windows-Sysmon/Operational,XmlWinEventLog,3
raw/3703__SGSI-WS-0046__XmlWinEventLog.log,SGSI-WS-0046,XmlWinEventLog:Security,XmlWinEventLog,7
raw/3704__SGSI-WS-0046__ms_defender_eventhub.log,SGSI-WS-0046,ms:defender:eventhub,ms:defender:eventhub,2
raw/3705__SGSI-WS-0046__sccm_client.log,SGSI-WS-0046,sccm:client,sccm:client,2
raw/3706__SGSI-WS-0046__trellix_epo.log,SGSI-WS-0046,trellix:epo,trellix:epo,1
raw/3707__SGSI-WS-0047__XmlWinEventLog.log,SGSI-WS-0047,XmlWinEventLog:Microsoft-Windows-Sysmon/Operational,XmlWinEventLog,6
raw/3708__SGSI-WS-0047__XmlWinEventLog.log,SGSI-WS-0047,XmlWinEventLog:Security,XmlWinEventLog,6
raw/3709__SGSI-WS-0048__XmlWinEventLog.log,SGSI-WS-0048,XmlWinEventLog:Microsoft-Windows-Sysmon/Operational,XmlWinEventLog,8
raw/3710__SGSI-WS-0048__XmlWinEventLog.log,SGSI-WS-0048,XmlWinEventLog:Security,XmlWinEventLog,3
raw/3711__SGSI-WS-0048__ms_defender_eventhub.log,SGSI-WS-0048,ms:defender:eventhub,ms:defender:eventhub,2
raw/3712__SGSI-WS-0049__XmlWinEventLog.log,SGSI-WS-0049,XmlWinEventLog:Microsoft-Windows-Sysmon/Operational,XmlWinEventLog,4
raw/3713__SGSI-WS-0049__XmlWinEventLog.log,SGSI-WS-0049,XmlWinEventLog:Security,XmlWinEventLog,6
raw/3714__SGSI-WS-0049__ms_defender_eventhub.log,SGSI-WS-0049,ms:defender:eventhub,ms:defender:eventhub,2
raw/3715__SGSI-WS-0050__XmlWinEventLog.log,SGSI-WS-0050,XmlWinEventLog:Microsoft-Windows-Sysmon/Operational,XmlWinEventLog,6
raw/3716__SGSI-WS-0050__XmlWinEventLog.log,SGSI-WS-0050,XmlWinEventLog:Security,XmlWinEventLog,5
raw/3717__SGSI-WS-0050__sccm_client.log,SGSI-WS-0050,sccm:client,sccm:client,1
raw/3718__SGSI-WS-0050__trellix_epo.log,SGSI-WS-0050,trellix:epo,trellix:epo,2
raw/3719__SGSI-WS-0050__wsus_client.log,SGSI-WS-0050,wsus:client,wsus:client,1
raw/3720__SGSI-WS-0051__XmlWinEventLog.log,SGSI-WS-0051,XmlWinEventLog:Microsoft-Windows-Sysmon/Operational,XmlWinEventLog,6
raw/3721__SGSI-WS-0051__XmlWinEventLog.log,SGSI-WS-0051,XmlWinEventLog:Security,XmlWinEventLog,3
raw/3722__SGSI-WS-0052__XmlWinEventLog.log,SGSI-WS-0052,XmlWinEventLog:Microsoft-Windows-Sysmon/Operational,XmlWinEventLog,4
raw/3723__SGSI-WS-0052__XmlWinEventLog.log,SGSI-WS-0052,XmlWinEventLog:Security,XmlWinEventLog,6
raw/3724__SGSI-WS-0052__ms_defender_eventhub.log,SGSI-WS-0052,ms:defender:eventhub,ms:defender:eventhub,1
raw/3725__SGSI-WS-0052__trellix_epo.log,SGSI-WS-0052,trellix:epo,trellix:epo,1
raw/3726__SGSI-WS-0053__XmlWinEventLog.log,SGSI-WS-0053,XmlWinEventLog:Microsoft-Windows-Sysmon/Operational,XmlWinEventLog,7
raw/3727__SGSI-WS-0053__XmlWinEventLog.log,SGSI-WS-0053,XmlWinEventLog:Security,XmlWinEventLog,5
raw/3728__SGSI-WS-0053__ms_defender_eventhub.log,SGSI-WS-0053,ms:defender:eventhub,ms:defender:eventhub,3
raw/3729__SGSI-WS-0053__sccm_client.log,SGSI-WS-0053,sccm:client,sccm:client,1
raw/3730__SGSI-WS-0054__XmlWinEventLog.log,SGSI-WS-0054,XmlWinEventLog:Microsoft-Windows-Sysmon/Operational,XmlWinEventLog,6
raw/3731__SGSI-WS-0054__XmlWinEventLog.log,SGSI-WS-0054,XmlWinEventLog:Security,XmlWinEventLog,7
raw/3732__SGSI-WS-0054__trellix_epo.log,SGSI-WS-0054,trellix:epo,trellix:epo,1
raw/3733__SGSI-WS-0055__XmlWinEventLog.log,SGSI-WS-0055,XmlWinEventLog:Microsoft-Windows-Sysmon/Operational,XmlWinEventLog,5
raw/3734__SGSI-WS-0055__XmlWinEventLog.log,SGSI-WS-0055,XmlWinEventLog:Security,XmlWinEventLog,6
raw/3735__SGSI-WS-0056__XmlWinEventLog.log,SGSI-WS-0056,XmlWinEventLog:Microsoft-Windows-Sysmon/Operational,XmlWinEventLog,7
raw/3736__SGSI-WS-0056__XmlWinEventLog.log,SGSI-WS-0056,XmlWinEventLog:Security,XmlWinEventLog,2
raw/3737__SGSI-WS-0057__XmlWinEventLog.log,SGSI-WS-0057,XmlWinEventLog:Microsoft-Windows-Sysmon/Operational,XmlWinEventLog,4
raw/3738__SGSI-WS-0057__XmlWinEventLog.log,SGSI-WS-0057,XmlWinEventLog:Security,XmlWinEventLog,7
raw/3739__SGSI-WS-0057__wsus_client.log,SGSI-WS-0057,wsus:client,wsus:client,1
raw/3740__SGSI-WS-0058__XmlWinEventLog.log,SGSI-WS-0058,XmlWinEventLog:Microsoft-Windows-Sysmon/Operational,XmlWinEventLog,7
raw/3741__SGSI-WS-0058__XmlWinEventLog.log,SGSI-WS-0058,XmlWinEventLog:Security,XmlWinEventLog,2
raw/3742__SGSI-WS-0058__ms_defender_eventhub.log,SGSI-WS-0058,ms:defender:eventhub,ms:defender:eventhub,2
raw/3743__SGSI-WS-0059__XmlWinEventLog.log,SGSI-WS-0059,XmlWinEventLog:Microsoft-Windows-Sysmon/Operational,XmlWinEventLog,6
raw/3744__SGSI-WS-0059__XmlWinEventLog.log,SGSI-WS-0059,XmlWinEventLog:Security,XmlWinEventLog,4
raw/3745__SGSI-WS-0059__wsus_client.log,SGSI-WS-0059,wsus:client,wsus:client,1
raw/3746__SGSI-WS-0060__XmlWinEventLog.log,SGSI-WS-0060,XmlWinEventLog:Microsoft-Windows-Sysmon/Operational,XmlWinEventLog,7
raw/3747__SGSI-WS-0060__XmlWinEventLog.log,SGSI-WS-0060,XmlWinEventLog:Security,XmlWinEventLog,3
raw/3748__SGSI-WS-0061__XmlWinEventLog.log,SGSI-WS-0061,XmlWinEventLog:Microsoft-Windows-Sysmon/Operational,XmlWinEventLog,9
raw/3749__SGSI-WS-0061__XmlWinEventLog.log,SGSI-WS-0061,XmlWinEventLog:Security,XmlWinEventLog,5
raw/3750__SGSI-WS-0062__XmlWinEventLog.log,SGSI-WS-0062,XmlWinEventLog:Microsoft-Windows-Sysmon/Operational,XmlWinEventLog,10
raw/3751__SGSI-WS-0062__XmlWinEventLog.log,SGSI-WS-0062,XmlWinEventLog:Security,XmlWinEventLog,4
raw/3752__SGSI-WS-0063__XmlWinEventLog.log,SGSI-WS-0063,XmlWinEventLog:Microsoft-Windows-Sysmon/Operational,XmlWinEventLog,9
raw/3753__SGSI-WS-0063__XmlWinEventLog.log,SGSI-WS-0063,XmlWinEventLog:Security,XmlWinEventLog,1
raw/3754__SGSI-WS-0063__ms_defender_eventhub.log,SGSI-WS-0063,ms:defender:eventhub,ms:defender:eventhub,1
raw/3755__SGSI-WS-0063__sccm_client.log,SGSI-WS-0063,sccm:client,sccm:client,1
raw/3756__SGSI-WS-0064__XmlWinEventLog.log,SGSI-WS-0064,XmlWinEventLog:Microsoft-Windows-Sysmon/Operational,XmlWinEventLog,2
raw/3757__SGSI-WS-0064__XmlWinEventLog.log,SGSI-WS-0064,XmlWinEventLog:Security,XmlWinEventLog,5
raw/3758__SGSI-WS-0064__ms_defender_eventhub.log,SGSI-WS-0064,ms:defender:eventhub,ms:defender:eventhub,1
raw/3759__SGSI-ZEEK-01__bro_conn_json.log,SGSI-ZEEK-01,zeek:conn,bro:conn:json,872
raw/3760__SGSI-ZEEK-01__bro_dce_rpc_json.log,SGSI-ZEEK-01,zeek:dce_rpc,bro:dce_rpc:json,79
raw/3761__SGSI-ZEEK-01__bro_dns_json.log,SGSI-ZEEK-01,zeek:dns,bro:dns:json,364
raw/3762__SGSI-ZEEK-01__bro_http_json.log,SGSI-ZEEK-01,zeek:http,bro:http:json,195
raw/3763__SGSI-ZEEK-01__bro_smb_files_json.log,SGSI-ZEEK-01,zeek:smb_files,bro:smb_files:json,81
raw/3764__SGSI-ZEEK-01__bro_ssl_json.log,SGSI-ZEEK-01,zeek:ssl,bro:ssl:json,298
raw/3765__UKLO-APP-01__XmlWinEventLog.log,UKLO-APP-01,XmlWinEventLog:Microsoft-Windows-Sysmon/Operational,XmlWinEventLog,11
raw/3766__UKLO-APP-01__XmlWinEventLog.log,UKLO-APP-01,XmlWinEventLog:Security,XmlWinEventLog,5
raw/3767__UKLO-APP-01__ms_defender_eventhub.log,UKLO-APP-01,ms:defender:eventhub,ms:defender:eventhub,1
raw/3768__UKLO-APP-01__sccm_client.log,UKLO-APP-01,sccm:client,sccm:client,1
raw/3769__UKLO-APP-02__XmlWinEventLog.log,UKLO-APP-02,XmlWinEventLog:Microsoft-Windows-Sysmon/Operational,XmlWinEventLog,5
raw/3770__UKLO-APP-02__XmlWinEventLog.log,UKLO-APP-02,XmlWinEventLog:Security,XmlWinEventLog,2
raw/3771__UKLO-APP-02__sccm_client.log,UKLO-APP-02,sccm:client,sccm:client,1
raw/3772__UKLO-APP-02__trellix_epo.log,UKLO-APP-02,trellix:epo,trellix:epo,1
raw/3773__UKLO-APP-03__XmlWinEventLog.log,UKLO-APP-03,XmlWinEventLog:Microsoft-Windows-Sysmon/Operational,XmlWinEventLog,3
raw/3774__UKLO-APP-03__XmlWinEventLog.log,UKLO-APP-03,XmlWinEventLog:Security,XmlWinEventLog,5
raw/3775__UKLO-APP-03__ms_defender_eventhub.log,UKLO-APP-03,ms:defender:eventhub,ms:defender:eventhub,4
raw/3776__UKLO-APP-03__wsus_client.log,UKLO-APP-03,wsus:client,wsus:client,1
raw/3777__UKLO-APP-04__XmlWinEventLog.log,UKLO-APP-04,XmlWinEventLog:Microsoft-Windows-Sysmon/Operational,XmlWinEventLog,1
raw/3778__UKLO-APP-04__XmlWinEventLog.log,UKLO-APP-04,XmlWinEventLog:Security,XmlWinEventLog,8
raw/3779__UKLO-APP-04__ms_defender_eventhub.log,UKLO-APP-04,ms:defender:eventhub,ms:defender:eventhub,1
raw/3780__UKLO-APP-05__XmlWinEventLog.log,UKLO-APP-05,XmlWinEventLog:Microsoft-Windows-Sysmon/Operational,XmlWinEventLog,7
raw/3781__UKLO-APP-05__XmlWinEventLog.log,UKLO-APP-05,XmlWinEventLog:Security,XmlWinEventLog,8
raw/3782__UKLO-APP-05__ms_defender_eventhub.log,UKLO-APP-05,ms:defender:eventhub,ms:defender:eventhub,1
raw/3783__UKLO-APP-06__XmlWinEventLog.log,UKLO-APP-06,XmlWinEventLog:Microsoft-Windows-Sysmon/Operational,XmlWinEventLog,4
raw/3784__UKLO-APP-06__XmlWinEventLog.log,UKLO-APP-06,XmlWinEventLog:Security,XmlWinEventLog,9
raw/3785__UKLO-APP-06__ms_defender_eventhub.log,UKLO-APP-06,ms:defender:eventhub,ms:defender:eventhub,1
raw/3786__UKLO-APP-06__sccm_client.log,UKLO-APP-06,sccm:client,sccm:client,1
raw/3787__UKLO-APP-07__XmlWinEventLog.log,UKLO-APP-07,XmlWinEventLog:Microsoft-Windows-Sysmon/Operational,XmlWinEventLog,4
raw/3788__UKLO-APP-07__XmlWinEventLog.log,UKLO-APP-07,XmlWinEventLog:Security,XmlWinEventLog,6
raw/3789__UKLO-APP-07__wsus_client.log,UKLO-APP-07,wsus:client,wsus:client,1
raw/3790__UKLO-APP-08__XmlWinEventLog.log,UKLO-APP-08,XmlWinEventLog:Microsoft-Windows-Sysmon/Operational,XmlWinEventLog,7
raw/3791__UKLO-APP-08__XmlWinEventLog.log,UKLO-APP-08,XmlWinEventLog:Security,XmlWinEventLog,5
raw/3792__UKLO-APP-08__ms_defender_eventhub.log,UKLO-APP-08,ms:defender:eventhub,ms:defender:eventhub,8
raw/3793__UKLO-APP-08__trellix_epo.log,UKLO-APP-08,trellix:epo,trellix:epo,1
raw/3794__UKLO-DC-01__XmlWinEventLog.log,UKLO-DC-01,XmlWinEventLog:Security,XmlWinEventLog,116
raw/3795__UKLO-FS-01__XmlWinEventLog.log,UKLO-FS-01,XmlWinEventLog:Microsoft-Windows-Sysmon/Operational,XmlWinEventLog,2
raw/3796__UKLO-FS-01__XmlWinEventLog.log,UKLO-FS-01,XmlWinEventLog:Security,XmlWinEventLog,7
raw/3797__UKLO-FS-01__ms_defender_eventhub.log,UKLO-FS-01,ms:defender:eventhub,ms:defender:eventhub,1
raw/3798__UKLO-FS-01__sccm_client.log,UKLO-FS-01,sccm:client,sccm:client,1
raw/3799__UKLO-FS-02__XmlWinEventLog.log,UKLO-FS-02,XmlWinEventLog:Microsoft-Windows-Sysmon/Operational,XmlWinEventLog,5
raw/3800__UKLO-FS-02__XmlWinEventLog.log,UKLO-FS-02,XmlWinEventLog:Security,XmlWinEventLog,2
raw/3801__UKLO-FS-02__trellix_epo.log,UKLO-FS-02,trellix:epo,trellix:epo,1
raw/3802__UKLO-FS-03__XmlWinEventLog.log,UKLO-FS-03,XmlWinEventLog:Microsoft-Windows-Sysmon/Operational,XmlWinEventLog,8
raw/3803__UKLO-FS-03__XmlWinEventLog.log,UKLO-FS-03,XmlWinEventLog:Security,XmlWinEventLog,6
raw/3804__UKLO-FS-03__ms_defender_eventhub.log,UKLO-FS-03,ms:defender:eventhub,ms:defender:eventhub,1
raw/3805__UKLO-FS-04__XmlWinEventLog.log,UKLO-FS-04,XmlWinEventLog:Microsoft-Windows-Sysmon/Operational,XmlWinEventLog,6
raw/3806__UKLO-FS-04__XmlWinEventLog.log,UKLO-FS-04,XmlWinEventLog:Security,XmlWinEventLog,5
raw/3807__UKLO-FW-01__pan_traffic.log,UKLO-FW-01,pan:traffic,pan:traffic,106
raw/3808__UKLO-FW-02__fortigate_traffic.log,UKLO-FW-02,fortigate_traffic,fortigate_traffic,93
raw/3809__UKLO-FW-03__cisco_asa.log,UKLO-FW-03,cisco:asa,cisco:asa,76
raw/3810__UKLO-JUMP-01__XmlWinEventLog.log,UKLO-JUMP-01,XmlWinEventLog:Microsoft-Windows-Sysmon/Operational,XmlWinEventLog,4
raw/3811__UKLO-JUMP-01__XmlWinEventLog.log,UKLO-JUMP-01,XmlWinEventLog:Security,XmlWinEventLog,2
raw/3812__UKLO-JUMP-02__XmlWinEventLog.log,UKLO-JUMP-02,XmlWinEventLog:Microsoft-Windows-Sysmon/Operational,XmlWinEventLog,4
raw/3813__UKLO-JUMP-02__XmlWinEventLog.log,UKLO-JUMP-02,XmlWinEventLog:Security,XmlWinEventLog,5
raw/3814__UKLO-JUMP-03__XmlWinEventLog.log,UKLO-JUMP-03,XmlWinEventLog:Microsoft-Windows-Sysmon/Operational,XmlWinEventLog,4
raw/3815__UKLO-JUMP-03__XmlWinEventLog.log,UKLO-JUMP-03,XmlWinEventLog:Security,XmlWinEventLog,1
raw/3816__UKLO-JUMP-03__ms_defender_eventhub.log,UKLO-JUMP-03,ms:defender:eventhub,ms:defender:eventhub,1
raw/3817__UKLO-JUMP-03__trellix_epo.log,UKLO-JUMP-03,trellix:epo,trellix:epo,2
raw/3818__UKLO-LNX-01__linux_audit.log,UKLO-LNX-01,/var/log/audit/audit.log,linux_audit,81
raw/3819__UKLO-LNX-01__linux_secure.log,UKLO-LNX-01,/var/log/secure,linux_secure,12
raw/3820__UKLO-LNX-01__syslog.log,UKLO-LNX-01,/var/log/syslog,syslog,22
raw/3821__UKLO-LNX-02__linux_audit.log,UKLO-LNX-02,/var/log/audit/audit.log,linux_audit,108
raw/3822__UKLO-LNX-02__linux_secure.log,UKLO-LNX-02,/var/log/secure,linux_secure,10
raw/3823__UKLO-LNX-02__syslog.log,UKLO-LNX-02,/var/log/syslog,syslog,26
raw/3824__UKLO-LNX-02__ms_defender_eventhub.log,UKLO-LNX-02,ms:defender:eventhub,ms:defender:eventhub,1
raw/3825__UKLO-LNX-02__trellix_epo.log,UKLO-LNX-02,trellix:epo,trellix:epo,1
raw/3826__UKLO-LNX-03__linux_audit.log,UKLO-LNX-03,/var/log/audit/audit.log,linux_audit,70
raw/3827__UKLO-LNX-03__linux_secure.log,UKLO-LNX-03,/var/log/secure,linux_secure,16
raw/3828__UKLO-LNX-03__syslog.log,UKLO-LNX-03,/var/log/syslog,syslog,32
raw/3829__UKLO-LNX-04__linux_audit.log,UKLO-LNX-04,/var/log/audit/audit.log,linux_audit,106
raw/3830__UKLO-LNX-04__linux_secure.log,UKLO-LNX-04,/var/log/secure,linux_secure,15
raw/3831__UKLO-LNX-04__syslog.log,UKLO-LNX-04,/var/log/syslog,syslog,29
raw/3832__UKLO-LNX-05__linux_audit.log,UKLO-LNX-05,/var/log/audit/audit.log,linux_audit,59
raw/3833__UKLO-LNX-05__linux_secure.log,UKLO-LNX-05,/var/log/secure,linux_secure,17
raw/3834__UKLO-LNX-05__syslog.log,UKLO-LNX-05,/var/log/syslog,syslog,32
raw/3835__UKLO-LNX-05__ms_defender_eventhub.log,UKLO-LNX-05,ms:defender:eventhub,ms:defender:eventhub,1
raw/3836__UKLO-LNX-05__trellix_epo.log,UKLO-LNX-05,trellix:epo,trellix:epo,1
raw/3837__UKLO-LNX-06__linux_audit.log,UKLO-LNX-06,/var/log/audit/audit.log,linux_audit,90
raw/3838__UKLO-LNX-06__linux_secure.log,UKLO-LNX-06,/var/log/secure,linux_secure,11
raw/3839__UKLO-LNX-06__syslog.log,UKLO-LNX-06,/var/log/syslog,syslog,25
raw/3840__UKLO-LNX-06__ms_defender_eventhub.log,UKLO-LNX-06,ms:defender:eventhub,ms:defender:eventhub,1
raw/3841__UKLO-LNX-06__trellix_epo.log,UKLO-LNX-06,trellix:epo,trellix:epo,1
raw/3842__UKLO-LNX-07__linux_audit.log,UKLO-LNX-07,/var/log/audit/audit.log,linux_audit,91
raw/3843__UKLO-LNX-07__linux_secure.log,UKLO-LNX-07,/var/log/secure,linux_secure,16
raw/3844__UKLO-LNX-07__syslog.log,UKLO-LNX-07,/var/log/syslog,syslog,25
raw/3845__UKLO-LNX-08__linux_audit.log,UKLO-LNX-08,/var/log/audit/audit.log,linux_audit,76
raw/3846__UKLO-LNX-08__linux_secure.log,UKLO-LNX-08,/var/log/secure,linux_secure,17
raw/3847__UKLO-LNX-08__syslog.log,UKLO-LNX-08,/var/log/syslog,syslog,32
raw/3848__UKLO-PACS-01__pacs_access.log,UKLO-PACS-01,pacs:access,pacs:access,101
raw/3849__UKLO-PAW-01__XmlWinEventLog.log,UKLO-PAW-01,XmlWinEventLog:Microsoft-Windows-Sysmon/Operational,XmlWinEventLog,5
raw/3850__UKLO-PAW-01__XmlWinEventLog.log,UKLO-PAW-01,XmlWinEventLog:Security,XmlWinEventLog,1
raw/3851__UKLO-PAW-01__ms_defender_eventhub.log,UKLO-PAW-01,ms:defender:eventhub,ms:defender:eventhub,2
raw/3852__UKLO-PAW-02__XmlWinEventLog.log,UKLO-PAW-02,XmlWinEventLog:Microsoft-Windows-Sysmon/Operational,XmlWinEventLog,4
raw/3853__UKLO-PAW-02__XmlWinEventLog.log,UKLO-PAW-02,XmlWinEventLog:Security,XmlWinEventLog,5
raw/3854__UKLO-PAW-02__trellix_epo.log,UKLO-PAW-02,trellix:epo,trellix:epo,1
raw/3855__UKLO-PAW-03__XmlWinEventLog.log,UKLO-PAW-03,XmlWinEventLog:Microsoft-Windows-Sysmon/Operational,XmlWinEventLog,3
raw/3856__UKLO-PAW-03__XmlWinEventLog.log,UKLO-PAW-03,XmlWinEventLog:Security,XmlWinEventLog,5
raw/3857__UKLO-PAW-03__ms_defender_eventhub.log,UKLO-PAW-03,ms:defender:eventhub,ms:defender:eventhub,2
raw/3858__UKLO-PAW-04__XmlWinEventLog.log,UKLO-PAW-04,XmlWinEventLog:Microsoft-Windows-Sysmon/Operational,XmlWinEventLog,8
raw/3859__UKLO-PAW-04__XmlWinEventLog.log,UKLO-PAW-04,XmlWinEventLog:Security,XmlWinEventLog,4
raw/3860__UKLO-PAW-04__trellix_epo.log,UKLO-PAW-04,trellix:epo,trellix:epo,1
raw/3861__UKLO-PAW-05__XmlWinEventLog.log,UKLO-PAW-05,XmlWinEventLog:Microsoft-Windows-Sysmon/Operational,XmlWinEventLog,4
raw/3862__UKLO-PAW-05__XmlWinEventLog.log,UKLO-PAW-05,XmlWinEventLog:Security,XmlWinEventLog,3
raw/3863__UKLO-PAW-06__XmlWinEventLog.log,UKLO-PAW-06,XmlWinEventLog:Microsoft-Windows-Sysmon/Operational,XmlWinEventLog,7
raw/3864__UKLO-PAW-06__XmlWinEventLog.log,UKLO-PAW-06,XmlWinEventLog:Security,XmlWinEventLog,2
raw/3865__UKLO-RTR-01__cisco_ios.log,UKLO-RTR-01,cisco:ios,cisco:ios,31
raw/3866__UKLO-RTR-02__juniper.log,UKLO-RTR-02,juniper,juniper,14
raw/3867__UKLO-RTR-02__juniper_junos_firewall.log,UKLO-RTR-02,juniper:junos:firewall,juniper:junos:firewall,11
raw/3868__UKLO-VDI-01__XmlWinEventLog.log,UKLO-VDI-01,XmlWinEventLog:Microsoft-Windows-Sysmon/Operational,XmlWinEventLog,17
raw/3869__UKLO-VDI-01__XmlWinEventLog.log,UKLO-VDI-01,XmlWinEventLog:Security,XmlWinEventLog,4
raw/3870__UKLO-VDI-01__ms_defender_eventhub.log,UKLO-VDI-01,ms:defender:eventhub,ms:defender:eventhub,1
raw/3871__UKLO-VDI-01__sccm_client.log,UKLO-VDI-01,sccm:client,sccm:client,1
raw/3872__UKLO-VDI-02__XmlWinEventLog.log,UKLO-VDI-02,XmlWinEventLog:Microsoft-Windows-Sysmon/Operational,XmlWinEventLog,7
raw/3873__UKLO-VDI-02__XmlWinEventLog.log,UKLO-VDI-02,XmlWinEventLog:Security,XmlWinEventLog,3
raw/3874__UKLO-VDI-02__trellix_epo.log,UKLO-VDI-02,trellix:epo,trellix:epo,1
raw/3875__UKLO-VDI-03__XmlWinEventLog.log,UKLO-VDI-03,XmlWinEventLog:Microsoft-Windows-Sysmon/Operational,XmlWinEventLog,5
raw/3876__UKLO-VDI-03__XmlWinEventLog.log,UKLO-VDI-03,XmlWinEventLog:Security,XmlWinEventLog,6
raw/3877__UKLO-VDI-03__ms_defender_eventhub.log,UKLO-VDI-03,ms:defender:eventhub,ms:defender:eventhub,2
raw/3878__UKLO-WS-0001__XmlWinEventLog.log,UKLO-WS-0001,XmlWinEventLog:Microsoft-Windows-Sysmon/Operational,XmlWinEventLog,11
raw/3879__UKLO-WS-0001__XmlWinEventLog.log,UKLO-WS-0001,XmlWinEventLog:Security,XmlWinEventLog,10
raw/3880__UKLO-WS-0002__XmlWinEventLog.log,UKLO-WS-0002,XmlWinEventLog:Microsoft-Windows-Sysmon/Operational,XmlWinEventLog,14
raw/3881__UKLO-WS-0002__XmlWinEventLog.log,UKLO-WS-0002,XmlWinEventLog:Security,XmlWinEventLog,12
raw/3882__UKLO-WS-0002__trellix_epo.log,UKLO-WS-0002,trellix:epo,trellix:epo,2
raw/3883__UKLO-WS-0003__XmlWinEventLog.log,UKLO-WS-0003,XmlWinEventLog:Microsoft-Windows-Sysmon/Operational,XmlWinEventLog,10
raw/3884__UKLO-WS-0003__XmlWinEventLog.log,UKLO-WS-0003,XmlWinEventLog:Security,XmlWinEventLog,4
raw/3885__UKLO-WS-0003__trellix_epo.log,UKLO-WS-0003,trellix:epo,trellix:epo,1
raw/3886__UKLO-WS-0004__XmlWinEventLog.log,UKLO-WS-0004,XmlWinEventLog:Microsoft-Windows-Sysmon/Operational,XmlWinEventLog,14
raw/3887__UKLO-WS-0004__XmlWinEventLog.log,UKLO-WS-0004,XmlWinEventLog:Security,XmlWinEventLog,12
raw/3888__UKLO-WS-0004__ms_defender_eventhub.log,UKLO-WS-0004,ms:defender:eventhub,ms:defender:eventhub,3
raw/3889__UKLO-WS-0004__trellix_epo.log,UKLO-WS-0004,trellix:epo,trellix:epo,1
raw/3890__UKLO-WS-0005__XmlWinEventLog.log,UKLO-WS-0005,XmlWinEventLog:Microsoft-Windows-Sysmon/Operational,XmlWinEventLog,9
raw/3891__UKLO-WS-0005__XmlWinEventLog.log,UKLO-WS-0005,XmlWinEventLog:Security,XmlWinEventLog,12
raw/3892__UKLO-WS-0005__ms_defender_eventhub.log,UKLO-WS-0005,ms:defender:eventhub,ms:defender:eventhub,1
raw/3893__UKLO-WS-0005__wsus_client.log,UKLO-WS-0005,wsus:client,wsus:client,1
raw/3894__UKLO-WS-0006__XmlWinEventLog.log,UKLO-WS-0006,XmlWinEventLog:Microsoft-Windows-Sysmon/Operational,XmlWinEventLog,8
raw/3895__UKLO-WS-0006__XmlWinEventLog.log,UKLO-WS-0006,XmlWinEventLog:Security,XmlWinEventLog,11
raw/3896__UKLO-WS-0007__XmlWinEventLog.log,UKLO-WS-0007,XmlWinEventLog:Microsoft-Windows-Sysmon/Operational,XmlWinEventLog,6
raw/3897__UKLO-WS-0007__XmlWinEventLog.log,UKLO-WS-0007,XmlWinEventLog:Security,XmlWinEventLog,9
raw/3898__UKLO-WS-0007__sccm_client.log,UKLO-WS-0007,sccm:client,sccm:client,1
raw/3899__UKLO-WS-0008__XmlWinEventLog.log,UKLO-WS-0008,XmlWinEventLog:Microsoft-Windows-Sysmon/Operational,XmlWinEventLog,8
raw/3900__UKLO-WS-0008__XmlWinEventLog.log,UKLO-WS-0008,XmlWinEventLog:Security,XmlWinEventLog,6
raw/3901__UKLO-WS-0008__ms_defender_eventhub.log,UKLO-WS-0008,ms:defender:eventhub,ms:defender:eventhub,1
raw/3902__UKLO-WS-0009__XmlWinEventLog.log,UKLO-WS-0009,XmlWinEventLog:Microsoft-Windows-Sysmon/Operational,XmlWinEventLog,5
raw/3903__UKLO-WS-0009__XmlWinEventLog.log,UKLO-WS-0009,XmlWinEventLog:Security,XmlWinEventLog,8
raw/3904__UKLO-WS-0009__ms_defender_eventhub.log,UKLO-WS-0009,ms:defender:eventhub,ms:defender:eventhub,2
raw/3905__UKLO-WS-0009__wsus_client.log,UKLO-WS-0009,wsus:client,wsus:client,1
raw/3906__UKLO-WS-0010__XmlWinEventLog.log,UKLO-WS-0010,XmlWinEventLog:Microsoft-Windows-Sysmon/Operational,XmlWinEventLog,6
raw/3907__UKLO-WS-0010__XmlWinEventLog.log,UKLO-WS-0010,XmlWinEventLog:Security,XmlWinEventLog,8
raw/3908__UKLO-WS-0010__ms_defender_eventhub.log,UKLO-WS-0010,ms:defender:eventhub,ms:defender:eventhub,1
raw/3909__UKLO-WS-0011__XmlWinEventLog.log,UKLO-WS-0011,XmlWinEventLog:Microsoft-Windows-Sysmon/Operational,XmlWinEventLog,10
raw/3910__UKLO-WS-0011__XmlWinEventLog.log,UKLO-WS-0011,XmlWinEventLog:Security,XmlWinEventLog,9
raw/3911__UKLO-WS-0012__XmlWinEventLog.log,UKLO-WS-0012,XmlWinEventLog:Microsoft-Windows-Sysmon/Operational,XmlWinEventLog,6
raw/3912__UKLO-WS-0012__XmlWinEventLog.log,UKLO-WS-0012,XmlWinEventLog:Security,XmlWinEventLog,8
raw/3913__UKLO-WS-0012__ms_defender_eventhub.log,UKLO-WS-0012,ms:defender:eventhub,ms:defender:eventhub,2
raw/3914__UKLO-WS-0013__XmlWinEventLog.log,UKLO-WS-0013,XmlWinEventLog:Microsoft-Windows-Sysmon/Operational,XmlWinEventLog,16
raw/3915__UKLO-WS-0013__XmlWinEventLog.log,UKLO-WS-0013,XmlWinEventLog:Security,XmlWinEventLog,9
raw/3916__UKLO-WS-0014__XmlWinEventLog.log,UKLO-WS-0014,XmlWinEventLog:Microsoft-Windows-Sysmon/Operational,XmlWinEventLog,6
raw/3917__UKLO-WS-0014__XmlWinEventLog.log,UKLO-WS-0014,XmlWinEventLog:Security,XmlWinEventLog,8
raw/3918__UKLO-WS-0015__XmlWinEventLog.log,UKLO-WS-0015,XmlWinEventLog:Microsoft-Windows-Sysmon/Operational,XmlWinEventLog,3
raw/3919__UKLO-WS-0015__XmlWinEventLog.log,UKLO-WS-0015,XmlWinEventLog:Security,XmlWinEventLog,13
raw/3920__UKLO-WS-0015__wsus_client.log,UKLO-WS-0015,wsus:client,wsus:client,1
raw/3921__UKLO-WS-0016__XmlWinEventLog.log,UKLO-WS-0016,XmlWinEventLog:Microsoft-Windows-Sysmon/Operational,XmlWinEventLog,14
raw/3922__UKLO-WS-0016__XmlWinEventLog.log,UKLO-WS-0016,XmlWinEventLog:Security,XmlWinEventLog,8
raw/3923__UKLO-WS-0016__trellix_epo.log,UKLO-WS-0016,trellix:epo,trellix:epo,1
raw/3924__UKLO-WS-0017__XmlWinEventLog.log,UKLO-WS-0017,XmlWinEventLog:Microsoft-Windows-Sysmon/Operational,XmlWinEventLog,6
raw/3925__UKLO-WS-0017__XmlWinEventLog.log,UKLO-WS-0017,XmlWinEventLog:Security,XmlWinEventLog,14
raw/3926__UKLO-WS-0017__sccm_client.log,UKLO-WS-0017,sccm:client,sccm:client,1
raw/3927__UKLO-WS-0017__wsus_client.log,UKLO-WS-0017,wsus:client,wsus:client,1
raw/3928__UKLO-WS-0018__XmlWinEventLog.log,UKLO-WS-0018,XmlWinEventLog:Microsoft-Windows-Sysmon/Operational,XmlWinEventLog,7
raw/3929__UKLO-WS-0018__XmlWinEventLog.log,UKLO-WS-0018,XmlWinEventLog:Security,XmlWinEventLog,8
raw/3930__UKLO-WS-0018__ms_defender_eventhub.log,UKLO-WS-0018,ms:defender:eventhub,ms:defender:eventhub,1
raw/3931__UKLO-WS-0019__XmlWinEventLog.log,UKLO-WS-0019,XmlWinEventLog:Microsoft-Windows-Sysmon/Operational,XmlWinEventLog,9
raw/3932__UKLO-WS-0019__XmlWinEventLog.log,UKLO-WS-0019,XmlWinEventLog:Security,XmlWinEventLog,11
raw/3933__UKLO-WS-0019__trellix_epo.log,UKLO-WS-0019,trellix:epo,trellix:epo,1
raw/3934__UKLO-WS-0019__wsus_client.log,UKLO-WS-0019,wsus:client,wsus:client,1
raw/3935__UKLO-WS-0020__XmlWinEventLog.log,UKLO-WS-0020,XmlWinEventLog:Microsoft-Windows-Sysmon/Operational,XmlWinEventLog,12
raw/3936__UKLO-WS-0020__XmlWinEventLog.log,UKLO-WS-0020,XmlWinEventLog:Security,XmlWinEventLog,7
raw/3937__UKLO-WS-0021__XmlWinEventLog.log,UKLO-WS-0021,XmlWinEventLog:Microsoft-Windows-Sysmon/Operational,XmlWinEventLog,5
raw/3938__UKLO-WS-0021__XmlWinEventLog.log,UKLO-WS-0021,XmlWinEventLog:Security,XmlWinEventLog,2
raw/3939__UKLO-WS-0021__ms_defender_eventhub.log,UKLO-WS-0021,ms:defender:eventhub,ms:defender:eventhub,2
raw/3940__UKLO-WS-0022__XmlWinEventLog.log,UKLO-WS-0022,XmlWinEventLog:Microsoft-Windows-Sysmon/Operational,XmlWinEventLog,13
raw/3941__UKLO-WS-0022__XmlWinEventLog.log,UKLO-WS-0022,XmlWinEventLog:Security,XmlWinEventLog,7
raw/3942__UKLO-WS-0023__XmlWinEventLog.log,UKLO-WS-0023,XmlWinEventLog:Microsoft-Windows-Sysmon/Operational,XmlWinEventLog,5
raw/3943__UKLO-WS-0023__XmlWinEventLog.log,UKLO-WS-0023,XmlWinEventLog:Security,XmlWinEventLog,7
raw/3944__UKLO-WS-0023__ms_defender_eventhub.log,UKLO-WS-0023,ms:defender:eventhub,ms:defender:eventhub,1
raw/3945__UKLO-WS-0023__sccm_client.log,UKLO-WS-0023,sccm:client,sccm:client,1
raw/3946__UKLO-WS-0023__trellix_epo.log,UKLO-WS-0023,trellix:epo,trellix:epo,1
raw/3947__UKLO-WS-0024__XmlWinEventLog.log,UKLO-WS-0024,XmlWinEventLog:Microsoft-Windows-Sysmon/Operational,XmlWinEventLog,7
raw/3948__UKLO-WS-0024__XmlWinEventLog.log,UKLO-WS-0024,XmlWinEventLog:Security,XmlWinEventLog,10
raw/3949__UKLO-WS-0025__XmlWinEventLog.log,UKLO-WS-0025,XmlWinEventLog:Microsoft-Windows-Sysmon/Operational,XmlWinEventLog,7
raw/3950__UKLO-WS-0025__XmlWinEventLog.log,UKLO-WS-0025,XmlWinEventLog:Security,XmlWinEventLog,9
raw/3951__UKLO-WS-0025__ms_defender_eventhub.log,UKLO-WS-0025,ms:defender:eventhub,ms:defender:eventhub,1
raw/3952__UKLO-WS-0025__trellix_epo.log,UKLO-WS-0025,trellix:epo,trellix:epo,1
raw/3953__UKLO-WS-0026__XmlWinEventLog.log,UKLO-WS-0026,XmlWinEventLog:Microsoft-Windows-Sysmon/Operational,XmlWinEventLog,5
raw/3954__UKLO-WS-0026__XmlWinEventLog.log,UKLO-WS-0026,XmlWinEventLog:Security,XmlWinEventLog,6
raw/3955__UKLO-WS-0026__ms_defender_eventhub.log,UKLO-WS-0026,ms:defender:eventhub,ms:defender:eventhub,1
raw/3956__UKLO-WS-0027__XmlWinEventLog.log,UKLO-WS-0027,XmlWinEventLog:Microsoft-Windows-Sysmon/Operational,XmlWinEventLog,2
raw/3957__UKLO-WS-0027__XmlWinEventLog.log,UKLO-WS-0027,XmlWinEventLog:Security,XmlWinEventLog,6
raw/3958__UKLO-WS-0027__ms_defender_eventhub.log,UKLO-WS-0027,ms:defender:eventhub,ms:defender:eventhub,1
raw/3959__UKLO-WS-0027__trellix_epo.log,UKLO-WS-0027,trellix:epo,trellix:epo,1
raw/3960__UKLO-WS-0027__wsus_client.log,UKLO-WS-0027,wsus:client,wsus:client,1
raw/3961__UKLO-WS-0028__XmlWinEventLog.log,UKLO-WS-0028,XmlWinEventLog:Microsoft-Windows-Sysmon/Operational,XmlWinEventLog,8
raw/3962__UKLO-WS-0028__XmlWinEventLog.log,UKLO-WS-0028,XmlWinEventLog:Security,XmlWinEventLog,2
raw/3963__UKLO-WS-0029__XmlWinEventLog.log,UKLO-WS-0029,XmlWinEventLog:Microsoft-Windows-Sysmon/Operational,XmlWinEventLog,3
raw/3964__UKLO-WS-0029__XmlWinEventLog.log,UKLO-WS-0029,XmlWinEventLog:Security,XmlWinEventLog,8
raw/3965__UKLO-WS-0029__ms_defender_eventhub.log,UKLO-WS-0029,ms:defender:eventhub,ms:defender:eventhub,2
raw/3966__UKLO-WS-0029__trellix_epo.log,UKLO-WS-0029,trellix:epo,trellix:epo,1
raw/3967__UKLO-WS-0030__XmlWinEventLog.log,UKLO-WS-0030,XmlWinEventLog:Microsoft-Windows-Sysmon/Operational,XmlWinEventLog,4
raw/3968__UKLO-WS-0030__XmlWinEventLog.log,UKLO-WS-0030,XmlWinEventLog:Security,XmlWinEventLog,3
raw/3969__UKLO-WS-0030__ms_defender_eventhub.log,UKLO-WS-0030,ms:defender:eventhub,ms:defender:eventhub,1
raw/3970__UKLO-WS-0030__sccm_client.log,UKLO-WS-0030,sccm:client,sccm:client,2
raw/3971__UKLO-WS-0031__XmlWinEventLog.log,UKLO-WS-0031,XmlWinEventLog:Microsoft-Windows-Sysmon/Operational,XmlWinEventLog,2
raw/3972__UKLO-WS-0031__wsus_client.log,UKLO-WS-0031,wsus:client,wsus:client,1
raw/3973__UKLO-WS-0032__XmlWinEventLog.log,UKLO-WS-0032,XmlWinEventLog:Microsoft-Windows-Sysmon/Operational,XmlWinEventLog,3
raw/3974__UKLO-WS-0032__XmlWinEventLog.log,UKLO-WS-0032,XmlWinEventLog:Security,XmlWinEventLog,4
raw/3975__UKLO-WS-0032__ms_defender_eventhub.log,UKLO-WS-0032,ms:defender:eventhub,ms:defender:eventhub,2
raw/3976__UKLO-WS-0032__trellix_epo.log,UKLO-WS-0032,trellix:epo,trellix:epo,2
raw/3977__UKLO-WS-0033__XmlWinEventLog.log,UKLO-WS-0033,XmlWinEventLog:Microsoft-Windows-Sysmon/Operational,XmlWinEventLog,5
raw/3978__UKLO-WS-0033__XmlWinEventLog.log,UKLO-WS-0033,XmlWinEventLog:Security,XmlWinEventLog,2
raw/3979__UKLO-WS-0033__ms_defender_eventhub.log,UKLO-WS-0033,ms:defender:eventhub,ms:defender:eventhub,1
raw/3980__UKLO-WS-0034__XmlWinEventLog.log,UKLO-WS-0034,XmlWinEventLog:Microsoft-Windows-Sysmon/Operational,XmlWinEventLog,6
raw/3981__UKLO-WS-0034__XmlWinEventLog.log,UKLO-WS-0034,XmlWinEventLog:Security,XmlWinEventLog,6
raw/3982__UKLO-WS-0034__ms_defender_eventhub.log,UKLO-WS-0034,ms:defender:eventhub,ms:defender:eventhub,1
raw/3983__UKLO-WS-0034__sccm_client.log,UKLO-WS-0034,sccm:client,sccm:client,1
raw/3984__UKLO-WS-0035__XmlWinEventLog.log,UKLO-WS-0035,XmlWinEventLog:Microsoft-Windows-Sysmon/Operational,XmlWinEventLog,8
raw/3985__UKLO-WS-0035__XmlWinEventLog.log,UKLO-WS-0035,XmlWinEventLog:Security,XmlWinEventLog,5
raw/3986__UKLO-WS-0035__wsus_client.log,UKLO-WS-0035,wsus:client,wsus:client,2
raw/3987__UKLO-WS-0036__XmlWinEventLog.log,UKLO-WS-0036,XmlWinEventLog:Microsoft-Windows-Sysmon/Operational,XmlWinEventLog,6
raw/3988__UKLO-WS-0036__XmlWinEventLog.log,UKLO-WS-0036,XmlWinEventLog:Security,XmlWinEventLog,3
raw/3989__UKLO-WS-0036__ms_defender_eventhub.log,UKLO-WS-0036,ms:defender:eventhub,ms:defender:eventhub,1
raw/3990__UKLO-WS-0037__XmlWinEventLog.log,UKLO-WS-0037,XmlWinEventLog:Microsoft-Windows-Sysmon/Operational,XmlWinEventLog,5
raw/3991__UKLO-WS-0037__XmlWinEventLog.log,UKLO-WS-0037,XmlWinEventLog:Security,XmlWinEventLog,4
raw/3992__UKLO-WS-0037__ms_defender_eventhub.log,UKLO-WS-0037,ms:defender:eventhub,ms:defender:eventhub,2
raw/3993__UKLO-WS-0037__wsus_client.log,UKLO-WS-0037,wsus:client,wsus:client,1
raw/3994__UKLO-WS-0038__XmlWinEventLog.log,UKLO-WS-0038,XmlWinEventLog:Microsoft-Windows-Sysmon/Operational,XmlWinEventLog,7
raw/3995__UKLO-WS-0038__XmlWinEventLog.log,UKLO-WS-0038,XmlWinEventLog:Security,XmlWinEventLog,4
raw/3996__UKLO-WS-0039__XmlWinEventLog.log,UKLO-WS-0039,XmlWinEventLog:Microsoft-Windows-Sysmon/Operational,XmlWinEventLog,4
raw/3997__UKLO-WS-0039__XmlWinEventLog.log,UKLO-WS-0039,XmlWinEventLog:Security,XmlWinEventLog,6
raw/3998__UKLO-WS-0040__XmlWinEventLog.log,UKLO-WS-0040,XmlWinEventLog:Microsoft-Windows-Sysmon/Operational,XmlWinEventLog,4
raw/3999__UKLO-WS-0040__XmlWinEventLog.log,UKLO-WS-0040,XmlWinEventLog:Security,XmlWinEventLog,6
raw/4000__UKLO-WS-0041__XmlWinEventLog.log,UKLO-WS-0041,XmlWinEventLog:Microsoft-Windows-Sysmon/Operational,XmlWinEventLog,6
raw/4001__UKLO-WS-0041__XmlWinEventLog.log,UKLO-WS-0041,XmlWinEventLog:Security,XmlWinEventLog,5
raw/4002__UKLO-WS-0041__trellix_epo.log,UKLO-WS-0041,trellix:epo,trellix:epo,2
raw/4003__UKLO-WS-0042__XmlWinEventLog.log,UKLO-WS-0042,XmlWinEventLog:Microsoft-Windows-Sysmon/Operational,XmlWinEventLog,3
raw/4004__UKLO-WS-0042__XmlWinEventLog.log,UKLO-WS-0042,XmlWinEventLog:Security,XmlWinEventLog,1
raw/4005__UKLO-WS-0042__trellix_epo.log,UKLO-WS-0042,trellix:epo,trellix:epo,1
raw/4006__UKLO-WS-0043__XmlWinEventLog.log,UKLO-WS-0043,XmlWinEventLog:Microsoft-Windows-Sysmon/Operational,XmlWinEventLog,11
raw/4007__UKLO-WS-0043__XmlWinEventLog.log,UKLO-WS-0043,XmlWinEventLog:Security,XmlWinEventLog,2
raw/4008__UKLO-WS-0043__trellix_epo.log,UKLO-WS-0043,trellix:epo,trellix:epo,1
raw/4009__UKLO-WS-0044__XmlWinEventLog.log,UKLO-WS-0044,XmlWinEventLog:Microsoft-Windows-Sysmon/Operational,XmlWinEventLog,3
raw/4010__UKLO-WS-0044__XmlWinEventLog.log,UKLO-WS-0044,XmlWinEventLog:Security,XmlWinEventLog,2
raw/4011__UKLO-WS-0044__wsus_client.log,UKLO-WS-0044,wsus:client,wsus:client,1
raw/4012__UKLO-WS-0045__XmlWinEventLog.log,UKLO-WS-0045,XmlWinEventLog:Microsoft-Windows-Sysmon/Operational,XmlWinEventLog,5
raw/4013__UKLO-WS-0045__XmlWinEventLog.log,UKLO-WS-0045,XmlWinEventLog:Security,XmlWinEventLog,2
raw/4014__UKLO-WS-0045__wsus_client.log,UKLO-WS-0045,wsus:client,wsus:client,1
raw/4015__UKLO-WS-0046__XmlWinEventLog.log,UKLO-WS-0046,XmlWinEventLog:Microsoft-Windows-Sysmon/Operational,XmlWinEventLog,2
raw/4016__UKLO-WS-0046__XmlWinEventLog.log,UKLO-WS-0046,XmlWinEventLog:Security,XmlWinEventLog,4
raw/4017__UKLO-WS-0047__XmlWinEventLog.log,UKLO-WS-0047,XmlWinEventLog:Microsoft-Windows-Sysmon/Operational,XmlWinEventLog,7
raw/4018__UKLO-WS-0047__XmlWinEventLog.log,UKLO-WS-0047,XmlWinEventLog:Security,XmlWinEventLog,4
raw/4019__UKLO-WS-0048__XmlWinEventLog.log,UKLO-WS-0048,XmlWinEventLog:Microsoft-Windows-Sysmon/Operational,XmlWinEventLog,3
raw/4020__UKLO-WS-0048__XmlWinEventLog.log,UKLO-WS-0048,XmlWinEventLog:Security,XmlWinEventLog,5
raw/4021__UKLO-WS-0048__sccm_client.log,UKLO-WS-0048,sccm:client,sccm:client,1
raw/4022__UKLO-WS-0048__trellix_epo.log,UKLO-WS-0048,trellix:epo,trellix:epo,1
raw/4023__UKLO-WS-0049__XmlWinEventLog.log,UKLO-WS-0049,XmlWinEventLog:Microsoft-Windows-Sysmon/Operational,XmlWinEventLog,3
raw/4024__UKLO-WS-0049__XmlWinEventLog.log,UKLO-WS-0049,XmlWinEventLog:Security,XmlWinEventLog,6
raw/4025__UKLO-WS-0049__ms_defender_eventhub.log,UKLO-WS-0049,ms:defender:eventhub,ms:defender:eventhub,1
raw/4026__UKLO-WS-0049__sccm_client.log,UKLO-WS-0049,sccm:client,sccm:client,1
raw/4027__UKLO-WS-0049__trellix_epo.log,UKLO-WS-0049,trellix:epo,trellix:epo,1
raw/4028__UKLO-WS-0049__wsus_client.log,UKLO-WS-0049,wsus:client,wsus:client,1
raw/4029__UKLO-WS-0050__XmlWinEventLog.log,UKLO-WS-0050,XmlWinEventLog:Microsoft-Windows-Sysmon/Operational,XmlWinEventLog,5
raw/4030__UKLO-WS-0050__XmlWinEventLog.log,UKLO-WS-0050,XmlWinEventLog:Security,XmlWinEventLog,8
raw/4031__UKLO-WS-0050__ms_defender_eventhub.log,UKLO-WS-0050,ms:defender:eventhub,ms:defender:eventhub,1
raw/4032__UKLO-WS-0050__wsus_client.log,UKLO-WS-0050,wsus:client,wsus:client,1
raw/4033__UKLO-WS-0051__XmlWinEventLog.log,UKLO-WS-0051,XmlWinEventLog:Microsoft-Windows-Sysmon/Operational,XmlWinEventLog,8
raw/4034__UKLO-WS-0051__XmlWinEventLog.log,UKLO-WS-0051,XmlWinEventLog:Security,XmlWinEventLog,6
raw/4035__UKLO-WS-0051__ms_defender_eventhub.log,UKLO-WS-0051,ms:defender:eventhub,ms:defender:eventhub,1
raw/4036__UKLO-WS-0051__trellix_epo.log,UKLO-WS-0051,trellix:epo,trellix:epo,2
raw/4037__UKLO-WS-0052__XmlWinEventLog.log,UKLO-WS-0052,XmlWinEventLog:Microsoft-Windows-Sysmon/Operational,XmlWinEventLog,4
raw/4038__UKLO-WS-0052__XmlWinEventLog.log,UKLO-WS-0052,XmlWinEventLog:Security,XmlWinEventLog,5
raw/4039__UKLO-WS-0052__wsus_client.log,UKLO-WS-0052,wsus:client,wsus:client,1
raw/4040__UKLO-WS-0053__XmlWinEventLog.log,UKLO-WS-0053,XmlWinEventLog:Microsoft-Windows-Sysmon/Operational,XmlWinEventLog,9
raw/4041__UKLO-WS-0053__XmlWinEventLog.log,UKLO-WS-0053,XmlWinEventLog:Security,XmlWinEventLog,9
raw/4042__UKLO-WS-0053__ms_defender_eventhub.log,UKLO-WS-0053,ms:defender:eventhub,ms:defender:eventhub,2
raw/4043__UKLO-WS-0054__XmlWinEventLog.log,UKLO-WS-0054,XmlWinEventLog:Microsoft-Windows-Sysmon/Operational,XmlWinEventLog,3
raw/4044__UKLO-WS-0054__XmlWinEventLog.log,UKLO-WS-0054,XmlWinEventLog:Security,XmlWinEventLog,9
raw/4045__UKLO-WS-0054__wsus_client.log,UKLO-WS-0054,wsus:client,wsus:client,1
raw/4046__UKLO-WS-0055__XmlWinEventLog.log,UKLO-WS-0055,XmlWinEventLog:Microsoft-Windows-Sysmon/Operational,XmlWinEventLog,3
raw/4047__UKLO-WS-0055__XmlWinEventLog.log,UKLO-WS-0055,XmlWinEventLog:Security,XmlWinEventLog,4
raw/4048__UKLO-WS-0055__trellix_epo.log,UKLO-WS-0055,trellix:epo,trellix:epo,1
raw/4049__UKLO-WS-0056__XmlWinEventLog.log,UKLO-WS-0056,XmlWinEventLog:Microsoft-Windows-Sysmon/Operational,XmlWinEventLog,2
raw/4050__UKLO-WS-0056__XmlWinEventLog.log,UKLO-WS-0056,XmlWinEventLog:Security,XmlWinEventLog,4
raw/4051__UKLO-WS-0056__ms_defender_eventhub.log,UKLO-WS-0056,ms:defender:eventhub,ms:defender:eventhub,2
raw/4052__UKLO-WS-0056__sccm_client.log,UKLO-WS-0056,sccm:client,sccm:client,1
raw/4053__UKLO-WS-0056__trellix_epo.log,UKLO-WS-0056,trellix:epo,trellix:epo,3
raw/4054__UKLO-WS-0057__XmlWinEventLog.log,UKLO-WS-0057,XmlWinEventLog:Microsoft-Windows-Sysmon/Operational,XmlWinEventLog,9
raw/4055__UKLO-WS-0057__XmlWinEventLog.log,UKLO-WS-0057,XmlWinEventLog:Security,XmlWinEventLog,2
raw/4056__UKLO-WS-0057__trellix_epo.log,UKLO-WS-0057,trellix:epo,trellix:epo,1
raw/4057__UKLO-WS-0057__wsus_client.log,UKLO-WS-0057,wsus:client,wsus:client,1
raw/4058__UKLO-WS-0058__XmlWinEventLog.log,UKLO-WS-0058,XmlWinEventLog:Microsoft-Windows-Sysmon/Operational,XmlWinEventLog,5
raw/4059__UKLO-WS-0058__XmlWinEventLog.log,UKLO-WS-0058,XmlWinEventLog:Security,XmlWinEventLog,4
raw/4060__UKLO-WS-0058__ms_defender_eventhub.log,UKLO-WS-0058,ms:defender:eventhub,ms:defender:eventhub,2
raw/4061__UKLO-WS-0058__trellix_epo.log,UKLO-WS-0058,trellix:epo,trellix:epo,1
raw/4062__UKLO-WS-0058__wsus_client.log,UKLO-WS-0058,wsus:client,wsus:client,1
raw/4063__UKLO-WS-0059__XmlWinEventLog.log,UKLO-WS-0059,XmlWinEventLog:Microsoft-Windows-Sysmon/Operational,XmlWinEventLog,4
raw/4064__UKLO-WS-0059__XmlWinEventLog.log,UKLO-WS-0059,XmlWinEventLog:Security,XmlWinEventLog,5
raw/4065__UKLO-WS-0059__ms_defender_eventhub.log,UKLO-WS-0059,ms:defender:eventhub,ms:defender:eventhub,1
raw/4066__UKLO-WS-0059__trellix_epo.log,UKLO-WS-0059,trellix:epo,trellix:epo,2
raw/4067__UKLO-WS-0059__wsus_client.log,UKLO-WS-0059,wsus:client,wsus:client,1
raw/4068__UKLO-WS-0060__XmlWinEventLog.log,UKLO-WS-0060,XmlWinEventLog:Microsoft-Windows-Sysmon/Operational,XmlWinEventLog,7
raw/4069__UKLO-WS-0060__XmlWinEventLog.log,UKLO-WS-0060,XmlWinEventLog:Security,XmlWinEventLog,4
raw/4070__UKLO-WS-0061__XmlWinEventLog.log,UKLO-WS-0061,XmlWinEventLog:Microsoft-Windows-Sysmon/Operational,XmlWinEventLog,3
raw/4071__UKLO-WS-0061__XmlWinEventLog.log,UKLO-WS-0061,XmlWinEventLog:Security,XmlWinEventLog,6
raw/4072__UKLO-WS-0062__XmlWinEventLog.log,UKLO-WS-0062,XmlWinEventLog:Microsoft-Windows-Sysmon/Operational,XmlWinEventLog,3
raw/4073__UKLO-WS-0062__XmlWinEventLog.log,UKLO-WS-0062,XmlWinEventLog:Security,XmlWinEventLog,7
raw/4074__UKLO-WS-0062__ms_defender_eventhub.log,UKLO-WS-0062,ms:defender:eventhub,ms:defender:eventhub,1
raw/4075__UKLO-WS-0063__XmlWinEventLog.log,UKLO-WS-0063,XmlWinEventLog:Microsoft-Windows-Sysmon/Operational,XmlWinEventLog,8
raw/4076__UKLO-WS-0063__XmlWinEventLog.log,UKLO-WS-0063,XmlWinEventLog:Security,XmlWinEventLog,5
raw/4077__UKLO-WS-0064__XmlWinEventLog.log,UKLO-WS-0064,XmlWinEventLog:Microsoft-Windows-Sysmon/Operational,XmlWinEventLog,4
raw/4078__UKLO-WS-0064__XmlWinEventLog.log,UKLO-WS-0064,XmlWinEventLog:Security,XmlWinEventLog,6
raw/4079__UKLO-ZEEK-01__bro_conn_json.log,UKLO-ZEEK-01,zeek:conn,bro:conn:json,824
raw/4080__UKLO-ZEEK-01__bro_dce_rpc_json.log,UKLO-ZEEK-01,zeek:dce_rpc,bro:dce_rpc:json,75
raw/4081__UKLO-ZEEK-01__bro_dns_json.log,UKLO-ZEEK-01,zeek:dns,bro:dns:json,380
raw/4082__UKLO-ZEEK-01__bro_http_json.log,UKLO-ZEEK-01,zeek:http,bro:http:json,197
raw/4083__UKLO-ZEEK-01__bro_smb_files_json.log,UKLO-ZEEK-01,zeek:smb_files,bro:smb_files:json,85
raw/4084__UKLO-ZEEK-01__bro_ssl_json.log,UKLO-ZEEK-01,zeek:ssl,bro:ssl:json,308
raw/4085__USCA-APP-01__XmlWinEventLog.log,USCA-APP-01,XmlWinEventLog:Microsoft-Windows-Sysmon/Operational,XmlWinEventLog,6
raw/4086__USCA-APP-01__XmlWinEventLog.log,USCA-APP-01,XmlWinEventLog:Security,XmlWinEventLog,2
raw/4087__USCA-APP-01__ms_defender_eventhub.log,USCA-APP-01,ms:defender:eventhub,ms:defender:eventhub,3
raw/4088__USCA-APP-01__sccm_client.log,USCA-APP-01,sccm:client,sccm:client,2
raw/4089__USCA-APP-02__XmlWinEventLog.log,USCA-APP-02,XmlWinEventLog:Microsoft-Windows-Sysmon/Operational,XmlWinEventLog,7
raw/4090__USCA-APP-02__XmlWinEventLog.log,USCA-APP-02,XmlWinEventLog:Security,XmlWinEventLog,3
raw/4091__USCA-APP-03__XmlWinEventLog.log,USCA-APP-03,XmlWinEventLog:Microsoft-Windows-Sysmon/Operational,XmlWinEventLog,5
raw/4092__USCA-APP-03__XmlWinEventLog.log,USCA-APP-03,XmlWinEventLog:Security,XmlWinEventLog,5
raw/4093__USCA-APP-03__trellix_epo.log,USCA-APP-03,trellix:epo,trellix:epo,1
raw/4094__USCA-APP-04__XmlWinEventLog.log,USCA-APP-04,XmlWinEventLog:Microsoft-Windows-Sysmon/Operational,XmlWinEventLog,4
raw/4095__USCA-APP-04__XmlWinEventLog.log,USCA-APP-04,XmlWinEventLog:Security,XmlWinEventLog,4
raw/4096__USCA-APP-05__XmlWinEventLog.log,USCA-APP-05,XmlWinEventLog:Microsoft-Windows-Sysmon/Operational,XmlWinEventLog,8
raw/4097__USCA-APP-05__XmlWinEventLog.log,USCA-APP-05,XmlWinEventLog:Security,XmlWinEventLog,8
raw/4098__USCA-APP-05__ms_defender_eventhub.log,USCA-APP-05,ms:defender:eventhub,ms:defender:eventhub,6
raw/4099__USCA-APP-06__XmlWinEventLog.log,USCA-APP-06,XmlWinEventLog:Microsoft-Windows-Sysmon/Operational,XmlWinEventLog,4
raw/4100__USCA-APP-06__XmlWinEventLog.log,USCA-APP-06,XmlWinEventLog:Security,XmlWinEventLog,2
raw/4101__USCA-APP-06__sccm_client.log,USCA-APP-06,sccm:client,sccm:client,1
raw/4102__USCA-APP-07__XmlWinEventLog.log,USCA-APP-07,XmlWinEventLog:Microsoft-Windows-Sysmon/Operational,XmlWinEventLog,8
raw/4103__USCA-APP-07__XmlWinEventLog.log,USCA-APP-07,XmlWinEventLog:Security,XmlWinEventLog,4
raw/4104__USCA-APP-07__ms_defender_eventhub.log,USCA-APP-07,ms:defender:eventhub,ms:defender:eventhub,4
raw/4105__USCA-APP-08__XmlWinEventLog.log,USCA-APP-08,XmlWinEventLog:Microsoft-Windows-Sysmon/Operational,XmlWinEventLog,4
raw/4106__USCA-APP-08__XmlWinEventLog.log,USCA-APP-08,XmlWinEventLog:Security,XmlWinEventLog,5
raw/4107__USCA-APP-08__ms_defender_eventhub.log,USCA-APP-08,ms:defender:eventhub,ms:defender:eventhub,1
raw/4108__USCA-DC-01__XmlWinEventLog.log,USCA-DC-01,XmlWinEventLog:Security,XmlWinEventLog,106
raw/4109__USCA-FS-01__XmlWinEventLog.log,USCA-FS-01,XmlWinEventLog:Microsoft-Windows-Sysmon/Operational,XmlWinEventLog,6
raw/4110__USCA-FS-01__XmlWinEventLog.log,USCA-FS-01,XmlWinEventLog:Security,XmlWinEventLog,7
raw/4111__USCA-FS-01__ms_defender_eventhub.log,USCA-FS-01,ms:defender:eventhub,ms:defender:eventhub,1
raw/4112__USCA-FS-01__wsus_client.log,USCA-FS-01,wsus:client,wsus:client,1
raw/4113__USCA-FS-02__XmlWinEventLog.log,USCA-FS-02,XmlWinEventLog:Microsoft-Windows-Sysmon/Operational,XmlWinEventLog,8
raw/4114__USCA-FS-02__XmlWinEventLog.log,USCA-FS-02,XmlWinEventLog:Security,XmlWinEventLog,4
raw/4115__USCA-FS-02__ms_defender_eventhub.log,USCA-FS-02,ms:defender:eventhub,ms:defender:eventhub,1
raw/4116__USCA-FS-02__wsus_client.log,USCA-FS-02,wsus:client,wsus:client,1
raw/4117__USCA-FS-03__XmlWinEventLog.log,USCA-FS-03,XmlWinEventLog:Microsoft-Windows-Sysmon/Operational,XmlWinEventLog,7
raw/4118__USCA-FS-03__XmlWinEventLog.log,USCA-FS-03,XmlWinEventLog:Security,XmlWinEventLog,3
raw/4119__USCA-FS-03__sccm_client.log,USCA-FS-03,sccm:client,sccm:client,1
raw/4120__USCA-FS-04__XmlWinEventLog.log,USCA-FS-04,XmlWinEventLog:Microsoft-Windows-Sysmon/Operational,XmlWinEventLog,7
raw/4121__USCA-FS-04__XmlWinEventLog.log,USCA-FS-04,XmlWinEventLog:Security,XmlWinEventLog,5
raw/4122__USCA-FS-04__ms_defender_eventhub.log,USCA-FS-04,ms:defender:eventhub,ms:defender:eventhub,1
raw/4123__USCA-FS-04__sccm_client.log,USCA-FS-04,sccm:client,sccm:client,1
raw/4124__USCA-FW-01__pan_traffic.log,USCA-FW-01,pan:traffic,pan:traffic,85
raw/4125__USCA-FW-02__fortigate_traffic.log,USCA-FW-02,fortigate_traffic,fortigate_traffic,103
raw/4126__USCA-FW-03__cisco_asa.log,USCA-FW-03,cisco:asa,cisco:asa,93
raw/4127__USCA-JUMP-01__XmlWinEventLog.log,USCA-JUMP-01,XmlWinEventLog:Microsoft-Windows-Sysmon/Operational,XmlWinEventLog,7
raw/4128__USCA-JUMP-01__XmlWinEventLog.log,USCA-JUMP-01,XmlWinEventLog:Security,XmlWinEventLog,2
raw/4129__USCA-JUMP-01__sccm_client.log,USCA-JUMP-01,sccm:client,sccm:client,1
raw/4130__USCA-JUMP-01__trellix_epo.log,USCA-JUMP-01,trellix:epo,trellix:epo,1
raw/4131__USCA-JUMP-02__XmlWinEventLog.log,USCA-JUMP-02,XmlWinEventLog:Microsoft-Windows-Sysmon/Operational,XmlWinEventLog,5
raw/4132__USCA-JUMP-02__XmlWinEventLog.log,USCA-JUMP-02,XmlWinEventLog:Security,XmlWinEventLog,5
raw/4133__USCA-JUMP-02__ms_defender_eventhub.log,USCA-JUMP-02,ms:defender:eventhub,ms:defender:eventhub,2
raw/4134__USCA-JUMP-02__sccm_client.log,USCA-JUMP-02,sccm:client,sccm:client,1
raw/4135__USCA-JUMP-02__wsus_client.log,USCA-JUMP-02,wsus:client,wsus:client,1
raw/4136__USCA-JUMP-03__XmlWinEventLog.log,USCA-JUMP-03,XmlWinEventLog:Microsoft-Windows-Sysmon/Operational,XmlWinEventLog,5
raw/4137__USCA-JUMP-03__XmlWinEventLog.log,USCA-JUMP-03,XmlWinEventLog:Security,XmlWinEventLog,7
raw/4138__USCA-JUMP-03__ms_defender_eventhub.log,USCA-JUMP-03,ms:defender:eventhub,ms:defender:eventhub,1
raw/4139__USCA-LNX-01__linux_audit.log,USCA-LNX-01,/var/log/audit/audit.log,linux_audit,56
raw/4140__USCA-LNX-01__linux_secure.log,USCA-LNX-01,/var/log/secure,linux_secure,17
raw/4141__USCA-LNX-01__syslog.log,USCA-LNX-01,/var/log/syslog,syslog,24
raw/4142__USCA-LNX-01__ms_defender_eventhub.log,USCA-LNX-01,ms:defender:eventhub,ms:defender:eventhub,2
raw/4143__USCA-LNX-02__linux_audit.log,USCA-LNX-02,/var/log/audit/audit.log,linux_audit,70
raw/4144__USCA-LNX-02__linux_secure.log,USCA-LNX-02,/var/log/secure,linux_secure,13
raw/4145__USCA-LNX-02__syslog.log,USCA-LNX-02,/var/log/syslog,syslog,26
raw/4146__USCA-LNX-02__ms_defender_eventhub.log,USCA-LNX-02,ms:defender:eventhub,ms:defender:eventhub,1
raw/4147__USCA-LNX-03__linux_audit.log,USCA-LNX-03,/var/log/audit/audit.log,linux_audit,96
raw/4148__USCA-LNX-03__linux_secure.log,USCA-LNX-03,/var/log/secure,linux_secure,22
raw/4149__USCA-LNX-03__syslog.log,USCA-LNX-03,/var/log/syslog,syslog,32
raw/4150__USCA-LNX-03__trellix_epo.log,USCA-LNX-03,trellix:epo,trellix:epo,1
raw/4151__USCA-LNX-04__linux_audit.log,USCA-LNX-04,/var/log/audit/audit.log,linux_audit,94
raw/4152__USCA-LNX-04__linux_secure.log,USCA-LNX-04,/var/log/secure,linux_secure,18
raw/4153__USCA-LNX-04__syslog.log,USCA-LNX-04,/var/log/syslog,syslog,20
raw/4154__USCA-LNX-04__ms_defender_eventhub.log,USCA-LNX-04,ms:defender:eventhub,ms:defender:eventhub,2
raw/4155__USCA-LNX-05__linux_audit.log,USCA-LNX-05,/var/log/audit/audit.log,linux_audit,73
raw/4156__USCA-LNX-05__linux_secure.log,USCA-LNX-05,/var/log/secure,linux_secure,14
raw/4157__USCA-LNX-05__syslog.log,USCA-LNX-05,/var/log/syslog,syslog,25
raw/4158__USCA-LNX-05__ms_defender_eventhub.log,USCA-LNX-05,ms:defender:eventhub,ms:defender:eventhub,1
raw/4159__USCA-LNX-06__linux_audit.log,USCA-LNX-06,/var/log/audit/audit.log,linux_audit,85
raw/4160__USCA-LNX-06__linux_secure.log,USCA-LNX-06,/var/log/secure,linux_secure,17
raw/4161__USCA-LNX-06__syslog.log,USCA-LNX-06,/var/log/syslog,syslog,13
raw/4162__USCA-LNX-07__linux_audit.log,USCA-LNX-07,/var/log/audit/audit.log,linux_audit,63
raw/4163__USCA-LNX-07__linux_secure.log,USCA-LNX-07,/var/log/secure,linux_secure,14
raw/4164__USCA-LNX-07__syslog.log,USCA-LNX-07,/var/log/syslog,syslog,17
raw/4165__USCA-LNX-08__linux_audit.log,USCA-LNX-08,/var/log/audit/audit.log,linux_audit,91
raw/4166__USCA-LNX-08__linux_secure.log,USCA-LNX-08,/var/log/secure,linux_secure,15
raw/4167__USCA-LNX-08__syslog.log,USCA-LNX-08,/var/log/syslog,syslog,27
raw/4168__USCA-LNX-08__ms_defender_eventhub.log,USCA-LNX-08,ms:defender:eventhub,ms:defender:eventhub,2
raw/4169__USCA-PACS-01__pacs_access.log,USCA-PACS-01,pacs:access,pacs:access,107
raw/4170__USCA-PAW-01__XmlWinEventLog.log,USCA-PAW-01,XmlWinEventLog:Microsoft-Windows-Sysmon/Operational,XmlWinEventLog,3
raw/4171__USCA-PAW-01__XmlWinEventLog.log,USCA-PAW-01,XmlWinEventLog:Security,XmlWinEventLog,3
raw/4172__USCA-PAW-01__ms_defender_eventhub.log,USCA-PAW-01,ms:defender:eventhub,ms:defender:eventhub,2
raw/4173__USCA-PAW-02__XmlWinEventLog.log,USCA-PAW-02,XmlWinEventLog:Microsoft-Windows-Sysmon/Operational,XmlWinEventLog,5
raw/4174__USCA-PAW-02__XmlWinEventLog.log,USCA-PAW-02,XmlWinEventLog:Security,XmlWinEventLog,1
raw/4175__USCA-PAW-03__XmlWinEventLog.log,USCA-PAW-03,XmlWinEventLog:Microsoft-Windows-Sysmon/Operational,XmlWinEventLog,4
raw/4176__USCA-PAW-03__XmlWinEventLog.log,USCA-PAW-03,XmlWinEventLog:Security,XmlWinEventLog,4
raw/4177__USCA-PAW-03__ms_defender_eventhub.log,USCA-PAW-03,ms:defender:eventhub,ms:defender:eventhub,1
raw/4178__USCA-PAW-03__trellix_epo.log,USCA-PAW-03,trellix:epo,trellix:epo,1
raw/4179__USCA-PAW-04__XmlWinEventLog.log,USCA-PAW-04,XmlWinEventLog:Microsoft-Windows-Sysmon/Operational,XmlWinEventLog,3
raw/4180__USCA-PAW-04__XmlWinEventLog.log,USCA-PAW-04,XmlWinEventLog:Security,XmlWinEventLog,7
raw/4181__USCA-PAW-04__sccm_client.log,USCA-PAW-04,sccm:client,sccm:client,2
raw/4182__USCA-PAW-04__wsus_client.log,USCA-PAW-04,wsus:client,wsus:client,1
raw/4183__USCA-PAW-05__XmlWinEventLog.log,USCA-PAW-05,XmlWinEventLog:Microsoft-Windows-Sysmon/Operational,XmlWinEventLog,5
raw/4184__USCA-PAW-05__XmlWinEventLog.log,USCA-PAW-05,XmlWinEventLog:Security,XmlWinEventLog,6
raw/4185__USCA-PAW-05__ms_defender_eventhub.log,USCA-PAW-05,ms:defender:eventhub,ms:defender:eventhub,1
raw/4186__USCA-PAW-05__trellix_epo.log,USCA-PAW-05,trellix:epo,trellix:epo,1
raw/4187__USCA-PAW-05__wsus_client.log,USCA-PAW-05,wsus:client,wsus:client,1
raw/4188__USCA-PAW-06__XmlWinEventLog.log,USCA-PAW-06,XmlWinEventLog:Microsoft-Windows-Sysmon/Operational,XmlWinEventLog,7
raw/4189__USCA-PAW-06__XmlWinEventLog.log,USCA-PAW-06,XmlWinEventLog:Security,XmlWinEventLog,4
raw/4190__USCA-RTR-01__cisco_ios.log,USCA-RTR-01,cisco:ios,cisco:ios,33
raw/4191__USCA-RTR-02__juniper.log,USCA-RTR-02,juniper,juniper,16
raw/4192__USCA-RTR-02__juniper_junos_firewall.log,USCA-RTR-02,juniper:junos:firewall,juniper:junos:firewall,10
raw/4193__USCA-VDI-01__XmlWinEventLog.log,USCA-VDI-01,XmlWinEventLog:Microsoft-Windows-Sysmon/Operational,XmlWinEventLog,1
raw/4194__USCA-VDI-01__XmlWinEventLog.log,USCA-VDI-01,XmlWinEventLog:Security,XmlWinEventLog,4
raw/4195__USCA-VDI-02__XmlWinEventLog.log,USCA-VDI-02,XmlWinEventLog:Microsoft-Windows-Sysmon/Operational,XmlWinEventLog,7
raw/4196__USCA-VDI-02__XmlWinEventLog.log,USCA-VDI-02,XmlWinEventLog:Security,XmlWinEventLog,4
raw/4197__USCA-VDI-02__trellix_epo.log,USCA-VDI-02,trellix:epo,trellix:epo,1
raw/4198__USCA-VDI-02__wsus_client.log,USCA-VDI-02,wsus:client,wsus:client,1
raw/4199__USCA-VDI-03__XmlWinEventLog.log,USCA-VDI-03,XmlWinEventLog:Microsoft-Windows-Sysmon/Operational,XmlWinEventLog,5
raw/4200__USCA-VDI-03__XmlWinEventLog.log,USCA-VDI-03,XmlWinEventLog:Security,XmlWinEventLog,3
raw/4201__USCA-VDI-03__ms_defender_eventhub.log,USCA-VDI-03,ms:defender:eventhub,ms:defender:eventhub,2
raw/4202__USCA-VDI-03__sccm_client.log,USCA-VDI-03,sccm:client,sccm:client,1
raw/4203__USCA-VDI-03__trellix_epo.log,USCA-VDI-03,trellix:epo,trellix:epo,1
raw/4204__USCA-VDI-03__wsus_client.log,USCA-VDI-03,wsus:client,wsus:client,1
raw/4205__USCA-WS-0001__XmlWinEventLog.log,USCA-WS-0001,XmlWinEventLog:Microsoft-Windows-Sysmon/Operational,XmlWinEventLog,9
raw/4206__USCA-WS-0001__XmlWinEventLog.log,USCA-WS-0001,XmlWinEventLog:Security,XmlWinEventLog,8
raw/4207__USCA-WS-0001__ms_defender_eventhub.log,USCA-WS-0001,ms:defender:eventhub,ms:defender:eventhub,2
raw/4208__USCA-WS-0002__XmlWinEventLog.log,USCA-WS-0002,XmlWinEventLog:Microsoft-Windows-Sysmon/Operational,XmlWinEventLog,9
raw/4209__USCA-WS-0002__XmlWinEventLog.log,USCA-WS-0002,XmlWinEventLog:Security,XmlWinEventLog,8
raw/4210__USCA-WS-0002__ms_defender_eventhub.log,USCA-WS-0002,ms:defender:eventhub,ms:defender:eventhub,1
raw/4211__USCA-WS-0003__XmlWinEventLog.log,USCA-WS-0003,XmlWinEventLog:Microsoft-Windows-Sysmon/Operational,XmlWinEventLog,5
raw/4212__USCA-WS-0003__XmlWinEventLog.log,USCA-WS-0003,XmlWinEventLog:Security,XmlWinEventLog,9
raw/4213__USCA-WS-0004__XmlWinEventLog.log,USCA-WS-0004,XmlWinEventLog:Microsoft-Windows-Sysmon/Operational,XmlWinEventLog,9
raw/4214__USCA-WS-0004__XmlWinEventLog.log,USCA-WS-0004,XmlWinEventLog:Security,XmlWinEventLog,10
raw/4215__USCA-WS-0005__XmlWinEventLog.log,USCA-WS-0005,XmlWinEventLog:Microsoft-Windows-Sysmon/Operational,XmlWinEventLog,14
raw/4216__USCA-WS-0005__XmlWinEventLog.log,USCA-WS-0005,XmlWinEventLog:Security,XmlWinEventLog,3
raw/4217__USCA-WS-0005__ms_defender_eventhub.log,USCA-WS-0005,ms:defender:eventhub,ms:defender:eventhub,2
raw/4218__USCA-WS-0005__trellix_epo.log,USCA-WS-0005,trellix:epo,trellix:epo,1
raw/4219__USCA-WS-0005__wsus_client.log,USCA-WS-0005,wsus:client,wsus:client,1
raw/4220__USCA-WS-0006__XmlWinEventLog.log,USCA-WS-0006,XmlWinEventLog:Microsoft-Windows-Sysmon/Operational,XmlWinEventLog,8
raw/4221__USCA-WS-0006__XmlWinEventLog.log,USCA-WS-0006,XmlWinEventLog:Security,XmlWinEventLog,5
raw/4222__USCA-WS-0006__ms_defender_eventhub.log,USCA-WS-0006,ms:defender:eventhub,ms:defender:eventhub,3
raw/4223__USCA-WS-0007__XmlWinEventLog.log,USCA-WS-0007,XmlWinEventLog:Microsoft-Windows-Sysmon/Operational,XmlWinEventLog,7
raw/4224__USCA-WS-0007__XmlWinEventLog.log,USCA-WS-0007,XmlWinEventLog:Security,XmlWinEventLog,11
raw/4225__USCA-WS-0007__ms_defender_eventhub.log,USCA-WS-0007,ms:defender:eventhub,ms:defender:eventhub,1
raw/4226__USCA-WS-0007__trellix_epo.log,USCA-WS-0007,trellix:epo,trellix:epo,1
raw/4227__USCA-WS-0008__XmlWinEventLog.log,USCA-WS-0008,XmlWinEventLog:Microsoft-Windows-Sysmon/Operational,XmlWinEventLog,4
raw/4228__USCA-WS-0008__XmlWinEventLog.log,USCA-WS-0008,XmlWinEventLog:Security,XmlWinEventLog,7
raw/4229__USCA-WS-0008__ms_defender_eventhub.log,USCA-WS-0008,ms:defender:eventhub,ms:defender:eventhub,1
raw/4230__USCA-WS-0008__sccm_client.log,USCA-WS-0008,sccm:client,sccm:client,1
raw/4231__USCA-WS-0008__trellix_epo.log,USCA-WS-0008,trellix:epo,trellix:epo,1
raw/4232__USCA-WS-0009__XmlWinEventLog.log,USCA-WS-0009,XmlWinEventLog:Microsoft-Windows-Sysmon/Operational,XmlWinEventLog,4
raw/4233__USCA-WS-0009__XmlWinEventLog.log,USCA-WS-0009,XmlWinEventLog:Security,XmlWinEventLog,9
raw/4234__USCA-WS-0009__wsus_client.log,USCA-WS-0009,wsus:client,wsus:client,2
raw/4235__USCA-WS-0010__XmlWinEventLog.log,USCA-WS-0010,XmlWinEventLog:Microsoft-Windows-Sysmon/Operational,XmlWinEventLog,10
raw/4236__USCA-WS-0010__XmlWinEventLog.log,USCA-WS-0010,XmlWinEventLog:Security,XmlWinEventLog,8
raw/4237__USCA-WS-0010__sccm_client.log,USCA-WS-0010,sccm:client,sccm:client,1
raw/4238__USCA-WS-0011__XmlWinEventLog.log,USCA-WS-0011,XmlWinEventLog:Microsoft-Windows-Sysmon/Operational,XmlWinEventLog,11
raw/4239__USCA-WS-0011__XmlWinEventLog.log,USCA-WS-0011,XmlWinEventLog:Security,XmlWinEventLog,8
raw/4240__USCA-WS-0011__trellix_epo.log,USCA-WS-0011,trellix:epo,trellix:epo,1
raw/4241__USCA-WS-0012__XmlWinEventLog.log,USCA-WS-0012,XmlWinEventLog:Microsoft-Windows-Sysmon/Operational,XmlWinEventLog,8
raw/4242__USCA-WS-0012__XmlWinEventLog.log,USCA-WS-0012,XmlWinEventLog:Security,XmlWinEventLog,7
raw/4243__USCA-WS-0012__ms_defender_eventhub.log,USCA-WS-0012,ms:defender:eventhub,ms:defender:eventhub,2
raw/4244__USCA-WS-0013__XmlWinEventLog.log,USCA-WS-0013,XmlWinEventLog:Microsoft-Windows-Sysmon/Operational,XmlWinEventLog,9
raw/4245__USCA-WS-0013__XmlWinEventLog.log,USCA-WS-0013,XmlWinEventLog:Security,XmlWinEventLog,7
raw/4246__USCA-WS-0013__wsus_client.log,USCA-WS-0013,wsus:client,wsus:client,1
raw/4247__USCA-WS-0014__XmlWinEventLog.log,USCA-WS-0014,XmlWinEventLog:Microsoft-Windows-Sysmon/Operational,XmlWinEventLog,3
raw/4248__USCA-WS-0014__XmlWinEventLog.log,USCA-WS-0014,XmlWinEventLog:Security,XmlWinEventLog,19
raw/4249__USCA-WS-0014__ms_defender_eventhub.log,USCA-WS-0014,ms:defender:eventhub,ms:defender:eventhub,1
raw/4250__USCA-WS-0015__XmlWinEventLog.log,USCA-WS-0015,XmlWinEventLog:Microsoft-Windows-Sysmon/Operational,XmlWinEventLog,7
raw/4251__USCA-WS-0015__XmlWinEventLog.log,USCA-WS-0015,XmlWinEventLog:Security,XmlWinEventLog,12
raw/4252__USCA-WS-0016__XmlWinEventLog.log,USCA-WS-0016,XmlWinEventLog:Microsoft-Windows-Sysmon/Operational,XmlWinEventLog,8
raw/4253__USCA-WS-0016__XmlWinEventLog.log,USCA-WS-0016,XmlWinEventLog:Security,XmlWinEventLog,5
raw/4254__USCA-WS-0016__wsus_client.log,USCA-WS-0016,wsus:client,wsus:client,1
raw/4255__USCA-WS-0017__XmlWinEventLog.log,USCA-WS-0017,XmlWinEventLog:Microsoft-Windows-Sysmon/Operational,XmlWinEventLog,3
raw/4256__USCA-WS-0017__XmlWinEventLog.log,USCA-WS-0017,XmlWinEventLog:Security,XmlWinEventLog,7
raw/4257__USCA-WS-0018__XmlWinEventLog.log,USCA-WS-0018,XmlWinEventLog:Microsoft-Windows-Sysmon/Operational,XmlWinEventLog,8
raw/4258__USCA-WS-0018__XmlWinEventLog.log,USCA-WS-0018,XmlWinEventLog:Security,XmlWinEventLog,12
raw/4259__USCA-WS-0019__XmlWinEventLog.log,USCA-WS-0019,XmlWinEventLog:Microsoft-Windows-Sysmon/Operational,XmlWinEventLog,11
raw/4260__USCA-WS-0019__XmlWinEventLog.log,USCA-WS-0019,XmlWinEventLog:Security,XmlWinEventLog,7
raw/4261__USCA-WS-0019__wsus_client.log,USCA-WS-0019,wsus:client,wsus:client,1
raw/4262__USCA-WS-0020__XmlWinEventLog.log,USCA-WS-0020,XmlWinEventLog:Microsoft-Windows-Sysmon/Operational,XmlWinEventLog,5
raw/4263__USCA-WS-0020__XmlWinEventLog.log,USCA-WS-0020,XmlWinEventLog:Security,XmlWinEventLog,4
raw/4264__USCA-WS-0020__trellix_epo.log,USCA-WS-0020,trellix:epo,trellix:epo,1
raw/4265__USCA-WS-0021__XmlWinEventLog.log,USCA-WS-0021,XmlWinEventLog:Microsoft-Windows-Sysmon/Operational,XmlWinEventLog,8
raw/4266__USCA-WS-0021__XmlWinEventLog.log,USCA-WS-0021,XmlWinEventLog:Security,XmlWinEventLog,2
raw/4267__USCA-WS-0021__ms_defender_eventhub.log,USCA-WS-0021,ms:defender:eventhub,ms:defender:eventhub,2
raw/4268__USCA-WS-0022__XmlWinEventLog.log,USCA-WS-0022,XmlWinEventLog:Microsoft-Windows-Sysmon/Operational,XmlWinEventLog,7
raw/4269__USCA-WS-0022__XmlWinEventLog.log,USCA-WS-0022,XmlWinEventLog:Security,XmlWinEventLog,13
raw/4270__USCA-WS-0022__ms_defender_eventhub.log,USCA-WS-0022,ms:defender:eventhub,ms:defender:eventhub,3
raw/4271__USCA-WS-0022__sccm_client.log,USCA-WS-0022,sccm:client,sccm:client,1
raw/4272__USCA-WS-0022__wsus_client.log,USCA-WS-0022,wsus:client,wsus:client,1
raw/4273__USCA-WS-0023__XmlWinEventLog.log,USCA-WS-0023,XmlWinEventLog:Microsoft-Windows-Sysmon/Operational,XmlWinEventLog,5
raw/4274__USCA-WS-0023__XmlWinEventLog.log,USCA-WS-0023,XmlWinEventLog:Security,XmlWinEventLog,8
raw/4275__USCA-WS-0023__ms_defender_eventhub.log,USCA-WS-0023,ms:defender:eventhub,ms:defender:eventhub,3
raw/4276__USCA-WS-0024__XmlWinEventLog.log,USCA-WS-0024,XmlWinEventLog:Microsoft-Windows-Sysmon/Operational,XmlWinEventLog,5
raw/4277__USCA-WS-0024__XmlWinEventLog.log,USCA-WS-0024,XmlWinEventLog:Security,XmlWinEventLog,8
raw/4278__USCA-WS-0025__XmlWinEventLog.log,USCA-WS-0025,XmlWinEventLog:Microsoft-Windows-Sysmon/Operational,XmlWinEventLog,6
raw/4279__USCA-WS-0025__XmlWinEventLog.log,USCA-WS-0025,XmlWinEventLog:Security,XmlWinEventLog,4
raw/4280__USCA-WS-0025__trellix_epo.log,USCA-WS-0025,trellix:epo,trellix:epo,1
raw/4281__USCA-WS-0026__XmlWinEventLog.log,USCA-WS-0026,XmlWinEventLog:Microsoft-Windows-Sysmon/Operational,XmlWinEventLog,5
raw/4282__USCA-WS-0026__XmlWinEventLog.log,USCA-WS-0026,XmlWinEventLog:Security,XmlWinEventLog,4
raw/4283__USCA-WS-0027__XmlWinEventLog.log,USCA-WS-0027,XmlWinEventLog:Microsoft-Windows-Sysmon/Operational,XmlWinEventLog,5
raw/4284__USCA-WS-0027__XmlWinEventLog.log,USCA-WS-0027,XmlWinEventLog:Security,XmlWinEventLog,1
raw/4285__USCA-WS-0027__ms_defender_eventhub.log,USCA-WS-0027,ms:defender:eventhub,ms:defender:eventhub,1
raw/4286__USCA-WS-0027__trellix_epo.log,USCA-WS-0027,trellix:epo,trellix:epo,1
raw/4287__USCA-WS-0028__XmlWinEventLog.log,USCA-WS-0028,XmlWinEventLog:Microsoft-Windows-Sysmon/Operational,XmlWinEventLog,5
raw/4288__USCA-WS-0028__XmlWinEventLog.log,USCA-WS-0028,XmlWinEventLog:Security,XmlWinEventLog,5
raw/4289__USCA-WS-0028__ms_defender_eventhub.log,USCA-WS-0028,ms:defender:eventhub,ms:defender:eventhub,3
raw/4290__USCA-WS-0029__XmlWinEventLog.log,USCA-WS-0029,XmlWinEventLog:Microsoft-Windows-Sysmon/Operational,XmlWinEventLog,4
raw/4291__USCA-WS-0029__XmlWinEventLog.log,USCA-WS-0029,XmlWinEventLog:Security,XmlWinEventLog,3
raw/4292__USCA-WS-0029__ms_defender_eventhub.log,USCA-WS-0029,ms:defender:eventhub,ms:defender:eventhub,1
raw/4293__USCA-WS-0030__XmlWinEventLog.log,USCA-WS-0030,XmlWinEventLog:Microsoft-Windows-Sysmon/Operational,XmlWinEventLog,6
raw/4294__USCA-WS-0030__XmlWinEventLog.log,USCA-WS-0030,XmlWinEventLog:Security,XmlWinEventLog,6
raw/4295__USCA-WS-0030__ms_defender_eventhub.log,USCA-WS-0030,ms:defender:eventhub,ms:defender:eventhub,1
raw/4296__USCA-WS-0031__XmlWinEventLog.log,USCA-WS-0031,XmlWinEventLog:Microsoft-Windows-Sysmon/Operational,XmlWinEventLog,8
raw/4297__USCA-WS-0031__XmlWinEventLog.log,USCA-WS-0031,XmlWinEventLog:Security,XmlWinEventLog,7
raw/4298__USCA-WS-0031__sccm_client.log,USCA-WS-0031,sccm:client,sccm:client,1
raw/4299__USCA-WS-0032__XmlWinEventLog.log,USCA-WS-0032,XmlWinEventLog:Microsoft-Windows-Sysmon/Operational,XmlWinEventLog,6
raw/4300__USCA-WS-0032__XmlWinEventLog.log,USCA-WS-0032,XmlWinEventLog:Security,XmlWinEventLog,5
raw/4301__USCA-WS-0033__XmlWinEventLog.log,USCA-WS-0033,XmlWinEventLog:Microsoft-Windows-Sysmon/Operational,XmlWinEventLog,7
raw/4302__USCA-WS-0033__XmlWinEventLog.log,USCA-WS-0033,XmlWinEventLog:Security,XmlWinEventLog,6
raw/4303__USCA-WS-0033__trellix_epo.log,USCA-WS-0033,trellix:epo,trellix:epo,1
raw/4304__USCA-WS-0033__wsus_client.log,USCA-WS-0033,wsus:client,wsus:client,1
raw/4305__USCA-WS-0034__XmlWinEventLog.log,USCA-WS-0034,XmlWinEventLog:Microsoft-Windows-Sysmon/Operational,XmlWinEventLog,5
raw/4306__USCA-WS-0034__XmlWinEventLog.log,USCA-WS-0034,XmlWinEventLog:Security,XmlWinEventLog,1
raw/4307__USCA-WS-0034__ms_defender_eventhub.log,USCA-WS-0034,ms:defender:eventhub,ms:defender:eventhub,1
raw/4308__USCA-WS-0034__sccm_client.log,USCA-WS-0034,sccm:client,sccm:client,1
raw/4309__USCA-WS-0034__trellix_epo.log,USCA-WS-0034,trellix:epo,trellix:epo,1
raw/4310__USCA-WS-0035__XmlWinEventLog.log,USCA-WS-0035,XmlWinEventLog:Microsoft-Windows-Sysmon/Operational,XmlWinEventLog,11
raw/4311__USCA-WS-0035__XmlWinEventLog.log,USCA-WS-0035,XmlWinEventLog:Security,XmlWinEventLog,4
raw/4312__USCA-WS-0036__XmlWinEventLog.log,USCA-WS-0036,XmlWinEventLog:Microsoft-Windows-Sysmon/Operational,XmlWinEventLog,8
raw/4313__USCA-WS-0036__XmlWinEventLog.log,USCA-WS-0036,XmlWinEventLog:Security,XmlWinEventLog,3
raw/4314__USCA-WS-0037__XmlWinEventLog.log,USCA-WS-0037,XmlWinEventLog:Microsoft-Windows-Sysmon/Operational,XmlWinEventLog,3
raw/4315__USCA-WS-0037__XmlWinEventLog.log,USCA-WS-0037,XmlWinEventLog:Security,XmlWinEventLog,4
raw/4316__USCA-WS-0037__trellix_epo.log,USCA-WS-0037,trellix:epo,trellix:epo,1
raw/4317__USCA-WS-0038__XmlWinEventLog.log,USCA-WS-0038,XmlWinEventLog:Microsoft-Windows-Sysmon/Operational,XmlWinEventLog,3
raw/4318__USCA-WS-0038__XmlWinEventLog.log,USCA-WS-0038,XmlWinEventLog:Security,XmlWinEventLog,7
raw/4319__USCA-WS-0039__XmlWinEventLog.log,USCA-WS-0039,XmlWinEventLog:Microsoft-Windows-Sysmon/Operational,XmlWinEventLog,5
raw/4320__USCA-WS-0039__XmlWinEventLog.log,USCA-WS-0039,XmlWinEventLog:Security,XmlWinEventLog,1
raw/4321__USCA-WS-0039__ms_defender_eventhub.log,USCA-WS-0039,ms:defender:eventhub,ms:defender:eventhub,1
raw/4322__USCA-WS-0039__trellix_epo.log,USCA-WS-0039,trellix:epo,trellix:epo,1
raw/4323__USCA-WS-0040__XmlWinEventLog.log,USCA-WS-0040,XmlWinEventLog:Microsoft-Windows-Sysmon/Operational,XmlWinEventLog,7
raw/4324__USCA-WS-0040__XmlWinEventLog.log,USCA-WS-0040,XmlWinEventLog:Security,XmlWinEventLog,2
raw/4325__USCA-WS-0041__XmlWinEventLog.log,USCA-WS-0041,XmlWinEventLog:Microsoft-Windows-Sysmon/Operational,XmlWinEventLog,2
raw/4326__USCA-WS-0041__XmlWinEventLog.log,USCA-WS-0041,XmlWinEventLog:Security,XmlWinEventLog,8
raw/4327__USCA-WS-0042__XmlWinEventLog.log,USCA-WS-0042,XmlWinEventLog:Microsoft-Windows-Sysmon/Operational,XmlWinEventLog,8
raw/4328__USCA-WS-0042__XmlWinEventLog.log,USCA-WS-0042,XmlWinEventLog:Security,XmlWinEventLog,5
raw/4329__USCA-WS-0042__ms_defender_eventhub.log,USCA-WS-0042,ms:defender:eventhub,ms:defender:eventhub,2
raw/4330__USCA-WS-0043__XmlWinEventLog.log,USCA-WS-0043,XmlWinEventLog:Microsoft-Windows-Sysmon/Operational,XmlWinEventLog,5
raw/4331__USCA-WS-0043__XmlWinEventLog.log,USCA-WS-0043,XmlWinEventLog:Security,XmlWinEventLog,3
raw/4332__USCA-WS-0043__ms_defender_eventhub.log,USCA-WS-0043,ms:defender:eventhub,ms:defender:eventhub,3
raw/4333__USCA-WS-0044__XmlWinEventLog.log,USCA-WS-0044,XmlWinEventLog:Microsoft-Windows-Sysmon/Operational,XmlWinEventLog,7
raw/4334__USCA-WS-0044__XmlWinEventLog.log,USCA-WS-0044,XmlWinEventLog:Security,XmlWinEventLog,5
raw/4335__USCA-WS-0044__ms_defender_eventhub.log,USCA-WS-0044,ms:defender:eventhub,ms:defender:eventhub,1
raw/4336__USCA-WS-0045__XmlWinEventLog.log,USCA-WS-0045,XmlWinEventLog:Microsoft-Windows-Sysmon/Operational,XmlWinEventLog,5
raw/4337__USCA-WS-0045__XmlWinEventLog.log,USCA-WS-0045,XmlWinEventLog:Security,XmlWinEventLog,1
raw/4338__USCA-WS-0046__XmlWinEventLog.log,USCA-WS-0046,XmlWinEventLog:Microsoft-Windows-Sysmon/Operational,XmlWinEventLog,6
raw/4339__USCA-WS-0046__XmlWinEventLog.log,USCA-WS-0046,XmlWinEventLog:Security,XmlWinEventLog,3
raw/4340__USCA-WS-0046__ms_defender_eventhub.log,USCA-WS-0046,ms:defender:eventhub,ms:defender:eventhub,2
raw/4341__USCA-WS-0046__wsus_client.log,USCA-WS-0046,wsus:client,wsus:client,1
raw/4342__USCA-WS-0047__XmlWinEventLog.log,USCA-WS-0047,XmlWinEventLog:Microsoft-Windows-Sysmon/Operational,XmlWinEventLog,4
raw/4343__USCA-WS-0047__XmlWinEventLog.log,USCA-WS-0047,XmlWinEventLog:Security,XmlWinEventLog,7
raw/4344__USCA-WS-0047__ms_defender_eventhub.log,USCA-WS-0047,ms:defender:eventhub,ms:defender:eventhub,2
raw/4345__USCA-WS-0048__XmlWinEventLog.log,USCA-WS-0048,XmlWinEventLog:Microsoft-Windows-Sysmon/Operational,XmlWinEventLog,4
raw/4346__USCA-WS-0048__XmlWinEventLog.log,USCA-WS-0048,XmlWinEventLog:Security,XmlWinEventLog,8
raw/4347__USCA-WS-0049__XmlWinEventLog.log,USCA-WS-0049,XmlWinEventLog:Microsoft-Windows-Sysmon/Operational,XmlWinEventLog,5
raw/4348__USCA-WS-0049__XmlWinEventLog.log,USCA-WS-0049,XmlWinEventLog:Security,XmlWinEventLog,5
raw/4349__USCA-WS-0049__ms_defender_eventhub.log,USCA-WS-0049,ms:defender:eventhub,ms:defender:eventhub,2
raw/4350__USCA-WS-0049__trellix_epo.log,USCA-WS-0049,trellix:epo,trellix:epo,1
raw/4351__USCA-WS-0050__XmlWinEventLog.log,USCA-WS-0050,XmlWinEventLog:Microsoft-Windows-Sysmon/Operational,XmlWinEventLog,7
raw/4352__USCA-WS-0050__XmlWinEventLog.log,USCA-WS-0050,XmlWinEventLog:Security,XmlWinEventLog,3
raw/4353__USCA-WS-0050__ms_defender_eventhub.log,USCA-WS-0050,ms:defender:eventhub,ms:defender:eventhub,3
raw/4354__USCA-WS-0051__XmlWinEventLog.log,USCA-WS-0051,XmlWinEventLog:Microsoft-Windows-Sysmon/Operational,XmlWinEventLog,1
raw/4355__USCA-WS-0051__XmlWinEventLog.log,USCA-WS-0051,XmlWinEventLog:Security,XmlWinEventLog,2
raw/4356__USCA-WS-0051__ms_defender_eventhub.log,USCA-WS-0051,ms:defender:eventhub,ms:defender:eventhub,2
raw/4357__USCA-WS-0051__trellix_epo.log,USCA-WS-0051,trellix:epo,trellix:epo,1
raw/4358__USCA-WS-0052__XmlWinEventLog.log,USCA-WS-0052,XmlWinEventLog:Microsoft-Windows-Sysmon/Operational,XmlWinEventLog,5
raw/4359__USCA-WS-0052__XmlWinEventLog.log,USCA-WS-0052,XmlWinEventLog:Security,XmlWinEventLog,4
raw/4360__USCA-WS-0053__XmlWinEventLog.log,USCA-WS-0053,XmlWinEventLog:Microsoft-Windows-Sysmon/Operational,XmlWinEventLog,7
raw/4361__USCA-WS-0053__XmlWinEventLog.log,USCA-WS-0053,XmlWinEventLog:Security,XmlWinEventLog,1
raw/4362__USCA-WS-0053__ms_defender_eventhub.log,USCA-WS-0053,ms:defender:eventhub,ms:defender:eventhub,1
raw/4363__USCA-WS-0054__XmlWinEventLog.log,USCA-WS-0054,XmlWinEventLog:Microsoft-Windows-Sysmon/Operational,XmlWinEventLog,8
raw/4364__USCA-WS-0054__XmlWinEventLog.log,USCA-WS-0054,XmlWinEventLog:Security,XmlWinEventLog,2
raw/4365__USCA-WS-0054__sccm_client.log,USCA-WS-0054,sccm:client,sccm:client,1
raw/4366__USCA-WS-0054__wsus_client.log,USCA-WS-0054,wsus:client,wsus:client,1
raw/4367__USCA-WS-0055__XmlWinEventLog.log,USCA-WS-0055,XmlWinEventLog:Microsoft-Windows-Sysmon/Operational,XmlWinEventLog,6
raw/4368__USCA-WS-0055__XmlWinEventLog.log,USCA-WS-0055,XmlWinEventLog:Security,XmlWinEventLog,4
raw/4369__USCA-WS-0055__ms_defender_eventhub.log,USCA-WS-0055,ms:defender:eventhub,ms:defender:eventhub,1
raw/4370__USCA-WS-0055__trellix_epo.log,USCA-WS-0055,trellix:epo,trellix:epo,1
raw/4371__USCA-WS-0056__XmlWinEventLog.log,USCA-WS-0056,XmlWinEventLog:Microsoft-Windows-Sysmon/Operational,XmlWinEventLog,8
raw/4372__USCA-WS-0056__XmlWinEventLog.log,USCA-WS-0056,XmlWinEventLog:Security,XmlWinEventLog,7
raw/4373__USCA-WS-0056__ms_defender_eventhub.log,USCA-WS-0056,ms:defender:eventhub,ms:defender:eventhub,1
raw/4374__USCA-WS-0057__XmlWinEventLog.log,USCA-WS-0057,XmlWinEventLog:Microsoft-Windows-Sysmon/Operational,XmlWinEventLog,5
raw/4375__USCA-WS-0057__XmlWinEventLog.log,USCA-WS-0057,XmlWinEventLog:Security,XmlWinEventLog,1
raw/4376__USCA-WS-0057__ms_defender_eventhub.log,USCA-WS-0057,ms:defender:eventhub,ms:defender:eventhub,1
raw/4377__USCA-WS-0058__XmlWinEventLog.log,USCA-WS-0058,XmlWinEventLog:Microsoft-Windows-Sysmon/Operational,XmlWinEventLog,4
raw/4378__USCA-WS-0058__XmlWinEventLog.log,USCA-WS-0058,XmlWinEventLog:Security,XmlWinEventLog,3
raw/4379__USCA-WS-0058__sccm_client.log,USCA-WS-0058,sccm:client,sccm:client,2
raw/4380__USCA-WS-0059__XmlWinEventLog.log,USCA-WS-0059,XmlWinEventLog:Security,XmlWinEventLog,2
raw/4381__USCA-WS-0059__ms_defender_eventhub.log,USCA-WS-0059,ms:defender:eventhub,ms:defender:eventhub,1
raw/4382__USCA-WS-0059__trellix_epo.log,USCA-WS-0059,trellix:epo,trellix:epo,2
raw/4383__USCA-WS-0060__XmlWinEventLog.log,USCA-WS-0060,XmlWinEventLog:Microsoft-Windows-Sysmon/Operational,XmlWinEventLog,7
raw/4384__USCA-WS-0060__XmlWinEventLog.log,USCA-WS-0060,XmlWinEventLog:Security,XmlWinEventLog,5
raw/4385__USCA-WS-0060__ms_defender_eventhub.log,USCA-WS-0060,ms:defender:eventhub,ms:defender:eventhub,1
raw/4386__USCA-WS-0060__sccm_client.log,USCA-WS-0060,sccm:client,sccm:client,1
raw/4387__USCA-WS-0061__XmlWinEventLog.log,USCA-WS-0061,XmlWinEventLog:Microsoft-Windows-Sysmon/Operational,XmlWinEventLog,7
raw/4388__USCA-WS-0061__XmlWinEventLog.log,USCA-WS-0061,XmlWinEventLog:Security,XmlWinEventLog,10
raw/4389__USCA-WS-0061__ms_defender_eventhub.log,USCA-WS-0061,ms:defender:eventhub,ms:defender:eventhub,2
raw/4390__USCA-WS-0062__XmlWinEventLog.log,USCA-WS-0062,XmlWinEventLog:Microsoft-Windows-Sysmon/Operational,XmlWinEventLog,4
raw/4391__USCA-WS-0062__XmlWinEventLog.log,USCA-WS-0062,XmlWinEventLog:Security,XmlWinEventLog,5
raw/4392__USCA-WS-0062__ms_defender_eventhub.log,USCA-WS-0062,ms:defender:eventhub,ms:defender:eventhub,1
raw/4393__USCA-WS-0063__XmlWinEventLog.log,USCA-WS-0063,XmlWinEventLog:Microsoft-Windows-Sysmon/Operational,XmlWinEventLog,6
raw/4394__USCA-WS-0063__XmlWinEventLog.log,USCA-WS-0063,XmlWinEventLog:Security,XmlWinEventLog,2
raw/4395__USCA-WS-0063__ms_defender_eventhub.log,USCA-WS-0063,ms:defender:eventhub,ms:defender:eventhub,1
raw/4396__USCA-WS-0064__XmlWinEventLog.log,USCA-WS-0064,XmlWinEventLog:Microsoft-Windows-Sysmon/Operational,XmlWinEventLog,3
raw/4397__USCA-WS-0064__XmlWinEventLog.log,USCA-WS-0064,XmlWinEventLog:Security,XmlWinEventLog,5
raw/4398__USCA-ZEEK-01__bro_conn_json.log,USCA-ZEEK-01,zeek:conn,bro:conn:json,838
raw/4399__USCA-ZEEK-01__bro_dce_rpc_json.log,USCA-ZEEK-01,zeek:dce_rpc,bro:dce_rpc:json,97
raw/4400__USCA-ZEEK-01__bro_dns_json.log,USCA-ZEEK-01,zeek:dns,bro:dns:json,405
raw/4401__USCA-ZEEK-01__bro_http_json.log,USCA-ZEEK-01,zeek:http,bro:http:json,200
raw/4402__USCA-ZEEK-01__bro_smb_files_json.log,USCA-ZEEK-01,zeek:smb_files,bro:smb_files:json,94
raw/4403__USCA-ZEEK-01__bro_ssl_json.log,USCA-ZEEK-01,zeek:ssl,bro:ssl:json,309
raw/4404__USCP-APP-01__XmlWinEventLog.log,USCP-APP-01,XmlWinEventLog:Microsoft-Windows-Sysmon/Operational,XmlWinEventLog,6
raw/4405__USCP-APP-01__XmlWinEventLog.log,USCP-APP-01,XmlWinEventLog:Security,XmlWinEventLog,4
raw/4406__USCP-APP-01__ms_defender_eventhub.log,USCP-APP-01,ms:defender:eventhub,ms:defender:eventhub,1
raw/4407__USCP-APP-01__trellix_epo.log,USCP-APP-01,trellix:epo,trellix:epo,1
raw/4408__USCP-APP-02__XmlWinEventLog.log,USCP-APP-02,XmlWinEventLog:Microsoft-Windows-Sysmon/Operational,XmlWinEventLog,13
raw/4409__USCP-APP-02__XmlWinEventLog.log,USCP-APP-02,XmlWinEventLog:Security,XmlWinEventLog,7
raw/4410__USCP-APP-02__trellix_epo.log,USCP-APP-02,trellix:epo,trellix:epo,1
raw/4411__USCP-APP-03__XmlWinEventLog.log,USCP-APP-03,XmlWinEventLog:Microsoft-Windows-Sysmon/Operational,XmlWinEventLog,6
raw/4412__USCP-APP-03__XmlWinEventLog.log,USCP-APP-03,XmlWinEventLog:Security,XmlWinEventLog,6
raw/4413__USCP-APP-03__ms_defender_eventhub.log,USCP-APP-03,ms:defender:eventhub,ms:defender:eventhub,1
raw/4414__USCP-APP-03__trellix_epo.log,USCP-APP-03,trellix:epo,trellix:epo,1
raw/4415__USCP-APP-04__XmlWinEventLog.log,USCP-APP-04,XmlWinEventLog:Microsoft-Windows-Sysmon/Operational,XmlWinEventLog,3
raw/4416__USCP-APP-04__XmlWinEventLog.log,USCP-APP-04,XmlWinEventLog:Security,XmlWinEventLog,7
raw/4417__USCP-APP-04__ms_defender_eventhub.log,USCP-APP-04,ms:defender:eventhub,ms:defender:eventhub,2
raw/4418__USCP-APP-05__XmlWinEventLog.log,USCP-APP-05,XmlWinEventLog:Microsoft-Windows-Sysmon/Operational,XmlWinEventLog,7
raw/4419__USCP-APP-05__XmlWinEventLog.log,USCP-APP-05,XmlWinEventLog:Security,XmlWinEventLog,9
raw/4420__USCP-APP-05__trellix_epo.log,USCP-APP-05,trellix:epo,trellix:epo,1
raw/4421__USCP-APP-06__XmlWinEventLog.log,USCP-APP-06,XmlWinEventLog:Microsoft-Windows-Sysmon/Operational,XmlWinEventLog,5
raw/4422__USCP-APP-06__XmlWinEventLog.log,USCP-APP-06,XmlWinEventLog:Security,XmlWinEventLog,7
raw/4423__USCP-APP-07__XmlWinEventLog.log,USCP-APP-07,XmlWinEventLog:Microsoft-Windows-Sysmon/Operational,XmlWinEventLog,7
raw/4424__USCP-APP-07__XmlWinEventLog.log,USCP-APP-07,XmlWinEventLog:Security,XmlWinEventLog,5
raw/4425__USCP-APP-07__sccm_client.log,USCP-APP-07,sccm:client,sccm:client,1
raw/4426__USCP-APP-08__XmlWinEventLog.log,USCP-APP-08,XmlWinEventLog:Microsoft-Windows-Sysmon/Operational,XmlWinEventLog,7
raw/4427__USCP-APP-08__ms_defender_eventhub.log,USCP-APP-08,ms:defender:eventhub,ms:defender:eventhub,1
raw/4428__USCP-DC-01__XmlWinEventLog.log,USCP-DC-01,XmlWinEventLog:Security,XmlWinEventLog,108
raw/4429__USCP-FS-01__XmlWinEventLog.log,USCP-FS-01,XmlWinEventLog:Microsoft-Windows-Sysmon/Operational,XmlWinEventLog,7
raw/4430__USCP-FS-01__XmlWinEventLog.log,USCP-FS-01,XmlWinEventLog:Security,XmlWinEventLog,1
raw/4431__USCP-FS-01__ms_defender_eventhub.log,USCP-FS-01,ms:defender:eventhub,ms:defender:eventhub,1
raw/4432__USCP-FS-02__XmlWinEventLog.log,USCP-FS-02,XmlWinEventLog:Microsoft-Windows-Sysmon/Operational,XmlWinEventLog,5
raw/4433__USCP-FS-02__XmlWinEventLog.log,USCP-FS-02,XmlWinEventLog:Security,XmlWinEventLog,4
raw/4434__USCP-FS-02__ms_defender_eventhub.log,USCP-FS-02,ms:defender:eventhub,ms:defender:eventhub,2
raw/4435__USCP-FS-03__XmlWinEventLog.log,USCP-FS-03,XmlWinEventLog:Microsoft-Windows-Sysmon/Operational,XmlWinEventLog,8
raw/4436__USCP-FS-03__XmlWinEventLog.log,USCP-FS-03,XmlWinEventLog:Security,XmlWinEventLog,1
raw/4437__USCP-FS-03__wsus_client.log,USCP-FS-03,wsus:client,wsus:client,1
raw/4438__USCP-FS-04__XmlWinEventLog.log,USCP-FS-04,XmlWinEventLog:Microsoft-Windows-Sysmon/Operational,XmlWinEventLog,3
raw/4439__USCP-FS-04__XmlWinEventLog.log,USCP-FS-04,XmlWinEventLog:Security,XmlWinEventLog,3
raw/4440__USCP-FS-04__trellix_epo.log,USCP-FS-04,trellix:epo,trellix:epo,1
raw/4441__USCP-FW-01__pan_traffic.log,USCP-FW-01,pan:traffic,pan:traffic,80
raw/4442__USCP-FW-02__fortigate_traffic.log,USCP-FW-02,fortigate_traffic,fortigate_traffic,64
raw/4443__USCP-FW-03__cisco_asa.log,USCP-FW-03,cisco:asa,cisco:asa,100
raw/4444__USCP-JUMP-01__XmlWinEventLog.log,USCP-JUMP-01,XmlWinEventLog:Microsoft-Windows-Sysmon/Operational,XmlWinEventLog,4
raw/4445__USCP-JUMP-01__XmlWinEventLog.log,USCP-JUMP-01,XmlWinEventLog:Security,XmlWinEventLog,3
raw/4446__USCP-JUMP-02__XmlWinEventLog.log,USCP-JUMP-02,XmlWinEventLog:Microsoft-Windows-Sysmon/Operational,XmlWinEventLog,9
raw/4447__USCP-JUMP-02__XmlWinEventLog.log,USCP-JUMP-02,XmlWinEventLog:Security,XmlWinEventLog,3
raw/4448__USCP-JUMP-02__ms_defender_eventhub.log,USCP-JUMP-02,ms:defender:eventhub,ms:defender:eventhub,1
raw/4449__USCP-JUMP-02__sccm_client.log,USCP-JUMP-02,sccm:client,sccm:client,1
raw/4450__USCP-JUMP-03__XmlWinEventLog.log,USCP-JUMP-03,XmlWinEventLog:Microsoft-Windows-Sysmon/Operational,XmlWinEventLog,3
raw/4451__USCP-JUMP-03__XmlWinEventLog.log,USCP-JUMP-03,XmlWinEventLog:Security,XmlWinEventLog,9
raw/4452__USCP-LNX-01__linux_audit.log,USCP-LNX-01,/var/log/audit/audit.log,linux_audit,54
raw/4453__USCP-LNX-01__linux_secure.log,USCP-LNX-01,/var/log/secure,linux_secure,12
raw/4454__USCP-LNX-01__syslog.log,USCP-LNX-01,/var/log/syslog,syslog,23
raw/4455__USCP-LNX-01__ms_defender_eventhub.log,USCP-LNX-01,ms:defender:eventhub,ms:defender:eventhub,1
raw/4456__USCP-LNX-02__linux_audit.log,USCP-LNX-02,/var/log/audit/audit.log,linux_audit,117
raw/4457__USCP-LNX-02__linux_secure.log,USCP-LNX-02,/var/log/secure,linux_secure,15
raw/4458__USCP-LNX-02__syslog.log,USCP-LNX-02,/var/log/syslog,syslog,16
raw/4459__USCP-LNX-03__linux_audit.log,USCP-LNX-03,/var/log/audit/audit.log,linux_audit,72
raw/4460__USCP-LNX-03__linux_secure.log,USCP-LNX-03,/var/log/secure,linux_secure,18
raw/4461__USCP-LNX-03__syslog.log,USCP-LNX-03,/var/log/syslog,syslog,21
raw/4462__USCP-LNX-03__ms_defender_eventhub.log,USCP-LNX-03,ms:defender:eventhub,ms:defender:eventhub,2
raw/4463__USCP-LNX-04__linux_audit.log,USCP-LNX-04,/var/log/audit/audit.log,linux_audit,65
raw/4464__USCP-LNX-04__linux_secure.log,USCP-LNX-04,/var/log/secure,linux_secure,12
raw/4465__USCP-LNX-04__syslog.log,USCP-LNX-04,/var/log/syslog,syslog,21
raw/4466__USCP-LNX-04__ms_defender_eventhub.log,USCP-LNX-04,ms:defender:eventhub,ms:defender:eventhub,1
raw/4467__USCP-LNX-05__linux_audit.log,USCP-LNX-05,/var/log/audit/audit.log,linux_audit,80
raw/4468__USCP-LNX-05__linux_secure.log,USCP-LNX-05,/var/log/secure,linux_secure,17
raw/4469__USCP-LNX-05__syslog.log,USCP-LNX-05,/var/log/syslog,syslog,28
raw/4470__USCP-LNX-06__linux_audit.log,USCP-LNX-06,/var/log/audit/audit.log,linux_audit,74
raw/4471__USCP-LNX-06__linux_secure.log,USCP-LNX-06,/var/log/secure,linux_secure,11
raw/4472__USCP-LNX-06__syslog.log,USCP-LNX-06,/var/log/syslog,syslog,28
raw/4473__USCP-LNX-07__linux_audit.log,USCP-LNX-07,/var/log/audit/audit.log,linux_audit,89
raw/4474__USCP-LNX-07__linux_secure.log,USCP-LNX-07,/var/log/secure,linux_secure,14
raw/4475__USCP-LNX-07__syslog.log,USCP-LNX-07,/var/log/syslog,syslog,26
raw/4476__USCP-LNX-07__ms_defender_eventhub.log,USCP-LNX-07,ms:defender:eventhub,ms:defender:eventhub,1
raw/4477__USCP-LNX-08__linux_audit.log,USCP-LNX-08,/var/log/audit/audit.log,linux_audit,83
raw/4478__USCP-LNX-08__linux_secure.log,USCP-LNX-08,/var/log/secure,linux_secure,5
raw/4479__USCP-LNX-08__syslog.log,USCP-LNX-08,/var/log/syslog,syslog,22
raw/4480__USCP-LNX-08__ms_defender_eventhub.log,USCP-LNX-08,ms:defender:eventhub,ms:defender:eventhub,3
raw/4481__USCP-LNX-08__trellix_epo.log,USCP-LNX-08,trellix:epo,trellix:epo,1
raw/4482__USCP-PACS-01__pacs_access.log,USCP-PACS-01,pacs:access,pacs:access,106
raw/4483__USCP-PAW-01__XmlWinEventLog.log,USCP-PAW-01,XmlWinEventLog:Microsoft-Windows-Sysmon/Operational,XmlWinEventLog,7
raw/4484__USCP-PAW-01__XmlWinEventLog.log,USCP-PAW-01,XmlWinEventLog:Security,XmlWinEventLog,5
raw/4485__USCP-PAW-02__XmlWinEventLog.log,USCP-PAW-02,XmlWinEventLog:Microsoft-Windows-Sysmon/Operational,XmlWinEventLog,9
raw/4486__USCP-PAW-02__XmlWinEventLog.log,USCP-PAW-02,XmlWinEventLog:Security,XmlWinEventLog,4
raw/4487__USCP-PAW-02__ms_defender_eventhub.log,USCP-PAW-02,ms:defender:eventhub,ms:defender:eventhub,1
raw/4488__USCP-PAW-02__trellix_epo.log,USCP-PAW-02,trellix:epo,trellix:epo,1
raw/4489__USCP-PAW-02__wsus_client.log,USCP-PAW-02,wsus:client,wsus:client,1
raw/4490__USCP-PAW-03__XmlWinEventLog.log,USCP-PAW-03,XmlWinEventLog:Microsoft-Windows-Sysmon/Operational,XmlWinEventLog,5
raw/4491__USCP-PAW-03__XmlWinEventLog.log,USCP-PAW-03,XmlWinEventLog:Security,XmlWinEventLog,6
raw/4492__USCP-PAW-03__ms_defender_eventhub.log,USCP-PAW-03,ms:defender:eventhub,ms:defender:eventhub,2
raw/4493__USCP-PAW-04__XmlWinEventLog.log,USCP-PAW-04,XmlWinEventLog:Microsoft-Windows-Sysmon/Operational,XmlWinEventLog,5
raw/4494__USCP-PAW-04__XmlWinEventLog.log,USCP-PAW-04,XmlWinEventLog:Security,XmlWinEventLog,4
raw/4495__USCP-PAW-04__trellix_epo.log,USCP-PAW-04,trellix:epo,trellix:epo,1
raw/4496__USCP-PAW-05__XmlWinEventLog.log,USCP-PAW-05,XmlWinEventLog:Microsoft-Windows-Sysmon/Operational,XmlWinEventLog,8
raw/4497__USCP-PAW-05__XmlWinEventLog.log,USCP-PAW-05,XmlWinEventLog:Security,XmlWinEventLog,4
raw/4498__USCP-PAW-05__trellix_epo.log,USCP-PAW-05,trellix:epo,trellix:epo,2
raw/4499__USCP-PAW-06__XmlWinEventLog.log,USCP-PAW-06,XmlWinEventLog:Microsoft-Windows-Sysmon/Operational,XmlWinEventLog,4
raw/4500__USCP-PAW-06__XmlWinEventLog.log,USCP-PAW-06,XmlWinEventLog:Security,XmlWinEventLog,8
raw/4501__USCP-PAW-06__ms_defender_eventhub.log,USCP-PAW-06,ms:defender:eventhub,ms:defender:eventhub,3
raw/4502__USCP-PAW-06__trellix_epo.log,USCP-PAW-06,trellix:epo,trellix:epo,2
raw/4503__USCP-PAW-06__wsus_client.log,USCP-PAW-06,wsus:client,wsus:client,1
raw/4504__USCP-RTR-01__cisco_ios.log,USCP-RTR-01,cisco:ios,cisco:ios,32
raw/4505__USCP-RTR-02__juniper.log,USCP-RTR-02,juniper,juniper,18
raw/4506__USCP-RTR-02__juniper_junos_firewall.log,USCP-RTR-02,juniper:junos:firewall,juniper:junos:firewall,13
raw/4507__USCP-VDI-01__XmlWinEventLog.log,USCP-VDI-01,XmlWinEventLog:Microsoft-Windows-Sysmon/Operational,XmlWinEventLog,4
raw/4508__USCP-VDI-01__XmlWinEventLog.log,USCP-VDI-01,XmlWinEventLog:Security,XmlWinEventLog,6
raw/4509__USCP-VDI-01__ms_defender_eventhub.log,USCP-VDI-01,ms:defender:eventhub,ms:defender:eventhub,1
raw/4510__USCP-VDI-01__sccm_client.log,USCP-VDI-01,sccm:client,sccm:client,1
raw/4511__USCP-VDI-01__trellix_epo.log,USCP-VDI-01,trellix:epo,trellix:epo,1
raw/4512__USCP-VDI-02__XmlWinEventLog.log,USCP-VDI-02,XmlWinEventLog:Microsoft-Windows-Sysmon/Operational,XmlWinEventLog,7
raw/4513__USCP-VDI-02__XmlWinEventLog.log,USCP-VDI-02,XmlWinEventLog:Security,XmlWinEventLog,5
raw/4514__USCP-VDI-02__trellix_epo.log,USCP-VDI-02,trellix:epo,trellix:epo,1
raw/4515__USCP-VDI-03__XmlWinEventLog.log,USCP-VDI-03,XmlWinEventLog:Microsoft-Windows-Sysmon/Operational,XmlWinEventLog,4
raw/4516__USCP-VDI-03__XmlWinEventLog.log,USCP-VDI-03,XmlWinEventLog:Security,XmlWinEventLog,6
raw/4517__USCP-WS-0001__XmlWinEventLog.log,USCP-WS-0001,XmlWinEventLog:Microsoft-Windows-Sysmon/Operational,XmlWinEventLog,9
raw/4518__USCP-WS-0001__XmlWinEventLog.log,USCP-WS-0001,XmlWinEventLog:Security,XmlWinEventLog,6
raw/4519__USCP-WS-0001__ms_defender_eventhub.log,USCP-WS-0001,ms:defender:eventhub,ms:defender:eventhub,3
raw/4520__USCP-WS-0001__sccm_client.log,USCP-WS-0001,sccm:client,sccm:client,1
raw/4521__USCP-WS-0002__XmlWinEventLog.log,USCP-WS-0002,XmlWinEventLog:Microsoft-Windows-Sysmon/Operational,XmlWinEventLog,11
raw/4522__USCP-WS-0002__XmlWinEventLog.log,USCP-WS-0002,XmlWinEventLog:Security,XmlWinEventLog,5
raw/4523__USCP-WS-0002__trellix_epo.log,USCP-WS-0002,trellix:epo,trellix:epo,1
raw/4524__USCP-WS-0003__XmlWinEventLog.log,USCP-WS-0003,XmlWinEventLog:Microsoft-Windows-Sysmon/Operational,XmlWinEventLog,8
raw/4525__USCP-WS-0003__XmlWinEventLog.log,USCP-WS-0003,XmlWinEventLog:Security,XmlWinEventLog,6
raw/4526__USCP-WS-0003__ms_defender_eventhub.log,USCP-WS-0003,ms:defender:eventhub,ms:defender:eventhub,3
raw/4527__USCP-WS-0003__trellix_epo.log,USCP-WS-0003,trellix:epo,trellix:epo,1
raw/4528__USCP-WS-0004__XmlWinEventLog.log,USCP-WS-0004,XmlWinEventLog:Microsoft-Windows-Sysmon/Operational,XmlWinEventLog,5
raw/4529__USCP-WS-0004__XmlWinEventLog.log,USCP-WS-0004,XmlWinEventLog:Security,XmlWinEventLog,11
raw/4530__USCP-WS-0004__trellix_epo.log,USCP-WS-0004,trellix:epo,trellix:epo,1
raw/4531__USCP-WS-0005__XmlWinEventLog.log,USCP-WS-0005,XmlWinEventLog:Microsoft-Windows-Sysmon/Operational,XmlWinEventLog,10
raw/4532__USCP-WS-0005__XmlWinEventLog.log,USCP-WS-0005,XmlWinEventLog:Security,XmlWinEventLog,8
raw/4533__USCP-WS-0005__trellix_epo.log,USCP-WS-0005,trellix:epo,trellix:epo,1
raw/4534__USCP-WS-0006__XmlWinEventLog.log,USCP-WS-0006,XmlWinEventLog:Microsoft-Windows-Sysmon/Operational,XmlWinEventLog,7
raw/4535__USCP-WS-0006__XmlWinEventLog.log,USCP-WS-0006,XmlWinEventLog:Security,XmlWinEventLog,8
raw/4536__USCP-WS-0006__ms_defender_eventhub.log,USCP-WS-0006,ms:defender:eventhub,ms:defender:eventhub,3
raw/4537__USCP-WS-0007__XmlWinEventLog.log,USCP-WS-0007,XmlWinEventLog:Microsoft-Windows-Sysmon/Operational,XmlWinEventLog,7
raw/4538__USCP-WS-0007__XmlWinEventLog.log,USCP-WS-0007,XmlWinEventLog:Security,XmlWinEventLog,8
raw/4539__USCP-WS-0007__ms_defender_eventhub.log,USCP-WS-0007,ms:defender:eventhub,ms:defender:eventhub,3
raw/4540__USCP-WS-0007__wsus_client.log,USCP-WS-0007,wsus:client,wsus:client,1
raw/4541__USCP-WS-0008__XmlWinEventLog.log,USCP-WS-0008,XmlWinEventLog:Microsoft-Windows-Sysmon/Operational,XmlWinEventLog,9
raw/4542__USCP-WS-0008__XmlWinEventLog.log,USCP-WS-0008,XmlWinEventLog:Security,XmlWinEventLog,8
raw/4543__USCP-WS-0009__XmlWinEventLog.log,USCP-WS-0009,XmlWinEventLog:Microsoft-Windows-Sysmon/Operational,XmlWinEventLog,6
raw/4544__USCP-WS-0009__XmlWinEventLog.log,USCP-WS-0009,XmlWinEventLog:Security,XmlWinEventLog,6
raw/4545__USCP-WS-0010__XmlWinEventLog.log,USCP-WS-0010,XmlWinEventLog:Microsoft-Windows-Sysmon/Operational,XmlWinEventLog,9
raw/4546__USCP-WS-0010__XmlWinEventLog.log,USCP-WS-0010,XmlWinEventLog:Security,XmlWinEventLog,11
raw/4547__USCP-WS-0010__ms_defender_eventhub.log,USCP-WS-0010,ms:defender:eventhub,ms:defender:eventhub,2
raw/4548__USCP-WS-0011__XmlWinEventLog.log,USCP-WS-0011,XmlWinEventLog:Microsoft-Windows-Sysmon/Operational,XmlWinEventLog,8
raw/4549__USCP-WS-0011__XmlWinEventLog.log,USCP-WS-0011,XmlWinEventLog:Security,XmlWinEventLog,10
raw/4550__USCP-WS-0011__wsus_client.log,USCP-WS-0011,wsus:client,wsus:client,1
raw/4551__USCP-WS-0012__XmlWinEventLog.log,USCP-WS-0012,XmlWinEventLog:Microsoft-Windows-Sysmon/Operational,XmlWinEventLog,9
raw/4552__USCP-WS-0012__XmlWinEventLog.log,USCP-WS-0012,XmlWinEventLog:Security,XmlWinEventLog,10
raw/4553__USCP-WS-0013__XmlWinEventLog.log,USCP-WS-0013,XmlWinEventLog:Microsoft-Windows-Sysmon/Operational,XmlWinEventLog,13
raw/4554__USCP-WS-0013__XmlWinEventLog.log,USCP-WS-0013,XmlWinEventLog:Security,XmlWinEventLog,8
raw/4555__USCP-WS-0013__sccm_client.log,USCP-WS-0013,sccm:client,sccm:client,1
raw/4556__USCP-WS-0014__XmlWinEventLog.log,USCP-WS-0014,XmlWinEventLog:Microsoft-Windows-Sysmon/Operational,XmlWinEventLog,7
raw/4557__USCP-WS-0014__XmlWinEventLog.log,USCP-WS-0014,XmlWinEventLog:Security,XmlWinEventLog,6
raw/4558__USCP-WS-0014__sccm_client.log,USCP-WS-0014,sccm:client,sccm:client,1
raw/4559__USCP-WS-0015__XmlWinEventLog.log,USCP-WS-0015,XmlWinEventLog:Microsoft-Windows-Sysmon/Operational,XmlWinEventLog,11
raw/4560__USCP-WS-0015__XmlWinEventLog.log,USCP-WS-0015,XmlWinEventLog:Security,XmlWinEventLog,7
raw/4561__USCP-WS-0016__XmlWinEventLog.log,USCP-WS-0016,XmlWinEventLog:Microsoft-Windows-Sysmon/Operational,XmlWinEventLog,10
raw/4562__USCP-WS-0016__XmlWinEventLog.log,USCP-WS-0016,XmlWinEventLog:Security,XmlWinEventLog,11
raw/4563__USCP-WS-0016__ms_defender_eventhub.log,USCP-WS-0016,ms:defender:eventhub,ms:defender:eventhub,1
raw/4564__USCP-WS-0017__XmlWinEventLog.log,USCP-WS-0017,XmlWinEventLog:Microsoft-Windows-Sysmon/Operational,XmlWinEventLog,10
raw/4565__USCP-WS-0017__XmlWinEventLog.log,USCP-WS-0017,XmlWinEventLog:Security,XmlWinEventLog,13
raw/4566__USCP-WS-0018__XmlWinEventLog.log,USCP-WS-0018,XmlWinEventLog:Microsoft-Windows-Sysmon/Operational,XmlWinEventLog,12
raw/4567__USCP-WS-0018__XmlWinEventLog.log,USCP-WS-0018,XmlWinEventLog:Security,XmlWinEventLog,9
raw/4568__USCP-WS-0018__ms_defender_eventhub.log,USCP-WS-0018,ms:defender:eventhub,ms:defender:eventhub,1
raw/4569__USCP-WS-0019__XmlWinEventLog.log,USCP-WS-0019,XmlWinEventLog:Microsoft-Windows-Sysmon/Operational,XmlWinEventLog,9
raw/4570__USCP-WS-0019__XmlWinEventLog.log,USCP-WS-0019,XmlWinEventLog:Security,XmlWinEventLog,8
raw/4571__USCP-WS-0019__trellix_epo.log,USCP-WS-0019,trellix:epo,trellix:epo,2
raw/4572__USCP-WS-0020__XmlWinEventLog.log,USCP-WS-0020,XmlWinEventLog:Microsoft-Windows-Sysmon/Operational,XmlWinEventLog,12
raw/4573__USCP-WS-0020__XmlWinEventLog.log,USCP-WS-0020,XmlWinEventLog:Security,XmlWinEventLog,10
raw/4574__USCP-WS-0021__XmlWinEventLog.log,USCP-WS-0021,XmlWinEventLog:Microsoft-Windows-Sysmon/Operational,XmlWinEventLog,8
raw/4575__USCP-WS-0021__XmlWinEventLog.log,USCP-WS-0021,XmlWinEventLog:Security,XmlWinEventLog,9
raw/4576__USCP-WS-0021__ms_defender_eventhub.log,USCP-WS-0021,ms:defender:eventhub,ms:defender:eventhub,1
raw/4577__USCP-WS-0021__sccm_client.log,USCP-WS-0021,sccm:client,sccm:client,2
raw/4578__USCP-WS-0021__wsus_client.log,USCP-WS-0021,wsus:client,wsus:client,1
raw/4579__USCP-WS-0022__XmlWinEventLog.log,USCP-WS-0022,XmlWinEventLog:Microsoft-Windows-Sysmon/Operational,XmlWinEventLog,12
raw/4580__USCP-WS-0022__XmlWinEventLog.log,USCP-WS-0022,XmlWinEventLog:Security,XmlWinEventLog,2
raw/4581__USCP-WS-0022__ms_defender_eventhub.log,USCP-WS-0022,ms:defender:eventhub,ms:defender:eventhub,2
raw/4582__USCP-WS-0022__wsus_client.log,USCP-WS-0022,wsus:client,wsus:client,1
raw/4583__USCP-WS-0023__XmlWinEventLog.log,USCP-WS-0023,XmlWinEventLog:Microsoft-Windows-Sysmon/Operational,XmlWinEventLog,6
raw/4584__USCP-WS-0023__XmlWinEventLog.log,USCP-WS-0023,XmlWinEventLog:Security,XmlWinEventLog,14
raw/4585__USCP-WS-0023__ms_defender_eventhub.log,USCP-WS-0023,ms:defender:eventhub,ms:defender:eventhub,3
raw/4586__USCP-WS-0024__XmlWinEventLog.log,USCP-WS-0024,XmlWinEventLog:Microsoft-Windows-Sysmon/Operational,XmlWinEventLog,4
raw/4587__USCP-WS-0024__XmlWinEventLog.log,USCP-WS-0024,XmlWinEventLog:Security,XmlWinEventLog,8
raw/4588__USCP-WS-0024__ms_defender_eventhub.log,USCP-WS-0024,ms:defender:eventhub,ms:defender:eventhub,1
raw/4589__USCP-WS-0025__XmlWinEventLog.log,USCP-WS-0025,XmlWinEventLog:Microsoft-Windows-Sysmon/Operational,XmlWinEventLog,4
raw/4590__USCP-WS-0025__XmlWinEventLog.log,USCP-WS-0025,XmlWinEventLog:Security,XmlWinEventLog,3
raw/4591__USCP-WS-0026__XmlWinEventLog.log,USCP-WS-0026,XmlWinEventLog:Microsoft-Windows-Sysmon/Operational,XmlWinEventLog,16
raw/4592__USCP-WS-0026__XmlWinEventLog.log,USCP-WS-0026,XmlWinEventLog:Security,XmlWinEventLog,2
raw/4593__USCP-WS-0026__sccm_client.log,USCP-WS-0026,sccm:client,sccm:client,1
raw/4594__USCP-WS-0026__wsus_client.log,USCP-WS-0026,wsus:client,wsus:client,2
raw/4595__USCP-WS-0027__XmlWinEventLog.log,USCP-WS-0027,XmlWinEventLog:Microsoft-Windows-Sysmon/Operational,XmlWinEventLog,8
raw/4596__USCP-WS-0027__XmlWinEventLog.log,USCP-WS-0027,XmlWinEventLog:Security,XmlWinEventLog,6
raw/4597__USCP-WS-0027__ms_defender_eventhub.log,USCP-WS-0027,ms:defender:eventhub,ms:defender:eventhub,1
raw/4598__USCP-WS-0028__XmlWinEventLog.log,USCP-WS-0028,XmlWinEventLog:Microsoft-Windows-Sysmon/Operational,XmlWinEventLog,5
raw/4599__USCP-WS-0028__XmlWinEventLog.log,USCP-WS-0028,XmlWinEventLog:Security,XmlWinEventLog,3
raw/4600__USCP-WS-0029__XmlWinEventLog.log,USCP-WS-0029,XmlWinEventLog:Microsoft-Windows-Sysmon/Operational,XmlWinEventLog,7
raw/4601__USCP-WS-0029__XmlWinEventLog.log,USCP-WS-0029,XmlWinEventLog:Security,XmlWinEventLog,2
raw/4602__USCP-WS-0029__trellix_epo.log,USCP-WS-0029,trellix:epo,trellix:epo,2
raw/4603__USCP-WS-0030__XmlWinEventLog.log,USCP-WS-0030,XmlWinEventLog:Microsoft-Windows-Sysmon/Operational,XmlWinEventLog,2
raw/4604__USCP-WS-0030__XmlWinEventLog.log,USCP-WS-0030,XmlWinEventLog:Security,XmlWinEventLog,5
raw/4605__USCP-WS-0030__ms_defender_eventhub.log,USCP-WS-0030,ms:defender:eventhub,ms:defender:eventhub,2
raw/4606__USCP-WS-0031__XmlWinEventLog.log,USCP-WS-0031,XmlWinEventLog:Microsoft-Windows-Sysmon/Operational,XmlWinEventLog,2
raw/4607__USCP-WS-0031__XmlWinEventLog.log,USCP-WS-0031,XmlWinEventLog:Security,XmlWinEventLog,3
raw/4608__USCP-WS-0031__sccm_client.log,USCP-WS-0031,sccm:client,sccm:client,1
raw/4609__USCP-WS-0032__XmlWinEventLog.log,USCP-WS-0032,XmlWinEventLog:Microsoft-Windows-Sysmon/Operational,XmlWinEventLog,7
raw/4610__USCP-WS-0032__XmlWinEventLog.log,USCP-WS-0032,XmlWinEventLog:Security,XmlWinEventLog,5
raw/4611__USCP-WS-0032__sccm_client.log,USCP-WS-0032,sccm:client,sccm:client,1
raw/4612__USCP-WS-0033__XmlWinEventLog.log,USCP-WS-0033,XmlWinEventLog:Microsoft-Windows-Sysmon/Operational,XmlWinEventLog,6
raw/4613__USCP-WS-0033__XmlWinEventLog.log,USCP-WS-0033,XmlWinEventLog:Security,XmlWinEventLog,3
raw/4614__USCP-WS-0033__wsus_client.log,USCP-WS-0033,wsus:client,wsus:client,1
raw/4615__USCP-WS-0034__XmlWinEventLog.log,USCP-WS-0034,XmlWinEventLog:Microsoft-Windows-Sysmon/Operational,XmlWinEventLog,8
raw/4616__USCP-WS-0034__XmlWinEventLog.log,USCP-WS-0034,XmlWinEventLog:Security,XmlWinEventLog,7
raw/4617__USCP-WS-0034__ms_defender_eventhub.log,USCP-WS-0034,ms:defender:eventhub,ms:defender:eventhub,1
raw/4618__USCP-WS-0034__sccm_client.log,USCP-WS-0034,sccm:client,sccm:client,1
raw/4619__USCP-WS-0035__XmlWinEventLog.log,USCP-WS-0035,XmlWinEventLog:Microsoft-Windows-Sysmon/Operational,XmlWinEventLog,4
raw/4620__USCP-WS-0035__XmlWinEventLog.log,USCP-WS-0035,XmlWinEventLog:Security,XmlWinEventLog,5
raw/4621__USCP-WS-0035__ms_defender_eventhub.log,USCP-WS-0035,ms:defender:eventhub,ms:defender:eventhub,1
raw/4622__USCP-WS-0036__XmlWinEventLog.log,USCP-WS-0036,XmlWinEventLog:Microsoft-Windows-Sysmon/Operational,XmlWinEventLog,8
raw/4623__USCP-WS-0036__XmlWinEventLog.log,USCP-WS-0036,XmlWinEventLog:Security,XmlWinEventLog,1
raw/4624__USCP-WS-0037__XmlWinEventLog.log,USCP-WS-0037,XmlWinEventLog:Microsoft-Windows-Sysmon/Operational,XmlWinEventLog,4
raw/4625__USCP-WS-0037__XmlWinEventLog.log,USCP-WS-0037,XmlWinEventLog:Security,XmlWinEventLog,4
raw/4626__USCP-WS-0038__XmlWinEventLog.log,USCP-WS-0038,XmlWinEventLog:Microsoft-Windows-Sysmon/Operational,XmlWinEventLog,8
raw/4627__USCP-WS-0038__ms_defender_eventhub.log,USCP-WS-0038,ms:defender:eventhub,ms:defender:eventhub,1
raw/4628__USCP-WS-0039__XmlWinEventLog.log,USCP-WS-0039,XmlWinEventLog:Microsoft-Windows-Sysmon/Operational,XmlWinEventLog,3
raw/4629__USCP-WS-0039__XmlWinEventLog.log,USCP-WS-0039,XmlWinEventLog:Security,XmlWinEventLog,3
raw/4630__USCP-WS-0040__XmlWinEventLog.log,USCP-WS-0040,XmlWinEventLog:Microsoft-Windows-Sysmon/Operational,XmlWinEventLog,7
raw/4631__USCP-WS-0040__XmlWinEventLog.log,USCP-WS-0040,XmlWinEventLog:Security,XmlWinEventLog,5
raw/4632__USCP-WS-0040__trellix_epo.log,USCP-WS-0040,trellix:epo,trellix:epo,1
raw/4633__USCP-WS-0040__wsus_client.log,USCP-WS-0040,wsus:client,wsus:client,1
raw/4634__USCP-WS-0041__XmlWinEventLog.log,USCP-WS-0041,XmlWinEventLog:Microsoft-Windows-Sysmon/Operational,XmlWinEventLog,10
raw/4635__USCP-WS-0041__XmlWinEventLog.log,USCP-WS-0041,XmlWinEventLog:Security,XmlWinEventLog,3
raw/4636__USCP-WS-0042__XmlWinEventLog.log,USCP-WS-0042,XmlWinEventLog:Microsoft-Windows-Sysmon/Operational,XmlWinEventLog,1
raw/4637__USCP-WS-0042__XmlWinEventLog.log,USCP-WS-0042,XmlWinEventLog:Security,XmlWinEventLog,3
raw/4638__USCP-WS-0042__trellix_epo.log,USCP-WS-0042,trellix:epo,trellix:epo,1
raw/4639__USCP-WS-0043__XmlWinEventLog.log,USCP-WS-0043,XmlWinEventLog:Microsoft-Windows-Sysmon/Operational,XmlWinEventLog,5
raw/4640__USCP-WS-0043__XmlWinEventLog.log,USCP-WS-0043,XmlWinEventLog:Security,XmlWinEventLog,6
raw/4641__USCP-WS-0043__ms_defender_eventhub.log,USCP-WS-0043,ms:defender:eventhub,ms:defender:eventhub,3
raw/4642__USCP-WS-0044__XmlWinEventLog.log,USCP-WS-0044,XmlWinEventLog:Microsoft-Windows-Sysmon/Operational,XmlWinEventLog,7
raw/4643__USCP-WS-0044__XmlWinEventLog.log,USCP-WS-0044,XmlWinEventLog:Security,XmlWinEventLog,4
raw/4644__USCP-WS-0044__ms_defender_eventhub.log,USCP-WS-0044,ms:defender:eventhub,ms:defender:eventhub,1
raw/4645__USCP-WS-0045__XmlWinEventLog.log,USCP-WS-0045,XmlWinEventLog:Microsoft-Windows-Sysmon/Operational,XmlWinEventLog,4
raw/4646__USCP-WS-0045__XmlWinEventLog.log,USCP-WS-0045,XmlWinEventLog:Security,XmlWinEventLog,5
raw/4647__USCP-WS-0046__XmlWinEventLog.log,USCP-WS-0046,XmlWinEventLog:Microsoft-Windows-Sysmon/Operational,XmlWinEventLog,5
raw/4648__USCP-WS-0046__XmlWinEventLog.log,USCP-WS-0046,XmlWinEventLog:Security,XmlWinEventLog,2
raw/4649__USCP-WS-0046__ms_defender_eventhub.log,USCP-WS-0046,ms:defender:eventhub,ms:defender:eventhub,2
raw/4650__USCP-WS-0046__sccm_client.log,USCP-WS-0046,sccm:client,sccm:client,2
raw/4651__USCP-WS-0046__trellix_epo.log,USCP-WS-0046,trellix:epo,trellix:epo,1
raw/4652__USCP-WS-0047__XmlWinEventLog.log,USCP-WS-0047,XmlWinEventLog:Microsoft-Windows-Sysmon/Operational,XmlWinEventLog,7
raw/4653__USCP-WS-0047__XmlWinEventLog.log,USCP-WS-0047,XmlWinEventLog:Security,XmlWinEventLog,2
raw/4654__USCP-WS-0047__sccm_client.log,USCP-WS-0047,sccm:client,sccm:client,1
raw/4655__USCP-WS-0048__XmlWinEventLog.log,USCP-WS-0048,XmlWinEventLog:Microsoft-Windows-Sysmon/Operational,XmlWinEventLog,6
raw/4656__USCP-WS-0048__XmlWinEventLog.log,USCP-WS-0048,XmlWinEventLog:Security,XmlWinEventLog,4
raw/4657__USCP-WS-0048__ms_defender_eventhub.log,USCP-WS-0048,ms:defender:eventhub,ms:defender:eventhub,1
raw/4658__USCP-WS-0049__XmlWinEventLog.log,USCP-WS-0049,XmlWinEventLog:Microsoft-Windows-Sysmon/Operational,XmlWinEventLog,10
raw/4659__USCP-WS-0049__XmlWinEventLog.log,USCP-WS-0049,XmlWinEventLog:Security,XmlWinEventLog,4
raw/4660__USCP-WS-0049__sccm_client.log,USCP-WS-0049,sccm:client,sccm:client,1
raw/4661__USCP-WS-0050__XmlWinEventLog.log,USCP-WS-0050,XmlWinEventLog:Microsoft-Windows-Sysmon/Operational,XmlWinEventLog,4
raw/4662__USCP-WS-0050__XmlWinEventLog.log,USCP-WS-0050,XmlWinEventLog:Security,XmlWinEventLog,7
raw/4663__USCP-WS-0050__ms_defender_eventhub.log,USCP-WS-0050,ms:defender:eventhub,ms:defender:eventhub,1
raw/4664__USCP-WS-0050__sccm_client.log,USCP-WS-0050,sccm:client,sccm:client,1
raw/4665__USCP-WS-0051__XmlWinEventLog.log,USCP-WS-0051,XmlWinEventLog:Microsoft-Windows-Sysmon/Operational,XmlWinEventLog,4
raw/4666__USCP-WS-0051__XmlWinEventLog.log,USCP-WS-0051,XmlWinEventLog:Security,XmlWinEventLog,2
raw/4667__USCP-WS-0051__ms_defender_eventhub.log,USCP-WS-0051,ms:defender:eventhub,ms:defender:eventhub,2
raw/4668__USCP-WS-0052__XmlWinEventLog.log,USCP-WS-0052,XmlWinEventLog:Microsoft-Windows-Sysmon/Operational,XmlWinEventLog,4
raw/4669__USCP-WS-0052__XmlWinEventLog.log,USCP-WS-0052,XmlWinEventLog:Security,XmlWinEventLog,3
raw/4670__USCP-WS-0052__ms_defender_eventhub.log,USCP-WS-0052,ms:defender:eventhub,ms:defender:eventhub,1
raw/4671__USCP-WS-0053__XmlWinEventLog.log,USCP-WS-0053,XmlWinEventLog:Microsoft-Windows-Sysmon/Operational,XmlWinEventLog,7
raw/4672__USCP-WS-0053__XmlWinEventLog.log,USCP-WS-0053,XmlWinEventLog:Security,XmlWinEventLog,2
raw/4673__USCP-WS-0053__sccm_client.log,USCP-WS-0053,sccm:client,sccm:client,1
raw/4674__USCP-WS-0053__trellix_epo.log,USCP-WS-0053,trellix:epo,trellix:epo,1
raw/4675__USCP-WS-0053__wsus_client.log,USCP-WS-0053,wsus:client,wsus:client,2
raw/4676__USCP-WS-0054__XmlWinEventLog.log,USCP-WS-0054,XmlWinEventLog:Microsoft-Windows-Sysmon/Operational,XmlWinEventLog,7
raw/4677__USCP-WS-0054__XmlWinEventLog.log,USCP-WS-0054,XmlWinEventLog:Security,XmlWinEventLog,7
raw/4678__USCP-WS-0054__trellix_epo.log,USCP-WS-0054,trellix:epo,trellix:epo,1
raw/4679__USCP-WS-0055__XmlWinEventLog.log,USCP-WS-0055,XmlWinEventLog:Microsoft-Windows-Sysmon/Operational,XmlWinEventLog,5
raw/4680__USCP-WS-0055__XmlWinEventLog.log,USCP-WS-0055,XmlWinEventLog:Security,XmlWinEventLog,4
raw/4681__USCP-WS-0055__sccm_client.log,USCP-WS-0055,sccm:client,sccm:client,1
raw/4682__USCP-WS-0056__XmlWinEventLog.log,USCP-WS-0056,XmlWinEventLog:Microsoft-Windows-Sysmon/Operational,XmlWinEventLog,8
raw/4683__USCP-WS-0056__XmlWinEventLog.log,USCP-WS-0056,XmlWinEventLog:Security,XmlWinEventLog,8
raw/4684__USCP-WS-0056__ms_defender_eventhub.log,USCP-WS-0056,ms:defender:eventhub,ms:defender:eventhub,2
raw/4685__USCP-WS-0056__trellix_epo.log,USCP-WS-0056,trellix:epo,trellix:epo,1
raw/4686__USCP-WS-0057__XmlWinEventLog.log,USCP-WS-0057,XmlWinEventLog:Microsoft-Windows-Sysmon/Operational,XmlWinEventLog,10
raw/4687__USCP-WS-0057__XmlWinEventLog.log,USCP-WS-0057,XmlWinEventLog:Security,XmlWinEventLog,6
raw/4688__USCP-WS-0057__ms_defender_eventhub.log,USCP-WS-0057,ms:defender:eventhub,ms:defender:eventhub,1
raw/4689__USCP-WS-0058__XmlWinEventLog.log,USCP-WS-0058,XmlWinEventLog:Microsoft-Windows-Sysmon/Operational,XmlWinEventLog,6
raw/4690__USCP-WS-0058__XmlWinEventLog.log,USCP-WS-0058,XmlWinEventLog:Security,XmlWinEventLog,5
raw/4691__USCP-WS-0058__wsus_client.log,USCP-WS-0058,wsus:client,wsus:client,1
raw/4692__USCP-WS-0059__XmlWinEventLog.log,USCP-WS-0059,XmlWinEventLog:Microsoft-Windows-Sysmon/Operational,XmlWinEventLog,6
raw/4693__USCP-WS-0059__XmlWinEventLog.log,USCP-WS-0059,XmlWinEventLog:Security,XmlWinEventLog,4
raw/4694__USCP-WS-0059__ms_defender_eventhub.log,USCP-WS-0059,ms:defender:eventhub,ms:defender:eventhub,1
raw/4695__USCP-WS-0059__sccm_client.log,USCP-WS-0059,sccm:client,sccm:client,2
raw/4696__USCP-WS-0059__wsus_client.log,USCP-WS-0059,wsus:client,wsus:client,1
raw/4697__USCP-WS-0060__XmlWinEventLog.log,USCP-WS-0060,XmlWinEventLog:Microsoft-Windows-Sysmon/Operational,XmlWinEventLog,4
raw/4698__USCP-WS-0060__XmlWinEventLog.log,USCP-WS-0060,XmlWinEventLog:Security,XmlWinEventLog,4
raw/4699__USCP-WS-0060__wsus_client.log,USCP-WS-0060,wsus:client,wsus:client,1
raw/4700__USCP-WS-0061__XmlWinEventLog.log,USCP-WS-0061,XmlWinEventLog:Microsoft-Windows-Sysmon/Operational,XmlWinEventLog,8
raw/4701__USCP-WS-0061__XmlWinEventLog.log,USCP-WS-0061,XmlWinEventLog:Security,XmlWinEventLog,4
raw/4702__USCP-WS-0061__trellix_epo.log,USCP-WS-0061,trellix:epo,trellix:epo,1
raw/4703__USCP-WS-0062__XmlWinEventLog.log,USCP-WS-0062,XmlWinEventLog:Microsoft-Windows-Sysmon/Operational,XmlWinEventLog,3
raw/4704__USCP-WS-0062__XmlWinEventLog.log,USCP-WS-0062,XmlWinEventLog:Security,XmlWinEventLog,10
raw/4705__USCP-WS-0062__ms_defender_eventhub.log,USCP-WS-0062,ms:defender:eventhub,ms:defender:eventhub,2
raw/4706__USCP-WS-0062__sccm_client.log,USCP-WS-0062,sccm:client,sccm:client,1
raw/4707__USCP-WS-0062__wsus_client.log,USCP-WS-0062,wsus:client,wsus:client,1
raw/4708__USCP-WS-0063__XmlWinEventLog.log,USCP-WS-0063,XmlWinEventLog:Microsoft-Windows-Sysmon/Operational,XmlWinEventLog,3
raw/4709__USCP-WS-0063__XmlWinEventLog.log,USCP-WS-0063,XmlWinEventLog:Security,XmlWinEventLog,6
raw/4710__USCP-WS-0064__XmlWinEventLog.log,USCP-WS-0064,XmlWinEventLog:Microsoft-Windows-Sysmon/Operational,XmlWinEventLog,7
raw/4711__USCP-WS-0064__XmlWinEventLog.log,USCP-WS-0064,XmlWinEventLog:Security,XmlWinEventLog,11
raw/4712__USCP-WS-0064__wsus_client.log,USCP-WS-0064,wsus:client,wsus:client,1
raw/4713__USCP-ZEEK-01__bro_conn_json.log,USCP-ZEEK-01,zeek:conn,bro:conn:json,862
raw/4714__USCP-ZEEK-01__bro_dce_rpc_json.log,USCP-ZEEK-01,zeek:dce_rpc,bro:dce_rpc:json,89
raw/4715__USCP-ZEEK-01__bro_dns_json.log,USCP-ZEEK-01,zeek:dns,bro:dns:json,323
raw/4716__USCP-ZEEK-01__bro_http_json.log,USCP-ZEEK-01,zeek:http,bro:http:json,189
raw/4717__USCP-ZEEK-01__bro_smb_files_json.log,USCP-ZEEK-01,zeek:smb_files,bro:smb_files:json,77
raw/4718__USCP-ZEEK-01__bro_ssl_json.log,USCP-ZEEK-01,zeek:ssl,bro:ssl:json,282
raw/4719__USHQ-APP-01__XmlWinEventLog.log,USHQ-APP-01,XmlWinEventLog:Microsoft-Windows-Sysmon/Operational,XmlWinEventLog,6
raw/4720__USHQ-APP-01__XmlWinEventLog.log,USHQ-APP-01,XmlWinEventLog:Security,XmlWinEventLog,1
raw/4721__USHQ-APP-01__wsus_client.log,USHQ-APP-01,wsus:client,wsus:client,1
raw/4722__USHQ-APP-02__XmlWinEventLog.log,USHQ-APP-02,XmlWinEventLog:Microsoft-Windows-Sysmon/Operational,XmlWinEventLog,7
raw/4723__USHQ-APP-02__XmlWinEventLog.log,USHQ-APP-02,XmlWinEventLog:Security,XmlWinEventLog,4
raw/4724__USHQ-APP-02__ms_defender_eventhub.log,USHQ-APP-02,ms:defender:eventhub,ms:defender:eventhub,1
raw/4725__USHQ-APP-02__trellix_epo.log,USHQ-APP-02,trellix:epo,trellix:epo,2
raw/4726__USHQ-APP-03__XmlWinEventLog.log,USHQ-APP-03,XmlWinEventLog:Microsoft-Windows-Sysmon/Operational,XmlWinEventLog,5
raw/4727__USHQ-APP-03__XmlWinEventLog.log,USHQ-APP-03,XmlWinEventLog:Security,XmlWinEventLog,5
raw/4728__USHQ-APP-04__XmlWinEventLog.log,USHQ-APP-04,XmlWinEventLog:Microsoft-Windows-Sysmon/Operational,XmlWinEventLog,4
raw/4729__USHQ-APP-04__XmlWinEventLog.log,USHQ-APP-04,XmlWinEventLog:Security,XmlWinEventLog,3
raw/4730__USHQ-APP-04__trellix_epo.log,USHQ-APP-04,trellix:epo,trellix:epo,1
raw/4731__USHQ-APP-05__XmlWinEventLog.log,USHQ-APP-05,XmlWinEventLog:Microsoft-Windows-Sysmon/Operational,XmlWinEventLog,5
raw/4732__USHQ-APP-05__XmlWinEventLog.log,USHQ-APP-05,XmlWinEventLog:Security,XmlWinEventLog,3
raw/4733__USHQ-APP-05__ms_defender_eventhub.log,USHQ-APP-05,ms:defender:eventhub,ms:defender:eventhub,1
raw/4734__USHQ-APP-06__XmlWinEventLog.log,USHQ-APP-06,XmlWinEventLog:Microsoft-Windows-Sysmon/Operational,XmlWinEventLog,10
raw/4735__USHQ-APP-06__XmlWinEventLog.log,USHQ-APP-06,XmlWinEventLog:Security,XmlWinEventLog,5
raw/4736__USHQ-APP-07__XmlWinEventLog.log,USHQ-APP-07,XmlWinEventLog:Microsoft-Windows-Sysmon/Operational,XmlWinEventLog,8
raw/4737__USHQ-APP-07__XmlWinEventLog.log,USHQ-APP-07,XmlWinEventLog:Security,XmlWinEventLog,8
raw/4738__USHQ-APP-07__ms_defender_eventhub.log,USHQ-APP-07,ms:defender:eventhub,ms:defender:eventhub,2
raw/4739__USHQ-APP-07__trellix_epo.log,USHQ-APP-07,trellix:epo,trellix:epo,2
raw/4740__USHQ-APP-08__XmlWinEventLog.log,USHQ-APP-08,XmlWinEventLog:Microsoft-Windows-Sysmon/Operational,XmlWinEventLog,7
raw/4741__USHQ-APP-08__XmlWinEventLog.log,USHQ-APP-08,XmlWinEventLog:Security,XmlWinEventLog,5
raw/4742__USHQ-APP-08__wsus_client.log,USHQ-APP-08,wsus:client,wsus:client,1
raw/4743__USHQ-DC-01__XmlWinEventLog.log,USHQ-DC-01,XmlWinEventLog:Security,XmlWinEventLog,128
raw/4744__USHQ-FS-01__XmlWinEventLog.log,USHQ-FS-01,XmlWinEventLog:Microsoft-Windows-Sysmon/Operational,XmlWinEventLog,5
raw/4745__USHQ-FS-01__XmlWinEventLog.log,USHQ-FS-01,XmlWinEventLog:Security,XmlWinEventLog,3
raw/4746__USHQ-FS-01__trellix_epo.log,USHQ-FS-01,trellix:epo,trellix:epo,1
raw/4747__USHQ-FS-02__XmlWinEventLog.log,USHQ-FS-02,XmlWinEventLog:Microsoft-Windows-Sysmon/Operational,XmlWinEventLog,1
raw/4748__USHQ-FS-02__XmlWinEventLog.log,USHQ-FS-02,XmlWinEventLog:Security,XmlWinEventLog,2
raw/4749__USHQ-FS-02__ms_defender_eventhub.log,USHQ-FS-02,ms:defender:eventhub,ms:defender:eventhub,1
raw/4750__USHQ-FS-02__wsus_client.log,USHQ-FS-02,wsus:client,wsus:client,1
raw/4751__USHQ-FS-03__XmlWinEventLog.log,USHQ-FS-03,XmlWinEventLog:Microsoft-Windows-Sysmon/Operational,XmlWinEventLog,2
raw/4752__USHQ-FS-03__XmlWinEventLog.log,USHQ-FS-03,XmlWinEventLog:Security,XmlWinEventLog,1
raw/4753__USHQ-FS-03__sccm_client.log,USHQ-FS-03,sccm:client,sccm:client,2
raw/4754__USHQ-FS-04__XmlWinEventLog.log,USHQ-FS-04,XmlWinEventLog:Microsoft-Windows-Sysmon/Operational,XmlWinEventLog,4
raw/4755__USHQ-FS-04__XmlWinEventLog.log,USHQ-FS-04,XmlWinEventLog:Security,XmlWinEventLog,6
raw/4756__USHQ-FS-04__wsus_client.log,USHQ-FS-04,wsus:client,wsus:client,1
raw/4757__USHQ-FW-01__pan_traffic.log,USHQ-FW-01,pan:traffic,pan:traffic,86
raw/4758__USHQ-FW-02__fortigate_traffic.log,USHQ-FW-02,fortigate_traffic,fortigate_traffic,98
raw/4759__USHQ-FW-03__cisco_asa.log,USHQ-FW-03,cisco:asa,cisco:asa,90
raw/4760__USHQ-JUMP-01__XmlWinEventLog.log,USHQ-JUMP-01,XmlWinEventLog:Microsoft-Windows-Sysmon/Operational,XmlWinEventLog,6
raw/4761__USHQ-JUMP-01__XmlWinEventLog.log,USHQ-JUMP-01,XmlWinEventLog:Security,XmlWinEventLog,6
raw/4762__USHQ-JUMP-02__XmlWinEventLog.log,USHQ-JUMP-02,XmlWinEventLog:Microsoft-Windows-Sysmon/Operational,XmlWinEventLog,6
raw/4763__USHQ-JUMP-02__XmlWinEventLog.log,USHQ-JUMP-02,XmlWinEventLog:Security,XmlWinEventLog,5
raw/4764__USHQ-JUMP-02__ms_defender_eventhub.log,USHQ-JUMP-02,ms:defender:eventhub,ms:defender:eventhub,1
raw/4765__USHQ-JUMP-03__XmlWinEventLog.log,USHQ-JUMP-03,XmlWinEventLog:Microsoft-Windows-Sysmon/Operational,XmlWinEventLog,1
raw/4766__USHQ-JUMP-03__XmlWinEventLog.log,USHQ-JUMP-03,XmlWinEventLog:Security,XmlWinEventLog,5
raw/4767__USHQ-JUMP-03__ms_defender_eventhub.log,USHQ-JUMP-03,ms:defender:eventhub,ms:defender:eventhub,1
raw/4768__USHQ-JUMP-03__trellix_epo.log,USHQ-JUMP-03,trellix:epo,trellix:epo,1
raw/4769__USHQ-LNX-01__linux_audit.log,USHQ-LNX-01,/var/log/audit/audit.log,linux_audit,82
raw/4770__USHQ-LNX-01__linux_secure.log,USHQ-LNX-01,/var/log/secure,linux_secure,15
raw/4771__USHQ-LNX-01__syslog.log,USHQ-LNX-01,/var/log/syslog,syslog,36
raw/4772__USHQ-LNX-01__trellix_epo.log,USHQ-LNX-01,trellix:epo,trellix:epo,1
raw/4773__USHQ-LNX-02__linux_audit.log,USHQ-LNX-02,/var/log/audit/audit.log,linux_audit,76
raw/4774__USHQ-LNX-02__linux_secure.log,USHQ-LNX-02,/var/log/secure,linux_secure,15
raw/4775__USHQ-LNX-02__syslog.log,USHQ-LNX-02,/var/log/syslog,syslog,20
raw/4776__USHQ-LNX-02__trellix_epo.log,USHQ-LNX-02,trellix:epo,trellix:epo,1
raw/4777__USHQ-LNX-03__linux_audit.log,USHQ-LNX-03,/var/log/audit/audit.log,linux_audit,120
raw/4778__USHQ-LNX-03__linux_secure.log,USHQ-LNX-03,/var/log/secure,linux_secure,13
raw/4779__USHQ-LNX-03__syslog.log,USHQ-LNX-03,/var/log/syslog,syslog,30
raw/4780__USHQ-LNX-03__ms_defender_eventhub.log,USHQ-LNX-03,ms:defender:eventhub,ms:defender:eventhub,1
raw/4781__USHQ-LNX-04__linux_audit.log,USHQ-LNX-04,/var/log/audit/audit.log,linux_audit,86
raw/4782__USHQ-LNX-04__linux_secure.log,USHQ-LNX-04,/var/log/secure,linux_secure,9
raw/4783__USHQ-LNX-04__syslog.log,USHQ-LNX-04,/var/log/syslog,syslog,26
raw/4784__USHQ-LNX-04__trellix_epo.log,USHQ-LNX-04,trellix:epo,trellix:epo,1
raw/4785__USHQ-LNX-05__linux_audit.log,USHQ-LNX-05,/var/log/audit/audit.log,linux_audit,55
raw/4786__USHQ-LNX-05__linux_secure.log,USHQ-LNX-05,/var/log/secure,linux_secure,15
raw/4787__USHQ-LNX-05__syslog.log,USHQ-LNX-05,/var/log/syslog,syslog,25
raw/4788__USHQ-LNX-06__linux_audit.log,USHQ-LNX-06,/var/log/audit/audit.log,linux_audit,89
raw/4789__USHQ-LNX-06__linux_secure.log,USHQ-LNX-06,/var/log/secure,linux_secure,14
raw/4790__USHQ-LNX-06__syslog.log,USHQ-LNX-06,/var/log/syslog,syslog,19
raw/4791__USHQ-LNX-06__ms_defender_eventhub.log,USHQ-LNX-06,ms:defender:eventhub,ms:defender:eventhub,1
raw/4792__USHQ-LNX-06__trellix_epo.log,USHQ-LNX-06,trellix:epo,trellix:epo,1
raw/4793__USHQ-LNX-07__linux_audit.log,USHQ-LNX-07,/var/log/audit/audit.log,linux_audit,106
raw/4794__USHQ-LNX-07__linux_secure.log,USHQ-LNX-07,/var/log/secure,linux_secure,12
raw/4795__USHQ-LNX-07__syslog.log,USHQ-LNX-07,/var/log/syslog,syslog,30
raw/4796__USHQ-LNX-08__linux_audit.log,USHQ-LNX-08,/var/log/audit/audit.log,linux_audit,101
raw/4797__USHQ-LNX-08__linux_secure.log,USHQ-LNX-08,/var/log/secure,linux_secure,11
raw/4798__USHQ-LNX-08__syslog.log,USHQ-LNX-08,/var/log/syslog,syslog,30
raw/4799__USHQ-LNX-08__ms_defender_eventhub.log,USHQ-LNX-08,ms:defender:eventhub,ms:defender:eventhub,1
raw/4800__USHQ-PACS-01__pacs_access.log,USHQ-PACS-01,pacs:access,pacs:access,109
raw/4801__USHQ-PAW-01__XmlWinEventLog.log,USHQ-PAW-01,XmlWinEventLog:Microsoft-Windows-Sysmon/Operational,XmlWinEventLog,8
raw/4802__USHQ-PAW-01__XmlWinEventLog.log,USHQ-PAW-01,XmlWinEventLog:Security,XmlWinEventLog,8
raw/4803__USHQ-PAW-01__sccm_client.log,USHQ-PAW-01,sccm:client,sccm:client,2
raw/4804__USHQ-PAW-02__XmlWinEventLog.log,USHQ-PAW-02,XmlWinEventLog:Microsoft-Windows-Sysmon/Operational,XmlWinEventLog,8
raw/4805__USHQ-PAW-02__XmlWinEventLog.log,USHQ-PAW-02,XmlWinEventLog:Security,XmlWinEventLog,7
raw/4806__USHQ-PAW-03__XmlWinEventLog.log,USHQ-PAW-03,XmlWinEventLog:Microsoft-Windows-Sysmon/Operational,XmlWinEventLog,5
raw/4807__USHQ-PAW-03__XmlWinEventLog.log,USHQ-PAW-03,XmlWinEventLog:Security,XmlWinEventLog,6
raw/4808__USHQ-PAW-04__XmlWinEventLog.log,USHQ-PAW-04,XmlWinEventLog:Microsoft-Windows-Sysmon/Operational,XmlWinEventLog,7
raw/4809__USHQ-PAW-04__XmlWinEventLog.log,USHQ-PAW-04,XmlWinEventLog:Security,XmlWinEventLog,3
raw/4810__USHQ-PAW-04__ms_defender_eventhub.log,USHQ-PAW-04,ms:defender:eventhub,ms:defender:eventhub,2
raw/4811__USHQ-PAW-05__XmlWinEventLog.log,USHQ-PAW-05,XmlWinEventLog:Microsoft-Windows-Sysmon/Operational,XmlWinEventLog,7
raw/4812__USHQ-PAW-05__XmlWinEventLog.log,USHQ-PAW-05,XmlWinEventLog:Security,XmlWinEventLog,5
raw/4813__USHQ-PAW-05__ms_defender_eventhub.log,USHQ-PAW-05,ms:defender:eventhub,ms:defender:eventhub,1
raw/4814__USHQ-PAW-06__XmlWinEventLog.log,USHQ-PAW-06,XmlWinEventLog:Microsoft-Windows-Sysmon/Operational,XmlWinEventLog,12
raw/4815__USHQ-PAW-06__XmlWinEventLog.log,USHQ-PAW-06,XmlWinEventLog:Security,XmlWinEventLog,5
raw/4816__USHQ-PAW-06__ms_defender_eventhub.log,USHQ-PAW-06,ms:defender:eventhub,ms:defender:eventhub,1
raw/4817__USHQ-PRINT-01__print_events.log,USHQ-PRINT-01,print:events,print:events,394
raw/4818__USHQ-RTR-01__cisco_ios.log,USHQ-RTR-01,cisco:ios,cisco:ios,44
raw/4819__USHQ-RTR-02__juniper.log,USHQ-RTR-02,juniper,juniper,18
raw/4820__USHQ-RTR-02__juniper_junos_firewall.log,USHQ-RTR-02,juniper:junos:firewall,juniper:junos:firewall,11
raw/4821__USHQ-VDI-01__XmlWinEventLog.log,USHQ-VDI-01,XmlWinEventLog:Microsoft-Windows-Sysmon/Operational,XmlWinEventLog,4
raw/4822__USHQ-VDI-01__XmlWinEventLog.log,USHQ-VDI-01,XmlWinEventLog:Security,XmlWinEventLog,5
raw/4823__USHQ-VDI-01__vdi_session.log,USHQ-VDI-01,vdi:session,vdi:session,372
raw/4824__USHQ-VDI-02__XmlWinEventLog.log,USHQ-VDI-02,XmlWinEventLog:Microsoft-Windows-Sysmon/Operational,XmlWinEventLog,5
raw/4825__USHQ-VDI-02__XmlWinEventLog.log,USHQ-VDI-02,XmlWinEventLog:Security,XmlWinEventLog,8
raw/4826__USHQ-VDI-02__ms_defender_eventhub.log,USHQ-VDI-02,ms:defender:eventhub,ms:defender:eventhub,1
raw/4827__USHQ-VDI-02__sccm_client.log,USHQ-VDI-02,sccm:client,sccm:client,1
raw/4828__USHQ-VDI-02__wsus_client.log,USHQ-VDI-02,wsus:client,wsus:client,1
raw/4829__USHQ-VDI-03__XmlWinEventLog.log,USHQ-VDI-03,XmlWinEventLog:Microsoft-Windows-Sysmon/Operational,XmlWinEventLog,3
raw/4830__USHQ-VDI-03__XmlWinEventLog.log,USHQ-VDI-03,XmlWinEventLog:Security,XmlWinEventLog,6
raw/4831__USHQ-VDI-03__sccm_client.log,USHQ-VDI-03,sccm:client,sccm:client,1
raw/4832__USHQ-WS-0001__XmlWinEventLog.log,USHQ-WS-0001,XmlWinEventLog:Microsoft-Windows-Sysmon/Operational,XmlWinEventLog,5
raw/4833__USHQ-WS-0001__XmlWinEventLog.log,USHQ-WS-0001,XmlWinEventLog:Security,XmlWinEventLog,3
raw/4834__USHQ-WS-0001__trellix_epo.log,USHQ-WS-0001,trellix:epo,trellix:epo,1
raw/4835__USHQ-WS-0002__XmlWinEventLog.log,USHQ-WS-0002,XmlWinEventLog:Microsoft-Windows-Sysmon/Operational,XmlWinEventLog,6
raw/4836__USHQ-WS-0002__XmlWinEventLog.log,USHQ-WS-0002,XmlWinEventLog:Security,XmlWinEventLog,3
raw/4837__USHQ-WS-0003__XmlWinEventLog.log,USHQ-WS-0003,XmlWinEventLog:Microsoft-Windows-Sysmon/Operational,XmlWinEventLog,11
raw/4838__USHQ-WS-0003__XmlWinEventLog.log,USHQ-WS-0003,XmlWinEventLog:Security,XmlWinEventLog,7
raw/4839__USHQ-WS-0003__ms_defender_eventhub.log,USHQ-WS-0003,ms:defender:eventhub,ms:defender:eventhub,2
raw/4840__USHQ-WS-0004__XmlWinEventLog.log,USHQ-WS-0004,XmlWinEventLog:Microsoft-Windows-Sysmon/Operational,XmlWinEventLog,7
raw/4841__USHQ-WS-0004__XmlWinEventLog.log,USHQ-WS-0004,XmlWinEventLog:Security,XmlWinEventLog,4
raw/4842__USHQ-WS-0004__ms_defender_eventhub.log,USHQ-WS-0004,ms:defender:eventhub,ms:defender:eventhub,1
raw/4843__USHQ-WS-0005__XmlWinEventLog.log,USHQ-WS-0005,XmlWinEventLog:Microsoft-Windows-Sysmon/Operational,XmlWinEventLog,8
raw/4844__USHQ-WS-0005__XmlWinEventLog.log,USHQ-WS-0005,XmlWinEventLog:Security,XmlWinEventLog,7
raw/4845__USHQ-WS-0005__ms_defender_eventhub.log,USHQ-WS-0005,ms:defender:eventhub,ms:defender:eventhub,1
raw/4846__USHQ-WS-0005__trellix_epo.log,USHQ-WS-0005,trellix:epo,trellix:epo,1
raw/4847__USHQ-WS-0006__XmlWinEventLog.log,USHQ-WS-0006,XmlWinEventLog:Microsoft-Windows-Sysmon/Operational,XmlWinEventLog,8
raw/4848__USHQ-WS-0006__XmlWinEventLog.log,USHQ-WS-0006,XmlWinEventLog:Security,XmlWinEventLog,4
raw/4849__USHQ-WS-0007__XmlWinEventLog.log,USHQ-WS-0007,XmlWinEventLog:Microsoft-Windows-Sysmon/Operational,XmlWinEventLog,7
raw/4850__USHQ-WS-0007__XmlWinEventLog.log,USHQ-WS-0007,XmlWinEventLog:Security,XmlWinEventLog,8
raw/4851__USHQ-WS-0007__ms_defender_eventhub.log,USHQ-WS-0007,ms:defender:eventhub,ms:defender:eventhub,2
raw/4852__USHQ-WS-0007__sccm_client.log,USHQ-WS-0007,sccm:client,sccm:client,1
raw/4853__USHQ-WS-0008__XmlWinEventLog.log,USHQ-WS-0008,XmlWinEventLog:Microsoft-Windows-Sysmon/Operational,XmlWinEventLog,7
raw/4854__USHQ-WS-0008__XmlWinEventLog.log,USHQ-WS-0008,XmlWinEventLog:Security,XmlWinEventLog,10
raw/4855__USHQ-WS-0009__XmlWinEventLog.log,USHQ-WS-0009,XmlWinEventLog:Microsoft-Windows-Sysmon/Operational,XmlWinEventLog,15
raw/4856__USHQ-WS-0009__XmlWinEventLog.log,USHQ-WS-0009,XmlWinEventLog:Security,XmlWinEventLog,4
raw/4857__USHQ-WS-0010__XmlWinEventLog.log,USHQ-WS-0010,XmlWinEventLog:Microsoft-Windows-Sysmon/Operational,XmlWinEventLog,6
raw/4858__USHQ-WS-0010__XmlWinEventLog.log,USHQ-WS-0010,XmlWinEventLog:Security,XmlWinEventLog,13
raw/4859__USHQ-WS-0010__trellix_epo.log,USHQ-WS-0010,trellix:epo,trellix:epo,1
raw/4860__USHQ-WS-0011__XmlWinEventLog.log,USHQ-WS-0011,XmlWinEventLog:Microsoft-Windows-Sysmon/Operational,XmlWinEventLog,5
raw/4861__USHQ-WS-0011__XmlWinEventLog.log,USHQ-WS-0011,XmlWinEventLog:Security,XmlWinEventLog,8
raw/4862__USHQ-WS-0012__XmlWinEventLog.log,USHQ-WS-0012,XmlWinEventLog:Microsoft-Windows-Sysmon/Operational,XmlWinEventLog,16
raw/4863__USHQ-WS-0012__XmlWinEventLog.log,USHQ-WS-0012,XmlWinEventLog:Security,XmlWinEventLog,4
raw/4864__USHQ-WS-0012__ms_defender_eventhub.log,USHQ-WS-0012,ms:defender:eventhub,ms:defender:eventhub,1
raw/4865__USHQ-WS-0012__trellix_epo.log,USHQ-WS-0012,trellix:epo,trellix:epo,1
raw/4866__USHQ-WS-0012__wsus_client.log,USHQ-WS-0012,wsus:client,wsus:client,1
raw/4867__USHQ-WS-0013__XmlWinEventLog.log,USHQ-WS-0013,XmlWinEventLog:Microsoft-Windows-Sysmon/Operational,XmlWinEventLog,8
raw/4868__USHQ-WS-0013__XmlWinEventLog.log,USHQ-WS-0013,XmlWinEventLog:Security,XmlWinEventLog,3
raw/4869__USHQ-WS-0014__XmlWinEventLog.log,USHQ-WS-0014,XmlWinEventLog:Microsoft-Windows-Sysmon/Operational,XmlWinEventLog,6
raw/4870__USHQ-WS-0014__XmlWinEventLog.log,USHQ-WS-0014,XmlWinEventLog:Security,XmlWinEventLog,13
raw/4871__USHQ-WS-0014__ms_defender_eventhub.log,USHQ-WS-0014,ms:defender:eventhub,ms:defender:eventhub,3
raw/4872__USHQ-WS-0014__sccm_client.log,USHQ-WS-0014,sccm:client,sccm:client,1
raw/4873__USHQ-WS-0015__XmlWinEventLog.log,USHQ-WS-0015,XmlWinEventLog:Microsoft-Windows-Sysmon/Operational,XmlWinEventLog,4
raw/4874__USHQ-WS-0015__XmlWinEventLog.log,USHQ-WS-0015,XmlWinEventLog:Security,XmlWinEventLog,11
raw/4875__USHQ-WS-0015__ms_defender_eventhub.log,USHQ-WS-0015,ms:defender:eventhub,ms:defender:eventhub,2
raw/4876__USHQ-WS-0016__XmlWinEventLog.log,USHQ-WS-0016,XmlWinEventLog:Microsoft-Windows-Sysmon/Operational,XmlWinEventLog,12
raw/4877__USHQ-WS-0016__XmlWinEventLog.log,USHQ-WS-0016,XmlWinEventLog:Security,XmlWinEventLog,9
raw/4878__USHQ-WS-0016__ms_defender_eventhub.log,USHQ-WS-0016,ms:defender:eventhub,ms:defender:eventhub,1
raw/4879__USHQ-WS-0017__XmlWinEventLog.log,USHQ-WS-0017,XmlWinEventLog:Microsoft-Windows-Sysmon/Operational,XmlWinEventLog,14
raw/4880__USHQ-WS-0017__XmlWinEventLog.log,USHQ-WS-0017,XmlWinEventLog:Security,XmlWinEventLog,6
raw/4881__USHQ-WS-0017__trellix_epo.log,USHQ-WS-0017,trellix:epo,trellix:epo,1
raw/4882__USHQ-WS-0018__XmlWinEventLog.log,USHQ-WS-0018,XmlWinEventLog:Microsoft-Windows-Sysmon/Operational,XmlWinEventLog,13
raw/4883__USHQ-WS-0018__XmlWinEventLog.log,USHQ-WS-0018,XmlWinEventLog:Security,XmlWinEventLog,10
raw/4884__USHQ-WS-0018__trellix_epo.log,USHQ-WS-0018,trellix:epo,trellix:epo,1
raw/4885__USHQ-WS-0019__XmlWinEventLog.log,USHQ-WS-0019,XmlWinEventLog:Microsoft-Windows-Sysmon/Operational,XmlWinEventLog,4
raw/4886__USHQ-WS-0019__XmlWinEventLog.log,USHQ-WS-0019,XmlWinEventLog:Security,XmlWinEventLog,2
raw/4887__USHQ-WS-0020__XmlWinEventLog.log,USHQ-WS-0020,XmlWinEventLog:Microsoft-Windows-Sysmon/Operational,XmlWinEventLog,11
raw/4888__USHQ-WS-0020__XmlWinEventLog.log,USHQ-WS-0020,XmlWinEventLog:Security,XmlWinEventLog,10
raw/4889__USHQ-WS-0021__XmlWinEventLog.log,USHQ-WS-0021,XmlWinEventLog:Microsoft-Windows-Sysmon/Operational,XmlWinEventLog,13
raw/4890__USHQ-WS-0021__XmlWinEventLog.log,USHQ-WS-0021,XmlWinEventLog:Security,XmlWinEventLog,8
raw/4891__USHQ-WS-0021__trellix_epo.log,USHQ-WS-0021,trellix:epo,trellix:epo,1
raw/4892__USHQ-WS-0022__XmlWinEventLog.log,USHQ-WS-0022,XmlWinEventLog:Microsoft-Windows-Sysmon/Operational,XmlWinEventLog,10
raw/4893__USHQ-WS-0022__XmlWinEventLog.log,USHQ-WS-0022,XmlWinEventLog:Security,XmlWinEventLog,4
raw/4894__USHQ-WS-0023__XmlWinEventLog.log,USHQ-WS-0023,XmlWinEventLog:Microsoft-Windows-Sysmon/Operational,XmlWinEventLog,7
raw/4895__USHQ-WS-0023__XmlWinEventLog.log,USHQ-WS-0023,XmlWinEventLog:Security,XmlWinEventLog,4
raw/4896__USHQ-WS-0023__ms_defender_eventhub.log,USHQ-WS-0023,ms:defender:eventhub,ms:defender:eventhub,2
raw/4897__USHQ-WS-0023__wsus_client.log,USHQ-WS-0023,wsus:client,wsus:client,1
raw/4898__USHQ-WS-0024__XmlWinEventLog.log,USHQ-WS-0024,XmlWinEventLog:Microsoft-Windows-Sysmon/Operational,XmlWinEventLog,10
raw/4899__USHQ-WS-0024__XmlWinEventLog.log,USHQ-WS-0024,XmlWinEventLog:Security,XmlWinEventLog,7
raw/4900__USHQ-WS-0024__wsus_client.log,USHQ-WS-0024,wsus:client,wsus:client,1
raw/4901__USHQ-WS-0025__XmlWinEventLog.log,USHQ-WS-0025,XmlWinEventLog:Microsoft-Windows-Sysmon/Operational,XmlWinEventLog,1
raw/4902__USHQ-WS-0025__XmlWinEventLog.log,USHQ-WS-0025,XmlWinEventLog:Security,XmlWinEventLog,3
raw/4903__USHQ-WS-0025__ms_defender_eventhub.log,USHQ-WS-0025,ms:defender:eventhub,ms:defender:eventhub,2
raw/4904__USHQ-WS-0025__trellix_epo.log,USHQ-WS-0025,trellix:epo,trellix:epo,1
raw/4905__USHQ-WS-0025__wsus_client.log,USHQ-WS-0025,wsus:client,wsus:client,1
raw/4906__USHQ-WS-0026__XmlWinEventLog.log,USHQ-WS-0026,XmlWinEventLog:Microsoft-Windows-Sysmon/Operational,XmlWinEventLog,3
raw/4907__USHQ-WS-0026__XmlWinEventLog.log,USHQ-WS-0026,XmlWinEventLog:Security,XmlWinEventLog,3
raw/4908__USHQ-WS-0027__XmlWinEventLog.log,USHQ-WS-0027,XmlWinEventLog:Microsoft-Windows-Sysmon/Operational,XmlWinEventLog,6
raw/4909__USHQ-WS-0027__XmlWinEventLog.log,USHQ-WS-0027,XmlWinEventLog:Security,XmlWinEventLog,8
raw/4910__USHQ-WS-0028__XmlWinEventLog.log,USHQ-WS-0028,XmlWinEventLog:Microsoft-Windows-Sysmon/Operational,XmlWinEventLog,5
raw/4911__USHQ-WS-0028__XmlWinEventLog.log,USHQ-WS-0028,XmlWinEventLog:Security,XmlWinEventLog,6
raw/4912__USHQ-WS-0028__sccm_client.log,USHQ-WS-0028,sccm:client,sccm:client,2
raw/4913__USHQ-WS-0028__trellix_epo.log,USHQ-WS-0028,trellix:epo,trellix:epo,1
raw/4914__USHQ-WS-0029__XmlWinEventLog.log,USHQ-WS-0029,XmlWinEventLog:Microsoft-Windows-Sysmon/Operational,XmlWinEventLog,5
raw/4915__USHQ-WS-0029__XmlWinEventLog.log,USHQ-WS-0029,XmlWinEventLog:Security,XmlWinEventLog,6
raw/4916__USHQ-WS-0030__XmlWinEventLog.log,USHQ-WS-0030,XmlWinEventLog:Microsoft-Windows-Sysmon/Operational,XmlWinEventLog,5
raw/4917__USHQ-WS-0030__XmlWinEventLog.log,USHQ-WS-0030,XmlWinEventLog:Security,XmlWinEventLog,3
raw/4918__USHQ-WS-0030__sccm_client.log,USHQ-WS-0030,sccm:client,sccm:client,1
raw/4919__USHQ-WS-0030__wsus_client.log,USHQ-WS-0030,wsus:client,wsus:client,1
raw/4920__USHQ-WS-0031__XmlWinEventLog.log,USHQ-WS-0031,XmlWinEventLog:Microsoft-Windows-Sysmon/Operational,XmlWinEventLog,6
raw/4921__USHQ-WS-0031__XmlWinEventLog.log,USHQ-WS-0031,XmlWinEventLog:Security,XmlWinEventLog,4
raw/4922__USHQ-WS-0032__XmlWinEventLog.log,USHQ-WS-0032,XmlWinEventLog:Microsoft-Windows-Sysmon/Operational,XmlWinEventLog,3
raw/4923__USHQ-WS-0032__XmlWinEventLog.log,USHQ-WS-0032,XmlWinEventLog:Security,XmlWinEventLog,8
raw/4924__USHQ-WS-0032__ms_defender_eventhub.log,USHQ-WS-0032,ms:defender:eventhub,ms:defender:eventhub,3
raw/4925__USHQ-WS-0033__XmlWinEventLog.log,USHQ-WS-0033,XmlWinEventLog:Microsoft-Windows-Sysmon/Operational,XmlWinEventLog,8
raw/4926__USHQ-WS-0033__XmlWinEventLog.log,USHQ-WS-0033,XmlWinEventLog:Security,XmlWinEventLog,2
raw/4927__USHQ-WS-0033__sccm_client.log,USHQ-WS-0033,sccm:client,sccm:client,1
raw/4928__USHQ-WS-0033__wsus_client.log,USHQ-WS-0033,wsus:client,wsus:client,1
raw/4929__USHQ-WS-0034__XmlWinEventLog.log,USHQ-WS-0034,XmlWinEventLog:Microsoft-Windows-Sysmon/Operational,XmlWinEventLog,2
raw/4930__USHQ-WS-0034__XmlWinEventLog.log,USHQ-WS-0034,XmlWinEventLog:Security,XmlWinEventLog,3
raw/4931__USHQ-WS-0034__ms_defender_eventhub.log,USHQ-WS-0034,ms:defender:eventhub,ms:defender:eventhub,1
raw/4932__USHQ-WS-0034__wsus_client.log,USHQ-WS-0034,wsus:client,wsus:client,1
raw/4933__USHQ-WS-0035__XmlWinEventLog.log,USHQ-WS-0035,XmlWinEventLog:Microsoft-Windows-Sysmon/Operational,XmlWinEventLog,5
raw/4934__USHQ-WS-0035__XmlWinEventLog.log,USHQ-WS-0035,XmlWinEventLog:Security,XmlWinEventLog,4
raw/4935__USHQ-WS-0035__ms_defender_eventhub.log,USHQ-WS-0035,ms:defender:eventhub,ms:defender:eventhub,3
raw/4936__USHQ-WS-0035__sccm_client.log,USHQ-WS-0035,sccm:client,sccm:client,1
raw/4937__USHQ-WS-0036__XmlWinEventLog.log,USHQ-WS-0036,XmlWinEventLog:Microsoft-Windows-Sysmon/Operational,XmlWinEventLog,9
raw/4938__USHQ-WS-0036__XmlWinEventLog.log,USHQ-WS-0036,XmlWinEventLog:Security,XmlWinEventLog,4
raw/4939__USHQ-WS-0036__ms_defender_eventhub.log,USHQ-WS-0036,ms:defender:eventhub,ms:defender:eventhub,1
raw/4940__USHQ-WS-0037__XmlWinEventLog.log,USHQ-WS-0037,XmlWinEventLog:Microsoft-Windows-Sysmon/Operational,XmlWinEventLog,4
raw/4941__USHQ-WS-0037__XmlWinEventLog.log,USHQ-WS-0037,XmlWinEventLog:Security,XmlWinEventLog,4
raw/4942__USHQ-WS-0037__wsus_client.log,USHQ-WS-0037,wsus:client,wsus:client,1
raw/4943__USHQ-WS-0038__XmlWinEventLog.log,USHQ-WS-0038,XmlWinEventLog:Microsoft-Windows-Sysmon/Operational,XmlWinEventLog,5
raw/4944__USHQ-WS-0038__XmlWinEventLog.log,USHQ-WS-0038,XmlWinEventLog:Security,XmlWinEventLog,2
raw/4945__USHQ-WS-0038__wsus_client.log,USHQ-WS-0038,wsus:client,wsus:client,1
raw/4946__USHQ-WS-0039__XmlWinEventLog.log,USHQ-WS-0039,XmlWinEventLog:Microsoft-Windows-Sysmon/Operational,XmlWinEventLog,6
raw/4947__USHQ-WS-0039__XmlWinEventLog.log,USHQ-WS-0039,XmlWinEventLog:Security,XmlWinEventLog,5
raw/4948__USHQ-WS-0039__ms_defender_eventhub.log,USHQ-WS-0039,ms:defender:eventhub,ms:defender:eventhub,1
raw/4949__USHQ-WS-0039__trellix_epo.log,USHQ-WS-0039,trellix:epo,trellix:epo,1
raw/4950__USHQ-WS-0040__XmlWinEventLog.log,USHQ-WS-0040,XmlWinEventLog:Microsoft-Windows-Sysmon/Operational,XmlWinEventLog,4
raw/4951__USHQ-WS-0040__XmlWinEventLog.log,USHQ-WS-0040,XmlWinEventLog:Security,XmlWinEventLog,5
raw/4952__USHQ-WS-0040__ms_defender_eventhub.log,USHQ-WS-0040,ms:defender:eventhub,ms:defender:eventhub,2
raw/4953__USHQ-WS-0041__XmlWinEventLog.log,USHQ-WS-0041,XmlWinEventLog:Microsoft-Windows-Sysmon/Operational,XmlWinEventLog,5
raw/4954__USHQ-WS-0041__XmlWinEventLog.log,USHQ-WS-0041,XmlWinEventLog:Security,XmlWinEventLog,6
raw/4955__USHQ-WS-0041__ms_defender_eventhub.log,USHQ-WS-0041,ms:defender:eventhub,ms:defender:eventhub,2
raw/4956__USHQ-WS-0041__trellix_epo.log,USHQ-WS-0041,trellix:epo,trellix:epo,2
raw/4957__USHQ-WS-0042__XmlWinEventLog.log,USHQ-WS-0042,XmlWinEventLog:Microsoft-Windows-Sysmon/Operational,XmlWinEventLog,4
raw/4958__USHQ-WS-0042__XmlWinEventLog.log,USHQ-WS-0042,XmlWinEventLog:Security,XmlWinEventLog,3
raw/4959__USHQ-WS-0042__ms_defender_eventhub.log,USHQ-WS-0042,ms:defender:eventhub,ms:defender:eventhub,2
raw/4960__USHQ-WS-0043__XmlWinEventLog.log,USHQ-WS-0043,XmlWinEventLog:Microsoft-Windows-Sysmon/Operational,XmlWinEventLog,6
raw/4961__USHQ-WS-0043__XmlWinEventLog.log,USHQ-WS-0043,XmlWinEventLog:Security,XmlWinEventLog,3
raw/4962__USHQ-WS-0043__ms_defender_eventhub.log,USHQ-WS-0043,ms:defender:eventhub,ms:defender:eventhub,1
raw/4963__USHQ-WS-0044__XmlWinEventLog.log,USHQ-WS-0044,XmlWinEventLog:Microsoft-Windows-Sysmon/Operational,XmlWinEventLog,4
raw/4964__USHQ-WS-0044__XmlWinEventLog.log,USHQ-WS-0044,XmlWinEventLog:Security,XmlWinEventLog,6
raw/4965__USHQ-WS-0044__trellix_epo.log,USHQ-WS-0044,trellix:epo,trellix:epo,2
raw/4966__USHQ-WS-0045__XmlWinEventLog.log,USHQ-WS-0045,XmlWinEventLog:Microsoft-Windows-Sysmon/Operational,XmlWinEventLog,3
raw/4967__USHQ-WS-0045__XmlWinEventLog.log,USHQ-WS-0045,XmlWinEventLog:Security,XmlWinEventLog,3
raw/4968__USHQ-WS-0045__trellix_epo.log,USHQ-WS-0045,trellix:epo,trellix:epo,1
raw/4969__USHQ-WS-0045__wsus_client.log,USHQ-WS-0045,wsus:client,wsus:client,1
raw/4970__USHQ-WS-0046__XmlWinEventLog.log,USHQ-WS-0046,XmlWinEventLog:Microsoft-Windows-Sysmon/Operational,XmlWinEventLog,2
raw/4971__USHQ-WS-0046__XmlWinEventLog.log,USHQ-WS-0046,XmlWinEventLog:Security,XmlWinEventLog,2
raw/4972__USHQ-WS-0046__ms_defender_eventhub.log,USHQ-WS-0046,ms:defender:eventhub,ms:defender:eventhub,3
raw/4973__USHQ-WS-0046__trellix_epo.log,USHQ-WS-0046,trellix:epo,trellix:epo,1
raw/4974__USHQ-WS-0047__XmlWinEventLog.log,USHQ-WS-0047,XmlWinEventLog:Microsoft-Windows-Sysmon/Operational,XmlWinEventLog,3
raw/4975__USHQ-WS-0047__XmlWinEventLog.log,USHQ-WS-0047,XmlWinEventLog:Security,XmlWinEventLog,2
raw/4976__USHQ-WS-0047__ms_defender_eventhub.log,USHQ-WS-0047,ms:defender:eventhub,ms:defender:eventhub,1
raw/4977__USHQ-WS-0048__XmlWinEventLog.log,USHQ-WS-0048,XmlWinEventLog:Microsoft-Windows-Sysmon/Operational,XmlWinEventLog,5
raw/4978__USHQ-WS-0048__XmlWinEventLog.log,USHQ-WS-0048,XmlWinEventLog:Security,XmlWinEventLog,4
raw/4979__USHQ-WS-0048__ms_defender_eventhub.log,USHQ-WS-0048,ms:defender:eventhub,ms:defender:eventhub,4
raw/4980__USHQ-WS-0048__sccm_client.log,USHQ-WS-0048,sccm:client,sccm:client,1
raw/4981__USHQ-WS-0049__XmlWinEventLog.log,USHQ-WS-0049,XmlWinEventLog:Microsoft-Windows-Sysmon/Operational,XmlWinEventLog,2
raw/4982__USHQ-WS-0049__XmlWinEventLog.log,USHQ-WS-0049,XmlWinEventLog:Security,XmlWinEventLog,6
raw/4983__USHQ-WS-0049__ms_defender_eventhub.log,USHQ-WS-0049,ms:defender:eventhub,ms:defender:eventhub,3
raw/4984__USHQ-WS-0050__XmlWinEventLog.log,USHQ-WS-0050,XmlWinEventLog:Microsoft-Windows-Sysmon/Operational,XmlWinEventLog,4
raw/4985__USHQ-WS-0050__XmlWinEventLog.log,USHQ-WS-0050,XmlWinEventLog:Security,XmlWinEventLog,4
raw/4986__USHQ-WS-0050__ms_defender_eventhub.log,USHQ-WS-0050,ms:defender:eventhub,ms:defender:eventhub,2
raw/4987__USHQ-WS-0050__sccm_client.log,USHQ-WS-0050,sccm:client,sccm:client,1
raw/4988__USHQ-WS-0051__XmlWinEventLog.log,USHQ-WS-0051,XmlWinEventLog:Microsoft-Windows-Sysmon/Operational,XmlWinEventLog,9
raw/4989__USHQ-WS-0051__XmlWinEventLog.log,USHQ-WS-0051,XmlWinEventLog:Security,XmlWinEventLog,5
raw/4990__USHQ-WS-0052__XmlWinEventLog.log,USHQ-WS-0052,XmlWinEventLog:Microsoft-Windows-Sysmon/Operational,XmlWinEventLog,7
raw/4991__USHQ-WS-0052__XmlWinEventLog.log,USHQ-WS-0052,XmlWinEventLog:Security,XmlWinEventLog,3
raw/4992__USHQ-WS-0052__ms_defender_eventhub.log,USHQ-WS-0052,ms:defender:eventhub,ms:defender:eventhub,2
raw/4993__USHQ-WS-0052__trellix_epo.log,USHQ-WS-0052,trellix:epo,trellix:epo,2
raw/4994__USHQ-WS-0052__wsus_client.log,USHQ-WS-0052,wsus:client,wsus:client,1
raw/4995__USHQ-WS-0053__XmlWinEventLog.log,USHQ-WS-0053,XmlWinEventLog:Microsoft-Windows-Sysmon/Operational,XmlWinEventLog,9
raw/4996__USHQ-WS-0053__XmlWinEventLog.log,USHQ-WS-0053,XmlWinEventLog:Security,XmlWinEventLog,4
raw/4997__USHQ-WS-0054__XmlWinEventLog.log,USHQ-WS-0054,XmlWinEventLog:Microsoft-Windows-Sysmon/Operational,XmlWinEventLog,5
raw/4998__USHQ-WS-0054__XmlWinEventLog.log,USHQ-WS-0054,XmlWinEventLog:Security,XmlWinEventLog,1
raw/4999__USHQ-WS-0054__ms_defender_eventhub.log,USHQ-WS-0054,ms:defender:eventhub,ms:defender:eventhub,1
raw/5000__USHQ-WS-0055__XmlWinEventLog.log,USHQ-WS-0055,XmlWinEventLog:Microsoft-Windows-Sysmon/Operational,XmlWinEventLog,4
raw/5001__USHQ-WS-0055__XmlWinEventLog.log,USHQ-WS-0055,XmlWinEventLog:Security,XmlWinEventLog,1
raw/5002__USHQ-WS-0055__ms_defender_eventhub.log,USHQ-WS-0055,ms:defender:eventhub,ms:defender:eventhub,1
raw/5003__USHQ-WS-0055__wsus_client.log,USHQ-WS-0055,wsus:client,wsus:client,1
raw/5004__USHQ-WS-0056__XmlWinEventLog.log,USHQ-WS-0056,XmlWinEventLog:Microsoft-Windows-Sysmon/Operational,XmlWinEventLog,5
raw/5005__USHQ-WS-0056__XmlWinEventLog.log,USHQ-WS-0056,XmlWinEventLog:Security,XmlWinEventLog,4
raw/5006__USHQ-WS-0056__trellix_epo.log,USHQ-WS-0056,trellix:epo,trellix:epo,1
raw/5007__USHQ-WS-0057__XmlWinEventLog.log,USHQ-WS-0057,XmlWinEventLog:Microsoft-Windows-Sysmon/Operational,XmlWinEventLog,6
raw/5008__USHQ-WS-0057__XmlWinEventLog.log,USHQ-WS-0057,XmlWinEventLog:Security,XmlWinEventLog,2
raw/5009__USHQ-WS-0057__ms_defender_eventhub.log,USHQ-WS-0057,ms:defender:eventhub,ms:defender:eventhub,1
raw/5010__USHQ-WS-0058__XmlWinEventLog.log,USHQ-WS-0058,XmlWinEventLog:Microsoft-Windows-Sysmon/Operational,XmlWinEventLog,6
raw/5011__USHQ-WS-0058__XmlWinEventLog.log,USHQ-WS-0058,XmlWinEventLog:Security,XmlWinEventLog,6
raw/5012__USHQ-WS-0058__ms_defender_eventhub.log,USHQ-WS-0058,ms:defender:eventhub,ms:defender:eventhub,1
raw/5013__USHQ-WS-0059__XmlWinEventLog.log,USHQ-WS-0059,XmlWinEventLog:Microsoft-Windows-Sysmon/Operational,XmlWinEventLog,8
raw/5014__USHQ-WS-0059__XmlWinEventLog.log,USHQ-WS-0059,XmlWinEventLog:Security,XmlWinEventLog,3
raw/5015__USHQ-WS-0059__ms_defender_eventhub.log,USHQ-WS-0059,ms:defender:eventhub,ms:defender:eventhub,2
raw/5016__USHQ-WS-0059__sccm_client.log,USHQ-WS-0059,sccm:client,sccm:client,1
raw/5017__USHQ-WS-0059__trellix_epo.log,USHQ-WS-0059,trellix:epo,trellix:epo,1
raw/5018__USHQ-WS-0060__XmlWinEventLog.log,USHQ-WS-0060,XmlWinEventLog:Microsoft-Windows-Sysmon/Operational,XmlWinEventLog,4
raw/5019__USHQ-WS-0060__XmlWinEventLog.log,USHQ-WS-0060,XmlWinEventLog:Security,XmlWinEventLog,5
raw/5020__USHQ-WS-0060__sccm_client.log,USHQ-WS-0060,sccm:client,sccm:client,1
raw/5021__USHQ-WS-0060__trellix_epo.log,USHQ-WS-0060,trellix:epo,trellix:epo,1
raw/5022__USHQ-WS-0061__XmlWinEventLog.log,USHQ-WS-0061,XmlWinEventLog:Microsoft-Windows-Sysmon/Operational,XmlWinEventLog,3
raw/5023__USHQ-WS-0061__XmlWinEventLog.log,USHQ-WS-0061,XmlWinEventLog:Security,XmlWinEventLog,7
raw/5024__USHQ-WS-0061__ms_defender_eventhub.log,USHQ-WS-0061,ms:defender:eventhub,ms:defender:eventhub,1
raw/5025__USHQ-WS-0061__trellix_epo.log,USHQ-WS-0061,trellix:epo,trellix:epo,2
raw/5026__USHQ-WS-0062__XmlWinEventLog.log,USHQ-WS-0062,XmlWinEventLog:Microsoft-Windows-Sysmon/Operational,XmlWinEventLog,11
raw/5027__USHQ-WS-0062__XmlWinEventLog.log,USHQ-WS-0062,XmlWinEventLog:Security,XmlWinEventLog,5
raw/5028__USHQ-WS-0062__ms_defender_eventhub.log,USHQ-WS-0062,ms:defender:eventhub,ms:defender:eventhub,1
raw/5029__USHQ-WS-0062__sccm_client.log,USHQ-WS-0062,sccm:client,sccm:client,1
raw/5030__USHQ-WS-0063__XmlWinEventLog.log,USHQ-WS-0063,XmlWinEventLog:Microsoft-Windows-Sysmon/Operational,XmlWinEventLog,5
raw/5031__USHQ-WS-0063__XmlWinEventLog.log,USHQ-WS-0063,XmlWinEventLog:Security,XmlWinEventLog,3
raw/5032__USHQ-WS-0063__ms_defender_eventhub.log,USHQ-WS-0063,ms:defender:eventhub,ms:defender:eventhub,1
raw/5033__USHQ-WS-0063__trellix_epo.log,USHQ-WS-0063,trellix:epo,trellix:epo,1
raw/5034__USHQ-WS-0063__wsus_client.log,USHQ-WS-0063,wsus:client,wsus:client,2
raw/5035__USHQ-WS-0064__XmlWinEventLog.log,USHQ-WS-0064,XmlWinEventLog:Microsoft-Windows-Sysmon/Operational,XmlWinEventLog,2
raw/5036__USHQ-WS-0064__XmlWinEventLog.log,USHQ-WS-0064,XmlWinEventLog:Security,XmlWinEventLog,8
raw/5037__USHQ-WS-0064__ms_defender_eventhub.log,USHQ-WS-0064,ms:defender:eventhub,ms:defender:eventhub,1
raw/5038__USHQ-ZEEK-01__bro_conn_json.log,USHQ-ZEEK-01,zeek:conn,bro:conn:json,816
raw/5039__USHQ-ZEEK-01__bro_dce_rpc_json.log,USHQ-ZEEK-01,zeek:dce_rpc,bro:dce_rpc:json,79
raw/5040__USHQ-ZEEK-01__bro_dns_json.log,USHQ-ZEEK-01,zeek:dns,bro:dns:json,353
raw/5041__USHQ-ZEEK-01__bro_http_json.log,USHQ-ZEEK-01,zeek:http,bro:http:json,185
raw/5042__USHQ-ZEEK-01__bro_smb_files_json.log,USHQ-ZEEK-01,zeek:smb_files,bro:smb_files:json,71
raw/5043__USHQ-ZEEK-01__bro_ssl_json.log,USHQ-ZEEK-01,zeek:ssl,bro:ssl:json,314
raw/5044__USNO-APP-01__XmlWinEventLog.log,USNO-APP-01,XmlWinEventLog:Microsoft-Windows-Sysmon/Operational,XmlWinEventLog,4
raw/5045__USNO-APP-01__XmlWinEventLog.log,USNO-APP-01,XmlWinEventLog:Security,XmlWinEventLog,6
raw/5046__USNO-APP-01__trellix_epo.log,USNO-APP-01,trellix:epo,trellix:epo,2
raw/5047__USNO-APP-02__XmlWinEventLog.log,USNO-APP-02,XmlWinEventLog:Microsoft-Windows-Sysmon/Operational,XmlWinEventLog,1
raw/5048__USNO-APP-02__XmlWinEventLog.log,USNO-APP-02,XmlWinEventLog:Security,XmlWinEventLog,3
raw/5049__USNO-APP-03__XmlWinEventLog.log,USNO-APP-03,XmlWinEventLog:Microsoft-Windows-Sysmon/Operational,XmlWinEventLog,5
raw/5050__USNO-APP-03__XmlWinEventLog.log,USNO-APP-03,XmlWinEventLog:Security,XmlWinEventLog,2
raw/5051__USNO-APP-03__ms_defender_eventhub.log,USNO-APP-03,ms:defender:eventhub,ms:defender:eventhub,1
raw/5052__USNO-APP-03__sccm_client.log,USNO-APP-03,sccm:client,sccm:client,1
raw/5053__USNO-APP-03__trellix_epo.log,USNO-APP-03,trellix:epo,trellix:epo,1
raw/5054__USNO-APP-04__XmlWinEventLog.log,USNO-APP-04,XmlWinEventLog:Microsoft-Windows-Sysmon/Operational,XmlWinEventLog,2
raw/5055__USNO-APP-04__XmlWinEventLog.log,USNO-APP-04,XmlWinEventLog:Security,XmlWinEventLog,3
raw/5056__USNO-APP-04__ms_defender_eventhub.log,USNO-APP-04,ms:defender:eventhub,ms:defender:eventhub,2
raw/5057__USNO-APP-04__wsus_client.log,USNO-APP-04,wsus:client,wsus:client,1
raw/5058__USNO-APP-05__XmlWinEventLog.log,USNO-APP-05,XmlWinEventLog:Microsoft-Windows-Sysmon/Operational,XmlWinEventLog,8
raw/5059__USNO-APP-05__XmlWinEventLog.log,USNO-APP-05,XmlWinEventLog:Security,XmlWinEventLog,7
raw/5060__USNO-APP-05__sccm_client.log,USNO-APP-05,sccm:client,sccm:client,1
raw/5061__USNO-APP-06__XmlWinEventLog.log,USNO-APP-06,XmlWinEventLog:Microsoft-Windows-Sysmon/Operational,XmlWinEventLog,5
raw/5062__USNO-APP-06__XmlWinEventLog.log,USNO-APP-06,XmlWinEventLog:Security,XmlWinEventLog,4
raw/5063__USNO-APP-06__ms_defender_eventhub.log,USNO-APP-06,ms:defender:eventhub,ms:defender:eventhub,2
raw/5064__USNO-APP-07__XmlWinEventLog.log,USNO-APP-07,XmlWinEventLog:Microsoft-Windows-Sysmon/Operational,XmlWinEventLog,4
raw/5065__USNO-APP-07__XmlWinEventLog.log,USNO-APP-07,XmlWinEventLog:Security,XmlWinEventLog,5
raw/5066__USNO-APP-07__sccm_client.log,USNO-APP-07,sccm:client,sccm:client,1
raw/5067__USNO-APP-08__XmlWinEventLog.log,USNO-APP-08,XmlWinEventLog:Microsoft-Windows-Sysmon/Operational,XmlWinEventLog,3
raw/5068__USNO-APP-08__XmlWinEventLog.log,USNO-APP-08,XmlWinEventLog:Security,XmlWinEventLog,4
raw/5069__USNO-APP-08__trellix_epo.log,USNO-APP-08,trellix:epo,trellix:epo,1
raw/5070__USNO-DC-01__XmlWinEventLog.log,USNO-DC-01,XmlWinEventLog:Security,XmlWinEventLog,140
raw/5071__USNO-FS-01__XmlWinEventLog.log,USNO-FS-01,XmlWinEventLog:Microsoft-Windows-Sysmon/Operational,XmlWinEventLog,5
raw/5072__USNO-FS-01__XmlWinEventLog.log,USNO-FS-01,XmlWinEventLog:Security,XmlWinEventLog,3
raw/5073__USNO-FS-01__ms_defender_eventhub.log,USNO-FS-01,ms:defender:eventhub,ms:defender:eventhub,1
raw/5074__USNO-FS-01__trellix_epo.log,USNO-FS-01,trellix:epo,trellix:epo,1
raw/5075__USNO-FS-01__wsus_client.log,USNO-FS-01,wsus:client,wsus:client,1
raw/5076__USNO-FS-02__XmlWinEventLog.log,USNO-FS-02,XmlWinEventLog:Microsoft-Windows-Sysmon/Operational,XmlWinEventLog,4
raw/5077__USNO-FS-02__XmlWinEventLog.log,USNO-FS-02,XmlWinEventLog:Security,XmlWinEventLog,9
raw/5078__USNO-FS-03__XmlWinEventLog.log,USNO-FS-03,XmlWinEventLog:Microsoft-Windows-Sysmon/Operational,XmlWinEventLog,4
raw/5079__USNO-FS-03__XmlWinEventLog.log,USNO-FS-03,XmlWinEventLog:Security,XmlWinEventLog,3
raw/5080__USNO-FS-03__trellix_epo.log,USNO-FS-03,trellix:epo,trellix:epo,2
raw/5081__USNO-FS-04__XmlWinEventLog.log,USNO-FS-04,XmlWinEventLog:Microsoft-Windows-Sysmon/Operational,XmlWinEventLog,7
raw/5082__USNO-FS-04__XmlWinEventLog.log,USNO-FS-04,XmlWinEventLog:Security,XmlWinEventLog,4
raw/5083__USNO-FS-04__trellix_epo.log,USNO-FS-04,trellix:epo,trellix:epo,1
raw/5084__USNO-FW-01__pan_traffic.log,USNO-FW-01,pan:traffic,pan:traffic,92
raw/5085__USNO-FW-02__fortigate_traffic.log,USNO-FW-02,fortigate_traffic,fortigate_traffic,91
raw/5086__USNO-FW-03__cisco_asa.log,USNO-FW-03,cisco:asa,cisco:asa,107
raw/5087__USNO-IVANTI-01__ivanti_events.log,USNO-IVANTI-01,ivanti:events,ivanti:events,369
raw/5088__USNO-JUMP-01__XmlWinEventLog.log,USNO-JUMP-01,XmlWinEventLog:Microsoft-Windows-Sysmon/Operational,XmlWinEventLog,4
raw/5089__USNO-JUMP-01__XmlWinEventLog.log,USNO-JUMP-01,XmlWinEventLog:Security,XmlWinEventLog,4
raw/5090__USNO-JUMP-01__ms_defender_eventhub.log,USNO-JUMP-01,ms:defender:eventhub,ms:defender:eventhub,2
raw/5091__USNO-JUMP-01__trellix_epo.log,USNO-JUMP-01,trellix:epo,trellix:epo,3
raw/5092__USNO-JUMP-02__XmlWinEventLog.log,USNO-JUMP-02,XmlWinEventLog:Microsoft-Windows-Sysmon/Operational,XmlWinEventLog,5
raw/5093__USNO-JUMP-02__XmlWinEventLog.log,USNO-JUMP-02,XmlWinEventLog:Security,XmlWinEventLog,7
raw/5094__USNO-JUMP-02__sccm_client.log,USNO-JUMP-02,sccm:client,sccm:client,1
raw/5095__USNO-JUMP-02__trellix_epo.log,USNO-JUMP-02,trellix:epo,trellix:epo,1
raw/5096__USNO-JUMP-03__XmlWinEventLog.log,USNO-JUMP-03,XmlWinEventLog:Microsoft-Windows-Sysmon/Operational,XmlWinEventLog,3
raw/5097__USNO-JUMP-03__XmlWinEventLog.log,USNO-JUMP-03,XmlWinEventLog:Security,XmlWinEventLog,7
raw/5098__USNO-JUMP-03__ms_defender_eventhub.log,USNO-JUMP-03,ms:defender:eventhub,ms:defender:eventhub,1
raw/5099__USNO-LNX-01__linux_audit.log,USNO-LNX-01,/var/log/audit/audit.log,linux_audit,99
raw/5100__USNO-LNX-01__linux_secure.log,USNO-LNX-01,/var/log/secure,linux_secure,6
raw/5101__USNO-LNX-01__syslog.log,USNO-LNX-01,/var/log/syslog,syslog,30
raw/5102__USNO-LNX-02__linux_audit.log,USNO-LNX-02,/var/log/audit/audit.log,linux_audit,95
raw/5103__USNO-LNX-02__linux_secure.log,USNO-LNX-02,/var/log/secure,linux_secure,13
raw/5104__USNO-LNX-02__syslog.log,USNO-LNX-02,/var/log/syslog,syslog,22
raw/5105__USNO-LNX-03__linux_audit.log,USNO-LNX-03,/var/log/audit/audit.log,linux_audit,60
raw/5106__USNO-LNX-03__linux_secure.log,USNO-LNX-03,/var/log/secure,linux_secure,13
raw/5107__USNO-LNX-03__syslog.log,USNO-LNX-03,/var/log/syslog,syslog,20
raw/5108__USNO-LNX-03__ms_defender_eventhub.log,USNO-LNX-03,ms:defender:eventhub,ms:defender:eventhub,1
raw/5109__USNO-LNX-03__trellix_epo.log,USNO-LNX-03,trellix:epo,trellix:epo,1
raw/5110__USNO-LNX-04__linux_audit.log,USNO-LNX-04,/var/log/audit/audit.log,linux_audit,111
raw/5111__USNO-LNX-04__linux_secure.log,USNO-LNX-04,/var/log/secure,linux_secure,18
raw/5112__USNO-LNX-04__syslog.log,USNO-LNX-04,/var/log/syslog,syslog,15
raw/5113__USNO-LNX-04__ms_defender_eventhub.log,USNO-LNX-04,ms:defender:eventhub,ms:defender:eventhub,1
raw/5114__USNO-LNX-04__trellix_epo.log,USNO-LNX-04,trellix:epo,trellix:epo,2
raw/5115__USNO-LNX-05__linux_audit.log,USNO-LNX-05,/var/log/audit/audit.log,linux_audit,86
raw/5116__USNO-LNX-05__linux_secure.log,USNO-LNX-05,/var/log/secure,linux_secure,16
raw/5117__USNO-LNX-05__syslog.log,USNO-LNX-05,/var/log/syslog,syslog,18
raw/5118__USNO-LNX-06__linux_audit.log,USNO-LNX-06,/var/log/audit/audit.log,linux_audit,96
raw/5119__USNO-LNX-06__linux_secure.log,USNO-LNX-06,/var/log/secure,linux_secure,8
raw/5120__USNO-LNX-06__syslog.log,USNO-LNX-06,/var/log/syslog,syslog,24
raw/5121__USNO-LNX-07__linux_audit.log,USNO-LNX-07,/var/log/audit/audit.log,linux_audit,62
raw/5122__USNO-LNX-07__linux_secure.log,USNO-LNX-07,/var/log/secure,linux_secure,22
raw/5123__USNO-LNX-07__syslog.log,USNO-LNX-07,/var/log/syslog,syslog,18
raw/5124__USNO-LNX-07__ms_defender_eventhub.log,USNO-LNX-07,ms:defender:eventhub,ms:defender:eventhub,3
raw/5125__USNO-LNX-07__trellix_epo.log,USNO-LNX-07,trellix:epo,trellix:epo,1
raw/5126__USNO-LNX-08__linux_audit.log,USNO-LNX-08,/var/log/audit/audit.log,linux_audit,98
raw/5127__USNO-LNX-08__linux_secure.log,USNO-LNX-08,/var/log/secure,linux_secure,17
raw/5128__USNO-LNX-08__syslog.log,USNO-LNX-08,/var/log/syslog,syslog,21
raw/5129__USNO-LNX-08__ms_defender_eventhub.log,USNO-LNX-08,ms:defender:eventhub,ms:defender:eventhub,1
raw/5130__USNO-MFT-01__mft_transfer.log,USNO-MFT-01,mft:transfer,mft:transfer,356
raw/5131__USNO-PACS-01__pacs_access.log,USNO-PACS-01,pacs:access,pacs:access,86
raw/5132__USNO-PAW-01__XmlWinEventLog.log,USNO-PAW-01,XmlWinEventLog:Microsoft-Windows-Sysmon/Operational,XmlWinEventLog,7
raw/5133__USNO-PAW-01__XmlWinEventLog.log,USNO-PAW-01,XmlWinEventLog:Security,XmlWinEventLog,6
raw/5134__USNO-PAW-02__XmlWinEventLog.log,USNO-PAW-02,XmlWinEventLog:Microsoft-Windows-Sysmon/Operational,XmlWinEventLog,11
raw/5135__USNO-PAW-03__XmlWinEventLog.log,USNO-PAW-03,XmlWinEventLog:Microsoft-Windows-Sysmon/Operational,XmlWinEventLog,3
raw/5136__USNO-PAW-03__XmlWinEventLog.log,USNO-PAW-03,XmlWinEventLog:Security,XmlWinEventLog,2
raw/5137__USNO-PAW-03__trellix_epo.log,USNO-PAW-03,trellix:epo,trellix:epo,1
raw/5138__USNO-PAW-04__XmlWinEventLog.log,USNO-PAW-04,XmlWinEventLog:Microsoft-Windows-Sysmon/Operational,XmlWinEventLog,7
raw/5139__USNO-PAW-04__ms_defender_eventhub.log,USNO-PAW-04,ms:defender:eventhub,ms:defender:eventhub,1
raw/5140__USNO-PAW-05__XmlWinEventLog.log,USNO-PAW-05,XmlWinEventLog:Microsoft-Windows-Sysmon/Operational,XmlWinEventLog,5
raw/5141__USNO-PAW-05__XmlWinEventLog.log,USNO-PAW-05,XmlWinEventLog:Security,XmlWinEventLog,4
raw/5142__USNO-PAW-05__ms_defender_eventhub.log,USNO-PAW-05,ms:defender:eventhub,ms:defender:eventhub,1
raw/5143__USNO-PAW-06__XmlWinEventLog.log,USNO-PAW-06,XmlWinEventLog:Microsoft-Windows-Sysmon/Operational,XmlWinEventLog,6
raw/5144__USNO-PAW-06__XmlWinEventLog.log,USNO-PAW-06,XmlWinEventLog:Security,XmlWinEventLog,3
raw/5145__USNO-PAW-06__ms_defender_eventhub.log,USNO-PAW-06,ms:defender:eventhub,ms:defender:eventhub,1
raw/5146__USNO-RADIUS-01__radius.log,USNO-RADIUS-01,radius,radius,149
raw/5147__USNO-RTR-01__cisco_ios.log,USNO-RTR-01,cisco:ios,cisco:ios,33
raw/5148__USNO-RTR-02__juniper.log,USNO-RTR-02,juniper,juniper,20
raw/5149__USNO-RTR-02__juniper_junos_firewall.log,USNO-RTR-02,juniper:junos:firewall,juniper:junos:firewall,10
raw/5150__USNO-TACACS-01__tacacs.log,USNO-TACACS-01,tacacs,tacacs,158
raw/5151__USNO-TEN-01__tenable_io_vuln.log,USNO-TEN-01,tenable:io:vuln,tenable:io:vuln,336
raw/5152__USNO-VDI-01__XmlWinEventLog.log,USNO-VDI-01,XmlWinEventLog:Microsoft-Windows-Sysmon/Operational,XmlWinEventLog,2
raw/5153__USNO-VDI-01__XmlWinEventLog.log,USNO-VDI-01,XmlWinEventLog:Security,XmlWinEventLog,7
raw/5154__USNO-VDI-02__XmlWinEventLog.log,USNO-VDI-02,XmlWinEventLog:Microsoft-Windows-Sysmon/Operational,XmlWinEventLog,8
raw/5155__USNO-VDI-02__XmlWinEventLog.log,USNO-VDI-02,XmlWinEventLog:Security,XmlWinEventLog,4
raw/5156__USNO-VDI-02__ms_defender_eventhub.log,USNO-VDI-02,ms:defender:eventhub,ms:defender:eventhub,2
raw/5157__USNO-VDI-03__XmlWinEventLog.log,USNO-VDI-03,XmlWinEventLog:Microsoft-Windows-Sysmon/Operational,XmlWinEventLog,2
raw/5158__USNO-VDI-03__XmlWinEventLog.log,USNO-VDI-03,XmlWinEventLog:Security,XmlWinEventLog,5
raw/5159__USNO-VDI-03__trellix_epo.log,USNO-VDI-03,trellix:epo,trellix:epo,1
raw/5160__USNO-WS-0001__XmlWinEventLog.log,USNO-WS-0001,XmlWinEventLog:Microsoft-Windows-Sysmon/Operational,XmlWinEventLog,7
raw/5161__USNO-WS-0001__XmlWinEventLog.log,USNO-WS-0001,XmlWinEventLog:Security,XmlWinEventLog,7
raw/5162__USNO-WS-0001__sccm_client.log,USNO-WS-0001,sccm:client,sccm:client,1
raw/5163__USNO-WS-0001__wsus_client.log,USNO-WS-0001,wsus:client,wsus:client,1
raw/5164__USNO-WS-0002__XmlWinEventLog.log,USNO-WS-0002,XmlWinEventLog:Microsoft-Windows-Sysmon/Operational,XmlWinEventLog,9
raw/5165__USNO-WS-0002__XmlWinEventLog.log,USNO-WS-0002,XmlWinEventLog:Security,XmlWinEventLog,6
raw/5166__USNO-WS-0003__XmlWinEventLog.log,USNO-WS-0003,XmlWinEventLog:Microsoft-Windows-Sysmon/Operational,XmlWinEventLog,5
raw/5167__USNO-WS-0003__XmlWinEventLog.log,USNO-WS-0003,XmlWinEventLog:Security,XmlWinEventLog,8
raw/5168__USNO-WS-0003__trellix_epo.log,USNO-WS-0003,trellix:epo,trellix:epo,1
raw/5169__USNO-WS-0003__wsus_client.log,USNO-WS-0003,wsus:client,wsus:client,1
raw/5170__USNO-WS-0004__XmlWinEventLog.log,USNO-WS-0004,XmlWinEventLog:Microsoft-Windows-Sysmon/Operational,XmlWinEventLog,11
raw/5171__USNO-WS-0004__XmlWinEventLog.log,USNO-WS-0004,XmlWinEventLog:Security,XmlWinEventLog,8
raw/5172__USNO-WS-0004__ms_defender_eventhub.log,USNO-WS-0004,ms:defender:eventhub,ms:defender:eventhub,1
raw/5173__USNO-WS-0005__XmlWinEventLog.log,USNO-WS-0005,XmlWinEventLog:Microsoft-Windows-Sysmon/Operational,XmlWinEventLog,13
raw/5174__USNO-WS-0005__XmlWinEventLog.log,USNO-WS-0005,XmlWinEventLog:Security,XmlWinEventLog,10
raw/5175__USNO-WS-0005__ms_defender_eventhub.log,USNO-WS-0005,ms:defender:eventhub,ms:defender:eventhub,1
raw/5176__USNO-WS-0005__sccm_client.log,USNO-WS-0005,sccm:client,sccm:client,1
raw/5177__USNO-WS-0006__XmlWinEventLog.log,USNO-WS-0006,XmlWinEventLog:Microsoft-Windows-Sysmon/Operational,XmlWinEventLog,7
raw/5178__USNO-WS-0006__XmlWinEventLog.log,USNO-WS-0006,XmlWinEventLog:Security,XmlWinEventLog,11
raw/5179__USNO-WS-0007__XmlWinEventLog.log,USNO-WS-0007,XmlWinEventLog:Microsoft-Windows-Sysmon/Operational,XmlWinEventLog,7
raw/5180__USNO-WS-0007__XmlWinEventLog.log,USNO-WS-0007,XmlWinEventLog:Security,XmlWinEventLog,3
raw/5181__USNO-WS-0007__ms_defender_eventhub.log,USNO-WS-0007,ms:defender:eventhub,ms:defender:eventhub,1
raw/5182__USNO-WS-0007__trellix_epo.log,USNO-WS-0007,trellix:epo,trellix:epo,1
raw/5183__USNO-WS-0007__wsus_client.log,USNO-WS-0007,wsus:client,wsus:client,1
raw/5184__USNO-WS-0008__XmlWinEventLog.log,USNO-WS-0008,XmlWinEventLog:Microsoft-Windows-Sysmon/Operational,XmlWinEventLog,11
raw/5185__USNO-WS-0008__XmlWinEventLog.log,USNO-WS-0008,XmlWinEventLog:Security,XmlWinEventLog,7
raw/5186__USNO-WS-0008__ms_defender_eventhub.log,USNO-WS-0008,ms:defender:eventhub,ms:defender:eventhub,5
raw/5187__USNO-WS-0008__trellix_epo.log,USNO-WS-0008,trellix:epo,trellix:epo,1
raw/5188__USNO-WS-0009__XmlWinEventLog.log,USNO-WS-0009,XmlWinEventLog:Microsoft-Windows-Sysmon/Operational,XmlWinEventLog,13
raw/5189__USNO-WS-0009__XmlWinEventLog.log,USNO-WS-0009,XmlWinEventLog:Security,XmlWinEventLog,7
raw/5190__USNO-WS-0009__wsus_client.log,USNO-WS-0009,wsus:client,wsus:client,1
raw/5191__USNO-WS-0010__XmlWinEventLog.log,USNO-WS-0010,XmlWinEventLog:Microsoft-Windows-Sysmon/Operational,XmlWinEventLog,6
raw/5192__USNO-WS-0010__XmlWinEventLog.log,USNO-WS-0010,XmlWinEventLog:Security,XmlWinEventLog,6
raw/5193__USNO-WS-0010__ms_defender_eventhub.log,USNO-WS-0010,ms:defender:eventhub,ms:defender:eventhub,2
raw/5194__USNO-WS-0010__wsus_client.log,USNO-WS-0010,wsus:client,wsus:client,1
raw/5195__USNO-WS-0011__XmlWinEventLog.log,USNO-WS-0011,XmlWinEventLog:Microsoft-Windows-Sysmon/Operational,XmlWinEventLog,6
raw/5196__USNO-WS-0011__XmlWinEventLog.log,USNO-WS-0011,XmlWinEventLog:Security,XmlWinEventLog,8
raw/5197__USNO-WS-0012__XmlWinEventLog.log,USNO-WS-0012,XmlWinEventLog:Microsoft-Windows-Sysmon/Operational,XmlWinEventLog,11
raw/5198__USNO-WS-0012__XmlWinEventLog.log,USNO-WS-0012,XmlWinEventLog:Security,XmlWinEventLog,6
raw/5199__USNO-WS-0013__XmlWinEventLog.log,USNO-WS-0013,XmlWinEventLog:Microsoft-Windows-Sysmon/Operational,XmlWinEventLog,11
raw/5200__USNO-WS-0013__XmlWinEventLog.log,USNO-WS-0013,XmlWinEventLog:Security,XmlWinEventLog,9
raw/5201__USNO-WS-0013__trellix_epo.log,USNO-WS-0013,trellix:epo,trellix:epo,1
raw/5202__USNO-WS-0013__wsus_client.log,USNO-WS-0013,wsus:client,wsus:client,1
raw/5203__USNO-WS-0014__XmlWinEventLog.log,USNO-WS-0014,XmlWinEventLog:Microsoft-Windows-Sysmon/Operational,XmlWinEventLog,4
raw/5204__USNO-WS-0014__XmlWinEventLog.log,USNO-WS-0014,XmlWinEventLog:Security,XmlWinEventLog,11
raw/5205__USNO-WS-0014__trellix_epo.log,USNO-WS-0014,trellix:epo,trellix:epo,1
raw/5206__USNO-WS-0015__XmlWinEventLog.log,USNO-WS-0015,XmlWinEventLog:Microsoft-Windows-Sysmon/Operational,XmlWinEventLog,6
raw/5207__USNO-WS-0015__XmlWinEventLog.log,USNO-WS-0015,XmlWinEventLog:Security,XmlWinEventLog,6
raw/5208__USNO-WS-0015__ms_defender_eventhub.log,USNO-WS-0015,ms:defender:eventhub,ms:defender:eventhub,1
raw/5209__USNO-WS-0015__trellix_epo.log,USNO-WS-0015,trellix:epo,trellix:epo,1
raw/5210__USNO-WS-0016__XmlWinEventLog.log,USNO-WS-0016,XmlWinEventLog:Microsoft-Windows-Sysmon/Operational,XmlWinEventLog,6
raw/5211__USNO-WS-0016__XmlWinEventLog.log,USNO-WS-0016,XmlWinEventLog:Security,XmlWinEventLog,7
raw/5212__USNO-WS-0017__XmlWinEventLog.log,USNO-WS-0017,XmlWinEventLog:Microsoft-Windows-Sysmon/Operational,XmlWinEventLog,3
raw/5213__USNO-WS-0017__XmlWinEventLog.log,USNO-WS-0017,XmlWinEventLog:Security,XmlWinEventLog,10
raw/5214__USNO-WS-0018__XmlWinEventLog.log,USNO-WS-0018,XmlWinEventLog:Microsoft-Windows-Sysmon/Operational,XmlWinEventLog,7
raw/5215__USNO-WS-0018__XmlWinEventLog.log,USNO-WS-0018,XmlWinEventLog:Security,XmlWinEventLog,7
raw/5216__USNO-WS-0018__wsus_client.log,USNO-WS-0018,wsus:client,wsus:client,1
raw/5217__USNO-WS-0019__XmlWinEventLog.log,USNO-WS-0019,XmlWinEventLog:Microsoft-Windows-Sysmon/Operational,XmlWinEventLog,9
raw/5218__USNO-WS-0019__XmlWinEventLog.log,USNO-WS-0019,XmlWinEventLog:Security,XmlWinEventLog,6
raw/5219__USNO-WS-0019__ms_defender_eventhub.log,USNO-WS-0019,ms:defender:eventhub,ms:defender:eventhub,3
raw/5220__USNO-WS-0019__sccm_client.log,USNO-WS-0019,sccm:client,sccm:client,1
raw/5221__USNO-WS-0020__XmlWinEventLog.log,USNO-WS-0020,XmlWinEventLog:Microsoft-Windows-Sysmon/Operational,XmlWinEventLog,6
raw/5222__USNO-WS-0020__XmlWinEventLog.log,USNO-WS-0020,XmlWinEventLog:Security,XmlWinEventLog,7
raw/5223__USNO-WS-0020__ms_defender_eventhub.log,USNO-WS-0020,ms:defender:eventhub,ms:defender:eventhub,1
raw/5224__USNO-WS-0020__sccm_client.log,USNO-WS-0020,sccm:client,sccm:client,2
raw/5225__USNO-WS-0021__XmlWinEventLog.log,USNO-WS-0021,XmlWinEventLog:Microsoft-Windows-Sysmon/Operational,XmlWinEventLog,10
raw/5226__USNO-WS-0021__XmlWinEventLog.log,USNO-WS-0021,XmlWinEventLog:Security,XmlWinEventLog,9
raw/5227__USNO-WS-0022__XmlWinEventLog.log,USNO-WS-0022,XmlWinEventLog:Microsoft-Windows-Sysmon/Operational,XmlWinEventLog,9
raw/5228__USNO-WS-0022__XmlWinEventLog.log,USNO-WS-0022,XmlWinEventLog:Security,XmlWinEventLog,13
raw/5229__USNO-WS-0022__trellix_epo.log,USNO-WS-0022,trellix:epo,trellix:epo,1
raw/5230__USNO-WS-0023__XmlWinEventLog.log,USNO-WS-0023,XmlWinEventLog:Microsoft-Windows-Sysmon/Operational,XmlWinEventLog,6
raw/5231__USNO-WS-0023__XmlWinEventLog.log,USNO-WS-0023,XmlWinEventLog:Security,XmlWinEventLog,11
raw/5232__USNO-WS-0024__XmlWinEventLog.log,USNO-WS-0024,XmlWinEventLog:Microsoft-Windows-Sysmon/Operational,XmlWinEventLog,9
raw/5233__USNO-WS-0024__XmlWinEventLog.log,USNO-WS-0024,XmlWinEventLog:Security,XmlWinEventLog,9
raw/5234__USNO-WS-0024__ms_defender_eventhub.log,USNO-WS-0024,ms:defender:eventhub,ms:defender:eventhub,2
raw/5235__USNO-WS-0024__trellix_epo.log,USNO-WS-0024,trellix:epo,trellix:epo,1
raw/5236__USNO-WS-0025__XmlWinEventLog.log,USNO-WS-0025,XmlWinEventLog:Microsoft-Windows-Sysmon/Operational,XmlWinEventLog,7
raw/5237__USNO-WS-0025__XmlWinEventLog.log,USNO-WS-0025,XmlWinEventLog:Security,XmlWinEventLog,1
raw/5238__USNO-WS-0025__ms_defender_eventhub.log,USNO-WS-0025,ms:defender:eventhub,ms:defender:eventhub,1
raw/5239__USNO-WS-0026__XmlWinEventLog.log,USNO-WS-0026,XmlWinEventLog:Microsoft-Windows-Sysmon/Operational,XmlWinEventLog,8
raw/5240__USNO-WS-0026__XmlWinEventLog.log,USNO-WS-0026,XmlWinEventLog:Security,XmlWinEventLog,5
raw/5241__USNO-WS-0027__XmlWinEventLog.log,USNO-WS-0027,XmlWinEventLog:Microsoft-Windows-Sysmon/Operational,XmlWinEventLog,4
raw/5242__USNO-WS-0027__XmlWinEventLog.log,USNO-WS-0027,XmlWinEventLog:Security,XmlWinEventLog,7
raw/5243__USNO-WS-0027__ms_defender_eventhub.log,USNO-WS-0027,ms:defender:eventhub,ms:defender:eventhub,1
raw/5244__USNO-WS-0028__XmlWinEventLog.log,USNO-WS-0028,XmlWinEventLog:Microsoft-Windows-Sysmon/Operational,XmlWinEventLog,1
raw/5245__USNO-WS-0028__XmlWinEventLog.log,USNO-WS-0028,XmlWinEventLog:Security,XmlWinEventLog,5
raw/5246__USNO-WS-0028__wsus_client.log,USNO-WS-0028,wsus:client,wsus:client,1
raw/5247__USNO-WS-0029__XmlWinEventLog.log,USNO-WS-0029,XmlWinEventLog:Microsoft-Windows-Sysmon/Operational,XmlWinEventLog,8
raw/5248__USNO-WS-0029__XmlWinEventLog.log,USNO-WS-0029,XmlWinEventLog:Security,XmlWinEventLog,6
raw/5249__USNO-WS-0029__trellix_epo.log,USNO-WS-0029,trellix:epo,trellix:epo,1
raw/5250__USNO-WS-0030__XmlWinEventLog.log,USNO-WS-0030,XmlWinEventLog:Microsoft-Windows-Sysmon/Operational,XmlWinEventLog,10
raw/5251__USNO-WS-0030__XmlWinEventLog.log,USNO-WS-0030,XmlWinEventLog:Security,XmlWinEventLog,9
raw/5252__USNO-WS-0030__sccm_client.log,USNO-WS-0030,sccm:client,sccm:client,1
raw/5253__USNO-WS-0031__XmlWinEventLog.log,USNO-WS-0031,XmlWinEventLog:Microsoft-Windows-Sysmon/Operational,XmlWinEventLog,2
raw/5254__USNO-WS-0031__XmlWinEventLog.log,USNO-WS-0031,XmlWinEventLog:Security,XmlWinEventLog,10
raw/5255__USNO-WS-0031__ms_defender_eventhub.log,USNO-WS-0031,ms:defender:eventhub,ms:defender:eventhub,2
raw/5256__USNO-WS-0031__wsus_client.log,USNO-WS-0031,wsus:client,wsus:client,1
raw/5257__USNO-WS-0032__XmlWinEventLog.log,USNO-WS-0032,XmlWinEventLog:Microsoft-Windows-Sysmon/Operational,XmlWinEventLog,4
raw/5258__USNO-WS-0032__XmlWinEventLog.log,USNO-WS-0032,XmlWinEventLog:Security,XmlWinEventLog,5
raw/5259__USNO-WS-0032__ms_defender_eventhub.log,USNO-WS-0032,ms:defender:eventhub,ms:defender:eventhub,2
raw/5260__USNO-WS-0032__sccm_client.log,USNO-WS-0032,sccm:client,sccm:client,1
raw/5261__USNO-WS-0033__XmlWinEventLog.log,USNO-WS-0033,XmlWinEventLog:Microsoft-Windows-Sysmon/Operational,XmlWinEventLog,4
raw/5262__USNO-WS-0033__XmlWinEventLog.log,USNO-WS-0033,XmlWinEventLog:Security,XmlWinEventLog,2
raw/5263__USNO-WS-0033__ms_defender_eventhub.log,USNO-WS-0033,ms:defender:eventhub,ms:defender:eventhub,2
raw/5264__USNO-WS-0033__sccm_client.log,USNO-WS-0033,sccm:client,sccm:client,1
raw/5265__USNO-WS-0034__XmlWinEventLog.log,USNO-WS-0034,XmlWinEventLog:Microsoft-Windows-Sysmon/Operational,XmlWinEventLog,6
raw/5266__USNO-WS-0034__XmlWinEventLog.log,USNO-WS-0034,XmlWinEventLog:Security,XmlWinEventLog,4
raw/5267__USNO-WS-0034__ms_defender_eventhub.log,USNO-WS-0034,ms:defender:eventhub,ms:defender:eventhub,2
raw/5268__USNO-WS-0035__XmlWinEventLog.log,USNO-WS-0035,XmlWinEventLog:Microsoft-Windows-Sysmon/Operational,XmlWinEventLog,7
raw/5269__USNO-WS-0035__XmlWinEventLog.log,USNO-WS-0035,XmlWinEventLog:Security,XmlWinEventLog,9
raw/5270__USNO-WS-0035__ms_defender_eventhub.log,USNO-WS-0035,ms:defender:eventhub,ms:defender:eventhub,1
raw/5271__USNO-WS-0035__trellix_epo.log,USNO-WS-0035,trellix:epo,trellix:epo,2
raw/5272__USNO-WS-0036__XmlWinEventLog.log,USNO-WS-0036,XmlWinEventLog:Microsoft-Windows-Sysmon/Operational,XmlWinEventLog,7
raw/5273__USNO-WS-0036__XmlWinEventLog.log,USNO-WS-0036,XmlWinEventLog:Security,XmlWinEventLog,3
raw/5274__USNO-WS-0036__ms_defender_eventhub.log,USNO-WS-0036,ms:defender:eventhub,ms:defender:eventhub,1
raw/5275__USNO-WS-0037__XmlWinEventLog.log,USNO-WS-0037,XmlWinEventLog:Microsoft-Windows-Sysmon/Operational,XmlWinEventLog,4
raw/5276__USNO-WS-0037__XmlWinEventLog.log,USNO-WS-0037,XmlWinEventLog:Security,XmlWinEventLog,5
raw/5277__USNO-WS-0037__ms_defender_eventhub.log,USNO-WS-0037,ms:defender:eventhub,ms:defender:eventhub,1
raw/5278__USNO-WS-0038__XmlWinEventLog.log,USNO-WS-0038,XmlWinEventLog:Microsoft-Windows-Sysmon/Operational,XmlWinEventLog,5
raw/5279__USNO-WS-0038__XmlWinEventLog.log,USNO-WS-0038,XmlWinEventLog:Security,XmlWinEventLog,9
raw/5280__USNO-WS-0038__ms_defender_eventhub.log,USNO-WS-0038,ms:defender:eventhub,ms:defender:eventhub,2
raw/5281__USNO-WS-0038__wsus_client.log,USNO-WS-0038,wsus:client,wsus:client,1
raw/5282__USNO-WS-0039__XmlWinEventLog.log,USNO-WS-0039,XmlWinEventLog:Microsoft-Windows-Sysmon/Operational,XmlWinEventLog,3
raw/5283__USNO-WS-0039__XmlWinEventLog.log,USNO-WS-0039,XmlWinEventLog:Security,XmlWinEventLog,10
raw/5284__USNO-WS-0040__XmlWinEventLog.log,USNO-WS-0040,XmlWinEventLog:Microsoft-Windows-Sysmon/Operational,XmlWinEventLog,4
raw/5285__USNO-WS-0040__XmlWinEventLog.log,USNO-WS-0040,XmlWinEventLog:Security,XmlWinEventLog,4
raw/5286__USNO-WS-0040__sccm_client.log,USNO-WS-0040,sccm:client,sccm:client,1
raw/5287__USNO-WS-0040__wsus_client.log,USNO-WS-0040,wsus:client,wsus:client,1
raw/5288__USNO-WS-0041__XmlWinEventLog.log,USNO-WS-0041,XmlWinEventLog:Microsoft-Windows-Sysmon/Operational,XmlWinEventLog,5
raw/5289__USNO-WS-0041__XmlWinEventLog.log,USNO-WS-0041,XmlWinEventLog:Security,XmlWinEventLog,3
raw/5290__USNO-WS-0041__ms_defender_eventhub.log,USNO-WS-0041,ms:defender:eventhub,ms:defender:eventhub,1
raw/5291__USNO-WS-0041__sccm_client.log,USNO-WS-0041,sccm:client,sccm:client,1
raw/5292__USNO-WS-0041__wsus_client.log,USNO-WS-0041,wsus:client,wsus:client,1
raw/5293__USNO-WS-0042__XmlWinEventLog.log,USNO-WS-0042,XmlWinEventLog:Microsoft-Windows-Sysmon/Operational,XmlWinEventLog,3
raw/5294__USNO-WS-0042__XmlWinEventLog.log,USNO-WS-0042,XmlWinEventLog:Security,XmlWinEventLog,7
raw/5295__USNO-WS-0043__XmlWinEventLog.log,USNO-WS-0043,XmlWinEventLog:Microsoft-Windows-Sysmon/Operational,XmlWinEventLog,7
raw/5296__USNO-WS-0043__XmlWinEventLog.log,USNO-WS-0043,XmlWinEventLog:Security,XmlWinEventLog,4
raw/5297__USNO-WS-0043__ms_defender_eventhub.log,USNO-WS-0043,ms:defender:eventhub,ms:defender:eventhub,1
raw/5298__USNO-WS-0044__XmlWinEventLog.log,USNO-WS-0044,XmlWinEventLog:Microsoft-Windows-Sysmon/Operational,XmlWinEventLog,3
raw/5299__USNO-WS-0044__XmlWinEventLog.log,USNO-WS-0044,XmlWinEventLog:Security,XmlWinEventLog,2
raw/5300__USNO-WS-0044__ms_defender_eventhub.log,USNO-WS-0044,ms:defender:eventhub,ms:defender:eventhub,5
raw/5301__USNO-WS-0044__trellix_epo.log,USNO-WS-0044,trellix:epo,trellix:epo,1
raw/5302__USNO-WS-0045__XmlWinEventLog.log,USNO-WS-0045,XmlWinEventLog:Microsoft-Windows-Sysmon/Operational,XmlWinEventLog,6
raw/5303__USNO-WS-0045__XmlWinEventLog.log,USNO-WS-0045,XmlWinEventLog:Security,XmlWinEventLog,3
raw/5304__USNO-WS-0045__sccm_client.log,USNO-WS-0045,sccm:client,sccm:client,1
raw/5305__USNO-WS-0045__wsus_client.log,USNO-WS-0045,wsus:client,wsus:client,1
raw/5306__USNO-WS-0046__XmlWinEventLog.log,USNO-WS-0046,XmlWinEventLog:Microsoft-Windows-Sysmon/Operational,XmlWinEventLog,6
raw/5307__USNO-WS-0046__XmlWinEventLog.log,USNO-WS-0046,XmlWinEventLog:Security,XmlWinEventLog,7
raw/5308__USNO-WS-0046__ms_defender_eventhub.log,USNO-WS-0046,ms:defender:eventhub,ms:defender:eventhub,1
raw/5309__USNO-WS-0046__trellix_epo.log,USNO-WS-0046,trellix:epo,trellix:epo,1
raw/5310__USNO-WS-0047__XmlWinEventLog.log,USNO-WS-0047,XmlWinEventLog:Microsoft-Windows-Sysmon/Operational,XmlWinEventLog,7
raw/5311__USNO-WS-0047__XmlWinEventLog.log,USNO-WS-0047,XmlWinEventLog:Security,XmlWinEventLog,5
raw/5312__USNO-WS-0047__ms_defender_eventhub.log,USNO-WS-0047,ms:defender:eventhub,ms:defender:eventhub,2
raw/5313__USNO-WS-0047__trellix_epo.log,USNO-WS-0047,trellix:epo,trellix:epo,1
raw/5314__USNO-WS-0048__XmlWinEventLog.log,USNO-WS-0048,XmlWinEventLog:Microsoft-Windows-Sysmon/Operational,XmlWinEventLog,2
raw/5315__USNO-WS-0048__XmlWinEventLog.log,USNO-WS-0048,XmlWinEventLog:Security,XmlWinEventLog,6
raw/5316__USNO-WS-0048__ms_defender_eventhub.log,USNO-WS-0048,ms:defender:eventhub,ms:defender:eventhub,1
raw/5317__USNO-WS-0048__wsus_client.log,USNO-WS-0048,wsus:client,wsus:client,1
raw/5318__USNO-WS-0049__XmlWinEventLog.log,USNO-WS-0049,XmlWinEventLog:Microsoft-Windows-Sysmon/Operational,XmlWinEventLog,4
raw/5319__USNO-WS-0049__XmlWinEventLog.log,USNO-WS-0049,XmlWinEventLog:Security,XmlWinEventLog,10
raw/5320__USNO-WS-0049__ms_defender_eventhub.log,USNO-WS-0049,ms:defender:eventhub,ms:defender:eventhub,1
raw/5321__USNO-WS-0049__sccm_client.log,USNO-WS-0049,sccm:client,sccm:client,1
raw/5322__USNO-WS-0049__trellix_epo.log,USNO-WS-0049,trellix:epo,trellix:epo,1
raw/5323__USNO-WS-0050__XmlWinEventLog.log,USNO-WS-0050,XmlWinEventLog:Microsoft-Windows-Sysmon/Operational,XmlWinEventLog,9
raw/5324__USNO-WS-0050__XmlWinEventLog.log,USNO-WS-0050,XmlWinEventLog:Security,XmlWinEventLog,5
raw/5325__USNO-WS-0050__trellix_epo.log,USNO-WS-0050,trellix:epo,trellix:epo,1
raw/5326__USNO-WS-0051__XmlWinEventLog.log,USNO-WS-0051,XmlWinEventLog:Microsoft-Windows-Sysmon/Operational,XmlWinEventLog,1
raw/5327__USNO-WS-0051__XmlWinEventLog.log,USNO-WS-0051,XmlWinEventLog:Security,XmlWinEventLog,5
raw/5328__USNO-WS-0052__XmlWinEventLog.log,USNO-WS-0052,XmlWinEventLog:Microsoft-Windows-Sysmon/Operational,XmlWinEventLog,3
raw/5329__USNO-WS-0052__XmlWinEventLog.log,USNO-WS-0052,XmlWinEventLog:Security,XmlWinEventLog,8
raw/5330__USNO-WS-0052__trellix_epo.log,USNO-WS-0052,trellix:epo,trellix:epo,1
raw/5331__USNO-WS-0053__XmlWinEventLog.log,USNO-WS-0053,XmlWinEventLog:Microsoft-Windows-Sysmon/Operational,XmlWinEventLog,9
raw/5332__USNO-WS-0053__XmlWinEventLog.log,USNO-WS-0053,XmlWinEventLog:Security,XmlWinEventLog,5
raw/5333__USNO-WS-0053__wsus_client.log,USNO-WS-0053,wsus:client,wsus:client,1
raw/5334__USNO-WS-0054__XmlWinEventLog.log,USNO-WS-0054,XmlWinEventLog:Microsoft-Windows-Sysmon/Operational,XmlWinEventLog,8
raw/5335__USNO-WS-0054__XmlWinEventLog.log,USNO-WS-0054,XmlWinEventLog:Security,XmlWinEventLog,5
raw/5336__USNO-WS-0054__ms_defender_eventhub.log,USNO-WS-0054,ms:defender:eventhub,ms:defender:eventhub,2
raw/5337__USNO-WS-0054__wsus_client.log,USNO-WS-0054,wsus:client,wsus:client,1
raw/5338__USNO-WS-0055__XmlWinEventLog.log,USNO-WS-0055,XmlWinEventLog:Microsoft-Windows-Sysmon/Operational,XmlWinEventLog,10
raw/5339__USNO-WS-0055__XmlWinEventLog.log,USNO-WS-0055,XmlWinEventLog:Security,XmlWinEventLog,4
raw/5340__USNO-WS-0055__ms_defender_eventhub.log,USNO-WS-0055,ms:defender:eventhub,ms:defender:eventhub,1
raw/5341__USNO-WS-0055__sccm_client.log,USNO-WS-0055,sccm:client,sccm:client,1
raw/5342__USNO-WS-0056__XmlWinEventLog.log,USNO-WS-0056,XmlWinEventLog:Microsoft-Windows-Sysmon/Operational,XmlWinEventLog,5
raw/5343__USNO-WS-0056__XmlWinEventLog.log,USNO-WS-0056,XmlWinEventLog:Security,XmlWinEventLog,3
raw/5344__USNO-WS-0057__XmlWinEventLog.log,USNO-WS-0057,XmlWinEventLog:Microsoft-Windows-Sysmon/Operational,XmlWinEventLog,5
raw/5345__USNO-WS-0057__XmlWinEventLog.log,USNO-WS-0057,XmlWinEventLog:Security,XmlWinEventLog,1
raw/5346__USNO-WS-0058__XmlWinEventLog.log,USNO-WS-0058,XmlWinEventLog:Microsoft-Windows-Sysmon/Operational,XmlWinEventLog,5
raw/5347__USNO-WS-0058__XmlWinEventLog.log,USNO-WS-0058,XmlWinEventLog:Security,XmlWinEventLog,4
raw/5348__USNO-WS-0058__ms_defender_eventhub.log,USNO-WS-0058,ms:defender:eventhub,ms:defender:eventhub,1
raw/5349__USNO-WS-0058__sccm_client.log,USNO-WS-0058,sccm:client,sccm:client,1
raw/5350__USNO-WS-0059__XmlWinEventLog.log,USNO-WS-0059,XmlWinEventLog:Microsoft-Windows-Sysmon/Operational,XmlWinEventLog,4
raw/5351__USNO-WS-0059__XmlWinEventLog.log,USNO-WS-0059,XmlWinEventLog:Security,XmlWinEventLog,6
raw/5352__USNO-WS-0059__ms_defender_eventhub.log,USNO-WS-0059,ms:defender:eventhub,ms:defender:eventhub,2
raw/5353__USNO-WS-0060__XmlWinEventLog.log,USNO-WS-0060,XmlWinEventLog:Microsoft-Windows-Sysmon/Operational,XmlWinEventLog,6
raw/5354__USNO-WS-0060__XmlWinEventLog.log,USNO-WS-0060,XmlWinEventLog:Security,XmlWinEventLog,9
raw/5355__USNO-WS-0060__ms_defender_eventhub.log,USNO-WS-0060,ms:defender:eventhub,ms:defender:eventhub,1
raw/5356__USNO-WS-0060__trellix_epo.log,USNO-WS-0060,trellix:epo,trellix:epo,1
raw/5357__USNO-WS-0061__XmlWinEventLog.log,USNO-WS-0061,XmlWinEventLog:Microsoft-Windows-Sysmon/Operational,XmlWinEventLog,5
raw/5358__USNO-WS-0061__XmlWinEventLog.log,USNO-WS-0061,XmlWinEventLog:Security,XmlWinEventLog,5
raw/5359__USNO-WS-0061__wsus_client.log,USNO-WS-0061,wsus:client,wsus:client,1
raw/5360__USNO-WS-0062__XmlWinEventLog.log,USNO-WS-0062,XmlWinEventLog:Microsoft-Windows-Sysmon/Operational,XmlWinEventLog,6
raw/5361__USNO-WS-0062__XmlWinEventLog.log,USNO-WS-0062,XmlWinEventLog:Security,XmlWinEventLog,5
raw/5362__USNO-WS-0063__XmlWinEventLog.log,USNO-WS-0063,XmlWinEventLog:Microsoft-Windows-Sysmon/Operational,XmlWinEventLog,4
raw/5363__USNO-WS-0063__XmlWinEventLog.log,USNO-WS-0063,XmlWinEventLog:Security,XmlWinEventLog,5
raw/5364__USNO-WS-0063__ms_defender_eventhub.log,USNO-WS-0063,ms:defender:eventhub,ms:defender:eventhub,1
raw/5365__USNO-WS-0063__trellix_epo.log,USNO-WS-0063,trellix:epo,trellix:epo,1
raw/5366__USNO-WS-0064__XmlWinEventLog.log,USNO-WS-0064,XmlWinEventLog:Microsoft-Windows-Sysmon/Operational,XmlWinEventLog,5
raw/5367__USNO-WS-0064__XmlWinEventLog.log,USNO-WS-0064,XmlWinEventLog:Security,XmlWinEventLog,5
raw/5368__USNO-ZEEK-01__bro_conn_json.log,USNO-ZEEK-01,zeek:conn,bro:conn:json,784
raw/5369__USNO-ZEEK-01__bro_dce_rpc_json.log,USNO-ZEEK-01,zeek:dce_rpc,bro:dce_rpc:json,77
raw/5370__USNO-ZEEK-01__bro_dns_json.log,USNO-ZEEK-01,zeek:dns,bro:dns:json,388
raw/5371__USNO-ZEEK-01__bro_http_json.log,USNO-ZEEK-01,zeek:http,bro:http:json,214
raw/5372__USNO-ZEEK-01__bro_smb_files_json.log,USNO-ZEEK-01,zeek:smb_files,bro:smb_files:json,99
raw/5373__USNO-ZEEK-01__bro_ssl_json.log,USNO-ZEEK-01,zeek:ssl,bro:ssl:json,327
raw/5374__USOH-APP-01__XmlWinEventLog.log,USOH-APP-01,XmlWinEventLog:Microsoft-Windows-Sysmon/Operational,XmlWinEventLog,4
raw/5375__USOH-APP-01__XmlWinEventLog.log,USOH-APP-01,XmlWinEventLog:Security,XmlWinEventLog,8
raw/5376__USOH-APP-01__ms_defender_eventhub.log,USOH-APP-01,ms:defender:eventhub,ms:defender:eventhub,2
raw/5377__USOH-APP-01__wsus_client.log,USOH-APP-01,wsus:client,wsus:client,1
raw/5378__USOH-APP-02__XmlWinEventLog.log,USOH-APP-02,XmlWinEventLog:Microsoft-Windows-Sysmon/Operational,XmlWinEventLog,5
raw/5379__USOH-APP-02__XmlWinEventLog.log,USOH-APP-02,XmlWinEventLog:Security,XmlWinEventLog,5
raw/5380__USOH-APP-02__sccm_client.log,USOH-APP-02,sccm:client,sccm:client,1
raw/5381__USOH-APP-02__trellix_epo.log,USOH-APP-02,trellix:epo,trellix:epo,1
raw/5382__USOH-APP-02__wsus_client.log,USOH-APP-02,wsus:client,wsus:client,1
raw/5383__USOH-APP-03__XmlWinEventLog.log,USOH-APP-03,XmlWinEventLog:Microsoft-Windows-Sysmon/Operational,XmlWinEventLog,4
raw/5384__USOH-APP-03__XmlWinEventLog.log,USOH-APP-03,XmlWinEventLog:Security,XmlWinEventLog,5
raw/5385__USOH-APP-03__wsus_client.log,USOH-APP-03,wsus:client,wsus:client,1
raw/5386__USOH-APP-04__XmlWinEventLog.log,USOH-APP-04,XmlWinEventLog:Microsoft-Windows-Sysmon/Operational,XmlWinEventLog,3
raw/5387__USOH-APP-04__XmlWinEventLog.log,USOH-APP-04,XmlWinEventLog:Security,XmlWinEventLog,4
raw/5388__USOH-APP-04__wsus_client.log,USOH-APP-04,wsus:client,wsus:client,1
raw/5389__USOH-APP-05__XmlWinEventLog.log,USOH-APP-05,XmlWinEventLog:Microsoft-Windows-Sysmon/Operational,XmlWinEventLog,3
raw/5390__USOH-APP-05__XmlWinEventLog.log,USOH-APP-05,XmlWinEventLog:Security,XmlWinEventLog,5
raw/5391__USOH-APP-06__XmlWinEventLog.log,USOH-APP-06,XmlWinEventLog:Microsoft-Windows-Sysmon/Operational,XmlWinEventLog,3
raw/5392__USOH-APP-06__XmlWinEventLog.log,USOH-APP-06,XmlWinEventLog:Security,XmlWinEventLog,2
raw/5393__USOH-APP-06__trellix_epo.log,USOH-APP-06,trellix:epo,trellix:epo,1
raw/5394__USOH-APP-07__XmlWinEventLog.log,USOH-APP-07,XmlWinEventLog:Microsoft-Windows-Sysmon/Operational,XmlWinEventLog,5
raw/5395__USOH-APP-07__XmlWinEventLog.log,USOH-APP-07,XmlWinEventLog:Security,XmlWinEventLog,5
raw/5396__USOH-APP-08__XmlWinEventLog.log,USOH-APP-08,XmlWinEventLog:Microsoft-Windows-Sysmon/Operational,XmlWinEventLog,5
raw/5397__USOH-APP-08__XmlWinEventLog.log,USOH-APP-08,XmlWinEventLog:Security,XmlWinEventLog,5
raw/5398__USOH-APP-08__wsus_client.log,USOH-APP-08,wsus:client,wsus:client,1
raw/5399__USOH-DC-01__XmlWinEventLog.log,USOH-DC-01,XmlWinEventLog:Security,XmlWinEventLog,114
raw/5400__USOH-FS-01__XmlWinEventLog.log,USOH-FS-01,XmlWinEventLog:Microsoft-Windows-Sysmon/Operational,XmlWinEventLog,6
raw/5401__USOH-FS-01__XmlWinEventLog.log,USOH-FS-01,XmlWinEventLog:Security,XmlWinEventLog,1
raw/5402__USOH-FS-01__trellix_epo.log,USOH-FS-01,trellix:epo,trellix:epo,1
raw/5403__USOH-FS-02__XmlWinEventLog.log,USOH-FS-02,XmlWinEventLog:Microsoft-Windows-Sysmon/Operational,XmlWinEventLog,3
raw/5404__USOH-FS-02__XmlWinEventLog.log,USOH-FS-02,XmlWinEventLog:Security,XmlWinEventLog,3
raw/5405__USOH-FS-02__ms_defender_eventhub.log,USOH-FS-02,ms:defender:eventhub,ms:defender:eventhub,1
raw/5406__USOH-FS-02__wsus_client.log,USOH-FS-02,wsus:client,wsus:client,1
raw/5407__USOH-FS-03__XmlWinEventLog.log,USOH-FS-03,XmlWinEventLog:Microsoft-Windows-Sysmon/Operational,XmlWinEventLog,5
raw/5408__USOH-FS-03__XmlWinEventLog.log,USOH-FS-03,XmlWinEventLog:Security,XmlWinEventLog,3
raw/5409__USOH-FS-04__XmlWinEventLog.log,USOH-FS-04,XmlWinEventLog:Microsoft-Windows-Sysmon/Operational,XmlWinEventLog,6
raw/5410__USOH-FS-04__XmlWinEventLog.log,USOH-FS-04,XmlWinEventLog:Security,XmlWinEventLog,3
raw/5411__USOH-FW-01__pan_traffic.log,USOH-FW-01,pan:traffic,pan:traffic,99
raw/5412__USOH-FW-02__fortigate_traffic.log,USOH-FW-02,fortigate_traffic,fortigate_traffic,84
raw/5413__USOH-FW-03__cisco_asa.log,USOH-FW-03,cisco:asa,cisco:asa,78
raw/5414__USOH-JUMP-01__XmlWinEventLog.log,USOH-JUMP-01,XmlWinEventLog:Microsoft-Windows-Sysmon/Operational,XmlWinEventLog,6
raw/5415__USOH-JUMP-01__XmlWinEventLog.log,USOH-JUMP-01,XmlWinEventLog:Security,XmlWinEventLog,1
raw/5416__USOH-JUMP-01__ms_defender_eventhub.log,USOH-JUMP-01,ms:defender:eventhub,ms:defender:eventhub,5
raw/5417__USOH-JUMP-02__XmlWinEventLog.log,USOH-JUMP-02,XmlWinEventLog:Microsoft-Windows-Sysmon/Operational,XmlWinEventLog,5
raw/5418__USOH-JUMP-02__XmlWinEventLog.log,USOH-JUMP-02,XmlWinEventLog:Security,XmlWinEventLog,5
raw/5419__USOH-JUMP-02__ms_defender_eventhub.log,USOH-JUMP-02,ms:defender:eventhub,ms:defender:eventhub,1
raw/5420__USOH-JUMP-02__sccm_client.log,USOH-JUMP-02,sccm:client,sccm:client,1
raw/5421__USOH-JUMP-03__XmlWinEventLog.log,USOH-JUMP-03,XmlWinEventLog:Microsoft-Windows-Sysmon/Operational,XmlWinEventLog,2
raw/5422__USOH-JUMP-03__XmlWinEventLog.log,USOH-JUMP-03,XmlWinEventLog:Security,XmlWinEventLog,4
raw/5423__USOH-JUMP-03__ms_defender_eventhub.log,USOH-JUMP-03,ms:defender:eventhub,ms:defender:eventhub,1
raw/5424__USOH-JUMP-03__sccm_client.log,USOH-JUMP-03,sccm:client,sccm:client,1
raw/5425__USOH-LNX-01__linux_audit.log,USOH-LNX-01,/var/log/audit/audit.log,linux_audit,89
raw/5426__USOH-LNX-01__linux_secure.log,USOH-LNX-01,/var/log/secure,linux_secure,25
raw/5427__USOH-LNX-01__syslog.log,USOH-LNX-01,/var/log/syslog,syslog,25
raw/5428__USOH-LNX-01__ms_defender_eventhub.log,USOH-LNX-01,ms:defender:eventhub,ms:defender:eventhub,2
raw/5429__USOH-LNX-01__trellix_epo.log,USOH-LNX-01,trellix:epo,trellix:epo,1
raw/5430__USOH-LNX-02__linux_audit.log,USOH-LNX-02,/var/log/audit/audit.log,linux_audit,82
raw/5431__USOH-LNX-02__linux_secure.log,USOH-LNX-02,/var/log/secure,linux_secure,10
raw/5432__USOH-LNX-02__syslog.log,USOH-LNX-02,/var/log/syslog,syslog,24
raw/5433__USOH-LNX-02__ms_defender_eventhub.log,USOH-LNX-02,ms:defender:eventhub,ms:defender:eventhub,1
raw/5434__USOH-LNX-03__linux_audit.log,USOH-LNX-03,/var/log/audit/audit.log,linux_audit,73
raw/5435__USOH-LNX-03__linux_secure.log,USOH-LNX-03,/var/log/secure,linux_secure,19
raw/5436__USOH-LNX-03__syslog.log,USOH-LNX-03,/var/log/syslog,syslog,35
raw/5437__USOH-LNX-03__ms_defender_eventhub.log,USOH-LNX-03,ms:defender:eventhub,ms:defender:eventhub,1
raw/5438__USOH-LNX-04__linux_audit.log,USOH-LNX-04,/var/log/audit/audit.log,linux_audit,87
raw/5439__USOH-LNX-04__linux_secure.log,USOH-LNX-04,/var/log/secure,linux_secure,16
raw/5440__USOH-LNX-04__syslog.log,USOH-LNX-04,/var/log/syslog,syslog,21
raw/5441__USOH-LNX-05__linux_audit.log,USOH-LNX-05,/var/log/audit/audit.log,linux_audit,73
raw/5442__USOH-LNX-05__linux_secure.log,USOH-LNX-05,/var/log/secure,linux_secure,16
raw/5443__USOH-LNX-05__syslog.log,USOH-LNX-05,/var/log/syslog,syslog,27
raw/5444__USOH-LNX-06__linux_audit.log,USOH-LNX-06,/var/log/audit/audit.log,linux_audit,96
raw/5445__USOH-LNX-06__linux_secure.log,USOH-LNX-06,/var/log/secure,linux_secure,15
raw/5446__USOH-LNX-06__syslog.log,USOH-LNX-06,/var/log/syslog,syslog,19
raw/5447__USOH-LNX-06__trellix_epo.log,USOH-LNX-06,trellix:epo,trellix:epo,1
raw/5448__USOH-LNX-07__linux_audit.log,USOH-LNX-07,/var/log/audit/audit.log,linux_audit,81
raw/5449__USOH-LNX-07__linux_secure.log,USOH-LNX-07,/var/log/secure,linux_secure,14
raw/5450__USOH-LNX-07__syslog.log,USOH-LNX-07,/var/log/syslog,syslog,22
raw/5451__USOH-LNX-07__ms_defender_eventhub.log,USOH-LNX-07,ms:defender:eventhub,ms:defender:eventhub,3
raw/5452__USOH-LNX-08__linux_audit.log,USOH-LNX-08,/var/log/audit/audit.log,linux_audit,66
raw/5453__USOH-LNX-08__linux_secure.log,USOH-LNX-08,/var/log/secure,linux_secure,13
raw/5454__USOH-LNX-08__syslog.log,USOH-LNX-08,/var/log/syslog,syslog,19
raw/5455__USOH-LNX-08__trellix_epo.log,USOH-LNX-08,trellix:epo,trellix:epo,1
raw/5456__USOH-PACS-01__pacs_access.log,USOH-PACS-01,pacs:access,pacs:access,108
raw/5457__USOH-PAW-01__XmlWinEventLog.log,USOH-PAW-01,XmlWinEventLog:Microsoft-Windows-Sysmon/Operational,XmlWinEventLog,7
raw/5458__USOH-PAW-01__XmlWinEventLog.log,USOH-PAW-01,XmlWinEventLog:Security,XmlWinEventLog,3
raw/5459__USOH-PAW-01__sccm_client.log,USOH-PAW-01,sccm:client,sccm:client,2
raw/5460__USOH-PAW-02__XmlWinEventLog.log,USOH-PAW-02,XmlWinEventLog:Microsoft-Windows-Sysmon/Operational,XmlWinEventLog,6
raw/5461__USOH-PAW-02__XmlWinEventLog.log,USOH-PAW-02,XmlWinEventLog:Security,XmlWinEventLog,4
raw/5462__USOH-PAW-02__ms_defender_eventhub.log,USOH-PAW-02,ms:defender:eventhub,ms:defender:eventhub,1
raw/5463__USOH-PAW-03__XmlWinEventLog.log,USOH-PAW-03,XmlWinEventLog:Microsoft-Windows-Sysmon/Operational,XmlWinEventLog,3
raw/5464__USOH-PAW-03__XmlWinEventLog.log,USOH-PAW-03,XmlWinEventLog:Security,XmlWinEventLog,5
raw/5465__USOH-PAW-04__XmlWinEventLog.log,USOH-PAW-04,XmlWinEventLog:Microsoft-Windows-Sysmon/Operational,XmlWinEventLog,7
raw/5466__USOH-PAW-04__XmlWinEventLog.log,USOH-PAW-04,XmlWinEventLog:Security,XmlWinEventLog,2
raw/5467__USOH-PAW-05__XmlWinEventLog.log,USOH-PAW-05,XmlWinEventLog:Microsoft-Windows-Sysmon/Operational,XmlWinEventLog,12
raw/5468__USOH-PAW-05__XmlWinEventLog.log,USOH-PAW-05,XmlWinEventLog:Security,XmlWinEventLog,3
raw/5469__USOH-PAW-05__trellix_epo.log,USOH-PAW-05,trellix:epo,trellix:epo,1
raw/5470__USOH-PAW-06__XmlWinEventLog.log,USOH-PAW-06,XmlWinEventLog:Microsoft-Windows-Sysmon/Operational,XmlWinEventLog,3
raw/5471__USOH-PAW-06__XmlWinEventLog.log,USOH-PAW-06,XmlWinEventLog:Security,XmlWinEventLog,10
raw/5472__USOH-PAW-06__ms_defender_eventhub.log,USOH-PAW-06,ms:defender:eventhub,ms:defender:eventhub,1
raw/5473__USOH-PAW-06__sccm_client.log,USOH-PAW-06,sccm:client,sccm:client,1
raw/5474__USOH-RTR-01__cisco_ios.log,USOH-RTR-01,cisco:ios,cisco:ios,46
raw/5475__USOH-RTR-02__juniper.log,USOH-RTR-02,juniper,juniper,21
raw/5476__USOH-RTR-02__juniper_junos_firewall.log,USOH-RTR-02,juniper:junos:firewall,juniper:junos:firewall,11
raw/5477__USOH-VDI-01__XmlWinEventLog.log,USOH-VDI-01,XmlWinEventLog:Microsoft-Windows-Sysmon/Operational,XmlWinEventLog,2
raw/5478__USOH-VDI-01__XmlWinEventLog.log,USOH-VDI-01,XmlWinEventLog:Security,XmlWinEventLog,7
raw/5479__USOH-VDI-02__XmlWinEventLog.log,USOH-VDI-02,XmlWinEventLog:Microsoft-Windows-Sysmon/Operational,XmlWinEventLog,9
raw/5480__USOH-VDI-02__XmlWinEventLog.log,USOH-VDI-02,XmlWinEventLog:Security,XmlWinEventLog,1
raw/5481__USOH-VDI-02__trellix_epo.log,USOH-VDI-02,trellix:epo,trellix:epo,1
raw/5482__USOH-VDI-02__wsus_client.log,USOH-VDI-02,wsus:client,wsus:client,1
raw/5483__USOH-VDI-03__XmlWinEventLog.log,USOH-VDI-03,XmlWinEventLog:Microsoft-Windows-Sysmon/Operational,XmlWinEventLog,10
raw/5484__USOH-VDI-03__XmlWinEventLog.log,USOH-VDI-03,XmlWinEventLog:Security,XmlWinEventLog,10
raw/5485__USOH-VDI-03__ms_defender_eventhub.log,USOH-VDI-03,ms:defender:eventhub,ms:defender:eventhub,3
raw/5486__USOH-WS-0001__XmlWinEventLog.log,USOH-WS-0001,XmlWinEventLog:Microsoft-Windows-Sysmon/Operational,XmlWinEventLog,11
raw/5487__USOH-WS-0001__XmlWinEventLog.log,USOH-WS-0001,XmlWinEventLog:Security,XmlWinEventLog,6
raw/5488__USOH-WS-0001__ms_defender_eventhub.log,USOH-WS-0001,ms:defender:eventhub,ms:defender:eventhub,1
raw/5489__USOH-WS-0001__sccm_client.log,USOH-WS-0001,sccm:client,sccm:client,2
raw/5490__USOH-WS-0001__trellix_epo.log,USOH-WS-0001,trellix:epo,trellix:epo,1
raw/5491__USOH-WS-0002__XmlWinEventLog.log,USOH-WS-0002,XmlWinEventLog:Microsoft-Windows-Sysmon/Operational,XmlWinEventLog,8
raw/5492__USOH-WS-0002__XmlWinEventLog.log,USOH-WS-0002,XmlWinEventLog:Security,XmlWinEventLog,12
raw/5493__USOH-WS-0002__ms_defender_eventhub.log,USOH-WS-0002,ms:defender:eventhub,ms:defender:eventhub,2
raw/5494__USOH-WS-0003__XmlWinEventLog.log,USOH-WS-0003,XmlWinEventLog:Microsoft-Windows-Sysmon/Operational,XmlWinEventLog,3
raw/5495__USOH-WS-0003__XmlWinEventLog.log,USOH-WS-0003,XmlWinEventLog:Security,XmlWinEventLog,8
raw/5496__USOH-WS-0004__XmlWinEventLog.log,USOH-WS-0004,XmlWinEventLog:Microsoft-Windows-Sysmon/Operational,XmlWinEventLog,12
raw/5497__USOH-WS-0004__XmlWinEventLog.log,USOH-WS-0004,XmlWinEventLog:Security,XmlWinEventLog,7
raw/5498__USOH-WS-0004__trellix_epo.log,USOH-WS-0004,trellix:epo,trellix:epo,1
raw/5499__USOH-WS-0005__XmlWinEventLog.log,USOH-WS-0005,XmlWinEventLog:Microsoft-Windows-Sysmon/Operational,XmlWinEventLog,6
raw/5500__USOH-WS-0005__XmlWinEventLog.log,USOH-WS-0005,XmlWinEventLog:Security,XmlWinEventLog,9
raw/5501__USOH-WS-0005__ms_defender_eventhub.log,USOH-WS-0005,ms:defender:eventhub,ms:defender:eventhub,1
raw/5502__USOH-WS-0006__XmlWinEventLog.log,USOH-WS-0006,XmlWinEventLog:Microsoft-Windows-Sysmon/Operational,XmlWinEventLog,4
raw/5503__USOH-WS-0006__XmlWinEventLog.log,USOH-WS-0006,XmlWinEventLog:Security,XmlWinEventLog,4
raw/5504__USOH-WS-0007__XmlWinEventLog.log,USOH-WS-0007,XmlWinEventLog:Microsoft-Windows-Sysmon/Operational,XmlWinEventLog,5
raw/5505__USOH-WS-0007__XmlWinEventLog.log,USOH-WS-0007,XmlWinEventLog:Security,XmlWinEventLog,11
raw/5506__USOH-WS-0007__trellix_epo.log,USOH-WS-0007,trellix:epo,trellix:epo,1
raw/5507__USOH-WS-0008__XmlWinEventLog.log,USOH-WS-0008,XmlWinEventLog:Microsoft-Windows-Sysmon/Operational,XmlWinEventLog,10
raw/5508__USOH-WS-0008__XmlWinEventLog.log,USOH-WS-0008,XmlWinEventLog:Security,XmlWinEventLog,9
raw/5509__USOH-WS-0008__ms_defender_eventhub.log,USOH-WS-0008,ms:defender:eventhub,ms:defender:eventhub,2
raw/5510__USOH-WS-0008__trellix_epo.log,USOH-WS-0008,trellix:epo,trellix:epo,1
raw/5511__USOH-WS-0009__XmlWinEventLog.log,USOH-WS-0009,XmlWinEventLog:Microsoft-Windows-Sysmon/Operational,XmlWinEventLog,7
raw/5512__USOH-WS-0009__XmlWinEventLog.log,USOH-WS-0009,XmlWinEventLog:Security,XmlWinEventLog,12
raw/5513__USOH-WS-0009__ms_defender_eventhub.log,USOH-WS-0009,ms:defender:eventhub,ms:defender:eventhub,3
raw/5514__USOH-WS-0010__XmlWinEventLog.log,USOH-WS-0010,XmlWinEventLog:Microsoft-Windows-Sysmon/Operational,XmlWinEventLog,6
raw/5515__USOH-WS-0010__XmlWinEventLog.log,USOH-WS-0010,XmlWinEventLog:Security,XmlWinEventLog,4
raw/5516__USOH-WS-0010__sccm_client.log,USOH-WS-0010,sccm:client,sccm:client,1
raw/5517__USOH-WS-0010__wsus_client.log,USOH-WS-0010,wsus:client,wsus:client,1
raw/5518__USOH-WS-0011__XmlWinEventLog.log,USOH-WS-0011,XmlWinEventLog:Microsoft-Windows-Sysmon/Operational,XmlWinEventLog,5
raw/5519__USOH-WS-0011__XmlWinEventLog.log,USOH-WS-0011,XmlWinEventLog:Security,XmlWinEventLog,8
raw/5520__USOH-WS-0011__ms_defender_eventhub.log,USOH-WS-0011,ms:defender:eventhub,ms:defender:eventhub,1
raw/5521__USOH-WS-0011__wsus_client.log,USOH-WS-0011,wsus:client,wsus:client,1
raw/5522__USOH-WS-0012__XmlWinEventLog.log,USOH-WS-0012,XmlWinEventLog:Microsoft-Windows-Sysmon/Operational,XmlWinEventLog,6
raw/5523__USOH-WS-0012__XmlWinEventLog.log,USOH-WS-0012,XmlWinEventLog:Security,XmlWinEventLog,8
raw/5524__USOH-WS-0013__XmlWinEventLog.log,USOH-WS-0013,XmlWinEventLog:Microsoft-Windows-Sysmon/Operational,XmlWinEventLog,14
raw/5525__USOH-WS-0013__XmlWinEventLog.log,USOH-WS-0013,XmlWinEventLog:Security,XmlWinEventLog,7
raw/5526__USOH-WS-0013__ms_defender_eventhub.log,USOH-WS-0013,ms:defender:eventhub,ms:defender:eventhub,1
raw/5527__USOH-WS-0013__sccm_client.log,USOH-WS-0013,sccm:client,sccm:client,1
raw/5528__USOH-WS-0014__XmlWinEventLog.log,USOH-WS-0014,XmlWinEventLog:Microsoft-Windows-Sysmon/Operational,XmlWinEventLog,10
raw/5529__USOH-WS-0014__XmlWinEventLog.log,USOH-WS-0014,XmlWinEventLog:Security,XmlWinEventLog,7
raw/5530__USOH-WS-0014__sccm_client.log,USOH-WS-0014,sccm:client,sccm:client,1
raw/5531__USOH-WS-0014__trellix_epo.log,USOH-WS-0014,trellix:epo,trellix:epo,1
raw/5532__USOH-WS-0015__XmlWinEventLog.log,USOH-WS-0015,XmlWinEventLog:Microsoft-Windows-Sysmon/Operational,XmlWinEventLog,10
raw/5533__USOH-WS-0015__XmlWinEventLog.log,USOH-WS-0015,XmlWinEventLog:Security,XmlWinEventLog,9
raw/5534__USOH-WS-0015__sccm_client.log,USOH-WS-0015,sccm:client,sccm:client,1
raw/5535__USOH-WS-0015__trellix_epo.log,USOH-WS-0015,trellix:epo,trellix:epo,1
raw/5536__USOH-WS-0016__XmlWinEventLog.log,USOH-WS-0016,XmlWinEventLog:Microsoft-Windows-Sysmon/Operational,XmlWinEventLog,6
raw/5537__USOH-WS-0016__XmlWinEventLog.log,USOH-WS-0016,XmlWinEventLog:Security,XmlWinEventLog,10
raw/5538__USOH-WS-0016__ms_defender_eventhub.log,USOH-WS-0016,ms:defender:eventhub,ms:defender:eventhub,1
raw/5539__USOH-WS-0016__sccm_client.log,USOH-WS-0016,sccm:client,sccm:client,1
raw/5540__USOH-WS-0017__XmlWinEventLog.log,USOH-WS-0017,XmlWinEventLog:Microsoft-Windows-Sysmon/Operational,XmlWinEventLog,10
raw/5541__USOH-WS-0017__XmlWinEventLog.log,USOH-WS-0017,XmlWinEventLog:Security,XmlWinEventLog,9
raw/5542__USOH-WS-0018__XmlWinEventLog.log,USOH-WS-0018,XmlWinEventLog:Microsoft-Windows-Sysmon/Operational,XmlWinEventLog,10
raw/5543__USOH-WS-0018__XmlWinEventLog.log,USOH-WS-0018,XmlWinEventLog:Security,XmlWinEventLog,17
raw/5544__USOH-WS-0018__trellix_epo.log,USOH-WS-0018,trellix:epo,trellix:epo,1
raw/5545__USOH-WS-0018__wsus_client.log,USOH-WS-0018,wsus:client,wsus:client,1
raw/5546__USOH-WS-0019__XmlWinEventLog.log,USOH-WS-0019,XmlWinEventLog:Microsoft-Windows-Sysmon/Operational,XmlWinEventLog,14
raw/5547__USOH-WS-0019__XmlWinEventLog.log,USOH-WS-0019,XmlWinEventLog:Security,XmlWinEventLog,5
raw/5548__USOH-WS-0019__ms_defender_eventhub.log,USOH-WS-0019,ms:defender:eventhub,ms:defender:eventhub,2
raw/5549__USOH-WS-0019__sccm_client.log,USOH-WS-0019,sccm:client,sccm:client,1
raw/5550__USOH-WS-0019__trellix_epo.log,USOH-WS-0019,trellix:epo,trellix:epo,2
raw/5551__USOH-WS-0019__wsus_client.log,USOH-WS-0019,wsus:client,wsus:client,2
raw/5552__USOH-WS-0020__XmlWinEventLog.log,USOH-WS-0020,XmlWinEventLog:Microsoft-Windows-Sysmon/Operational,XmlWinEventLog,9
raw/5553__USOH-WS-0020__XmlWinEventLog.log,USOH-WS-0020,XmlWinEventLog:Security,XmlWinEventLog,6
raw/5554__USOH-WS-0020__trellix_epo.log,USOH-WS-0020,trellix:epo,trellix:epo,2
raw/5555__USOH-WS-0021__XmlWinEventLog.log,USOH-WS-0021,XmlWinEventLog:Microsoft-Windows-Sysmon/Operational,XmlWinEventLog,6
raw/5556__USOH-WS-0021__XmlWinEventLog.log,USOH-WS-0021,XmlWinEventLog:Security,XmlWinEventLog,6
raw/5557__USOH-WS-0021__sccm_client.log,USOH-WS-0021,sccm:client,sccm:client,1
raw/5558__USOH-WS-0022__XmlWinEventLog.log,USOH-WS-0022,XmlWinEventLog:Microsoft-Windows-Sysmon/Operational,XmlWinEventLog,6
raw/5559__USOH-WS-0022__XmlWinEventLog.log,USOH-WS-0022,XmlWinEventLog:Security,XmlWinEventLog,8
raw/5560__USOH-WS-0022__wsus_client.log,USOH-WS-0022,wsus:client,wsus:client,1
raw/5561__USOH-WS-0023__XmlWinEventLog.log,USOH-WS-0023,XmlWinEventLog:Microsoft-Windows-Sysmon/Operational,XmlWinEventLog,14
raw/5562__USOH-WS-0023__XmlWinEventLog.log,USOH-WS-0023,XmlWinEventLog:Security,XmlWinEventLog,11
raw/5563__USOH-WS-0023__ms_defender_eventhub.log,USOH-WS-0023,ms:defender:eventhub,ms:defender:eventhub,1
raw/5564__USOH-WS-0024__XmlWinEventLog.log,USOH-WS-0024,XmlWinEventLog:Microsoft-Windows-Sysmon/Operational,XmlWinEventLog,9
raw/5565__USOH-WS-0024__XmlWinEventLog.log,USOH-WS-0024,XmlWinEventLog:Security,XmlWinEventLog,8
raw/5566__USOH-WS-0024__ms_defender_eventhub.log,USOH-WS-0024,ms:defender:eventhub,ms:defender:eventhub,1
raw/5567__USOH-WS-0024__trellix_epo.log,USOH-WS-0024,trellix:epo,trellix:epo,1
raw/5568__USOH-WS-0025__XmlWinEventLog.log,USOH-WS-0025,XmlWinEventLog:Microsoft-Windows-Sysmon/Operational,XmlWinEventLog,7
raw/5569__USOH-WS-0025__XmlWinEventLog.log,USOH-WS-0025,XmlWinEventLog:Security,XmlWinEventLog,3
raw/5570__USOH-WS-0025__ms_defender_eventhub.log,USOH-WS-0025,ms:defender:eventhub,ms:defender:eventhub,1
raw/5571__USOH-WS-0025__sccm_client.log,USOH-WS-0025,sccm:client,sccm:client,1
raw/5572__USOH-WS-0026__XmlWinEventLog.log,USOH-WS-0026,XmlWinEventLog:Microsoft-Windows-Sysmon/Operational,XmlWinEventLog,2
raw/5573__USOH-WS-0026__XmlWinEventLog.log,USOH-WS-0026,XmlWinEventLog:Security,XmlWinEventLog,6
raw/5574__USOH-WS-0026__ms_defender_eventhub.log,USOH-WS-0026,ms:defender:eventhub,ms:defender:eventhub,1
raw/5575__USOH-WS-0026__sccm_client.log,USOH-WS-0026,sccm:client,sccm:client,1
raw/5576__USOH-WS-0027__XmlWinEventLog.log,USOH-WS-0027,XmlWinEventLog:Microsoft-Windows-Sysmon/Operational,XmlWinEventLog,8
raw/5577__USOH-WS-0027__XmlWinEventLog.log,USOH-WS-0027,XmlWinEventLog:Security,XmlWinEventLog,1
raw/5578__USOH-WS-0027__ms_defender_eventhub.log,USOH-WS-0027,ms:defender:eventhub,ms:defender:eventhub,1
raw/5579__USOH-WS-0027__sccm_client.log,USOH-WS-0027,sccm:client,sccm:client,2
raw/5580__USOH-WS-0027__trellix_epo.log,USOH-WS-0027,trellix:epo,trellix:epo,1
raw/5581__USOH-WS-0028__XmlWinEventLog.log,USOH-WS-0028,XmlWinEventLog:Microsoft-Windows-Sysmon/Operational,XmlWinEventLog,7
raw/5582__USOH-WS-0028__XmlWinEventLog.log,USOH-WS-0028,XmlWinEventLog:Security,XmlWinEventLog,2
raw/5583__USOH-WS-0028__sccm_client.log,USOH-WS-0028,sccm:client,sccm:client,1
raw/5584__USOH-WS-0028__wsus_client.log,USOH-WS-0028,wsus:client,wsus:client,1
raw/5585__USOH-WS-0029__XmlWinEventLog.log,USOH-WS-0029,XmlWinEventLog:Microsoft-Windows-Sysmon/Operational,XmlWinEventLog,6
raw/5586__USOH-WS-0029__XmlWinEventLog.log,USOH-WS-0029,XmlWinEventLog:Security,XmlWinEventLog,8
raw/5587__USOH-WS-0030__XmlWinEventLog.log,USOH-WS-0030,XmlWinEventLog:Microsoft-Windows-Sysmon/Operational,XmlWinEventLog,3
raw/5588__USOH-WS-0030__XmlWinEventLog.log,USOH-WS-0030,XmlWinEventLog:Security,XmlWinEventLog,4
raw/5589__USOH-WS-0031__XmlWinEventLog.log,USOH-WS-0031,XmlWinEventLog:Microsoft-Windows-Sysmon/Operational,XmlWinEventLog,4
raw/5590__USOH-WS-0031__XmlWinEventLog.log,USOH-WS-0031,XmlWinEventLog:Security,XmlWinEventLog,10
raw/5591__USOH-WS-0032__XmlWinEventLog.log,USOH-WS-0032,XmlWinEventLog:Microsoft-Windows-Sysmon/Operational,XmlWinEventLog,7
raw/5592__USOH-WS-0032__XmlWinEventLog.log,USOH-WS-0032,XmlWinEventLog:Security,XmlWinEventLog,4
raw/5593__USOH-WS-0032__ms_defender_eventhub.log,USOH-WS-0032,ms:defender:eventhub,ms:defender:eventhub,5
raw/5594__USOH-WS-0033__XmlWinEventLog.log,USOH-WS-0033,XmlWinEventLog:Microsoft-Windows-Sysmon/Operational,XmlWinEventLog,6
raw/5595__USOH-WS-0033__XmlWinEventLog.log,USOH-WS-0033,XmlWinEventLog:Security,XmlWinEventLog,5
raw/5596__USOH-WS-0034__XmlWinEventLog.log,USOH-WS-0034,XmlWinEventLog:Microsoft-Windows-Sysmon/Operational,XmlWinEventLog,4
raw/5597__USOH-WS-0034__XmlWinEventLog.log,USOH-WS-0034,XmlWinEventLog:Security,XmlWinEventLog,3
raw/5598__USOH-WS-0034__ms_defender_eventhub.log,USOH-WS-0034,ms:defender:eventhub,ms:defender:eventhub,1
raw/5599__USOH-WS-0035__XmlWinEventLog.log,USOH-WS-0035,XmlWinEventLog:Microsoft-Windows-Sysmon/Operational,XmlWinEventLog,3
raw/5600__USOH-WS-0035__XmlWinEventLog.log,USOH-WS-0035,XmlWinEventLog:Security,XmlWinEventLog,5
raw/5601__USOH-WS-0036__XmlWinEventLog.log,USOH-WS-0036,XmlWinEventLog:Microsoft-Windows-Sysmon/Operational,XmlWinEventLog,3
raw/5602__USOH-WS-0036__XmlWinEventLog.log,USOH-WS-0036,XmlWinEventLog:Security,XmlWinEventLog,3
raw/5603__USOH-WS-0037__XmlWinEventLog.log,USOH-WS-0037,XmlWinEventLog:Microsoft-Windows-Sysmon/Operational,XmlWinEventLog,2
raw/5604__USOH-WS-0037__XmlWinEventLog.log,USOH-WS-0037,XmlWinEventLog:Security,XmlWinEventLog,3
raw/5605__USOH-WS-0037__trellix_epo.log,USOH-WS-0037,trellix:epo,trellix:epo,1
raw/5606__USOH-WS-0037__wsus_client.log,USOH-WS-0037,wsus:client,wsus:client,1
raw/5607__USOH-WS-0038__XmlWinEventLog.log,USOH-WS-0038,XmlWinEventLog:Microsoft-Windows-Sysmon/Operational,XmlWinEventLog,6
raw/5608__USOH-WS-0038__XmlWinEventLog.log,USOH-WS-0038,XmlWinEventLog:Security,XmlWinEventLog,6
raw/5609__USOH-WS-0038__trellix_epo.log,USOH-WS-0038,trellix:epo,trellix:epo,1
raw/5610__USOH-WS-0039__XmlWinEventLog.log,USOH-WS-0039,XmlWinEventLog:Microsoft-Windows-Sysmon/Operational,XmlWinEventLog,4
raw/5611__USOH-WS-0039__XmlWinEventLog.log,USOH-WS-0039,XmlWinEventLog:Security,XmlWinEventLog,6
raw/5612__USOH-WS-0040__XmlWinEventLog.log,USOH-WS-0040,XmlWinEventLog:Microsoft-Windows-Sysmon/Operational,XmlWinEventLog,6
raw/5613__USOH-WS-0040__XmlWinEventLog.log,USOH-WS-0040,XmlWinEventLog:Security,XmlWinEventLog,4
raw/5614__USOH-WS-0040__ms_defender_eventhub.log,USOH-WS-0040,ms:defender:eventhub,ms:defender:eventhub,3
raw/5615__USOH-WS-0040__sccm_client.log,USOH-WS-0040,sccm:client,sccm:client,1
raw/5616__USOH-WS-0041__XmlWinEventLog.log,USOH-WS-0041,XmlWinEventLog:Microsoft-Windows-Sysmon/Operational,XmlWinEventLog,6
raw/5617__USOH-WS-0041__XmlWinEventLog.log,USOH-WS-0041,XmlWinEventLog:Security,XmlWinEventLog,4
raw/5618__USOH-WS-0041__sccm_client.log,USOH-WS-0041,sccm:client,sccm:client,1
raw/5619__USOH-WS-0042__XmlWinEventLog.log,USOH-WS-0042,XmlWinEventLog:Microsoft-Windows-Sysmon/Operational,XmlWinEventLog,8
raw/5620__USOH-WS-0042__XmlWinEventLog.log,USOH-WS-0042,XmlWinEventLog:Security,XmlWinEventLog,7
raw/5621__USOH-WS-0042__trellix_epo.log,USOH-WS-0042,trellix:epo,trellix:epo,1
raw/5622__USOH-WS-0043__XmlWinEventLog.log,USOH-WS-0043,XmlWinEventLog:Microsoft-Windows-Sysmon/Operational,XmlWinEventLog,3
raw/5623__USOH-WS-0043__XmlWinEventLog.log,USOH-WS-0043,XmlWinEventLog:Security,XmlWinEventLog,6
raw/5624__USOH-WS-0043__ms_defender_eventhub.log,USOH-WS-0043,ms:defender:eventhub,ms:defender:eventhub,2
raw/5625__USOH-WS-0044__XmlWinEventLog.log,USOH-WS-0044,XmlWinEventLog:Microsoft-Windows-Sysmon/Operational,XmlWinEventLog,6
raw/5626__USOH-WS-0044__XmlWinEventLog.log,USOH-WS-0044,XmlWinEventLog:Security,XmlWinEventLog,5
raw/5627__USOH-WS-0045__XmlWinEventLog.log,USOH-WS-0045,XmlWinEventLog:Microsoft-Windows-Sysmon/Operational,XmlWinEventLog,5
raw/5628__USOH-WS-0045__XmlWinEventLog.log,USOH-WS-0045,XmlWinEventLog:Security,XmlWinEventLog,6
raw/5629__USOH-WS-0045__wsus_client.log,USOH-WS-0045,wsus:client,wsus:client,1
raw/5630__USOH-WS-0046__XmlWinEventLog.log,USOH-WS-0046,XmlWinEventLog:Microsoft-Windows-Sysmon/Operational,XmlWinEventLog,3
raw/5631__USOH-WS-0046__XmlWinEventLog.log,USOH-WS-0046,XmlWinEventLog:Security,XmlWinEventLog,3
raw/5632__USOH-WS-0047__XmlWinEventLog.log,USOH-WS-0047,XmlWinEventLog:Microsoft-Windows-Sysmon/Operational,XmlWinEventLog,4
raw/5633__USOH-WS-0047__XmlWinEventLog.log,USOH-WS-0047,XmlWinEventLog:Security,XmlWinEventLog,6
raw/5634__USOH-WS-0047__ms_defender_eventhub.log,USOH-WS-0047,ms:defender:eventhub,ms:defender:eventhub,1
raw/5635__USOH-WS-0047__sccm_client.log,USOH-WS-0047,sccm:client,sccm:client,1
raw/5636__USOH-WS-0048__XmlWinEventLog.log,USOH-WS-0048,XmlWinEventLog:Microsoft-Windows-Sysmon/Operational,XmlWinEventLog,7
raw/5637__USOH-WS-0048__XmlWinEventLog.log,USOH-WS-0048,XmlWinEventLog:Security,XmlWinEventLog,6
raw/5638__USOH-WS-0048__sccm_client.log,USOH-WS-0048,sccm:client,sccm:client,1
raw/5639__USOH-WS-0049__XmlWinEventLog.log,USOH-WS-0049,XmlWinEventLog:Microsoft-Windows-Sysmon/Operational,XmlWinEventLog,5
raw/5640__USOH-WS-0049__XmlWinEventLog.log,USOH-WS-0049,XmlWinEventLog:Security,XmlWinEventLog,8
raw/5641__USOH-WS-0049__ms_defender_eventhub.log,USOH-WS-0049,ms:defender:eventhub,ms:defender:eventhub,2
raw/5642__USOH-WS-0050__XmlWinEventLog.log,USOH-WS-0050,XmlWinEventLog:Microsoft-Windows-Sysmon/Operational,XmlWinEventLog,5
raw/5643__USOH-WS-0050__XmlWinEventLog.log,USOH-WS-0050,XmlWinEventLog:Security,XmlWinEventLog,3
raw/5644__USOH-WS-0050__wsus_client.log,USOH-WS-0050,wsus:client,wsus:client,1
raw/5645__USOH-WS-0051__XmlWinEventLog.log,USOH-WS-0051,XmlWinEventLog:Microsoft-Windows-Sysmon/Operational,XmlWinEventLog,7
raw/5646__USOH-WS-0051__XmlWinEventLog.log,USOH-WS-0051,XmlWinEventLog:Security,XmlWinEventLog,5
raw/5647__USOH-WS-0052__XmlWinEventLog.log,USOH-WS-0052,XmlWinEventLog:Microsoft-Windows-Sysmon/Operational,XmlWinEventLog,5
raw/5648__USOH-WS-0052__XmlWinEventLog.log,USOH-WS-0052,XmlWinEventLog:Security,XmlWinEventLog,2
raw/5649__USOH-WS-0052__ms_defender_eventhub.log,USOH-WS-0052,ms:defender:eventhub,ms:defender:eventhub,1
raw/5650__USOH-WS-0052__wsus_client.log,USOH-WS-0052,wsus:client,wsus:client,1
raw/5651__USOH-WS-0053__XmlWinEventLog.log,USOH-WS-0053,XmlWinEventLog:Microsoft-Windows-Sysmon/Operational,XmlWinEventLog,8
raw/5652__USOH-WS-0053__XmlWinEventLog.log,USOH-WS-0053,XmlWinEventLog:Security,XmlWinEventLog,5
raw/5653__USOH-WS-0053__wsus_client.log,USOH-WS-0053,wsus:client,wsus:client,1
raw/5654__USOH-WS-0054__XmlWinEventLog.log,USOH-WS-0054,XmlWinEventLog:Microsoft-Windows-Sysmon/Operational,XmlWinEventLog,10
raw/5655__USOH-WS-0054__XmlWinEventLog.log,USOH-WS-0054,XmlWinEventLog:Security,XmlWinEventLog,3
raw/5656__USOH-WS-0054__ms_defender_eventhub.log,USOH-WS-0054,ms:defender:eventhub,ms:defender:eventhub,1
raw/5657__USOH-WS-0054__sccm_client.log,USOH-WS-0054,sccm:client,sccm:client,1
raw/5658__USOH-WS-0055__XmlWinEventLog.log,USOH-WS-0055,XmlWinEventLog:Microsoft-Windows-Sysmon/Operational,XmlWinEventLog,10
raw/5659__USOH-WS-0055__XmlWinEventLog.log,USOH-WS-0055,XmlWinEventLog:Security,XmlWinEventLog,3
raw/5660__USOH-WS-0056__XmlWinEventLog.log,USOH-WS-0056,XmlWinEventLog:Microsoft-Windows-Sysmon/Operational,XmlWinEventLog,6
raw/5661__USOH-WS-0056__XmlWinEventLog.log,USOH-WS-0056,XmlWinEventLog:Security,XmlWinEventLog,7
raw/5662__USOH-WS-0057__XmlWinEventLog.log,USOH-WS-0057,XmlWinEventLog:Microsoft-Windows-Sysmon/Operational,XmlWinEventLog,4
raw/5663__USOH-WS-0057__XmlWinEventLog.log,USOH-WS-0057,XmlWinEventLog:Security,XmlWinEventLog,7
raw/5664__USOH-WS-0058__XmlWinEventLog.log,USOH-WS-0058,XmlWinEventLog:Microsoft-Windows-Sysmon/Operational,XmlWinEventLog,4
raw/5665__USOH-WS-0058__XmlWinEventLog.log,USOH-WS-0058,XmlWinEventLog:Security,XmlWinEventLog,2
raw/5666__USOH-WS-0058__ms_defender_eventhub.log,USOH-WS-0058,ms:defender:eventhub,ms:defender:eventhub,2
raw/5667__USOH-WS-0058__trellix_epo.log,USOH-WS-0058,trellix:epo,trellix:epo,1
raw/5668__USOH-WS-0059__XmlWinEventLog.log,USOH-WS-0059,XmlWinEventLog:Microsoft-Windows-Sysmon/Operational,XmlWinEventLog,4
raw/5669__USOH-WS-0059__XmlWinEventLog.log,USOH-WS-0059,XmlWinEventLog:Security,XmlWinEventLog,4
raw/5670__USOH-WS-0060__XmlWinEventLog.log,USOH-WS-0060,XmlWinEventLog:Microsoft-Windows-Sysmon/Operational,XmlWinEventLog,5
raw/5671__USOH-WS-0060__XmlWinEventLog.log,USOH-WS-0060,XmlWinEventLog:Security,XmlWinEventLog,4
raw/5672__USOH-WS-0060__ms_defender_eventhub.log,USOH-WS-0060,ms:defender:eventhub,ms:defender:eventhub,1
raw/5673__USOH-WS-0061__XmlWinEventLog.log,USOH-WS-0061,XmlWinEventLog:Microsoft-Windows-Sysmon/Operational,XmlWinEventLog,3
raw/5674__USOH-WS-0061__XmlWinEventLog.log,USOH-WS-0061,XmlWinEventLog:Security,XmlWinEventLog,3
raw/5675__USOH-WS-0061__ms_defender_eventhub.log,USOH-WS-0061,ms:defender:eventhub,ms:defender:eventhub,2
raw/5676__USOH-WS-0061__trellix_epo.log,USOH-WS-0061,trellix:epo,trellix:epo,2
raw/5677__USOH-WS-0062__XmlWinEventLog.log,USOH-WS-0062,XmlWinEventLog:Microsoft-Windows-Sysmon/Operational,XmlWinEventLog,3
raw/5678__USOH-WS-0062__XmlWinEventLog.log,USOH-WS-0062,XmlWinEventLog:Security,XmlWinEventLog,3
raw/5679__USOH-WS-0062__ms_defender_eventhub.log,USOH-WS-0062,ms:defender:eventhub,ms:defender:eventhub,1
raw/5680__USOH-WS-0062__trellix_epo.log,USOH-WS-0062,trellix:epo,trellix:epo,1
raw/5681__USOH-WS-0063__XmlWinEventLog.log,USOH-WS-0063,XmlWinEventLog:Microsoft-Windows-Sysmon/Operational,XmlWinEventLog,7
raw/5682__USOH-WS-0063__XmlWinEventLog.log,USOH-WS-0063,XmlWinEventLog:Security,XmlWinEventLog,3
raw/5683__USOH-WS-0063__ms_defender_eventhub.log,USOH-WS-0063,ms:defender:eventhub,ms:defender:eventhub,1
raw/5684__USOH-WS-0064__XmlWinEventLog.log,USOH-WS-0064,XmlWinEventLog:Microsoft-Windows-Sysmon/Operational,XmlWinEventLog,6
raw/5685__USOH-WS-0064__XmlWinEventLog.log,USOH-WS-0064,XmlWinEventLog:Security,XmlWinEventLog,6
raw/5686__USOH-WS-0064__ms_defender_eventhub.log,USOH-WS-0064,ms:defender:eventhub,ms:defender:eventhub,1
raw/5687__USOH-ZEEK-01__bro_conn_json.log,USOH-ZEEK-01,zeek:conn,bro:conn:json,857
raw/5688__USOH-ZEEK-01__bro_dce_rpc_json.log,USOH-ZEEK-01,zeek:dce_rpc,bro:dce_rpc:json,91
raw/5689__USOH-ZEEK-01__bro_dns_json.log,USOH-ZEEK-01,zeek:dns,bro:dns:json,359
raw/5690__USOH-ZEEK-01__bro_http_json.log,USOH-ZEEK-01,zeek:http,bro:http:json,190
raw/5691__USOH-ZEEK-01__bro_smb_files_json.log,USOH-ZEEK-01,zeek:smb_files,bro:smb_files:json,74
raw/5692__USOH-ZEEK-01__bro_ssl_json.log,USOH-ZEEK-01,zeek:ssl,bro:ssl:json,331
raw/5693__USTX-APP-01__XmlWinEventLog.log,USTX-APP-01,XmlWinEventLog:Microsoft-Windows-Sysmon/Operational,XmlWinEventLog,8
raw/5694__USTX-APP-01__XmlWinEventLog.log,USTX-APP-01,XmlWinEventLog:Security,XmlWinEventLog,4
raw/5695__USTX-APP-02__XmlWinEventLog.log,USTX-APP-02,XmlWinEventLog:Microsoft-Windows-Sysmon/Operational,XmlWinEventLog,6
raw/5696__USTX-APP-02__XmlWinEventLog.log,USTX-APP-02,XmlWinEventLog:Security,XmlWinEventLog,6
raw/5697__USTX-APP-03__XmlWinEventLog.log,USTX-APP-03,XmlWinEventLog:Microsoft-Windows-Sysmon/Operational,XmlWinEventLog,4
raw/5698__USTX-APP-03__XmlWinEventLog.log,USTX-APP-03,XmlWinEventLog:Security,XmlWinEventLog,5
raw/5699__USTX-APP-03__trellix_epo.log,USTX-APP-03,trellix:epo,trellix:epo,1
raw/5700__USTX-APP-03__wsus_client.log,USTX-APP-03,wsus:client,wsus:client,1
raw/5701__USTX-APP-04__XmlWinEventLog.log,USTX-APP-04,XmlWinEventLog:Microsoft-Windows-Sysmon/Operational,XmlWinEventLog,3
raw/5702__USTX-APP-04__XmlWinEventLog.log,USTX-APP-04,XmlWinEventLog:Security,XmlWinEventLog,8
raw/5703__USTX-APP-04__sccm_client.log,USTX-APP-04,sccm:client,sccm:client,1
raw/5704__USTX-APP-05__XmlWinEventLog.log,USTX-APP-05,XmlWinEventLog:Microsoft-Windows-Sysmon/Operational,XmlWinEventLog,7
raw/5705__USTX-APP-05__XmlWinEventLog.log,USTX-APP-05,XmlWinEventLog:Security,XmlWinEventLog,6
raw/5706__USTX-APP-06__XmlWinEventLog.log,USTX-APP-06,XmlWinEventLog:Microsoft-Windows-Sysmon/Operational,XmlWinEventLog,4
raw/5707__USTX-APP-06__XmlWinEventLog.log,USTX-APP-06,XmlWinEventLog:Security,XmlWinEventLog,9
raw/5708__USTX-APP-06__ms_defender_eventhub.log,USTX-APP-06,ms:defender:eventhub,ms:defender:eventhub,3
raw/5709__USTX-APP-06__sccm_client.log,USTX-APP-06,sccm:client,sccm:client,1
raw/5710__USTX-APP-07__XmlWinEventLog.log,USTX-APP-07,XmlWinEventLog:Microsoft-Windows-Sysmon/Operational,XmlWinEventLog,6
raw/5711__USTX-APP-07__XmlWinEventLog.log,USTX-APP-07,XmlWinEventLog:Security,XmlWinEventLog,5
raw/5712__USTX-APP-08__XmlWinEventLog.log,USTX-APP-08,XmlWinEventLog:Microsoft-Windows-Sysmon/Operational,XmlWinEventLog,5
raw/5713__USTX-APP-08__XmlWinEventLog.log,USTX-APP-08,XmlWinEventLog:Security,XmlWinEventLog,4
raw/5714__USTX-APP-08__wsus_client.log,USTX-APP-08,wsus:client,wsus:client,1
raw/5715__USTX-DC-01__XmlWinEventLog.log,USTX-DC-01,XmlWinEventLog:Security,XmlWinEventLog,108
raw/5716__USTX-FS-01__XmlWinEventLog.log,USTX-FS-01,XmlWinEventLog:Microsoft-Windows-Sysmon/Operational,XmlWinEventLog,2
raw/5717__USTX-FS-01__XmlWinEventLog.log,USTX-FS-01,XmlWinEventLog:Security,XmlWinEventLog,5
raw/5718__USTX-FS-01__sccm_client.log,USTX-FS-01,sccm:client,sccm:client,1
raw/5719__USTX-FS-02__XmlWinEventLog.log,USTX-FS-02,XmlWinEventLog:Microsoft-Windows-Sysmon/Operational,XmlWinEventLog,6
raw/5720__USTX-FS-02__XmlWinEventLog.log,USTX-FS-02,XmlWinEventLog:Security,XmlWinEventLog,3
raw/5721__USTX-FS-02__sccm_client.log,USTX-FS-02,sccm:client,sccm:client,1
raw/5722__USTX-FS-03__XmlWinEventLog.log,USTX-FS-03,XmlWinEventLog:Microsoft-Windows-Sysmon/Operational,XmlWinEventLog,8
raw/5723__USTX-FS-03__wsus_client.log,USTX-FS-03,wsus:client,wsus:client,1
raw/5724__USTX-FS-04__XmlWinEventLog.log,USTX-FS-04,XmlWinEventLog:Microsoft-Windows-Sysmon/Operational,XmlWinEventLog,3
raw/5725__USTX-FS-04__XmlWinEventLog.log,USTX-FS-04,XmlWinEventLog:Security,XmlWinEventLog,6
raw/5726__USTX-FS-04__ms_defender_eventhub.log,USTX-FS-04,ms:defender:eventhub,ms:defender:eventhub,2
raw/5727__USTX-FS-04__trellix_epo.log,USTX-FS-04,trellix:epo,trellix:epo,2
raw/5728__USTX-FS-04__wsus_client.log,USTX-FS-04,wsus:client,wsus:client,1
raw/5729__USTX-FW-01__pan_traffic.log,USTX-FW-01,pan:traffic,pan:traffic,85
raw/5730__USTX-FW-02__fortigate_traffic.log,USTX-FW-02,fortigate_traffic,fortigate_traffic,100
raw/5731__USTX-FW-03__cisco_asa.log,USTX-FW-03,cisco:asa,cisco:asa,88
raw/5732__USTX-JUMP-01__XmlWinEventLog.log,USTX-JUMP-01,XmlWinEventLog:Microsoft-Windows-Sysmon/Operational,XmlWinEventLog,3
raw/5733__USTX-JUMP-01__XmlWinEventLog.log,USTX-JUMP-01,XmlWinEventLog:Security,XmlWinEventLog,7
raw/5734__USTX-JUMP-02__XmlWinEventLog.log,USTX-JUMP-02,XmlWinEventLog:Microsoft-Windows-Sysmon/Operational,XmlWinEventLog,6
raw/5735__USTX-JUMP-02__XmlWinEventLog.log,USTX-JUMP-02,XmlWinEventLog:Security,XmlWinEventLog,7
raw/5736__USTX-JUMP-03__XmlWinEventLog.log,USTX-JUMP-03,XmlWinEventLog:Microsoft-Windows-Sysmon/Operational,XmlWinEventLog,8
raw/5737__USTX-JUMP-03__XmlWinEventLog.log,USTX-JUMP-03,XmlWinEventLog:Security,XmlWinEventLog,3
raw/5738__USTX-JUMP-03__ms_defender_eventhub.log,USTX-JUMP-03,ms:defender:eventhub,ms:defender:eventhub,1
raw/5739__USTX-JUMP-03__sccm_client.log,USTX-JUMP-03,sccm:client,sccm:client,2
raw/5740__USTX-JUMP-03__trellix_epo.log,USTX-JUMP-03,trellix:epo,trellix:epo,1
raw/5741__USTX-JUMP-03__wsus_client.log,USTX-JUMP-03,wsus:client,wsus:client,3
raw/5742__USTX-LNX-01__linux_audit.log,USTX-LNX-01,/var/log/audit/audit.log,linux_audit,82
raw/5743__USTX-LNX-01__linux_secure.log,USTX-LNX-01,/var/log/secure,linux_secure,14
raw/5744__USTX-LNX-01__syslog.log,USTX-LNX-01,/var/log/syslog,syslog,27
raw/5745__USTX-LNX-02__linux_audit.log,USTX-LNX-02,/var/log/audit/audit.log,linux_audit,83
raw/5746__USTX-LNX-02__linux_secure.log,USTX-LNX-02,/var/log/secure,linux_secure,17
raw/5747__USTX-LNX-02__syslog.log,USTX-LNX-02,/var/log/syslog,syslog,16
raw/5748__USTX-LNX-03__linux_audit.log,USTX-LNX-03,/var/log/audit/audit.log,linux_audit,63
raw/5749__USTX-LNX-03__linux_secure.log,USTX-LNX-03,/var/log/secure,linux_secure,11
raw/5750__USTX-LNX-03__syslog.log,USTX-LNX-03,/var/log/syslog,syslog,27
raw/5751__USTX-LNX-03__ms_defender_eventhub.log,USTX-LNX-03,ms:defender:eventhub,ms:defender:eventhub,1
raw/5752__USTX-LNX-03__trellix_epo.log,USTX-LNX-03,trellix:epo,trellix:epo,1
raw/5753__USTX-LNX-04__linux_audit.log,USTX-LNX-04,/var/log/audit/audit.log,linux_audit,93
raw/5754__USTX-LNX-04__linux_secure.log,USTX-LNX-04,/var/log/secure,linux_secure,18
raw/5755__USTX-LNX-04__syslog.log,USTX-LNX-04,/var/log/syslog,syslog,23
raw/5756__USTX-LNX-04__ms_defender_eventhub.log,USTX-LNX-04,ms:defender:eventhub,ms:defender:eventhub,1
raw/5757__USTX-LNX-05__linux_audit.log,USTX-LNX-05,/var/log/audit/audit.log,linux_audit,90
raw/5758__USTX-LNX-05__linux_secure.log,USTX-LNX-05,/var/log/secure,linux_secure,10
raw/5759__USTX-LNX-05__syslog.log,USTX-LNX-05,/var/log/syslog,syslog,29
raw/5760__USTX-LNX-05__ms_defender_eventhub.log,USTX-LNX-05,ms:defender:eventhub,ms:defender:eventhub,1
raw/5761__USTX-LNX-06__linux_audit.log,USTX-LNX-06,/var/log/audit/audit.log,linux_audit,75
raw/5762__USTX-LNX-06__linux_secure.log,USTX-LNX-06,/var/log/secure,linux_secure,14
raw/5763__USTX-LNX-06__syslog.log,USTX-LNX-06,/var/log/syslog,syslog,16
raw/5764__USTX-LNX-07__linux_audit.log,USTX-LNX-07,/var/log/audit/audit.log,linux_audit,72
raw/5765__USTX-LNX-07__linux_secure.log,USTX-LNX-07,/var/log/secure,linux_secure,8
raw/5766__USTX-LNX-07__syslog.log,USTX-LNX-07,/var/log/syslog,syslog,26
raw/5767__USTX-LNX-07__ms_defender_eventhub.log,USTX-LNX-07,ms:defender:eventhub,ms:defender:eventhub,1
raw/5768__USTX-LNX-07__trellix_epo.log,USTX-LNX-07,trellix:epo,trellix:epo,1
raw/5769__USTX-LNX-08__linux_audit.log,USTX-LNX-08,/var/log/audit/audit.log,linux_audit,104
raw/5770__USTX-LNX-08__linux_secure.log,USTX-LNX-08,/var/log/secure,linux_secure,12
raw/5771__USTX-LNX-08__syslog.log,USTX-LNX-08,/var/log/syslog,syslog,23
raw/5772__USTX-LNX-08__ms_defender_eventhub.log,USTX-LNX-08,ms:defender:eventhub,ms:defender:eventhub,1
raw/5773__USTX-LNX-08__trellix_epo.log,USTX-LNX-08,trellix:epo,trellix:epo,1
raw/5774__USTX-PACS-01__pacs_access.log,USTX-PACS-01,pacs:access,pacs:access,96
raw/5775__USTX-PAW-01__XmlWinEventLog.log,USTX-PAW-01,XmlWinEventLog:Microsoft-Windows-Sysmon/Operational,XmlWinEventLog,10
raw/5776__USTX-PAW-01__XmlWinEventLog.log,USTX-PAW-01,XmlWinEventLog:Security,XmlWinEventLog,2
raw/5777__USTX-PAW-01__trellix_epo.log,USTX-PAW-01,trellix:epo,trellix:epo,1
raw/5778__USTX-PAW-02__XmlWinEventLog.log,USTX-PAW-02,XmlWinEventLog:Microsoft-Windows-Sysmon/Operational,XmlWinEventLog,4
raw/5779__USTX-PAW-02__XmlWinEventLog.log,USTX-PAW-02,XmlWinEventLog:Security,XmlWinEventLog,4
raw/5780__USTX-PAW-02__sccm_client.log,USTX-PAW-02,sccm:client,sccm:client,1
raw/5781__USTX-PAW-03__XmlWinEventLog.log,USTX-PAW-03,XmlWinEventLog:Microsoft-Windows-Sysmon/Operational,XmlWinEventLog,10
raw/5782__USTX-PAW-03__XmlWinEventLog.log,USTX-PAW-03,XmlWinEventLog:Security,XmlWinEventLog,4
raw/5783__USTX-PAW-03__ms_defender_eventhub.log,USTX-PAW-03,ms:defender:eventhub,ms:defender:eventhub,1
raw/5784__USTX-PAW-03__trellix_epo.log,USTX-PAW-03,trellix:epo,trellix:epo,1
raw/5785__USTX-PAW-04__XmlWinEventLog.log,USTX-PAW-04,XmlWinEventLog:Microsoft-Windows-Sysmon/Operational,XmlWinEventLog,9
raw/5786__USTX-PAW-04__XmlWinEventLog.log,USTX-PAW-04,XmlWinEventLog:Security,XmlWinEventLog,4
raw/5787__USTX-PAW-05__XmlWinEventLog.log,USTX-PAW-05,XmlWinEventLog:Microsoft-Windows-Sysmon/Operational,XmlWinEventLog,6
raw/5788__USTX-PAW-05__XmlWinEventLog.log,USTX-PAW-05,XmlWinEventLog:Security,XmlWinEventLog,9
raw/5789__USTX-PAW-05__trellix_epo.log,USTX-PAW-05,trellix:epo,trellix:epo,1
raw/5790__USTX-PAW-06__XmlWinEventLog.log,USTX-PAW-06,XmlWinEventLog:Microsoft-Windows-Sysmon/Operational,XmlWinEventLog,1
raw/5791__USTX-PAW-06__XmlWinEventLog.log,USTX-PAW-06,XmlWinEventLog:Security,XmlWinEventLog,4
raw/5792__USTX-PAW-06__ms_defender_eventhub.log,USTX-PAW-06,ms:defender:eventhub,ms:defender:eventhub,1
raw/5793__USTX-PAW-06__sccm_client.log,USTX-PAW-06,sccm:client,sccm:client,1
raw/5794__USTX-PAW-06__trellix_epo.log,USTX-PAW-06,trellix:epo,trellix:epo,2
raw/5795__USTX-PAW-06__wsus_client.log,USTX-PAW-06,wsus:client,wsus:client,1
raw/5796__USTX-RTR-01__cisco_ios.log,USTX-RTR-01,cisco:ios,cisco:ios,39
raw/5797__USTX-RTR-02__juniper.log,USTX-RTR-02,juniper,juniper,11
raw/5798__USTX-RTR-02__juniper_junos_firewall.log,USTX-RTR-02,juniper:junos:firewall,juniper:junos:firewall,13
raw/5799__USTX-VDI-01__XmlWinEventLog.log,USTX-VDI-01,XmlWinEventLog:Microsoft-Windows-Sysmon/Operational,XmlWinEventLog,4
raw/5800__USTX-VDI-01__XmlWinEventLog.log,USTX-VDI-01,XmlWinEventLog:Security,XmlWinEventLog,4
raw/5801__USTX-VDI-01__trellix_epo.log,USTX-VDI-01,trellix:epo,trellix:epo,2
raw/5802__USTX-VDI-01__wsus_client.log,USTX-VDI-01,wsus:client,wsus:client,1
raw/5803__USTX-VDI-02__XmlWinEventLog.log,USTX-VDI-02,XmlWinEventLog:Microsoft-Windows-Sysmon/Operational,XmlWinEventLog,5
raw/5804__USTX-VDI-02__XmlWinEventLog.log,USTX-VDI-02,XmlWinEventLog:Security,XmlWinEventLog,2
raw/5805__USTX-VDI-03__XmlWinEventLog.log,USTX-VDI-03,XmlWinEventLog:Microsoft-Windows-Sysmon/Operational,XmlWinEventLog,5
raw/5806__USTX-VDI-03__XmlWinEventLog.log,USTX-VDI-03,XmlWinEventLog:Security,XmlWinEventLog,7
raw/5807__USTX-VDI-03__ms_defender_eventhub.log,USTX-VDI-03,ms:defender:eventhub,ms:defender:eventhub,1
raw/5808__USTX-VDI-03__sccm_client.log,USTX-VDI-03,sccm:client,sccm:client,1
raw/5809__USTX-WS-0001__XmlWinEventLog.log,USTX-WS-0001,XmlWinEventLog:Microsoft-Windows-Sysmon/Operational,XmlWinEventLog,10
raw/5810__USTX-WS-0001__XmlWinEventLog.log,USTX-WS-0001,XmlWinEventLog:Security,XmlWinEventLog,7
raw/5811__USTX-WS-0002__XmlWinEventLog.log,USTX-WS-0002,XmlWinEventLog:Microsoft-Windows-Sysmon/Operational,XmlWinEventLog,10
raw/5812__USTX-WS-0002__XmlWinEventLog.log,USTX-WS-0002,XmlWinEventLog:Security,XmlWinEventLog,10
raw/5813__USTX-WS-0002__ms_defender_eventhub.log,USTX-WS-0002,ms:defender:eventhub,ms:defender:eventhub,1
raw/5814__USTX-WS-0003__XmlWinEventLog.log,USTX-WS-0003,XmlWinEventLog:Microsoft-Windows-Sysmon/Operational,XmlWinEventLog,8
raw/5815__USTX-WS-0003__XmlWinEventLog.log,USTX-WS-0003,XmlWinEventLog:Security,XmlWinEventLog,9
raw/5816__USTX-WS-0003__ms_defender_eventhub.log,USTX-WS-0003,ms:defender:eventhub,ms:defender:eventhub,1
raw/5817__USTX-WS-0004__XmlWinEventLog.log,USTX-WS-0004,XmlWinEventLog:Microsoft-Windows-Sysmon/Operational,XmlWinEventLog,7
raw/5818__USTX-WS-0004__XmlWinEventLog.log,USTX-WS-0004,XmlWinEventLog:Security,XmlWinEventLog,13
raw/5819__USTX-WS-0004__ms_defender_eventhub.log,USTX-WS-0004,ms:defender:eventhub,ms:defender:eventhub,1
raw/5820__USTX-WS-0004__wsus_client.log,USTX-WS-0004,wsus:client,wsus:client,1
raw/5821__USTX-WS-0005__XmlWinEventLog.log,USTX-WS-0005,XmlWinEventLog:Microsoft-Windows-Sysmon/Operational,XmlWinEventLog,9
raw/5822__USTX-WS-0005__XmlWinEventLog.log,USTX-WS-0005,XmlWinEventLog:Security,XmlWinEventLog,9
raw/5823__USTX-WS-0006__XmlWinEventLog.log,USTX-WS-0006,XmlWinEventLog:Microsoft-Windows-Sysmon/Operational,XmlWinEventLog,7
raw/5824__USTX-WS-0006__XmlWinEventLog.log,USTX-WS-0006,XmlWinEventLog:Security,XmlWinEventLog,7
raw/5825__USTX-WS-0007__XmlWinEventLog.log,USTX-WS-0007,XmlWinEventLog:Microsoft-Windows-Sysmon/Operational,XmlWinEventLog,8
raw/5826__USTX-WS-0007__XmlWinEventLog.log,USTX-WS-0007,XmlWinEventLog:Security,XmlWinEventLog,8
raw/5827__USTX-WS-0007__ms_defender_eventhub.log,USTX-WS-0007,ms:defender:eventhub,ms:defender:eventhub,2
raw/5828__USTX-WS-0008__XmlWinEventLog.log,USTX-WS-0008,XmlWinEventLog:Microsoft-Windows-Sysmon/Operational,XmlWinEventLog,8
raw/5829__USTX-WS-0008__XmlWinEventLog.log,USTX-WS-0008,XmlWinEventLog:Security,XmlWinEventLog,12
raw/5830__USTX-WS-0008__wsus_client.log,USTX-WS-0008,wsus:client,wsus:client,1
raw/5831__USTX-WS-0009__XmlWinEventLog.log,USTX-WS-0009,XmlWinEventLog:Microsoft-Windows-Sysmon/Operational,XmlWinEventLog,4
raw/5832__USTX-WS-0009__XmlWinEventLog.log,USTX-WS-0009,XmlWinEventLog:Security,XmlWinEventLog,11
raw/5833__USTX-WS-0009__ms_defender_eventhub.log,USTX-WS-0009,ms:defender:eventhub,ms:defender:eventhub,1
raw/5834__USTX-WS-0009__sccm_client.log,USTX-WS-0009,sccm:client,sccm:client,1
raw/5835__USTX-WS-0010__XmlWinEventLog.log,USTX-WS-0010,XmlWinEventLog:Microsoft-Windows-Sysmon/Operational,XmlWinEventLog,3
raw/5836__USTX-WS-0010__XmlWinEventLog.log,USTX-WS-0010,XmlWinEventLog:Security,XmlWinEventLog,6
raw/5837__USTX-WS-0010__ms_defender_eventhub.log,USTX-WS-0010,ms:defender:eventhub,ms:defender:eventhub,1
raw/5838__USTX-WS-0011__XmlWinEventLog.log,USTX-WS-0011,XmlWinEventLog:Microsoft-Windows-Sysmon/Operational,XmlWinEventLog,7
raw/5839__USTX-WS-0011__XmlWinEventLog.log,USTX-WS-0011,XmlWinEventLog:Security,XmlWinEventLog,7
raw/5840__USTX-WS-0011__ms_defender_eventhub.log,USTX-WS-0011,ms:defender:eventhub,ms:defender:eventhub,1
raw/5841__USTX-WS-0012__XmlWinEventLog.log,USTX-WS-0012,XmlWinEventLog:Microsoft-Windows-Sysmon/Operational,XmlWinEventLog,3
raw/5842__USTX-WS-0012__XmlWinEventLog.log,USTX-WS-0012,XmlWinEventLog:Security,XmlWinEventLog,12
raw/5843__USTX-WS-0012__ms_defender_eventhub.log,USTX-WS-0012,ms:defender:eventhub,ms:defender:eventhub,2
raw/5844__USTX-WS-0013__XmlWinEventLog.log,USTX-WS-0013,XmlWinEventLog:Microsoft-Windows-Sysmon/Operational,XmlWinEventLog,7
raw/5845__USTX-WS-0013__XmlWinEventLog.log,USTX-WS-0013,XmlWinEventLog:Security,XmlWinEventLog,10
raw/5846__USTX-WS-0013__ms_defender_eventhub.log,USTX-WS-0013,ms:defender:eventhub,ms:defender:eventhub,1
raw/5847__USTX-WS-0013__trellix_epo.log,USTX-WS-0013,trellix:epo,trellix:epo,1
raw/5848__USTX-WS-0013__wsus_client.log,USTX-WS-0013,wsus:client,wsus:client,1
raw/5849__USTX-WS-0014__XmlWinEventLog.log,USTX-WS-0014,XmlWinEventLog:Microsoft-Windows-Sysmon/Operational,XmlWinEventLog,13
raw/5850__USTX-WS-0014__XmlWinEventLog.log,USTX-WS-0014,XmlWinEventLog:Security,XmlWinEventLog,11
raw/5851__USTX-WS-0014__ms_defender_eventhub.log,USTX-WS-0014,ms:defender:eventhub,ms:defender:eventhub,2
raw/5852__USTX-WS-0014__sccm_client.log,USTX-WS-0014,sccm:client,sccm:client,1
raw/5853__USTX-WS-0015__XmlWinEventLog.log,USTX-WS-0015,XmlWinEventLog:Microsoft-Windows-Sysmon/Operational,XmlWinEventLog,6
raw/5854__USTX-WS-0015__XmlWinEventLog.log,USTX-WS-0015,XmlWinEventLog:Security,XmlWinEventLog,7
raw/5855__USTX-WS-0015__trellix_epo.log,USTX-WS-0015,trellix:epo,trellix:epo,1
raw/5856__USTX-WS-0016__XmlWinEventLog.log,USTX-WS-0016,XmlWinEventLog:Microsoft-Windows-Sysmon/Operational,XmlWinEventLog,10
raw/5857__USTX-WS-0016__XmlWinEventLog.log,USTX-WS-0016,XmlWinEventLog:Security,XmlWinEventLog,13
raw/5858__USTX-WS-0017__XmlWinEventLog.log,USTX-WS-0017,XmlWinEventLog:Microsoft-Windows-Sysmon/Operational,XmlWinEventLog,8
raw/5859__USTX-WS-0017__XmlWinEventLog.log,USTX-WS-0017,XmlWinEventLog:Security,XmlWinEventLog,12
raw/5860__USTX-WS-0017__wsus_client.log,USTX-WS-0017,wsus:client,wsus:client,1
raw/5861__USTX-WS-0018__XmlWinEventLog.log,USTX-WS-0018,XmlWinEventLog:Microsoft-Windows-Sysmon/Operational,XmlWinEventLog,5
raw/5862__USTX-WS-0018__XmlWinEventLog.log,USTX-WS-0018,XmlWinEventLog:Security,XmlWinEventLog,8
raw/5863__USTX-WS-0019__XmlWinEventLog.log,USTX-WS-0019,XmlWinEventLog:Microsoft-Windows-Sysmon/Operational,XmlWinEventLog,6
raw/5864__USTX-WS-0019__XmlWinEventLog.log,USTX-WS-0019,XmlWinEventLog:Security,XmlWinEventLog,14
raw/5865__USTX-WS-0019__ms_defender_eventhub.log,USTX-WS-0019,ms:defender:eventhub,ms:defender:eventhub,1
raw/5866__USTX-WS-0019__sccm_client.log,USTX-WS-0019,sccm:client,sccm:client,1
raw/5867__USTX-WS-0019__trellix_epo.log,USTX-WS-0019,trellix:epo,trellix:epo,1
raw/5868__USTX-WS-0020__XmlWinEventLog.log,USTX-WS-0020,XmlWinEventLog:Microsoft-Windows-Sysmon/Operational,XmlWinEventLog,8
raw/5869__USTX-WS-0020__XmlWinEventLog.log,USTX-WS-0020,XmlWinEventLog:Security,XmlWinEventLog,7
raw/5870__USTX-WS-0020__wsus_client.log,USTX-WS-0020,wsus:client,wsus:client,1
raw/5871__USTX-WS-0021__XmlWinEventLog.log,USTX-WS-0021,XmlWinEventLog:Microsoft-Windows-Sysmon/Operational,XmlWinEventLog,4
raw/5872__USTX-WS-0021__XmlWinEventLog.log,USTX-WS-0021,XmlWinEventLog:Security,XmlWinEventLog,9
raw/5873__USTX-WS-0021__wsus_client.log,USTX-WS-0021,wsus:client,wsus:client,1
raw/5874__USTX-WS-0022__XmlWinEventLog.log,USTX-WS-0022,XmlWinEventLog:Microsoft-Windows-Sysmon/Operational,XmlWinEventLog,8
raw/5875__USTX-WS-0022__XmlWinEventLog.log,USTX-WS-0022,XmlWinEventLog:Security,XmlWinEventLog,6
raw/5876__USTX-WS-0022__wsus_client.log,USTX-WS-0022,wsus:client,wsus:client,1
raw/5877__USTX-WS-0023__XmlWinEventLog.log,USTX-WS-0023,XmlWinEventLog:Microsoft-Windows-Sysmon/Operational,XmlWinEventLog,7
raw/5878__USTX-WS-0023__XmlWinEventLog.log,USTX-WS-0023,XmlWinEventLog:Security,XmlWinEventLog,7
raw/5879__USTX-WS-0024__XmlWinEventLog.log,USTX-WS-0024,XmlWinEventLog:Microsoft-Windows-Sysmon/Operational,XmlWinEventLog,9
raw/5880__USTX-WS-0024__XmlWinEventLog.log,USTX-WS-0024,XmlWinEventLog:Security,XmlWinEventLog,3
raw/5881__USTX-WS-0024__ms_defender_eventhub.log,USTX-WS-0024,ms:defender:eventhub,ms:defender:eventhub,3
raw/5882__USTX-WS-0024__wsus_client.log,USTX-WS-0024,wsus:client,wsus:client,1
raw/5883__USTX-WS-0025__XmlWinEventLog.log,USTX-WS-0025,XmlWinEventLog:Microsoft-Windows-Sysmon/Operational,XmlWinEventLog,6
raw/5884__USTX-WS-0025__XmlWinEventLog.log,USTX-WS-0025,XmlWinEventLog:Security,XmlWinEventLog,7
raw/5885__USTX-WS-0026__XmlWinEventLog.log,USTX-WS-0026,XmlWinEventLog:Microsoft-Windows-Sysmon/Operational,XmlWinEventLog,2
raw/5886__USTX-WS-0026__XmlWinEventLog.log,USTX-WS-0026,XmlWinEventLog:Security,XmlWinEventLog,5
raw/5887__USTX-WS-0027__XmlWinEventLog.log,USTX-WS-0027,XmlWinEventLog:Microsoft-Windows-Sysmon/Operational,XmlWinEventLog,5
raw/5888__USTX-WS-0027__XmlWinEventLog.log,USTX-WS-0027,XmlWinEventLog:Security,XmlWinEventLog,3
raw/5889__USTX-WS-0027__ms_defender_eventhub.log,USTX-WS-0027,ms:defender:eventhub,ms:defender:eventhub,1
raw/5890__USTX-WS-0027__trellix_epo.log,USTX-WS-0027,trellix:epo,trellix:epo,1
raw/5891__USTX-WS-0028__XmlWinEventLog.log,USTX-WS-0028,XmlWinEventLog:Microsoft-Windows-Sysmon/Operational,XmlWinEventLog,3
raw/5892__USTX-WS-0028__XmlWinEventLog.log,USTX-WS-0028,XmlWinEventLog:Security,XmlWinEventLog,7
raw/5893__USTX-WS-0028__ms_defender_eventhub.log,USTX-WS-0028,ms:defender:eventhub,ms:defender:eventhub,1
raw/5894__USTX-WS-0029__XmlWinEventLog.log,USTX-WS-0029,XmlWinEventLog:Microsoft-Windows-Sysmon/Operational,XmlWinEventLog,2
raw/5895__USTX-WS-0029__XmlWinEventLog.log,USTX-WS-0029,XmlWinEventLog:Security,XmlWinEventLog,2
raw/5896__USTX-WS-0029__ms_defender_eventhub.log,USTX-WS-0029,ms:defender:eventhub,ms:defender:eventhub,1
raw/5897__USTX-WS-0030__XmlWinEventLog.log,USTX-WS-0030,XmlWinEventLog:Microsoft-Windows-Sysmon/Operational,XmlWinEventLog,6
raw/5898__USTX-WS-0030__XmlWinEventLog.log,USTX-WS-0030,XmlWinEventLog:Security,XmlWinEventLog,3
raw/5899__USTX-WS-0030__ms_defender_eventhub.log,USTX-WS-0030,ms:defender:eventhub,ms:defender:eventhub,1
raw/5900__USTX-WS-0030__trellix_epo.log,USTX-WS-0030,trellix:epo,trellix:epo,1
raw/5901__USTX-WS-0030__wsus_client.log,USTX-WS-0030,wsus:client,wsus:client,1
raw/5902__USTX-WS-0031__XmlWinEventLog.log,USTX-WS-0031,XmlWinEventLog:Microsoft-Windows-Sysmon/Operational,XmlWinEventLog,4
raw/5903__USTX-WS-0031__XmlWinEventLog.log,USTX-WS-0031,XmlWinEventLog:Security,XmlWinEventLog,5
raw/5904__USTX-WS-0032__XmlWinEventLog.log,USTX-WS-0032,XmlWinEventLog:Microsoft-Windows-Sysmon/Operational,XmlWinEventLog,7
raw/5905__USTX-WS-0032__XmlWinEventLog.log,USTX-WS-0032,XmlWinEventLog:Security,XmlWinEventLog,2
raw/5906__USTX-WS-0032__ms_defender_eventhub.log,USTX-WS-0032,ms:defender:eventhub,ms:defender:eventhub,1
raw/5907__USTX-WS-0033__XmlWinEventLog.log,USTX-WS-0033,XmlWinEventLog:Microsoft-Windows-Sysmon/Operational,XmlWinEventLog,3
raw/5908__USTX-WS-0033__XmlWinEventLog.log,USTX-WS-0033,XmlWinEventLog:Security,XmlWinEventLog,5
raw/5909__USTX-WS-0033__ms_defender_eventhub.log,USTX-WS-0033,ms:defender:eventhub,ms:defender:eventhub,1
raw/5910__USTX-WS-0034__XmlWinEventLog.log,USTX-WS-0034,XmlWinEventLog:Microsoft-Windows-Sysmon/Operational,XmlWinEventLog,10
raw/5911__USTX-WS-0034__XmlWinEventLog.log,USTX-WS-0034,XmlWinEventLog:Security,XmlWinEventLog,8
raw/5912__USTX-WS-0034__sccm_client.log,USTX-WS-0034,sccm:client,sccm:client,1
raw/5913__USTX-WS-0034__trellix_epo.log,USTX-WS-0034,trellix:epo,trellix:epo,1
raw/5914__USTX-WS-0035__XmlWinEventLog.log,USTX-WS-0035,XmlWinEventLog:Microsoft-Windows-Sysmon/Operational,XmlWinEventLog,5
raw/5915__USTX-WS-0035__XmlWinEventLog.log,USTX-WS-0035,XmlWinEventLog:Security,XmlWinEventLog,6
raw/5916__USTX-WS-0036__XmlWinEventLog.log,USTX-WS-0036,XmlWinEventLog:Microsoft-Windows-Sysmon/Operational,XmlWinEventLog,4
raw/5917__USTX-WS-0036__XmlWinEventLog.log,USTX-WS-0036,XmlWinEventLog:Security,XmlWinEventLog,12
raw/5918__USTX-WS-0036__ms_defender_eventhub.log,USTX-WS-0036,ms:defender:eventhub,ms:defender:eventhub,1
raw/5919__USTX-WS-0037__XmlWinEventLog.log,USTX-WS-0037,XmlWinEventLog:Microsoft-Windows-Sysmon/Operational,XmlWinEventLog,7
raw/5920__USTX-WS-0037__XmlWinEventLog.log,USTX-WS-0037,XmlWinEventLog:Security,XmlWinEventLog,3
raw/5921__USTX-WS-0038__XmlWinEventLog.log,USTX-WS-0038,XmlWinEventLog:Microsoft-Windows-Sysmon/Operational,XmlWinEventLog,9
raw/5922__USTX-WS-0038__XmlWinEventLog.log,USTX-WS-0038,XmlWinEventLog:Security,XmlWinEventLog,3
raw/5923__USTX-WS-0038__ms_defender_eventhub.log,USTX-WS-0038,ms:defender:eventhub,ms:defender:eventhub,1
raw/5924__USTX-WS-0038__wsus_client.log,USTX-WS-0038,wsus:client,wsus:client,1
raw/5925__USTX-WS-0039__XmlWinEventLog.log,USTX-WS-0039,XmlWinEventLog:Microsoft-Windows-Sysmon/Operational,XmlWinEventLog,5
raw/5926__USTX-WS-0039__XmlWinEventLog.log,USTX-WS-0039,XmlWinEventLog:Security,XmlWinEventLog,6
raw/5927__USTX-WS-0040__XmlWinEventLog.log,USTX-WS-0040,XmlWinEventLog:Microsoft-Windows-Sysmon/Operational,XmlWinEventLog,6
raw/5928__USTX-WS-0040__XmlWinEventLog.log,USTX-WS-0040,XmlWinEventLog:Security,XmlWinEventLog,7
raw/5929__USTX-WS-0040__ms_defender_eventhub.log,USTX-WS-0040,ms:defender:eventhub,ms:defender:eventhub,2
raw/5930__USTX-WS-0040__sccm_client.log,USTX-WS-0040,sccm:client,sccm:client,3
raw/5931__USTX-WS-0040__wsus_client.log,USTX-WS-0040,wsus:client,wsus:client,1
raw/5932__USTX-WS-0041__XmlWinEventLog.log,USTX-WS-0041,XmlWinEventLog:Microsoft-Windows-Sysmon/Operational,XmlWinEventLog,6
raw/5933__USTX-WS-0041__XmlWinEventLog.log,USTX-WS-0041,XmlWinEventLog:Security,XmlWinEventLog,7
raw/5934__USTX-WS-0041__ms_defender_eventhub.log,USTX-WS-0041,ms:defender:eventhub,ms:defender:eventhub,1
raw/5935__USTX-WS-0042__XmlWinEventLog.log,USTX-WS-0042,XmlWinEventLog:Microsoft-Windows-Sysmon/Operational,XmlWinEventLog,7
raw/5936__USTX-WS-0042__XmlWinEventLog.log,USTX-WS-0042,XmlWinEventLog:Security,XmlWinEventLog,5
raw/5937__USTX-WS-0042__sccm_client.log,USTX-WS-0042,sccm:client,sccm:client,1
raw/5938__USTX-WS-0042__trellix_epo.log,USTX-WS-0042,trellix:epo,trellix:epo,2
raw/5939__USTX-WS-0043__XmlWinEventLog.log,USTX-WS-0043,XmlWinEventLog:Microsoft-Windows-Sysmon/Operational,XmlWinEventLog,4
raw/5940__USTX-WS-0043__XmlWinEventLog.log,USTX-WS-0043,XmlWinEventLog:Security,XmlWinEventLog,5
raw/5941__USTX-WS-0043__ms_defender_eventhub.log,USTX-WS-0043,ms:defender:eventhub,ms:defender:eventhub,1
raw/5942__USTX-WS-0044__XmlWinEventLog.log,USTX-WS-0044,XmlWinEventLog:Microsoft-Windows-Sysmon/Operational,XmlWinEventLog,5
raw/5943__USTX-WS-0044__XmlWinEventLog.log,USTX-WS-0044,XmlWinEventLog:Security,XmlWinEventLog,5
raw/5944__USTX-WS-0044__sccm_client.log,USTX-WS-0044,sccm:client,sccm:client,2
raw/5945__USTX-WS-0045__XmlWinEventLog.log,USTX-WS-0045,XmlWinEventLog:Microsoft-Windows-Sysmon/Operational,XmlWinEventLog,5
raw/5946__USTX-WS-0045__XmlWinEventLog.log,USTX-WS-0045,XmlWinEventLog:Security,XmlWinEventLog,4
raw/5947__USTX-WS-0045__ms_defender_eventhub.log,USTX-WS-0045,ms:defender:eventhub,ms:defender:eventhub,2
raw/5948__USTX-WS-0045__sccm_client.log,USTX-WS-0045,sccm:client,sccm:client,1
raw/5949__USTX-WS-0046__XmlWinEventLog.log,USTX-WS-0046,XmlWinEventLog:Microsoft-Windows-Sysmon/Operational,XmlWinEventLog,5
raw/5950__USTX-WS-0046__XmlWinEventLog.log,USTX-WS-0046,XmlWinEventLog:Security,XmlWinEventLog,3
raw/5951__USTX-WS-0046__ms_defender_eventhub.log,USTX-WS-0046,ms:defender:eventhub,ms:defender:eventhub,1
raw/5952__USTX-WS-0047__XmlWinEventLog.log,USTX-WS-0047,XmlWinEventLog:Microsoft-Windows-Sysmon/Operational,XmlWinEventLog,5
raw/5953__USTX-WS-0047__XmlWinEventLog.log,USTX-WS-0047,XmlWinEventLog:Security,XmlWinEventLog,4
raw/5954__USTX-WS-0047__ms_defender_eventhub.log,USTX-WS-0047,ms:defender:eventhub,ms:defender:eventhub,1
raw/5955__USTX-WS-0047__sccm_client.log,USTX-WS-0047,sccm:client,sccm:client,1
raw/5956__USTX-WS-0048__XmlWinEventLog.log,USTX-WS-0048,XmlWinEventLog:Microsoft-Windows-Sysmon/Operational,XmlWinEventLog,4
raw/5957__USTX-WS-0048__XmlWinEventLog.log,USTX-WS-0048,XmlWinEventLog:Security,XmlWinEventLog,5
raw/5958__USTX-WS-0048__ms_defender_eventhub.log,USTX-WS-0048,ms:defender:eventhub,ms:defender:eventhub,1
raw/5959__USTX-WS-0048__trellix_epo.log,USTX-WS-0048,trellix:epo,trellix:epo,1
raw/5960__USTX-WS-0048__wsus_client.log,USTX-WS-0048,wsus:client,wsus:client,1
raw/5961__USTX-WS-0049__XmlWinEventLog.log,USTX-WS-0049,XmlWinEventLog:Microsoft-Windows-Sysmon/Operational,XmlWinEventLog,6
raw/5962__USTX-WS-0049__XmlWinEventLog.log,USTX-WS-0049,XmlWinEventLog:Security,XmlWinEventLog,6
raw/5963__USTX-WS-0049__ms_defender_eventhub.log,USTX-WS-0049,ms:defender:eventhub,ms:defender:eventhub,1
raw/5964__USTX-WS-0050__XmlWinEventLog.log,USTX-WS-0050,XmlWinEventLog:Microsoft-Windows-Sysmon/Operational,XmlWinEventLog,4
raw/5965__USTX-WS-0050__XmlWinEventLog.log,USTX-WS-0050,XmlWinEventLog:Security,XmlWinEventLog,4
raw/5966__USTX-WS-0050__ms_defender_eventhub.log,USTX-WS-0050,ms:defender:eventhub,ms:defender:eventhub,1
raw/5967__USTX-WS-0051__XmlWinEventLog.log,USTX-WS-0051,XmlWinEventLog:Microsoft-Windows-Sysmon/Operational,XmlWinEventLog,7
raw/5968__USTX-WS-0051__XmlWinEventLog.log,USTX-WS-0051,XmlWinEventLog:Security,XmlWinEventLog,3
raw/5969__USTX-WS-0051__sccm_client.log,USTX-WS-0051,sccm:client,sccm:client,2
raw/5970__USTX-WS-0052__XmlWinEventLog.log,USTX-WS-0052,XmlWinEventLog:Microsoft-Windows-Sysmon/Operational,XmlWinEventLog,4
raw/5971__USTX-WS-0052__XmlWinEventLog.log,USTX-WS-0052,XmlWinEventLog:Security,XmlWinEventLog,4
raw/5972__USTX-WS-0052__wsus_client.log,USTX-WS-0052,wsus:client,wsus:client,2
raw/5973__USTX-WS-0053__XmlWinEventLog.log,USTX-WS-0053,XmlWinEventLog:Microsoft-Windows-Sysmon/Operational,XmlWinEventLog,7
raw/5974__USTX-WS-0053__XmlWinEventLog.log,USTX-WS-0053,XmlWinEventLog:Security,XmlWinEventLog,2
raw/5975__USTX-WS-0053__ms_defender_eventhub.log,USTX-WS-0053,ms:defender:eventhub,ms:defender:eventhub,1
raw/5976__USTX-WS-0053__sccm_client.log,USTX-WS-0053,sccm:client,sccm:client,1
raw/5977__USTX-WS-0053__wsus_client.log,USTX-WS-0053,wsus:client,wsus:client,2
raw/5978__USTX-WS-0054__XmlWinEventLog.log,USTX-WS-0054,XmlWinEventLog:Microsoft-Windows-Sysmon/Operational,XmlWinEventLog,5
raw/5979__USTX-WS-0054__XmlWinEventLog.log,USTX-WS-0054,XmlWinEventLog:Security,XmlWinEventLog,4
raw/5980__USTX-WS-0054__sccm_client.log,USTX-WS-0054,sccm:client,sccm:client,1
raw/5981__USTX-WS-0054__trellix_epo.log,USTX-WS-0054,trellix:epo,trellix:epo,1
raw/5982__USTX-WS-0055__XmlWinEventLog.log,USTX-WS-0055,XmlWinEventLog:Microsoft-Windows-Sysmon/Operational,XmlWinEventLog,9
raw/5983__USTX-WS-0055__XmlWinEventLog.log,USTX-WS-0055,XmlWinEventLog:Security,XmlWinEventLog,4
raw/5984__USTX-WS-0055__ms_defender_eventhub.log,USTX-WS-0055,ms:defender:eventhub,ms:defender:eventhub,1
raw/5985__USTX-WS-0055__sccm_client.log,USTX-WS-0055,sccm:client,sccm:client,1
raw/5986__USTX-WS-0055__trellix_epo.log,USTX-WS-0055,trellix:epo,trellix:epo,1
raw/5987__USTX-WS-0056__XmlWinEventLog.log,USTX-WS-0056,XmlWinEventLog:Microsoft-Windows-Sysmon/Operational,XmlWinEventLog,2
raw/5988__USTX-WS-0056__XmlWinEventLog.log,USTX-WS-0056,XmlWinEventLog:Security,XmlWinEventLog,2
raw/5989__USTX-WS-0056__sccm_client.log,USTX-WS-0056,sccm:client,sccm:client,1
raw/5990__USTX-WS-0057__XmlWinEventLog.log,USTX-WS-0057,XmlWinEventLog:Microsoft-Windows-Sysmon/Operational,XmlWinEventLog,6
raw/5991__USTX-WS-0057__XmlWinEventLog.log,USTX-WS-0057,XmlWinEventLog:Security,XmlWinEventLog,6
raw/5992__USTX-WS-0057__ms_defender_eventhub.log,USTX-WS-0057,ms:defender:eventhub,ms:defender:eventhub,1
raw/5993__USTX-WS-0057__sccm_client.log,USTX-WS-0057,sccm:client,sccm:client,1
raw/5994__USTX-WS-0058__XmlWinEventLog.log,USTX-WS-0058,XmlWinEventLog:Microsoft-Windows-Sysmon/Operational,XmlWinEventLog,2
raw/5995__USTX-WS-0058__XmlWinEventLog.log,USTX-WS-0058,XmlWinEventLog:Security,XmlWinEventLog,4
raw/5996__USTX-WS-0059__XmlWinEventLog.log,USTX-WS-0059,XmlWinEventLog:Microsoft-Windows-Sysmon/Operational,XmlWinEventLog,5
raw/5997__USTX-WS-0059__XmlWinEventLog.log,USTX-WS-0059,XmlWinEventLog:Security,XmlWinEventLog,3
raw/5998__USTX-WS-0059__trellix_epo.log,USTX-WS-0059,trellix:epo,trellix:epo,1
raw/5999__USTX-WS-0060__XmlWinEventLog.log,USTX-WS-0060,XmlWinEventLog:Microsoft-Windows-Sysmon/Operational,XmlWinEventLog,8
raw/6000__USTX-WS-0060__XmlWinEventLog.log,USTX-WS-0060,XmlWinEventLog:Security,XmlWinEventLog,7
raw/6001__USTX-WS-0060__ms_defender_eventhub.log,USTX-WS-0060,ms:defender:eventhub,ms:defender:eventhub,1
raw/6002__USTX-WS-0061__XmlWinEventLog.log,USTX-WS-0061,XmlWinEventLog:Microsoft-Windows-Sysmon/Operational,XmlWinEventLog,8
raw/6003__USTX-WS-0061__XmlWinEventLog.log,USTX-WS-0061,XmlWinEventLog:Security,XmlWinEventLog,5
raw/6004__USTX-WS-0061__trellix_epo.log,USTX-WS-0061,trellix:epo,trellix:epo,1
raw/6005__USTX-WS-0062__XmlWinEventLog.log,USTX-WS-0062,XmlWinEventLog:Microsoft-Windows-Sysmon/Operational,XmlWinEventLog,5
raw/6006__USTX-WS-0062__XmlWinEventLog.log,USTX-WS-0062,XmlWinEventLog:Security,XmlWinEventLog,4
raw/6007__USTX-WS-0062__ms_defender_eventhub.log,USTX-WS-0062,ms:defender:eventhub,ms:defender:eventhub,1
raw/6008__USTX-WS-0062__wsus_client.log,USTX-WS-0062,wsus:client,wsus:client,1
raw/6009__USTX-WS-0063__XmlWinEventLog.log,USTX-WS-0063,XmlWinEventLog:Microsoft-Windows-Sysmon/Operational,XmlWinEventLog,2
raw/6010__USTX-WS-0063__XmlWinEventLog.log,USTX-WS-0063,XmlWinEventLog:Security,XmlWinEventLog,8
raw/6011__USTX-WS-0064__XmlWinEventLog.log,USTX-WS-0064,XmlWinEventLog:Microsoft-Windows-Sysmon/Operational,XmlWinEventLog,2
raw/6012__USTX-WS-0064__XmlWinEventLog.log,USTX-WS-0064,XmlWinEventLog:Security,XmlWinEventLog,3
raw/6013__USTX-WS-0064__ms_defender_eventhub.log,USTX-WS-0064,ms:defender:eventhub,ms:defender:eventhub,1
raw/6014__USTX-ZEEK-01__bro_conn_json.log,USTX-ZEEK-01,zeek:conn,bro:conn:json,839
raw/6015__USTX-ZEEK-01__bro_dce_rpc_json.log,USTX-ZEEK-01,zeek:dce_rpc,bro:dce_rpc:json,76
raw/6016__USTX-ZEEK-01__bro_dns_json.log,USTX-ZEEK-01,zeek:dns,bro:dns:json,329
raw/6017__USTX-ZEEK-01__bro_http_json.log,USTX-ZEEK-01,zeek:http,bro:http:json,211
raw/6018__USTX-ZEEK-01__bro_smb_files_json.log,USTX-ZEEK-01,zeek:smb_files,bro:smb_files:json,80
raw/6019__USTX-ZEEK-01__bro_ssl_json.log,USTX-ZEEK-01,zeek:ssl,bro:ssl:json,303
raw/6020__USVA-APP-01__XmlWinEventLog.log,USVA-APP-01,XmlWinEventLog:Microsoft-Windows-Sysmon/Operational,XmlWinEventLog,9
raw/6021__USVA-APP-01__XmlWinEventLog.log,USVA-APP-01,XmlWinEventLog:Security,XmlWinEventLog,3
raw/6022__USVA-APP-01__wsus_client.log,USVA-APP-01,wsus:client,wsus:client,1
raw/6023__USVA-APP-02__XmlWinEventLog.log,USVA-APP-02,XmlWinEventLog:Microsoft-Windows-Sysmon/Operational,XmlWinEventLog,4
raw/6024__USVA-APP-02__XmlWinEventLog.log,USVA-APP-02,XmlWinEventLog:Security,XmlWinEventLog,4
raw/6025__USVA-APP-02__ms_defender_eventhub.log,USVA-APP-02,ms:defender:eventhub,ms:defender:eventhub,2
raw/6026__USVA-APP-03__XmlWinEventLog.log,USVA-APP-03,XmlWinEventLog:Microsoft-Windows-Sysmon/Operational,XmlWinEventLog,8
raw/6027__USVA-APP-03__XmlWinEventLog.log,USVA-APP-03,XmlWinEventLog:Security,XmlWinEventLog,5
raw/6028__USVA-APP-04__XmlWinEventLog.log,USVA-APP-04,XmlWinEventLog:Microsoft-Windows-Sysmon/Operational,XmlWinEventLog,4
raw/6029__USVA-APP-04__XmlWinEventLog.log,USVA-APP-04,XmlWinEventLog:Security,XmlWinEventLog,6
raw/6030__USVA-APP-05__XmlWinEventLog.log,USVA-APP-05,XmlWinEventLog:Microsoft-Windows-Sysmon/Operational,XmlWinEventLog,9
raw/6031__USVA-APP-05__XmlWinEventLog.log,USVA-APP-05,XmlWinEventLog:Security,XmlWinEventLog,4
raw/6032__USVA-APP-05__ms_defender_eventhub.log,USVA-APP-05,ms:defender:eventhub,ms:defender:eventhub,1
raw/6033__USVA-APP-05__sccm_client.log,USVA-APP-05,sccm:client,sccm:client,1
raw/6034__USVA-APP-05__wsus_client.log,USVA-APP-05,wsus:client,wsus:client,1
raw/6035__USVA-APP-06__XmlWinEventLog.log,USVA-APP-06,XmlWinEventLog:Microsoft-Windows-Sysmon/Operational,XmlWinEventLog,2
raw/6036__USVA-APP-06__XmlWinEventLog.log,USVA-APP-06,XmlWinEventLog:Security,XmlWinEventLog,3
raw/6037__USVA-APP-07__XmlWinEventLog.log,USVA-APP-07,XmlWinEventLog:Microsoft-Windows-Sysmon/Operational,XmlWinEventLog,3
raw/6038__USVA-APP-07__XmlWinEventLog.log,USVA-APP-07,XmlWinEventLog:Security,XmlWinEventLog,8
raw/6039__USVA-APP-08__XmlWinEventLog.log,USVA-APP-08,XmlWinEventLog:Microsoft-Windows-Sysmon/Operational,XmlWinEventLog,8
raw/6040__USVA-APP-08__XmlWinEventLog.log,USVA-APP-08,XmlWinEventLog:Security,XmlWinEventLog,3
raw/6041__USVA-APP-08__ms_defender_eventhub.log,USVA-APP-08,ms:defender:eventhub,ms:defender:eventhub,1
raw/6042__USVA-DC-01__XmlWinEventLog.log,USVA-DC-01,XmlWinEventLog:Security,XmlWinEventLog,108
raw/6043__USVA-FS-01__XmlWinEventLog.log,USVA-FS-01,XmlWinEventLog:Microsoft-Windows-Sysmon/Operational,XmlWinEventLog,4
raw/6044__USVA-FS-01__XmlWinEventLog.log,USVA-FS-01,XmlWinEventLog:Security,XmlWinEventLog,3
raw/6045__USVA-FS-01__trellix_epo.log,USVA-FS-01,trellix:epo,trellix:epo,1
raw/6046__USVA-FS-02__XmlWinEventLog.log,USVA-FS-02,XmlWinEventLog:Microsoft-Windows-Sysmon/Operational,XmlWinEventLog,3
raw/6047__USVA-FS-02__XmlWinEventLog.log,USVA-FS-02,XmlWinEventLog:Security,XmlWinEventLog,3
raw/6048__USVA-FS-02__wsus_client.log,USVA-FS-02,wsus:client,wsus:client,1
raw/6049__USVA-FS-03__XmlWinEventLog.log,USVA-FS-03,XmlWinEventLog:Microsoft-Windows-Sysmon/Operational,XmlWinEventLog,3
raw/6050__USVA-FS-03__XmlWinEventLog.log,USVA-FS-03,XmlWinEventLog:Security,XmlWinEventLog,3
raw/6051__USVA-FS-04__XmlWinEventLog.log,USVA-FS-04,XmlWinEventLog:Microsoft-Windows-Sysmon/Operational,XmlWinEventLog,5
raw/6052__USVA-FS-04__XmlWinEventLog.log,USVA-FS-04,XmlWinEventLog:Security,XmlWinEventLog,4
raw/6053__USVA-FS-04__trellix_epo.log,USVA-FS-04,trellix:epo,trellix:epo,1
raw/6054__USVA-FS-04__wsus_client.log,USVA-FS-04,wsus:client,wsus:client,1
raw/6055__USVA-FW-01__pan_traffic.log,USVA-FW-01,pan:traffic,pan:traffic,81
raw/6056__USVA-FW-02__fortigate_traffic.log,USVA-FW-02,fortigate_traffic,fortigate_traffic,85
raw/6057__USVA-FW-03__cisco_asa.log,USVA-FW-03,cisco:asa,cisco:asa,74
raw/6058__USVA-JUMP-01__XmlWinEventLog.log,USVA-JUMP-01,XmlWinEventLog:Microsoft-Windows-Sysmon/Operational,XmlWinEventLog,8
raw/6059__USVA-JUMP-01__XmlWinEventLog.log,USVA-JUMP-01,XmlWinEventLog:Security,XmlWinEventLog,4
raw/6060__USVA-JUMP-01__sccm_client.log,USVA-JUMP-01,sccm:client,sccm:client,1
raw/6061__USVA-JUMP-01__trellix_epo.log,USVA-JUMP-01,trellix:epo,trellix:epo,1
raw/6062__USVA-JUMP-02__XmlWinEventLog.log,USVA-JUMP-02,XmlWinEventLog:Microsoft-Windows-Sysmon/Operational,XmlWinEventLog,10
raw/6063__USVA-JUMP-02__XmlWinEventLog.log,USVA-JUMP-02,XmlWinEventLog:Security,XmlWinEventLog,8
raw/6064__USVA-JUMP-02__ms_defender_eventhub.log,USVA-JUMP-02,ms:defender:eventhub,ms:defender:eventhub,1
raw/6065__USVA-JUMP-02__sccm_client.log,USVA-JUMP-02,sccm:client,sccm:client,1
raw/6066__USVA-JUMP-03__XmlWinEventLog.log,USVA-JUMP-03,XmlWinEventLog:Microsoft-Windows-Sysmon/Operational,XmlWinEventLog,5
raw/6067__USVA-JUMP-03__XmlWinEventLog.log,USVA-JUMP-03,XmlWinEventLog:Security,XmlWinEventLog,4
raw/6068__USVA-JUMP-03__wsus_client.log,USVA-JUMP-03,wsus:client,wsus:client,1
raw/6069__USVA-LNX-01__linux_audit.log,USVA-LNX-01,/var/log/audit/audit.log,linux_audit,65
raw/6070__USVA-LNX-01__linux_secure.log,USVA-LNX-01,/var/log/secure,linux_secure,13
raw/6071__USVA-LNX-01__syslog.log,USVA-LNX-01,/var/log/syslog,syslog,32
raw/6072__USVA-LNX-01__trellix_epo.log,USVA-LNX-01,trellix:epo,trellix:epo,1
raw/6073__USVA-LNX-02__linux_audit.log,USVA-LNX-02,/var/log/audit/audit.log,linux_audit,74
raw/6074__USVA-LNX-02__linux_secure.log,USVA-LNX-02,/var/log/secure,linux_secure,10
raw/6075__USVA-LNX-02__syslog.log,USVA-LNX-02,/var/log/syslog,syslog,18
raw/6076__USVA-LNX-03__linux_audit.log,USVA-LNX-03,/var/log/audit/audit.log,linux_audit,57
raw/6077__USVA-LNX-03__linux_secure.log,USVA-LNX-03,/var/log/secure,linux_secure,13
raw/6078__USVA-LNX-03__syslog.log,USVA-LNX-03,/var/log/syslog,syslog,18
raw/6079__USVA-LNX-03__ms_defender_eventhub.log,USVA-LNX-03,ms:defender:eventhub,ms:defender:eventhub,1
raw/6080__USVA-LNX-03__trellix_epo.log,USVA-LNX-03,trellix:epo,trellix:epo,1
raw/6081__USVA-LNX-04__linux_audit.log,USVA-LNX-04,/var/log/audit/audit.log,linux_audit,98
raw/6082__USVA-LNX-04__linux_secure.log,USVA-LNX-04,/var/log/secure,linux_secure,13
raw/6083__USVA-LNX-04__syslog.log,USVA-LNX-04,/var/log/syslog,syslog,30
raw/6084__USVA-LNX-05__linux_audit.log,USVA-LNX-05,/var/log/audit/audit.log,linux_audit,76
raw/6085__USVA-LNX-05__linux_secure.log,USVA-LNX-05,/var/log/secure,linux_secure,17
raw/6086__USVA-LNX-05__syslog.log,USVA-LNX-05,/var/log/syslog,syslog,20
raw/6087__USVA-LNX-06__linux_audit.log,USVA-LNX-06,/var/log/audit/audit.log,linux_audit,89
raw/6088__USVA-LNX-06__linux_secure.log,USVA-LNX-06,/var/log/secure,linux_secure,16
raw/6089__USVA-LNX-06__syslog.log,USVA-LNX-06,/var/log/syslog,syslog,24
raw/6090__USVA-LNX-07__linux_audit.log,USVA-LNX-07,/var/log/audit/audit.log,linux_audit,92
raw/6091__USVA-LNX-07__linux_secure.log,USVA-LNX-07,/var/log/secure,linux_secure,14
raw/6092__USVA-LNX-07__syslog.log,USVA-LNX-07,/var/log/syslog,syslog,25
raw/6093__USVA-LNX-07__ms_defender_eventhub.log,USVA-LNX-07,ms:defender:eventhub,ms:defender:eventhub,1
raw/6094__USVA-LNX-08__linux_audit.log,USVA-LNX-08,/var/log/audit/audit.log,linux_audit,58
raw/6095__USVA-LNX-08__linux_secure.log,USVA-LNX-08,/var/log/secure,linux_secure,20
raw/6096__USVA-LNX-08__syslog.log,USVA-LNX-08,/var/log/syslog,syslog,28
raw/6097__USVA-PACS-01__pacs_access.log,USVA-PACS-01,pacs:access,pacs:access,92
raw/6098__USVA-PAW-01__XmlWinEventLog.log,USVA-PAW-01,XmlWinEventLog:Microsoft-Windows-Sysmon/Operational,XmlWinEventLog,4
raw/6099__USVA-PAW-01__XmlWinEventLog.log,USVA-PAW-01,XmlWinEventLog:Security,XmlWinEventLog,3
raw/6100__USVA-PAW-01__sccm_client.log,USVA-PAW-01,sccm:client,sccm:client,1
raw/6101__USVA-PAW-01__wsus_client.log,USVA-PAW-01,wsus:client,wsus:client,1
raw/6102__USVA-PAW-02__XmlWinEventLog.log,USVA-PAW-02,XmlWinEventLog:Microsoft-Windows-Sysmon/Operational,XmlWinEventLog,7
raw/6103__USVA-PAW-02__XmlWinEventLog.log,USVA-PAW-02,XmlWinEventLog:Security,XmlWinEventLog,4
raw/6104__USVA-PAW-03__XmlWinEventLog.log,USVA-PAW-03,XmlWinEventLog:Microsoft-Windows-Sysmon/Operational,XmlWinEventLog,5
raw/6105__USVA-PAW-03__XmlWinEventLog.log,USVA-PAW-03,XmlWinEventLog:Security,XmlWinEventLog,2
raw/6106__USVA-PAW-03__ms_defender_eventhub.log,USVA-PAW-03,ms:defender:eventhub,ms:defender:eventhub,1
raw/6107__USVA-PAW-04__XmlWinEventLog.log,USVA-PAW-04,XmlWinEventLog:Microsoft-Windows-Sysmon/Operational,XmlWinEventLog,7
raw/6108__USVA-PAW-04__XmlWinEventLog.log,USVA-PAW-04,XmlWinEventLog:Security,XmlWinEventLog,4
raw/6109__USVA-PAW-04__ms_defender_eventhub.log,USVA-PAW-04,ms:defender:eventhub,ms:defender:eventhub,3
raw/6110__USVA-PAW-04__sccm_client.log,USVA-PAW-04,sccm:client,sccm:client,1
raw/6111__USVA-PAW-04__trellix_epo.log,USVA-PAW-04,trellix:epo,trellix:epo,1
raw/6112__USVA-PAW-04__wsus_client.log,USVA-PAW-04,wsus:client,wsus:client,1
raw/6113__USVA-PAW-05__XmlWinEventLog.log,USVA-PAW-05,XmlWinEventLog:Microsoft-Windows-Sysmon/Operational,XmlWinEventLog,6
raw/6114__USVA-PAW-05__XmlWinEventLog.log,USVA-PAW-05,XmlWinEventLog:Security,XmlWinEventLog,8
raw/6115__USVA-PAW-06__XmlWinEventLog.log,USVA-PAW-06,XmlWinEventLog:Microsoft-Windows-Sysmon/Operational,XmlWinEventLog,8
raw/6116__USVA-PAW-06__XmlWinEventLog.log,USVA-PAW-06,XmlWinEventLog:Security,XmlWinEventLog,7
raw/6117__USVA-PAW-06__ms_defender_eventhub.log,USVA-PAW-06,ms:defender:eventhub,ms:defender:eventhub,1
raw/6118__USVA-PAW-06__trellix_epo.log,USVA-PAW-06,trellix:epo,trellix:epo,1
raw/6119__USVA-RTR-01__cisco_ios.log,USVA-RTR-01,cisco:ios,cisco:ios,33
raw/6120__USVA-RTR-02__juniper.log,USVA-RTR-02,juniper,juniper,12
raw/6121__USVA-RTR-02__juniper_junos_firewall.log,USVA-RTR-02,juniper:junos:firewall,juniper:junos:firewall,6
raw/6122__USVA-VDI-01__XmlWinEventLog.log,USVA-VDI-01,XmlWinEventLog:Microsoft-Windows-Sysmon/Operational,XmlWinEventLog,3
raw/6123__USVA-VDI-01__XmlWinEventLog.log,USVA-VDI-01,XmlWinEventLog:Security,XmlWinEventLog,7
raw/6124__USVA-VDI-01__ms_defender_eventhub.log,USVA-VDI-01,ms:defender:eventhub,ms:defender:eventhub,1
raw/6125__USVA-VDI-01__sccm_client.log,USVA-VDI-01,sccm:client,sccm:client,1
raw/6126__USVA-VDI-02__XmlWinEventLog.log,USVA-VDI-02,XmlWinEventLog:Microsoft-Windows-Sysmon/Operational,XmlWinEventLog,4
raw/6127__USVA-VDI-02__XmlWinEventLog.log,USVA-VDI-02,XmlWinEventLog:Security,XmlWinEventLog,1
raw/6128__USVA-VDI-02__ms_defender_eventhub.log,USVA-VDI-02,ms:defender:eventhub,ms:defender:eventhub,1
raw/6129__USVA-VDI-02__sccm_client.log,USVA-VDI-02,sccm:client,sccm:client,1
raw/6130__USVA-VDI-02__trellix_epo.log,USVA-VDI-02,trellix:epo,trellix:epo,1
raw/6131__USVA-VDI-03__XmlWinEventLog.log,USVA-VDI-03,XmlWinEventLog:Microsoft-Windows-Sysmon/Operational,XmlWinEventLog,5
raw/6132__USVA-VDI-03__XmlWinEventLog.log,USVA-VDI-03,XmlWinEventLog:Security,XmlWinEventLog,6
raw/6133__USVA-VDI-03__ms_defender_eventhub.log,USVA-VDI-03,ms:defender:eventhub,ms:defender:eventhub,1
raw/6134__USVA-WS-0001__XmlWinEventLog.log,USVA-WS-0001,XmlWinEventLog:Microsoft-Windows-Sysmon/Operational,XmlWinEventLog,16
raw/6135__USVA-WS-0001__XmlWinEventLog.log,USVA-WS-0001,XmlWinEventLog:Security,XmlWinEventLog,7
raw/6136__USVA-WS-0001__ms_defender_eventhub.log,USVA-WS-0001,ms:defender:eventhub,ms:defender:eventhub,1
raw/6137__USVA-WS-0002__XmlWinEventLog.log,USVA-WS-0002,XmlWinEventLog:Microsoft-Windows-Sysmon/Operational,XmlWinEventLog,7
raw/6138__USVA-WS-0002__XmlWinEventLog.log,USVA-WS-0002,XmlWinEventLog:Security,XmlWinEventLog,9
raw/6139__USVA-WS-0003__XmlWinEventLog.log,USVA-WS-0003,XmlWinEventLog:Microsoft-Windows-Sysmon/Operational,XmlWinEventLog,11
raw/6140__USVA-WS-0003__XmlWinEventLog.log,USVA-WS-0003,XmlWinEventLog:Security,XmlWinEventLog,9
raw/6141__USVA-WS-0003__ms_defender_eventhub.log,USVA-WS-0003,ms:defender:eventhub,ms:defender:eventhub,1
raw/6142__USVA-WS-0004__XmlWinEventLog.log,USVA-WS-0004,XmlWinEventLog:Microsoft-Windows-Sysmon/Operational,XmlWinEventLog,4
raw/6143__USVA-WS-0004__XmlWinEventLog.log,USVA-WS-0004,XmlWinEventLog:Security,XmlWinEventLog,6
raw/6144__USVA-WS-0004__trellix_epo.log,USVA-WS-0004,trellix:epo,trellix:epo,1
raw/6145__USVA-WS-0005__XmlWinEventLog.log,USVA-WS-0005,XmlWinEventLog:Microsoft-Windows-Sysmon/Operational,XmlWinEventLog,10
raw/6146__USVA-WS-0005__XmlWinEventLog.log,USVA-WS-0005,XmlWinEventLog:Security,XmlWinEventLog,3
raw/6147__USVA-WS-0005__ms_defender_eventhub.log,USVA-WS-0005,ms:defender:eventhub,ms:defender:eventhub,1
raw/6148__USVA-WS-0005__wsus_client.log,USVA-WS-0005,wsus:client,wsus:client,2
raw/6149__USVA-WS-0006__XmlWinEventLog.log,USVA-WS-0006,XmlWinEventLog:Microsoft-Windows-Sysmon/Operational,XmlWinEventLog,6
raw/6150__USVA-WS-0006__XmlWinEventLog.log,USVA-WS-0006,XmlWinEventLog:Security,XmlWinEventLog,10
raw/6151__USVA-WS-0006__ms_defender_eventhub.log,USVA-WS-0006,ms:defender:eventhub,ms:defender:eventhub,1
raw/6152__USVA-WS-0006__sccm_client.log,USVA-WS-0006,sccm:client,sccm:client,1
raw/6153__USVA-WS-0007__XmlWinEventLog.log,USVA-WS-0007,XmlWinEventLog:Microsoft-Windows-Sysmon/Operational,XmlWinEventLog,8
raw/6154__USVA-WS-0007__XmlWinEventLog.log,USVA-WS-0007,XmlWinEventLog:Security,XmlWinEventLog,11
raw/6155__USVA-WS-0008__XmlWinEventLog.log,USVA-WS-0008,XmlWinEventLog:Microsoft-Windows-Sysmon/Operational,XmlWinEventLog,3
raw/6156__USVA-WS-0008__XmlWinEventLog.log,USVA-WS-0008,XmlWinEventLog:Security,XmlWinEventLog,8
raw/6157__USVA-WS-0008__ms_defender_eventhub.log,USVA-WS-0008,ms:defender:eventhub,ms:defender:eventhub,1
raw/6158__USVA-WS-0009__XmlWinEventLog.log,USVA-WS-0009,XmlWinEventLog:Microsoft-Windows-Sysmon/Operational,XmlWinEventLog,11
raw/6159__USVA-WS-0009__XmlWinEventLog.log,USVA-WS-0009,XmlWinEventLog:Security,XmlWinEventLog,6
raw/6160__USVA-WS-0009__trellix_epo.log,USVA-WS-0009,trellix:epo,trellix:epo,1
raw/6161__USVA-WS-0009__wsus_client.log,USVA-WS-0009,wsus:client,wsus:client,1
raw/6162__USVA-WS-0010__XmlWinEventLog.log,USVA-WS-0010,XmlWinEventLog:Microsoft-Windows-Sysmon/Operational,XmlWinEventLog,11
raw/6163__USVA-WS-0010__XmlWinEventLog.log,USVA-WS-0010,XmlWinEventLog:Security,XmlWinEventLog,13
raw/6164__USVA-WS-0011__XmlWinEventLog.log,USVA-WS-0011,XmlWinEventLog:Microsoft-Windows-Sysmon/Operational,XmlWinEventLog,10
raw/6165__USVA-WS-0011__XmlWinEventLog.log,USVA-WS-0011,XmlWinEventLog:Security,XmlWinEventLog,4
raw/6166__USVA-WS-0011__ms_defender_eventhub.log,USVA-WS-0011,ms:defender:eventhub,ms:defender:eventhub,1
raw/6167__USVA-WS-0012__XmlWinEventLog.log,USVA-WS-0012,XmlWinEventLog:Microsoft-Windows-Sysmon/Operational,XmlWinEventLog,10
raw/6168__USVA-WS-0012__XmlWinEventLog.log,USVA-WS-0012,XmlWinEventLog:Security,XmlWinEventLog,9
raw/6169__USVA-WS-0013__XmlWinEventLog.log,USVA-WS-0013,XmlWinEventLog:Microsoft-Windows-Sysmon/Operational,XmlWinEventLog,11
raw/6170__USVA-WS-0013__XmlWinEventLog.log,USVA-WS-0013,XmlWinEventLog:Security,XmlWinEventLog,12
raw/6171__USVA-WS-0013__ms_defender_eventhub.log,USVA-WS-0013,ms:defender:eventhub,ms:defender:eventhub,1
raw/6172__USVA-WS-0013__trellix_epo.log,USVA-WS-0013,trellix:epo,trellix:epo,1
raw/6173__USVA-WS-0014__XmlWinEventLog.log,USVA-WS-0014,XmlWinEventLog:Microsoft-Windows-Sysmon/Operational,XmlWinEventLog,5
raw/6174__USVA-WS-0014__XmlWinEventLog.log,USVA-WS-0014,XmlWinEventLog:Security,XmlWinEventLog,9
raw/6175__USVA-WS-0014__ms_defender_eventhub.log,USVA-WS-0014,ms:defender:eventhub,ms:defender:eventhub,2
raw/6176__USVA-WS-0014__wsus_client.log,USVA-WS-0014,wsus:client,wsus:client,1
raw/6177__USVA-WS-0015__XmlWinEventLog.log,USVA-WS-0015,XmlWinEventLog:Microsoft-Windows-Sysmon/Operational,XmlWinEventLog,4
raw/6178__USVA-WS-0015__XmlWinEventLog.log,USVA-WS-0015,XmlWinEventLog:Security,XmlWinEventLog,10
raw/6179__USVA-WS-0015__ms_defender_eventhub.log,USVA-WS-0015,ms:defender:eventhub,ms:defender:eventhub,1
raw/6180__USVA-WS-0016__XmlWinEventLog.log,USVA-WS-0016,XmlWinEventLog:Microsoft-Windows-Sysmon/Operational,XmlWinEventLog,8
raw/6181__USVA-WS-0016__XmlWinEventLog.log,USVA-WS-0016,XmlWinEventLog:Security,XmlWinEventLog,8
raw/6182__USVA-WS-0017__XmlWinEventLog.log,USVA-WS-0017,XmlWinEventLog:Microsoft-Windows-Sysmon/Operational,XmlWinEventLog,13
raw/6183__USVA-WS-0017__XmlWinEventLog.log,USVA-WS-0017,XmlWinEventLog:Security,XmlWinEventLog,11
raw/6184__USVA-WS-0018__XmlWinEventLog.log,USVA-WS-0018,XmlWinEventLog:Microsoft-Windows-Sysmon/Operational,XmlWinEventLog,9
raw/6185__USVA-WS-0018__XmlWinEventLog.log,USVA-WS-0018,XmlWinEventLog:Security,XmlWinEventLog,10
raw/6186__USVA-WS-0018__ms_defender_eventhub.log,USVA-WS-0018,ms:defender:eventhub,ms:defender:eventhub,1
raw/6187__USVA-WS-0018__wsus_client.log,USVA-WS-0018,wsus:client,wsus:client,1
raw/6188__USVA-WS-0019__XmlWinEventLog.log,USVA-WS-0019,XmlWinEventLog:Microsoft-Windows-Sysmon/Operational,XmlWinEventLog,10
raw/6189__USVA-WS-0019__XmlWinEventLog.log,USVA-WS-0019,XmlWinEventLog:Security,XmlWinEventLog,10
raw/6190__USVA-WS-0019__ms_defender_eventhub.log,USVA-WS-0019,ms:defender:eventhub,ms:defender:eventhub,1
raw/6191__USVA-WS-0020__XmlWinEventLog.log,USVA-WS-0020,XmlWinEventLog:Microsoft-Windows-Sysmon/Operational,XmlWinEventLog,5
raw/6192__USVA-WS-0020__XmlWinEventLog.log,USVA-WS-0020,XmlWinEventLog:Security,XmlWinEventLog,8
raw/6193__USVA-WS-0021__XmlWinEventLog.log,USVA-WS-0021,XmlWinEventLog:Microsoft-Windows-Sysmon/Operational,XmlWinEventLog,11
raw/6194__USVA-WS-0021__XmlWinEventLog.log,USVA-WS-0021,XmlWinEventLog:Security,XmlWinEventLog,8
raw/6195__USVA-WS-0022__XmlWinEventLog.log,USVA-WS-0022,XmlWinEventLog:Microsoft-Windows-Sysmon/Operational,XmlWinEventLog,6
raw/6196__USVA-WS-0022__XmlWinEventLog.log,USVA-WS-0022,XmlWinEventLog:Security,XmlWinEventLog,12
raw/6197__USVA-WS-0023__XmlWinEventLog.log,USVA-WS-0023,XmlWinEventLog:Microsoft-Windows-Sysmon/Operational,XmlWinEventLog,12
raw/6198__USVA-WS-0023__XmlWinEventLog.log,USVA-WS-0023,XmlWinEventLog:Security,XmlWinEventLog,8
raw/6199__USVA-WS-0024__XmlWinEventLog.log,USVA-WS-0024,XmlWinEventLog:Microsoft-Windows-Sysmon/Operational,XmlWinEventLog,9
raw/6200__USVA-WS-0024__XmlWinEventLog.log,USVA-WS-0024,XmlWinEventLog:Security,XmlWinEventLog,7
raw/6201__USVA-WS-0025__XmlWinEventLog.log,USVA-WS-0025,XmlWinEventLog:Microsoft-Windows-Sysmon/Operational,XmlWinEventLog,5
raw/6202__USVA-WS-0025__XmlWinEventLog.log,USVA-WS-0025,XmlWinEventLog:Security,XmlWinEventLog,3
raw/6203__USVA-WS-0025__wsus_client.log,USVA-WS-0025,wsus:client,wsus:client,1
raw/6204__USVA-WS-0026__XmlWinEventLog.log,USVA-WS-0026,XmlWinEventLog:Microsoft-Windows-Sysmon/Operational,XmlWinEventLog,4
raw/6205__USVA-WS-0026__XmlWinEventLog.log,USVA-WS-0026,XmlWinEventLog:Security,XmlWinEventLog,2
raw/6206__USVA-WS-0026__trellix_epo.log,USVA-WS-0026,trellix:epo,trellix:epo,1
raw/6207__USVA-WS-0027__XmlWinEventLog.log,USVA-WS-0027,XmlWinEventLog:Microsoft-Windows-Sysmon/Operational,XmlWinEventLog,7
raw/6208__USVA-WS-0027__XmlWinEventLog.log,USVA-WS-0027,XmlWinEventLog:Security,XmlWinEventLog,1
raw/6209__USVA-WS-0027__ms_defender_eventhub.log,USVA-WS-0027,ms:defender:eventhub,ms:defender:eventhub,1
raw/6210__USVA-WS-0027__trellix_epo.log,USVA-WS-0027,trellix:epo,trellix:epo,1
raw/6211__USVA-WS-0027__wsus_client.log,USVA-WS-0027,wsus:client,wsus:client,1
raw/6212__USVA-WS-0028__XmlWinEventLog.log,USVA-WS-0028,XmlWinEventLog:Microsoft-Windows-Sysmon/Operational,XmlWinEventLog,5
raw/6213__USVA-WS-0028__XmlWinEventLog.log,USVA-WS-0028,XmlWinEventLog:Security,XmlWinEventLog,1
raw/6214__USVA-WS-0029__XmlWinEventLog.log,USVA-WS-0029,XmlWinEventLog:Microsoft-Windows-Sysmon/Operational,XmlWinEventLog,6
raw/6215__USVA-WS-0029__XmlWinEventLog.log,USVA-WS-0029,XmlWinEventLog:Security,XmlWinEventLog,1
raw/6216__USVA-WS-0030__XmlWinEventLog.log,USVA-WS-0030,XmlWinEventLog:Microsoft-Windows-Sysmon/Operational,XmlWinEventLog,2
raw/6217__USVA-WS-0030__XmlWinEventLog.log,USVA-WS-0030,XmlWinEventLog:Security,XmlWinEventLog,2
raw/6218__USVA-WS-0030__ms_defender_eventhub.log,USVA-WS-0030,ms:defender:eventhub,ms:defender:eventhub,2
raw/6219__USVA-WS-0030__sccm_client.log,USVA-WS-0030,sccm:client,sccm:client,1
raw/6220__USVA-WS-0031__XmlWinEventLog.log,USVA-WS-0031,XmlWinEventLog:Microsoft-Windows-Sysmon/Operational,XmlWinEventLog,8
raw/6221__USVA-WS-0031__XmlWinEventLog.log,USVA-WS-0031,XmlWinEventLog:Security,XmlWinEventLog,1
raw/6222__USVA-WS-0031__ms_defender_eventhub.log,USVA-WS-0031,ms:defender:eventhub,ms:defender:eventhub,4
raw/6223__USVA-WS-0032__XmlWinEventLog.log,USVA-WS-0032,XmlWinEventLog:Microsoft-Windows-Sysmon/Operational,XmlWinEventLog,4
raw/6224__USVA-WS-0032__XmlWinEventLog.log,USVA-WS-0032,XmlWinEventLog:Security,XmlWinEventLog,5
raw/6225__USVA-WS-0032__ms_defender_eventhub.log,USVA-WS-0032,ms:defender:eventhub,ms:defender:eventhub,2
raw/6226__USVA-WS-0032__trellix_epo.log,USVA-WS-0032,trellix:epo,trellix:epo,1
raw/6227__USVA-WS-0032__wsus_client.log,USVA-WS-0032,wsus:client,wsus:client,1
raw/6228__USVA-WS-0033__XmlWinEventLog.log,USVA-WS-0033,XmlWinEventLog:Microsoft-Windows-Sysmon/Operational,XmlWinEventLog,7
raw/6229__USVA-WS-0033__XmlWinEventLog.log,USVA-WS-0033,XmlWinEventLog:Security,XmlWinEventLog,7
raw/6230__USVA-WS-0034__XmlWinEventLog.log,USVA-WS-0034,XmlWinEventLog:Microsoft-Windows-Sysmon/Operational,XmlWinEventLog,8
raw/6231__USVA-WS-0034__XmlWinEventLog.log,USVA-WS-0034,XmlWinEventLog:Security,XmlWinEventLog,3
raw/6232__USVA-WS-0034__trellix_epo.log,USVA-WS-0034,trellix:epo,trellix:epo,1
raw/6233__USVA-WS-0035__XmlWinEventLog.log,USVA-WS-0035,XmlWinEventLog:Microsoft-Windows-Sysmon/Operational,XmlWinEventLog,8
raw/6234__USVA-WS-0035__XmlWinEventLog.log,USVA-WS-0035,XmlWinEventLog:Security,XmlWinEventLog,2
raw/6235__USVA-WS-0036__XmlWinEventLog.log,USVA-WS-0036,XmlWinEventLog:Microsoft-Windows-Sysmon/Operational,XmlWinEventLog,6
raw/6236__USVA-WS-0036__XmlWinEventLog.log,USVA-WS-0036,XmlWinEventLog:Security,XmlWinEventLog,6
raw/6237__USVA-WS-0036__ms_defender_eventhub.log,USVA-WS-0036,ms:defender:eventhub,ms:defender:eventhub,3
raw/6238__USVA-WS-0036__sccm_client.log,USVA-WS-0036,sccm:client,sccm:client,1
raw/6239__USVA-WS-0037__XmlWinEventLog.log,USVA-WS-0037,XmlWinEventLog:Microsoft-Windows-Sysmon/Operational,XmlWinEventLog,8
raw/6240__USVA-WS-0037__XmlWinEventLog.log,USVA-WS-0037,XmlWinEventLog:Security,XmlWinEventLog,9
raw/6241__USVA-WS-0037__ms_defender_eventhub.log,USVA-WS-0037,ms:defender:eventhub,ms:defender:eventhub,1
raw/6242__USVA-WS-0037__trellix_epo.log,USVA-WS-0037,trellix:epo,trellix:epo,1
raw/6243__USVA-WS-0038__XmlWinEventLog.log,USVA-WS-0038,XmlWinEventLog:Microsoft-Windows-Sysmon/Operational,XmlWinEventLog,6
raw/6244__USVA-WS-0039__XmlWinEventLog.log,USVA-WS-0039,XmlWinEventLog:Microsoft-Windows-Sysmon/Operational,XmlWinEventLog,4
raw/6245__USVA-WS-0039__XmlWinEventLog.log,USVA-WS-0039,XmlWinEventLog:Security,XmlWinEventLog,8
raw/6246__USVA-WS-0040__XmlWinEventLog.log,USVA-WS-0040,XmlWinEventLog:Microsoft-Windows-Sysmon/Operational,XmlWinEventLog,2
raw/6247__USVA-WS-0040__XmlWinEventLog.log,USVA-WS-0040,XmlWinEventLog:Security,XmlWinEventLog,4
raw/6248__USVA-WS-0041__XmlWinEventLog.log,USVA-WS-0041,XmlWinEventLog:Microsoft-Windows-Sysmon/Operational,XmlWinEventLog,6
raw/6249__USVA-WS-0041__XmlWinEventLog.log,USVA-WS-0041,XmlWinEventLog:Security,XmlWinEventLog,4
raw/6250__USVA-WS-0041__ms_defender_eventhub.log,USVA-WS-0041,ms:defender:eventhub,ms:defender:eventhub,2
raw/6251__USVA-WS-0041__wsus_client.log,USVA-WS-0041,wsus:client,wsus:client,1
raw/6252__USVA-WS-0042__XmlWinEventLog.log,USVA-WS-0042,XmlWinEventLog:Microsoft-Windows-Sysmon/Operational,XmlWinEventLog,5
raw/6253__USVA-WS-0042__XmlWinEventLog.log,USVA-WS-0042,XmlWinEventLog:Security,XmlWinEventLog,3
raw/6254__USVA-WS-0042__ms_defender_eventhub.log,USVA-WS-0042,ms:defender:eventhub,ms:defender:eventhub,1
raw/6255__USVA-WS-0042__sccm_client.log,USVA-WS-0042,sccm:client,sccm:client,1
raw/6256__USVA-WS-0043__XmlWinEventLog.log,USVA-WS-0043,XmlWinEventLog:Microsoft-Windows-Sysmon/Operational,XmlWinEventLog,3
raw/6257__USVA-WS-0043__XmlWinEventLog.log,USVA-WS-0043,XmlWinEventLog:Security,XmlWinEventLog,2
raw/6258__USVA-WS-0044__XmlWinEventLog.log,USVA-WS-0044,XmlWinEventLog:Microsoft-Windows-Sysmon/Operational,XmlWinEventLog,5
raw/6259__USVA-WS-0044__XmlWinEventLog.log,USVA-WS-0044,XmlWinEventLog:Security,XmlWinEventLog,2
raw/6260__USVA-WS-0045__XmlWinEventLog.log,USVA-WS-0045,XmlWinEventLog:Microsoft-Windows-Sysmon/Operational,XmlWinEventLog,5
raw/6261__USVA-WS-0045__XmlWinEventLog.log,USVA-WS-0045,XmlWinEventLog:Security,XmlWinEventLog,3
raw/6262__USVA-WS-0045__trellix_epo.log,USVA-WS-0045,trellix:epo,trellix:epo,1
raw/6263__USVA-WS-0046__XmlWinEventLog.log,USVA-WS-0046,XmlWinEventLog:Microsoft-Windows-Sysmon/Operational,XmlWinEventLog,7
raw/6264__USVA-WS-0046__XmlWinEventLog.log,USVA-WS-0046,XmlWinEventLog:Security,XmlWinEventLog,2
raw/6265__USVA-WS-0047__XmlWinEventLog.log,USVA-WS-0047,XmlWinEventLog:Microsoft-Windows-Sysmon/Operational,XmlWinEventLog,5
raw/6266__USVA-WS-0047__XmlWinEventLog.log,USVA-WS-0047,XmlWinEventLog:Security,XmlWinEventLog,3
raw/6267__USVA-WS-0048__XmlWinEventLog.log,USVA-WS-0048,XmlWinEventLog:Microsoft-Windows-Sysmon/Operational,XmlWinEventLog,6
raw/6268__USVA-WS-0048__XmlWinEventLog.log,USVA-WS-0048,XmlWinEventLog:Security,XmlWinEventLog,5
raw/6269__USVA-WS-0048__sccm_client.log,USVA-WS-0048,sccm:client,sccm:client,1
raw/6270__USVA-WS-0048__trellix_epo.log,USVA-WS-0048,trellix:epo,trellix:epo,1
raw/6271__USVA-WS-0049__XmlWinEventLog.log,USVA-WS-0049,XmlWinEventLog:Microsoft-Windows-Sysmon/Operational,XmlWinEventLog,1
raw/6272__USVA-WS-0049__XmlWinEventLog.log,USVA-WS-0049,XmlWinEventLog:Security,XmlWinEventLog,5
raw/6273__USVA-WS-0050__XmlWinEventLog.log,USVA-WS-0050,XmlWinEventLog:Microsoft-Windows-Sysmon/Operational,XmlWinEventLog,5
raw/6274__USVA-WS-0050__XmlWinEventLog.log,USVA-WS-0050,XmlWinEventLog:Security,XmlWinEventLog,5
raw/6275__USVA-WS-0050__ms_defender_eventhub.log,USVA-WS-0050,ms:defender:eventhub,ms:defender:eventhub,1
raw/6276__USVA-WS-0051__XmlWinEventLog.log,USVA-WS-0051,XmlWinEventLog:Microsoft-Windows-Sysmon/Operational,XmlWinEventLog,6
raw/6277__USVA-WS-0051__XmlWinEventLog.log,USVA-WS-0051,XmlWinEventLog:Security,XmlWinEventLog,2
raw/6278__USVA-WS-0052__XmlWinEventLog.log,USVA-WS-0052,XmlWinEventLog:Microsoft-Windows-Sysmon/Operational,XmlWinEventLog,11
raw/6279__USVA-WS-0052__XmlWinEventLog.log,USVA-WS-0052,XmlWinEventLog:Security,XmlWinEventLog,9
raw/6280__USVA-WS-0052__sccm_client.log,USVA-WS-0052,sccm:client,sccm:client,1
raw/6281__USVA-WS-0053__XmlWinEventLog.log,USVA-WS-0053,XmlWinEventLog:Microsoft-Windows-Sysmon/Operational,XmlWinEventLog,3
raw/6282__USVA-WS-0053__XmlWinEventLog.log,USVA-WS-0053,XmlWinEventLog:Security,XmlWinEventLog,3
raw/6283__USVA-WS-0054__XmlWinEventLog.log,USVA-WS-0054,XmlWinEventLog:Microsoft-Windows-Sysmon/Operational,XmlWinEventLog,11
raw/6284__USVA-WS-0054__XmlWinEventLog.log,USVA-WS-0054,XmlWinEventLog:Security,XmlWinEventLog,5
raw/6285__USVA-WS-0054__ms_defender_eventhub.log,USVA-WS-0054,ms:defender:eventhub,ms:defender:eventhub,1
raw/6286__USVA-WS-0054__trellix_epo.log,USVA-WS-0054,trellix:epo,trellix:epo,1
raw/6287__USVA-WS-0054__wsus_client.log,USVA-WS-0054,wsus:client,wsus:client,1
raw/6288__USVA-WS-0055__XmlWinEventLog.log,USVA-WS-0055,XmlWinEventLog:Microsoft-Windows-Sysmon/Operational,XmlWinEventLog,2
raw/6289__USVA-WS-0055__XmlWinEventLog.log,USVA-WS-0055,XmlWinEventLog:Security,XmlWinEventLog,2
raw/6290__USVA-WS-0055__ms_defender_eventhub.log,USVA-WS-0055,ms:defender:eventhub,ms:defender:eventhub,1
raw/6291__USVA-WS-0055__trellix_epo.log,USVA-WS-0055,trellix:epo,trellix:epo,1
raw/6292__USVA-WS-0056__XmlWinEventLog.log,USVA-WS-0056,XmlWinEventLog:Microsoft-Windows-Sysmon/Operational,XmlWinEventLog,4
raw/6293__USVA-WS-0056__XmlWinEventLog.log,USVA-WS-0056,XmlWinEventLog:Security,XmlWinEventLog,3
raw/6294__USVA-WS-0056__ms_defender_eventhub.log,USVA-WS-0056,ms:defender:eventhub,ms:defender:eventhub,1
raw/6295__USVA-WS-0057__XmlWinEventLog.log,USVA-WS-0057,XmlWinEventLog:Microsoft-Windows-Sysmon/Operational,XmlWinEventLog,8
raw/6296__USVA-WS-0057__XmlWinEventLog.log,USVA-WS-0057,XmlWinEventLog:Security,XmlWinEventLog,3
raw/6297__USVA-WS-0057__ms_defender_eventhub.log,USVA-WS-0057,ms:defender:eventhub,ms:defender:eventhub,2
raw/6298__USVA-WS-0058__XmlWinEventLog.log,USVA-WS-0058,XmlWinEventLog:Microsoft-Windows-Sysmon/Operational,XmlWinEventLog,8
raw/6299__USVA-WS-0058__XmlWinEventLog.log,USVA-WS-0058,XmlWinEventLog:Security,XmlWinEventLog,3
raw/6300__USVA-WS-0058__trellix_epo.log,USVA-WS-0058,trellix:epo,trellix:epo,1
raw/6301__USVA-WS-0059__XmlWinEventLog.log,USVA-WS-0059,XmlWinEventLog:Microsoft-Windows-Sysmon/Operational,XmlWinEventLog,6
raw/6302__USVA-WS-0059__XmlWinEventLog.log,USVA-WS-0059,XmlWinEventLog:Security,XmlWinEventLog,2
raw/6303__USVA-WS-0059__ms_defender_eventhub.log,USVA-WS-0059,ms:defender:eventhub,ms:defender:eventhub,1
raw/6304__USVA-WS-0059__wsus_client.log,USVA-WS-0059,wsus:client,wsus:client,1
raw/6305__USVA-WS-0060__XmlWinEventLog.log,USVA-WS-0060,XmlWinEventLog:Microsoft-Windows-Sysmon/Operational,XmlWinEventLog,6
raw/6306__USVA-WS-0060__XmlWinEventLog.log,USVA-WS-0060,XmlWinEventLog:Security,XmlWinEventLog,3
raw/6307__USVA-WS-0060__ms_defender_eventhub.log,USVA-WS-0060,ms:defender:eventhub,ms:defender:eventhub,1
raw/6308__USVA-WS-0061__XmlWinEventLog.log,USVA-WS-0061,XmlWinEventLog:Microsoft-Windows-Sysmon/Operational,XmlWinEventLog,5
raw/6309__USVA-WS-0061__XmlWinEventLog.log,USVA-WS-0061,XmlWinEventLog:Security,XmlWinEventLog,4
raw/6310__USVA-WS-0061__ms_defender_eventhub.log,USVA-WS-0061,ms:defender:eventhub,ms:defender:eventhub,2
raw/6311__USVA-WS-0062__XmlWinEventLog.log,USVA-WS-0062,XmlWinEventLog:Microsoft-Windows-Sysmon/Operational,XmlWinEventLog,4
raw/6312__USVA-WS-0062__XmlWinEventLog.log,USVA-WS-0062,XmlWinEventLog:Security,XmlWinEventLog,4
raw/6313__USVA-WS-0062__ms_defender_eventhub.log,USVA-WS-0062,ms:defender:eventhub,ms:defender:eventhub,2
raw/6314__USVA-WS-0062__wsus_client.log,USVA-WS-0062,wsus:client,wsus:client,1
raw/6315__USVA-WS-0063__XmlWinEventLog.log,USVA-WS-0063,XmlWinEventLog:Microsoft-Windows-Sysmon/Operational,XmlWinEventLog,5
raw/6316__USVA-WS-0063__XmlWinEventLog.log,USVA-WS-0063,XmlWinEventLog:Security,XmlWinEventLog,3
raw/6317__USVA-WS-0063__ms_defender_eventhub.log,USVA-WS-0063,ms:defender:eventhub,ms:defender:eventhub,2
raw/6318__USVA-WS-0064__XmlWinEventLog.log,USVA-WS-0064,XmlWinEventLog:Microsoft-Windows-Sysmon/Operational,XmlWinEventLog,6
raw/6319__USVA-WS-0064__XmlWinEventLog.log,USVA-WS-0064,XmlWinEventLog:Security,XmlWinEventLog,4
raw/6320__USVA-WS-0064__wsus_client.log,USVA-WS-0064,wsus:client,wsus:client,2
raw/6321__USVA-ZEEK-01__bro_conn_json.log,USVA-ZEEK-01,zeek:conn,bro:conn:json,820
raw/6322__USVA-ZEEK-01__bro_dce_rpc_json.log,USVA-ZEEK-01,zeek:dce_rpc,bro:dce_rpc:json,88
raw/6323__USVA-ZEEK-01__bro_dns_json.log,USVA-ZEEK-01,zeek:dns,bro:dns:json,340
raw/6324__USVA-ZEEK-01__bro_http_json.log,USVA-ZEEK-01,zeek:http,bro:http:json,191
raw/6325__USVA-ZEEK-01__bro_smb_files_json.log,USVA-ZEEK-01,zeek:smb_files,bro:smb_files:json,71
raw/6326__USVA-ZEEK-01__bro_ssl_json.log,USVA-ZEEK-01,zeek:ssl,bro:ssl:json,320
