file,host,source,sourcetype,event_count
raw/0001__AWS-AIPLATFORM-DEV__aws_cloudtrail.log,AWS-AIPLATFORM-DEV,aws:cloudtrail,aws:cloudtrail,214
raw/0002__AWS-AIPLATFORM-DEV__aws_cloudwatchlogs_vpcflow.log,AWS-AIPLATFORM-DEV,aws:vpcflow,aws:cloudwatchlogs:vpcflow,232
raw/0003__AWS-ATLASSIAN-PROD__aws_cloudtrail.log,AWS-ATLASSIAN-PROD,aws:cloudtrail,aws:cloudtrail,226
raw/0004__AWS-ATLASSIAN-PROD__aws_cloudwatchlogs_vpcflow.log,AWS-ATLASSIAN-PROD,aws:vpcflow,aws:cloudwatchlogs:vpcflow,223
raw/0005__AWS-CLOUDTRAIL-US__aws_cloudtrail.log,AWS-CLOUDTRAIL-US,aws:cloudtrail,aws:cloudtrail,24
raw/0006__AWS-ENGINEERINGDATA-PROD__aws_cloudtrail.log,AWS-ENGINEERINGDATA-PROD,aws:cloudtrail,aws:cloudtrail,235
raw/0007__AWS-ENGINEERINGDATA-PROD__aws_cloudwatchlogs_vpcflow.log,AWS-ENGINEERINGDATA-PROD,aws:vpcflow,aws:cloudwatchlogs:vpcflow,203
raw/0008__AWS-GITLAB-01__gitlab_audit.log,AWS-GITLAB-01,gitlab:audit,gitlab:audit,195
raw/0009__AWS-GITLAB-PROD__aws_cloudtrail.log,AWS-GITLAB-PROD,aws:cloudtrail,aws:cloudtrail,227
raw/0010__AWS-GITLAB-PROD__aws_cloudwatchlogs_vpcflow.log,AWS-GITLAB-PROD,aws:vpcflow,aws:cloudwatchlogs:vpcflow,244
raw/0011__AWS-OBSERVABILITY-PROD__aws_cloudtrail.log,AWS-OBSERVABILITY-PROD,aws:cloudtrail,aws:cloudtrail,239
raw/0012__AWS-OBSERVABILITY-PROD__aws_cloudwatchlogs_vpcflow.log,AWS-OBSERVABILITY-PROD,aws:vpcflow,aws:cloudwatchlogs:vpcflow,229
raw/0013__AWS-WEB-PROD__aws_cloudwatchlogs_vpcflow.log,AWS-WEB-PROD,aws:vpcflow,aws:cloudwatchlogs:vpcflow,20
raw/0014__AWS-WEB-WAF-01__aws_waf.log,AWS-WEB-WAF-01,aws:waf,aws:waf,45
raw/0015__AWS-WEBPLATFORM-PROD__aws_cloudtrail.log,AWS-WEBPLATFORM-PROD,aws:cloudtrail,aws:cloudtrail,234
raw/0016__AWS-WEBPLATFORM-PROD__aws_cloudwatchlogs_vpcflow.log,AWS-WEBPLATFORM-PROD,aws:vpcflow,aws:cloudwatchlogs:vpcflow,200
raw/0017__SAAS-SERVICENOW__servicenow_audit.log,SAAS-SERVICENOW,servicenow:audit,servicenow:audit,210
raw/0018__USCA-APP-01__XmlWinEventLog.log,USCA-APP-01,XmlWinEventLog:Microsoft-Windows-Sysmon/Operational,XmlWinEventLog,14
raw/0019__USCA-APP-01__XmlWinEventLog.log,USCA-APP-01,XmlWinEventLog:Security,XmlWinEventLog,6
raw/0020__USCA-APP-01__ms_defender_eventhub.log,USCA-APP-01,ms:defender:eventhub,ms:defender:eventhub,1
raw/0021__USCA-APP-01__trellix_epo.log,USCA-APP-01,trellix:epo,trellix:epo,1
raw/0022__USCA-APP-02__XmlWinEventLog.log,USCA-APP-02,XmlWinEventLog:Microsoft-Windows-Sysmon/Operational,XmlWinEventLog,7
raw/0023__USCA-APP-02__XmlWinEventLog.log,USCA-APP-02,XmlWinEventLog:Security,XmlWinEventLog,9
raw/0024__USCA-APP-02__ms_defender_eventhub.log,USCA-APP-02,ms:defender:eventhub,ms:defender:eventhub,5
raw/0025__USCA-APP-02__trellix_epo.log,USCA-APP-02,trellix:epo,trellix:epo,1
raw/0026__USCA-APP-02__wsus_client.log,USCA-APP-02,wsus:client,wsus:client,1
raw/0027__USCA-APP-03__XmlWinEventLog.log,USCA-APP-03,XmlWinEventLog:Microsoft-Windows-Sysmon/Operational,XmlWinEventLog,11
raw/0028__USCA-APP-03__XmlWinEventLog.log,USCA-APP-03,XmlWinEventLog:Security,XmlWinEventLog,4
raw/0029__USCA-APP-03__ms_defender_eventhub.log,USCA-APP-03,ms:defender:eventhub,ms:defender:eventhub,2
raw/0030__USCA-APP-03__sccm_client.log,USCA-APP-03,sccm:client,sccm:client,1
raw/0031__USCA-APP-04__XmlWinEventLog.log,USCA-APP-04,XmlWinEventLog:Microsoft-Windows-Sysmon/Operational,XmlWinEventLog,6
raw/0032__USCA-APP-04__XmlWinEventLog.log,USCA-APP-04,XmlWinEventLog:Security,XmlWinEventLog,10
raw/0033__USCA-APP-04__ms_defender_eventhub.log,USCA-APP-04,ms:defender:eventhub,ms:defender:eventhub,2
raw/0034__USCA-APP-04__trellix_epo.log,USCA-APP-04,trellix:epo,trellix:epo,1
raw/0035__USCA-APP-04__wsus_client.log,USCA-APP-04,wsus:client,wsus:client,1
raw/0036__USCA-APP-05__XmlWinEventLog.log,USCA-APP-05,XmlWinEventLog:Microsoft-Windows-Sysmon/Operational,XmlWinEventLog,9
raw/0037__USCA-APP-05__XmlWinEventLog.log,USCA-APP-05,XmlWinEventLog:Security,XmlWinEventLog,9
raw/0038__USCA-APP-05__sccm_client.log,USCA-APP-05,sccm:client,sccm:client,1
raw/0039__USCA-APP-06__XmlWinEventLog.log,USCA-APP-06,XmlWinEventLog:Microsoft-Windows-Sysmon/Operational,XmlWinEventLog,4
raw/0040__USCA-APP-06__XmlWinEventLog.log,USCA-APP-06,XmlWinEventLog:Security,XmlWinEventLog,4
raw/0041__USCA-APP-06__ms_defender_eventhub.log,USCA-APP-06,ms:defender:eventhub,ms:defender:eventhub,1
raw/0042__USCA-APP-07__XmlWinEventLog.log,USCA-APP-07,XmlWinEventLog:Microsoft-Windows-Sysmon/Operational,XmlWinEventLog,11
raw/0043__USCA-APP-07__XmlWinEventLog.log,USCA-APP-07,XmlWinEventLog:Security,XmlWinEventLog,11
raw/0044__USCA-APP-07__trellix_epo.log,USCA-APP-07,trellix:epo,trellix:epo,3
raw/0045__USCA-APP-07__wsus_client.log,USCA-APP-07,wsus:client,wsus:client,1
raw/0046__USCA-APP-08__XmlWinEventLog.log,USCA-APP-08,XmlWinEventLog:Microsoft-Windows-Sysmon/Operational,XmlWinEventLog,6
raw/0047__USCA-APP-08__XmlWinEventLog.log,USCA-APP-08,XmlWinEventLog:Security,XmlWinEventLog,4
raw/0048__USCA-DC-01__XmlWinEventLog.log,USCA-DC-01,XmlWinEventLog:Security,XmlWinEventLog,201
raw/0049__USCA-FS-01__XmlWinEventLog.log,USCA-FS-01,XmlWinEventLog:Microsoft-Windows-Sysmon/Operational,XmlWinEventLog,4
raw/0050__USCA-FS-01__XmlWinEventLog.log,USCA-FS-01,XmlWinEventLog:Security,XmlWinEventLog,7
raw/0051__USCA-FS-01__ms_defender_eventhub.log,USCA-FS-01,ms:defender:eventhub,ms:defender:eventhub,4
raw/0052__USCA-FS-01__sccm_client.log,USCA-FS-01,sccm:client,sccm:client,1
raw/0053__USCA-FS-02__XmlWinEventLog.log,USCA-FS-02,XmlWinEventLog:Microsoft-Windows-Sysmon/Operational,XmlWinEventLog,7
raw/0054__USCA-FS-02__XmlWinEventLog.log,USCA-FS-02,XmlWinEventLog:Security,XmlWinEventLog,10
raw/0055__USCA-FS-02__ms_defender_eventhub.log,USCA-FS-02,ms:defender:eventhub,ms:defender:eventhub,2
raw/0056__USCA-FS-03__XmlWinEventLog.log,USCA-FS-03,XmlWinEventLog:Microsoft-Windows-Sysmon/Operational,XmlWinEventLog,9
raw/0057__USCA-FS-03__XmlWinEventLog.log,USCA-FS-03,XmlWinEventLog:Security,XmlWinEventLog,11
raw/0058__USCA-FS-03__ms_defender_eventhub.log,USCA-FS-03,ms:defender:eventhub,ms:defender:eventhub,4
raw/0059__USCA-FS-03__trellix_epo.log,USCA-FS-03,trellix:epo,trellix:epo,1
raw/0060__USCA-FS-04__XmlWinEventLog.log,USCA-FS-04,XmlWinEventLog:Microsoft-Windows-Sysmon/Operational,XmlWinEventLog,9
raw/0061__USCA-FS-04__XmlWinEventLog.log,USCA-FS-04,XmlWinEventLog:Security,XmlWinEventLog,8
raw/0062__USCA-FW-01__pan_traffic.log,USCA-FW-01,pan:traffic,pan:traffic,140
raw/0063__USCA-FW-02__fortigate_traffic.log,USCA-FW-02,fortigate_traffic,fortigate_traffic,141
raw/0064__USCA-FW-03__cisco_asa.log,USCA-FW-03,cisco:asa,cisco:asa,132
raw/0065__USCA-JUMP-01__XmlWinEventLog.log,USCA-JUMP-01,XmlWinEventLog:Microsoft-Windows-Sysmon/Operational,XmlWinEventLog,7
raw/0066__USCA-JUMP-01__XmlWinEventLog.log,USCA-JUMP-01,XmlWinEventLog:Security,XmlWinEventLog,9
raw/0067__USCA-JUMP-01__ms_defender_eventhub.log,USCA-JUMP-01,ms:defender:eventhub,ms:defender:eventhub,1
raw/0068__USCA-JUMP-01__sccm_client.log,USCA-JUMP-01,sccm:client,sccm:client,1
raw/0069__USCA-JUMP-01__trellix_epo.log,USCA-JUMP-01,trellix:epo,trellix:epo,1
raw/0070__USCA-JUMP-02__XmlWinEventLog.log,USCA-JUMP-02,XmlWinEventLog:Microsoft-Windows-Sysmon/Operational,XmlWinEventLog,11
raw/0071__USCA-JUMP-02__XmlWinEventLog.log,USCA-JUMP-02,XmlWinEventLog:Security,XmlWinEventLog,12
raw/0072__USCA-JUMP-02__ms_defender_eventhub.log,USCA-JUMP-02,ms:defender:eventhub,ms:defender:eventhub,1
raw/0073__USCA-JUMP-02__sccm_client.log,USCA-JUMP-02,sccm:client,sccm:client,1
raw/0074__USCA-JUMP-02__trellix_epo.log,USCA-JUMP-02,trellix:epo,trellix:epo,1
raw/0075__USCA-JUMP-03__XmlWinEventLog.log,USCA-JUMP-03,XmlWinEventLog:Microsoft-Windows-Sysmon/Operational,XmlWinEventLog,5
raw/0076__USCA-JUMP-03__XmlWinEventLog.log,USCA-JUMP-03,XmlWinEventLog:Security,XmlWinEventLog,8
raw/0077__USCA-JUMP-03__ms_defender_eventhub.log,USCA-JUMP-03,ms:defender:eventhub,ms:defender:eventhub,2
raw/0078__USCA-LNX-01__linux_audit.log,USCA-LNX-01,/var/log/audit/audit.log,linux_audit,76
raw/0079__USCA-LNX-01__linux_secure.log,USCA-LNX-01,/var/log/secure,linux_secure,22
raw/0080__USCA-LNX-01__syslog.log,USCA-LNX-01,/var/log/syslog,syslog,55
raw/0081__USCA-LNX-01__ms_defender_eventhub.log,USCA-LNX-01,ms:defender:eventhub,ms:defender:eventhub,2
raw/0082__USCA-LNX-02__linux_audit.log,USCA-LNX-02,/var/log/audit/audit.log,linux_audit,169
raw/0083__USCA-LNX-02__linux_secure.log,USCA-LNX-02,/var/log/secure,linux_secure,35
raw/0084__USCA-LNX-02__syslog.log,USCA-LNX-02,/var/log/syslog,syslog,66
raw/0085__USCA-LNX-02__trellix_epo.log,USCA-LNX-02,trellix:epo,trellix:epo,1
raw/0086__USCA-LNX-03__linux_audit.log,USCA-LNX-03,/var/log/audit/audit.log,linux_audit,115
raw/0087__USCA-LNX-03__linux_secure.log,USCA-LNX-03,/var/log/secure,linux_secure,20
raw/0088__USCA-LNX-03__syslog.log,USCA-LNX-03,/var/log/syslog,syslog,35
raw/0089__USCA-LNX-04__linux_audit.log,USCA-LNX-04,/var/log/audit/audit.log,linux_audit,131
raw/0090__USCA-LNX-04__linux_secure.log,USCA-LNX-04,/var/log/secure,linux_secure,18
raw/0091__USCA-LNX-04__syslog.log,USCA-LNX-04,/var/log/syslog,syslog,50
raw/0092__USCA-LNX-05__linux_audit.log,USCA-LNX-05,/var/log/audit/audit.log,linux_audit,123
raw/0093__USCA-LNX-05__linux_secure.log,USCA-LNX-05,/var/log/secure,linux_secure,19
raw/0094__USCA-LNX-05__syslog.log,USCA-LNX-05,/var/log/syslog,syslog,49
raw/0095__USCA-LNX-06__linux_audit.log,USCA-LNX-06,/var/log/audit/audit.log,linux_audit,108
raw/0096__USCA-LNX-06__linux_secure.log,USCA-LNX-06,/var/log/secure,linux_secure,24
raw/0097__USCA-LNX-06__syslog.log,USCA-LNX-06,/var/log/syslog,syslog,39
raw/0098__USCA-LNX-07__linux_audit.log,USCA-LNX-07,/var/log/audit/audit.log,linux_audit,169
raw/0099__USCA-LNX-07__linux_secure.log,USCA-LNX-07,/var/log/secure,linux_secure,17
raw/0100__USCA-LNX-07__syslog.log,USCA-LNX-07,/var/log/syslog,syslog,43
raw/0101__USCA-LNX-07__ms_defender_eventhub.log,USCA-LNX-07,ms:defender:eventhub,ms:defender:eventhub,2
raw/0102__USCA-LNX-08__linux_audit.log,USCA-LNX-08,/var/log/audit/audit.log,linux_audit,116
raw/0103__USCA-LNX-08__linux_secure.log,USCA-LNX-08,/var/log/secure,linux_secure,34
raw/0104__USCA-LNX-08__syslog.log,USCA-LNX-08,/var/log/syslog,syslog,42
raw/0105__USCA-LNX-08__ms_defender_eventhub.log,USCA-LNX-08,ms:defender:eventhub,ms:defender:eventhub,1
raw/0106__USCA-LNX-08__trellix_epo.log,USCA-LNX-08,trellix:epo,trellix:epo,1
raw/0107__USCA-PACS-01__pacs_access.log,USCA-PACS-01,pacs:access,pacs:access,166
raw/0108__USCA-PAW-01__XmlWinEventLog.log,USCA-PAW-01,XmlWinEventLog:Microsoft-Windows-Sysmon/Operational,XmlWinEventLog,8
raw/0109__USCA-PAW-01__XmlWinEventLog.log,USCA-PAW-01,XmlWinEventLog:Security,XmlWinEventLog,4
raw/0110__USCA-PAW-02__XmlWinEventLog.log,USCA-PAW-02,XmlWinEventLog:Microsoft-Windows-Sysmon/Operational,XmlWinEventLog,5
raw/0111__USCA-PAW-02__XmlWinEventLog.log,USCA-PAW-02,XmlWinEventLog:Security,XmlWinEventLog,4
raw/0112__USCA-PAW-02__ms_defender_eventhub.log,USCA-PAW-02,ms:defender:eventhub,ms:defender:eventhub,3
raw/0113__USCA-PAW-02__sccm_client.log,USCA-PAW-02,sccm:client,sccm:client,1
raw/0114__USCA-PAW-03__XmlWinEventLog.log,USCA-PAW-03,XmlWinEventLog:Microsoft-Windows-Sysmon/Operational,XmlWinEventLog,9
raw/0115__USCA-PAW-03__XmlWinEventLog.log,USCA-PAW-03,XmlWinEventLog:Security,XmlWinEventLog,7
raw/0116__USCA-PAW-03__ms_defender_eventhub.log,USCA-PAW-03,ms:defender:eventhub,ms:defender:eventhub,3
raw/0117__USCA-PAW-03__sccm_client.log,USCA-PAW-03,sccm:client,sccm:client,1
raw/0118__USCA-PAW-04__XmlWinEventLog.log,USCA-PAW-04,XmlWinEventLog:Microsoft-Windows-Sysmon/Operational,XmlWinEventLog,8
raw/0119__USCA-PAW-04__XmlWinEventLog.log,USCA-PAW-04,XmlWinEventLog:Security,XmlWinEventLog,10
raw/0120__USCA-PAW-04__sccm_client.log,USCA-PAW-04,sccm:client,sccm:client,1
raw/0121__USCA-PAW-04__trellix_epo.log,USCA-PAW-04,trellix:epo,trellix:epo,1
raw/0122__USCA-PAW-05__XmlWinEventLog.log,USCA-PAW-05,XmlWinEventLog:Microsoft-Windows-Sysmon/Operational,XmlWinEventLog,6
raw/0123__USCA-PAW-05__XmlWinEventLog.log,USCA-PAW-05,XmlWinEventLog:Security,XmlWinEventLog,12
raw/0124__USCA-PAW-05__ms_defender_eventhub.log,USCA-PAW-05,ms:defender:eventhub,ms:defender:eventhub,6
raw/0125__USCA-PAW-05__sccm_client.log,USCA-PAW-05,sccm:client,sccm:client,3
raw/0126__USCA-PAW-06__XmlWinEventLog.log,USCA-PAW-06,XmlWinEventLog:Microsoft-Windows-Sysmon/Operational,XmlWinEventLog,6
raw/0127__USCA-PAW-06__XmlWinEventLog.log,USCA-PAW-06,XmlWinEventLog:Security,XmlWinEventLog,6
raw/0128__USCA-PAW-06__ms_defender_eventhub.log,USCA-PAW-06,ms:defender:eventhub,ms:defender:eventhub,1
raw/0129__USCA-RTR-01__cisco_ios.log,USCA-RTR-01,cisco:ios,cisco:ios,60
raw/0130__USCA-RTR-02__juniper.log,USCA-RTR-02,juniper,juniper,36
raw/0131__USCA-RTR-02__juniper_junos_firewall.log,USCA-RTR-02,juniper:junos:firewall,juniper:junos:firewall,23
raw/0132__USCA-VDI-01__XmlWinEventLog.log,USCA-VDI-01,XmlWinEventLog:Microsoft-Windows-Sysmon/Operational,XmlWinEventLog,8
raw/0133__USCA-VDI-01__XmlWinEventLog.log,USCA-VDI-01,XmlWinEventLog:Security,XmlWinEventLog,4
raw/0134__USCA-VDI-01__ms_defender_eventhub.log,USCA-VDI-01,ms:defender:eventhub,ms:defender:eventhub,3
raw/0135__USCA-VDI-02__XmlWinEventLog.log,USCA-VDI-02,XmlWinEventLog:Microsoft-Windows-Sysmon/Operational,XmlWinEventLog,8
raw/0136__USCA-VDI-02__XmlWinEventLog.log,USCA-VDI-02,XmlWinEventLog:Security,XmlWinEventLog,9
raw/0137__USCA-VDI-02__ms_defender_eventhub.log,USCA-VDI-02,ms:defender:eventhub,ms:defender:eventhub,3
raw/0138__USCA-VDI-02__sccm_client.log,USCA-VDI-02,sccm:client,sccm:client,1
raw/0139__USCA-VDI-02__trellix_epo.log,USCA-VDI-02,trellix:epo,trellix:epo,2
raw/0140__USCA-VDI-03__XmlWinEventLog.log,USCA-VDI-03,XmlWinEventLog:Microsoft-Windows-Sysmon/Operational,XmlWinEventLog,9
raw/0141__USCA-VDI-03__XmlWinEventLog.log,USCA-VDI-03,XmlWinEventLog:Security,XmlWinEventLog,1
raw/0142__USCA-VDI-03__wsus_client.log,USCA-VDI-03,wsus:client,wsus:client,1
raw/0143__USCA-WS-0001__XmlWinEventLog.log,USCA-WS-0001,XmlWinEventLog:Microsoft-Windows-Sysmon/Operational,XmlWinEventLog,13
raw/0144__USCA-WS-0001__XmlWinEventLog.log,USCA-WS-0001,XmlWinEventLog:Security,XmlWinEventLog,13
raw/0145__USCA-WS-0001__wsus_client.log,USCA-WS-0001,wsus:client,wsus:client,1
raw/0146__USCA-WS-0002__XmlWinEventLog.log,USCA-WS-0002,XmlWinEventLog:Microsoft-Windows-Sysmon/Operational,XmlWinEventLog,11
raw/0147__USCA-WS-0002__XmlWinEventLog.log,USCA-WS-0002,XmlWinEventLog:Security,XmlWinEventLog,16
raw/0148__USCA-WS-0002__sccm_client.log,USCA-WS-0002,sccm:client,sccm:client,2
raw/0149__USCA-WS-0002__wsus_client.log,USCA-WS-0002,wsus:client,wsus:client,1
raw/0150__USCA-WS-0003__XmlWinEventLog.log,USCA-WS-0003,XmlWinEventLog:Microsoft-Windows-Sysmon/Operational,XmlWinEventLog,12
raw/0151__USCA-WS-0003__XmlWinEventLog.log,USCA-WS-0003,XmlWinEventLog:Security,XmlWinEventLog,13
raw/0152__USCA-WS-0003__sccm_client.log,USCA-WS-0003,sccm:client,sccm:client,2
raw/0153__USCA-WS-0003__trellix_epo.log,USCA-WS-0003,trellix:epo,trellix:epo,1
raw/0154__USCA-WS-0003__wsus_client.log,USCA-WS-0003,wsus:client,wsus:client,1
raw/0155__USCA-WS-0004__XmlWinEventLog.log,USCA-WS-0004,XmlWinEventLog:Microsoft-Windows-Sysmon/Operational,XmlWinEventLog,11
raw/0156__USCA-WS-0004__XmlWinEventLog.log,USCA-WS-0004,XmlWinEventLog:Security,XmlWinEventLog,14
raw/0157__USCA-WS-0004__sccm_client.log,USCA-WS-0004,sccm:client,sccm:client,1
raw/0158__USCA-WS-0005__XmlWinEventLog.log,USCA-WS-0005,XmlWinEventLog:Microsoft-Windows-Sysmon/Operational,XmlWinEventLog,9
raw/0159__USCA-WS-0005__XmlWinEventLog.log,USCA-WS-0005,XmlWinEventLog:Security,XmlWinEventLog,14
raw/0160__USCA-WS-0005__ms_defender_eventhub.log,USCA-WS-0005,ms:defender:eventhub,ms:defender:eventhub,1
raw/0161__USCA-WS-0005__trellix_epo.log,USCA-WS-0005,trellix:epo,trellix:epo,2
raw/0162__USCA-WS-0006__XmlWinEventLog.log,USCA-WS-0006,XmlWinEventLog:Microsoft-Windows-Sysmon/Operational,XmlWinEventLog,11
raw/0163__USCA-WS-0006__XmlWinEventLog.log,USCA-WS-0006,XmlWinEventLog:Security,XmlWinEventLog,16
raw/0164__USCA-WS-0007__XmlWinEventLog.log,USCA-WS-0007,XmlWinEventLog:Microsoft-Windows-Sysmon/Operational,XmlWinEventLog,13
raw/0165__USCA-WS-0007__XmlWinEventLog.log,USCA-WS-0007,XmlWinEventLog:Security,XmlWinEventLog,12
raw/0166__USCA-WS-0007__ms_defender_eventhub.log,USCA-WS-0007,ms:defender:eventhub,ms:defender:eventhub,3
raw/0167__USCA-WS-0007__trellix_epo.log,USCA-WS-0007,trellix:epo,trellix:epo,1
raw/0168__USCA-WS-0007__wsus_client.log,USCA-WS-0007,wsus:client,wsus:client,1
raw/0169__USCA-WS-0008__XmlWinEventLog.log,USCA-WS-0008,XmlWinEventLog:Microsoft-Windows-Sysmon/Operational,XmlWinEventLog,14
raw/0170__USCA-WS-0008__XmlWinEventLog.log,USCA-WS-0008,XmlWinEventLog:Security,XmlWinEventLog,14
raw/0171__USCA-WS-0008__sccm_client.log,USCA-WS-0008,sccm:client,sccm:client,1
raw/0172__USCA-WS-0009__XmlWinEventLog.log,USCA-WS-0009,XmlWinEventLog:Microsoft-Windows-Sysmon/Operational,XmlWinEventLog,22
raw/0173__USCA-WS-0009__XmlWinEventLog.log,USCA-WS-0009,XmlWinEventLog:Security,XmlWinEventLog,16
raw/0174__USCA-WS-0009__ms_defender_eventhub.log,USCA-WS-0009,ms:defender:eventhub,ms:defender:eventhub,1
raw/0175__USCA-WS-0010__XmlWinEventLog.log,USCA-WS-0010,XmlWinEventLog:Microsoft-Windows-Sysmon/Operational,XmlWinEventLog,12
raw/0176__USCA-WS-0010__XmlWinEventLog.log,USCA-WS-0010,XmlWinEventLog:Security,XmlWinEventLog,14
raw/0177__USCA-WS-0010__wsus_client.log,USCA-WS-0010,wsus:client,wsus:client,1
raw/0178__USCA-WS-0011__XmlWinEventLog.log,USCA-WS-0011,XmlWinEventLog:Microsoft-Windows-Sysmon/Operational,XmlWinEventLog,11
raw/0179__USCA-WS-0011__XmlWinEventLog.log,USCA-WS-0011,XmlWinEventLog:Security,XmlWinEventLog,7
raw/0180__USCA-WS-0011__trellix_epo.log,USCA-WS-0011,trellix:epo,trellix:epo,1
raw/0181__USCA-WS-0012__XmlWinEventLog.log,USCA-WS-0012,XmlWinEventLog:Microsoft-Windows-Sysmon/Operational,XmlWinEventLog,14
raw/0182__USCA-WS-0012__XmlWinEventLog.log,USCA-WS-0012,XmlWinEventLog:Security,XmlWinEventLog,12
raw/0183__USCA-WS-0012__ms_defender_eventhub.log,USCA-WS-0012,ms:defender:eventhub,ms:defender:eventhub,1
raw/0184__USCA-WS-0012__sccm_client.log,USCA-WS-0012,sccm:client,sccm:client,1
raw/0185__USCA-WS-0013__XmlWinEventLog.log,USCA-WS-0013,XmlWinEventLog:Microsoft-Windows-Sysmon/Operational,XmlWinEventLog,13
raw/0186__USCA-WS-0013__XmlWinEventLog.log,USCA-WS-0013,XmlWinEventLog:Security,XmlWinEventLog,9
raw/0187__USCA-WS-0013__ms_defender_eventhub.log,USCA-WS-0013,ms:defender:eventhub,ms:defender:eventhub,1
raw/0188__USCA-WS-0013__trellix_epo.log,USCA-WS-0013,trellix:epo,trellix:epo,2
raw/0189__USCA-WS-0014__XmlWinEventLog.log,USCA-WS-0014,XmlWinEventLog:Microsoft-Windows-Sysmon/Operational,XmlWinEventLog,22
raw/0190__USCA-WS-0014__XmlWinEventLog.log,USCA-WS-0014,XmlWinEventLog:Security,XmlWinEventLog,10
raw/0191__USCA-WS-0014__ms_defender_eventhub.log,USCA-WS-0014,ms:defender:eventhub,ms:defender:eventhub,2
raw/0192__USCA-WS-0014__sccm_client.log,USCA-WS-0014,sccm:client,sccm:client,1
raw/0193__USCA-WS-0014__trellix_epo.log,USCA-WS-0014,trellix:epo,trellix:epo,1
raw/0194__USCA-WS-0015__XmlWinEventLog.log,USCA-WS-0015,XmlWinEventLog:Microsoft-Windows-Sysmon/Operational,XmlWinEventLog,13
raw/0195__USCA-WS-0015__XmlWinEventLog.log,USCA-WS-0015,XmlWinEventLog:Security,XmlWinEventLog,15
raw/0196__USCA-WS-0015__sccm_client.log,USCA-WS-0015,sccm:client,sccm:client,1
raw/0197__USCA-WS-0015__trellix_epo.log,USCA-WS-0015,trellix:epo,trellix:epo,1
raw/0198__USCA-WS-0016__XmlWinEventLog.log,USCA-WS-0016,XmlWinEventLog:Microsoft-Windows-Sysmon/Operational,XmlWinEventLog,11
raw/0199__USCA-WS-0016__XmlWinEventLog.log,USCA-WS-0016,XmlWinEventLog:Security,XmlWinEventLog,9
raw/0200__USCA-WS-0016__ms_defender_eventhub.log,USCA-WS-0016,ms:defender:eventhub,ms:defender:eventhub,2
raw/0201__USCA-WS-0017__XmlWinEventLog.log,USCA-WS-0017,XmlWinEventLog:Microsoft-Windows-Sysmon/Operational,XmlWinEventLog,17
raw/0202__USCA-WS-0017__XmlWinEventLog.log,USCA-WS-0017,XmlWinEventLog:Security,XmlWinEventLog,13
raw/0203__USCA-WS-0017__trellix_epo.log,USCA-WS-0017,trellix:epo,trellix:epo,2
raw/0204__USCA-WS-0018__XmlWinEventLog.log,USCA-WS-0018,XmlWinEventLog:Microsoft-Windows-Sysmon/Operational,XmlWinEventLog,11
raw/0205__USCA-WS-0018__XmlWinEventLog.log,USCA-WS-0018,XmlWinEventLog:Security,XmlWinEventLog,9
raw/0206__USCA-WS-0018__ms_defender_eventhub.log,USCA-WS-0018,ms:defender:eventhub,ms:defender:eventhub,2
raw/0207__USCA-WS-0018__sccm_client.log,USCA-WS-0018,sccm:client,sccm:client,3
raw/0208__USCA-WS-0018__wsus_client.log,USCA-WS-0018,wsus:client,wsus:client,2
raw/0209__USCA-WS-0019__XmlWinEventLog.log,USCA-WS-0019,XmlWinEventLog:Microsoft-Windows-Sysmon/Operational,XmlWinEventLog,11
raw/0210__USCA-WS-0019__XmlWinEventLog.log,USCA-WS-0019,XmlWinEventLog:Security,XmlWinEventLog,18
raw/0211__USCA-WS-0019__ms_defender_eventhub.log,USCA-WS-0019,ms:defender:eventhub,ms:defender:eventhub,1
raw/0212__USCA-WS-0019__trellix_epo.log,USCA-WS-0019,trellix:epo,trellix:epo,1
raw/0213__USCA-WS-0019__wsus_client.log,USCA-WS-0019,wsus:client,wsus:client,1
raw/0214__USCA-WS-0020__XmlWinEventLog.log,USCA-WS-0020,XmlWinEventLog:Microsoft-Windows-Sysmon/Operational,XmlWinEventLog,13
raw/0215__USCA-WS-0020__XmlWinEventLog.log,USCA-WS-0020,XmlWinEventLog:Security,XmlWinEventLog,14
raw/0216__USCA-WS-0020__wsus_client.log,USCA-WS-0020,wsus:client,wsus:client,2
raw/0217__USCA-WS-0021__XmlWinEventLog.log,USCA-WS-0021,XmlWinEventLog:Microsoft-Windows-Sysmon/Operational,XmlWinEventLog,13
raw/0218__USCA-WS-0021__XmlWinEventLog.log,USCA-WS-0021,XmlWinEventLog:Security,XmlWinEventLog,9
raw/0219__USCA-WS-0021__wsus_client.log,USCA-WS-0021,wsus:client,wsus:client,2
raw/0220__USCA-WS-0022__XmlWinEventLog.log,USCA-WS-0022,XmlWinEventLog:Microsoft-Windows-Sysmon/Operational,XmlWinEventLog,14
raw/0221__USCA-WS-0022__XmlWinEventLog.log,USCA-WS-0022,XmlWinEventLog:Security,XmlWinEventLog,10
raw/0222__USCA-WS-0022__ms_defender_eventhub.log,USCA-WS-0022,ms:defender:eventhub,ms:defender:eventhub,2
raw/0223__USCA-WS-0022__trellix_epo.log,USCA-WS-0022,trellix:epo,trellix:epo,1
raw/0224__USCA-WS-0023__XmlWinEventLog.log,USCA-WS-0023,XmlWinEventLog:Microsoft-Windows-Sysmon/Operational,XmlWinEventLog,12
raw/0225__USCA-WS-0023__XmlWinEventLog.log,USCA-WS-0023,XmlWinEventLog:Security,XmlWinEventLog,8
raw/0226__USCA-WS-0023__ms_defender_eventhub.log,USCA-WS-0023,ms:defender:eventhub,ms:defender:eventhub,2
raw/0227__USCA-WS-0023__trellix_epo.log,USCA-WS-0023,trellix:epo,trellix:epo,3
raw/0228__USCA-WS-0023__wsus_client.log,USCA-WS-0023,wsus:client,wsus:client,1
raw/0229__USCA-WS-0024__XmlWinEventLog.log,USCA-WS-0024,XmlWinEventLog:Microsoft-Windows-Sysmon/Operational,XmlWinEventLog,11
raw/0230__USCA-WS-0024__XmlWinEventLog.log,USCA-WS-0024,XmlWinEventLog:Security,XmlWinEventLog,5
raw/0231__USCA-WS-0024__ms_defender_eventhub.log,USCA-WS-0024,ms:defender:eventhub,ms:defender:eventhub,1
raw/0232__USCA-WS-0024__sccm_client.log,USCA-WS-0024,sccm:client,sccm:client,2
raw/0233__USCA-WS-0025__XmlWinEventLog.log,USCA-WS-0025,XmlWinEventLog:Microsoft-Windows-Sysmon/Operational,XmlWinEventLog,5
raw/0234__USCA-WS-0025__XmlWinEventLog.log,USCA-WS-0025,XmlWinEventLog:Security,XmlWinEventLog,6
raw/0235__USCA-WS-0025__trellix_epo.log,USCA-WS-0025,trellix:epo,trellix:epo,1
raw/0236__USCA-WS-0025__wsus_client.log,USCA-WS-0025,wsus:client,wsus:client,1
raw/0237__USCA-WS-0026__XmlWinEventLog.log,USCA-WS-0026,XmlWinEventLog:Microsoft-Windows-Sysmon/Operational,XmlWinEventLog,6
raw/0238__USCA-WS-0026__XmlWinEventLog.log,USCA-WS-0026,XmlWinEventLog:Security,XmlWinEventLog,7
raw/0239__USCA-WS-0026__wsus_client.log,USCA-WS-0026,wsus:client,wsus:client,1
raw/0240__USCA-WS-0027__XmlWinEventLog.log,USCA-WS-0027,XmlWinEventLog:Microsoft-Windows-Sysmon/Operational,XmlWinEventLog,3
raw/0241__USCA-WS-0027__XmlWinEventLog.log,USCA-WS-0027,XmlWinEventLog:Security,XmlWinEventLog,7
raw/0242__USCA-WS-0027__sccm_client.log,USCA-WS-0027,sccm:client,sccm:client,1
raw/0243__USCA-WS-0027__wsus_client.log,USCA-WS-0027,wsus:client,wsus:client,1
raw/0244__USCA-WS-0028__XmlWinEventLog.log,USCA-WS-0028,XmlWinEventLog:Microsoft-Windows-Sysmon/Operational,XmlWinEventLog,2
raw/0245__USCA-WS-0028__XmlWinEventLog.log,USCA-WS-0028,XmlWinEventLog:Security,XmlWinEventLog,5
raw/0246__USCA-WS-0028__ms_defender_eventhub.log,USCA-WS-0028,ms:defender:eventhub,ms:defender:eventhub,1
raw/0247__USCA-WS-0028__sccm_client.log,USCA-WS-0028,sccm:client,sccm:client,1
raw/0248__USCA-WS-0028__trellix_epo.log,USCA-WS-0028,trellix:epo,trellix:epo,1
raw/0249__USCA-WS-0029__XmlWinEventLog.log,USCA-WS-0029,XmlWinEventLog:Microsoft-Windows-Sysmon/Operational,XmlWinEventLog,10
raw/0250__USCA-WS-0029__XmlWinEventLog.log,USCA-WS-0029,XmlWinEventLog:Security,XmlWinEventLog,6
raw/0251__USCA-WS-0029__ms_defender_eventhub.log,USCA-WS-0029,ms:defender:eventhub,ms:defender:eventhub,1
raw/0252__USCA-WS-0029__sccm_client.log,USCA-WS-0029,sccm:client,sccm:client,3
raw/0253__USCA-WS-0030__XmlWinEventLog.log,USCA-WS-0030,XmlWinEventLog:Microsoft-Windows-Sysmon/Operational,XmlWinEventLog,4
raw/0254__USCA-WS-0030__XmlWinEventLog.log,USCA-WS-0030,XmlWinEventLog:Security,XmlWinEventLog,5
raw/0255__USCA-WS-0030__trellix_epo.log,USCA-WS-0030,trellix:epo,trellix:epo,1
raw/0256__USCA-WS-0031__XmlWinEventLog.log,USCA-WS-0031,XmlWinEventLog:Microsoft-Windows-Sysmon/Operational,XmlWinEventLog,8
raw/0257__USCA-WS-0031__XmlWinEventLog.log,USCA-WS-0031,XmlWinEventLog:Security,XmlWinEventLog,7
raw/0258__USCA-WS-0031__ms_defender_eventhub.log,USCA-WS-0031,ms:defender:eventhub,ms:defender:eventhub,1
raw/0259__USCA-WS-0031__trellix_epo.log,USCA-WS-0031,trellix:epo,trellix:epo,1
raw/0260__USCA-WS-0032__XmlWinEventLog.log,USCA-WS-0032,XmlWinEventLog:Microsoft-Windows-Sysmon/Operational,XmlWinEventLog,8
raw/0261__USCA-WS-0032__XmlWinEventLog.log,USCA-WS-0032,XmlWinEventLog:Security,XmlWinEventLog,7
raw/0262__USCA-WS-0032__sccm_client.log,USCA-WS-0032,sccm:client,sccm:client,1
raw/0263__USCA-WS-0032__trellix_epo.log,USCA-WS-0032,trellix:epo,trellix:epo,1
raw/0264__USCA-WS-0033__XmlWinEventLog.log,USCA-WS-0033,XmlWinEventLog:Microsoft-Windows-Sysmon/Operational,XmlWinEventLog,9
raw/0265__USCA-WS-0033__XmlWinEventLog.log,USCA-WS-0033,XmlWinEventLog:Security,XmlWinEventLog,9
raw/0266__USCA-WS-0033__ms_defender_eventhub.log,USCA-WS-0033,ms:defender:eventhub,ms:defender:eventhub,1
raw/0267__USCA-WS-0033__trellix_epo.log,USCA-WS-0033,trellix:epo,trellix:epo,3
raw/0268__USCA-WS-0034__XmlWinEventLog.log,USCA-WS-0034,XmlWinEventLog:Microsoft-Windows-Sysmon/Operational,XmlWinEventLog,9
raw/0269__USCA-WS-0034__XmlWinEventLog.log,USCA-WS-0034,XmlWinEventLog:Security,XmlWinEventLog,6
raw/0270__USCA-WS-0034__sccm_client.log,USCA-WS-0034,sccm:client,sccm:client,1
raw/0271__USCA-WS-0034__wsus_client.log,USCA-WS-0034,wsus:client,wsus:client,2
raw/0272__USCA-WS-0035__XmlWinEventLog.log,USCA-WS-0035,XmlWinEventLog:Microsoft-Windows-Sysmon/Operational,XmlWinEventLog,15
raw/0273__USCA-WS-0035__XmlWinEventLog.log,USCA-WS-0035,XmlWinEventLog:Security,XmlWinEventLog,7
raw/0274__USCA-WS-0035__ms_defender_eventhub.log,USCA-WS-0035,ms:defender:eventhub,ms:defender:eventhub,2
raw/0275__USCA-WS-0035__sccm_client.log,USCA-WS-0035,sccm:client,sccm:client,1
raw/0276__USCA-WS-0035__trellix_epo.log,USCA-WS-0035,trellix:epo,trellix:epo,1
raw/0277__USCA-WS-0035__wsus_client.log,USCA-WS-0035,wsus:client,wsus:client,1
raw/0278__USCA-WS-0036__XmlWinEventLog.log,USCA-WS-0036,XmlWinEventLog:Microsoft-Windows-Sysmon/Operational,XmlWinEventLog,8
raw/0279__USCA-WS-0036__XmlWinEventLog.log,USCA-WS-0036,XmlWinEventLog:Security,XmlWinEventLog,12
raw/0280__USCA-WS-0036__ms_defender_eventhub.log,USCA-WS-0036,ms:defender:eventhub,ms:defender:eventhub,2
raw/0281__USCA-WS-0036__trellix_epo.log,USCA-WS-0036,trellix:epo,trellix:epo,1
raw/0282__USCA-WS-0037__XmlWinEventLog.log,USCA-WS-0037,XmlWinEventLog:Microsoft-Windows-Sysmon/Operational,XmlWinEventLog,11
raw/0283__USCA-WS-0037__XmlWinEventLog.log,USCA-WS-0037,XmlWinEventLog:Security,XmlWinEventLog,8
raw/0284__USCA-WS-0037__ms_defender_eventhub.log,USCA-WS-0037,ms:defender:eventhub,ms:defender:eventhub,2
raw/0285__USCA-WS-0037__trellix_epo.log,USCA-WS-0037,trellix:epo,trellix:epo,2
raw/0286__USCA-WS-0038__XmlWinEventLog.log,USCA-WS-0038,XmlWinEventLog:Microsoft-Windows-Sysmon/Operational,XmlWinEventLog,8
raw/0287__USCA-WS-0038__XmlWinEventLog.log,USCA-WS-0038,XmlWinEventLog:Security,XmlWinEventLog,3
raw/0288__USCA-WS-0038__ms_defender_eventhub.log,USCA-WS-0038,ms:defender:eventhub,ms:defender:eventhub,5
raw/0289__USCA-WS-0038__trellix_epo.log,USCA-WS-0038,trellix:epo,trellix:epo,2
raw/0290__USCA-WS-0039__XmlWinEventLog.log,USCA-WS-0039,XmlWinEventLog:Microsoft-Windows-Sysmon/Operational,XmlWinEventLog,9
raw/0291__USCA-WS-0039__XmlWinEventLog.log,USCA-WS-0039,XmlWinEventLog:Security,XmlWinEventLog,8
raw/0292__USCA-WS-0039__ms_defender_eventhub.log,USCA-WS-0039,ms:defender:eventhub,ms:defender:eventhub,1
raw/0293__USCA-WS-0039__sccm_client.log,USCA-WS-0039,sccm:client,sccm:client,2
raw/0294__USCA-WS-0039__trellix_epo.log,USCA-WS-0039,trellix:epo,trellix:epo,2
raw/0295__USCA-WS-0040__XmlWinEventLog.log,USCA-WS-0040,XmlWinEventLog:Microsoft-Windows-Sysmon/Operational,XmlWinEventLog,8
raw/0296__USCA-WS-0040__XmlWinEventLog.log,USCA-WS-0040,XmlWinEventLog:Security,XmlWinEventLog,8
raw/0297__USCA-WS-0040__ms_defender_eventhub.log,USCA-WS-0040,ms:defender:eventhub,ms:defender:eventhub,3
raw/0298__USCA-WS-0040__sccm_client.log,USCA-WS-0040,sccm:client,sccm:client,2
raw/0299__USCA-WS-0041__XmlWinEventLog.log,USCA-WS-0041,XmlWinEventLog:Microsoft-Windows-Sysmon/Operational,XmlWinEventLog,10
raw/0300__USCA-WS-0041__XmlWinEventLog.log,USCA-WS-0041,XmlWinEventLog:Security,XmlWinEventLog,5
raw/0301__USCA-WS-0041__ms_defender_eventhub.log,USCA-WS-0041,ms:defender:eventhub,ms:defender:eventhub,1
raw/0302__USCA-WS-0041__trellix_epo.log,USCA-WS-0041,trellix:epo,trellix:epo,1
raw/0303__USCA-WS-0042__XmlWinEventLog.log,USCA-WS-0042,XmlWinEventLog:Microsoft-Windows-Sysmon/Operational,XmlWinEventLog,12
raw/0304__USCA-WS-0042__XmlWinEventLog.log,USCA-WS-0042,XmlWinEventLog:Security,XmlWinEventLog,6
raw/0305__USCA-WS-0042__ms_defender_eventhub.log,USCA-WS-0042,ms:defender:eventhub,ms:defender:eventhub,1
raw/0306__USCA-WS-0043__XmlWinEventLog.log,USCA-WS-0043,XmlWinEventLog:Microsoft-Windows-Sysmon/Operational,XmlWinEventLog,9
raw/0307__USCA-WS-0043__XmlWinEventLog.log,USCA-WS-0043,XmlWinEventLog:Security,XmlWinEventLog,9
raw/0308__USCA-WS-0043__ms_defender_eventhub.log,USCA-WS-0043,ms:defender:eventhub,ms:defender:eventhub,2
raw/0309__USCA-WS-0043__sccm_client.log,USCA-WS-0043,sccm:client,sccm:client,1
raw/0310__USCA-WS-0044__XmlWinEventLog.log,USCA-WS-0044,XmlWinEventLog:Microsoft-Windows-Sysmon/Operational,XmlWinEventLog,9
raw/0311__USCA-WS-0044__XmlWinEventLog.log,USCA-WS-0044,XmlWinEventLog:Security,XmlWinEventLog,7
raw/0312__USCA-WS-0044__sccm_client.log,USCA-WS-0044,sccm:client,sccm:client,1
raw/0313__USCA-WS-0045__XmlWinEventLog.log,USCA-WS-0045,XmlWinEventLog:Microsoft-Windows-Sysmon/Operational,XmlWinEventLog,9
raw/0314__USCA-WS-0045__XmlWinEventLog.log,USCA-WS-0045,XmlWinEventLog:Security,XmlWinEventLog,8
raw/0315__USCA-WS-0045__ms_defender_eventhub.log,USCA-WS-0045,ms:defender:eventhub,ms:defender:eventhub,1
raw/0316__USCA-WS-0045__trellix_epo.log,USCA-WS-0045,trellix:epo,trellix:epo,1
raw/0317__USCA-WS-0045__wsus_client.log,USCA-WS-0045,wsus:client,wsus:client,1
raw/0318__USCA-WS-0046__XmlWinEventLog.log,USCA-WS-0046,XmlWinEventLog:Microsoft-Windows-Sysmon/Operational,XmlWinEventLog,10
raw/0319__USCA-WS-0046__XmlWinEventLog.log,USCA-WS-0046,XmlWinEventLog:Security,XmlWinEventLog,6
raw/0320__USCA-WS-0046__ms_defender_eventhub.log,USCA-WS-0046,ms:defender:eventhub,ms:defender:eventhub,2
raw/0321__USCA-WS-0046__trellix_epo.log,USCA-WS-0046,trellix:epo,trellix:epo,1
raw/0322__USCA-WS-0046__wsus_client.log,USCA-WS-0046,wsus:client,wsus:client,1
raw/0323__USCA-WS-0047__XmlWinEventLog.log,USCA-WS-0047,XmlWinEventLog:Microsoft-Windows-Sysmon/Operational,XmlWinEventLog,12
raw/0324__USCA-WS-0047__XmlWinEventLog.log,USCA-WS-0047,XmlWinEventLog:Security,XmlWinEventLog,6
raw/0325__USCA-WS-0047__ms_defender_eventhub.log,USCA-WS-0047,ms:defender:eventhub,ms:defender:eventhub,1
raw/0326__USCA-WS-0047__wsus_client.log,USCA-WS-0047,wsus:client,wsus:client,1
raw/0327__USCA-WS-0048__XmlWinEventLog.log,USCA-WS-0048,XmlWinEventLog:Microsoft-Windows-Sysmon/Operational,XmlWinEventLog,10
raw/0328__USCA-WS-0048__XmlWinEventLog.log,USCA-WS-0048,XmlWinEventLog:Security,XmlWinEventLog,6
raw/0329__USCA-WS-0048__ms_defender_eventhub.log,USCA-WS-0048,ms:defender:eventhub,ms:defender:eventhub,2
raw/0330__USCA-WS-0049__XmlWinEventLog.log,USCA-WS-0049,XmlWinEventLog:Microsoft-Windows-Sysmon/Operational,XmlWinEventLog,10
raw/0331__USCA-WS-0049__XmlWinEventLog.log,USCA-WS-0049,XmlWinEventLog:Security,XmlWinEventLog,7
raw/0332__USCA-WS-0049__ms_defender_eventhub.log,USCA-WS-0049,ms:defender:eventhub,ms:defender:eventhub,5
raw/0333__USCA-WS-0049__trellix_epo.log,USCA-WS-0049,trellix:epo,trellix:epo,1
raw/0334__USCA-WS-0050__XmlWinEventLog.log,USCA-WS-0050,XmlWinEventLog:Microsoft-Windows-Sysmon/Operational,XmlWinEventLog,5
raw/0335__USCA-WS-0050__XmlWinEventLog.log,USCA-WS-0050,XmlWinEventLog:Security,XmlWinEventLog,6
raw/0336__USCA-WS-0050__ms_defender_eventhub.log,USCA-WS-0050,ms:defender:eventhub,ms:defender:eventhub,3
raw/0337__USCA-WS-0050__trellix_epo.log,USCA-WS-0050,trellix:epo,trellix:epo,1
raw/0338__USCA-WS-0051__XmlWinEventLog.log,USCA-WS-0051,XmlWinEventLog:Microsoft-Windows-Sysmon/Operational,XmlWinEventLog,7
raw/0339__USCA-WS-0051__XmlWinEventLog.log,USCA-WS-0051,XmlWinEventLog:Security,XmlWinEventLog,5
raw/0340__USCA-WS-0051__ms_defender_eventhub.log,USCA-WS-0051,ms:defender:eventhub,ms:defender:eventhub,2
raw/0341__USCA-WS-0051__wsus_client.log,USCA-WS-0051,wsus:client,wsus:client,1
raw/0342__USCA-WS-0052__XmlWinEventLog.log,USCA-WS-0052,XmlWinEventLog:Microsoft-Windows-Sysmon/Operational,XmlWinEventLog,10
raw/0343__USCA-WS-0052__XmlWinEventLog.log,USCA-WS-0052,XmlWinEventLog:Security,XmlWinEventLog,6
raw/0344__USCA-WS-0052__ms_defender_eventhub.log,USCA-WS-0052,ms:defender:eventhub,ms:defender:eventhub,1
raw/0345__USCA-WS-0052__sccm_client.log,USCA-WS-0052,sccm:client,sccm:client,1
raw/0346__USCA-WS-0052__trellix_epo.log,USCA-WS-0052,trellix:epo,trellix:epo,2
raw/0347__USCA-WS-0053__XmlWinEventLog.log,USCA-WS-0053,XmlWinEventLog:Microsoft-Windows-Sysmon/Operational,XmlWinEventLog,3
raw/0348__USCA-WS-0053__XmlWinEventLog.log,USCA-WS-0053,XmlWinEventLog:Security,XmlWinEventLog,12
raw/0349__USCA-WS-0053__ms_defender_eventhub.log,USCA-WS-0053,ms:defender:eventhub,ms:defender:eventhub,3
raw/0350__USCA-WS-0053__trellix_epo.log,USCA-WS-0053,trellix:epo,trellix:epo,1
raw/0351__USCA-WS-0054__XmlWinEventLog.log,USCA-WS-0054,XmlWinEventLog:Microsoft-Windows-Sysmon/Operational,XmlWinEventLog,10
raw/0352__USCA-WS-0054__XmlWinEventLog.log,USCA-WS-0054,XmlWinEventLog:Security,XmlWinEventLog,10
raw/0353__USCA-WS-0054__ms_defender_eventhub.log,USCA-WS-0054,ms:defender:eventhub,ms:defender:eventhub,1
raw/0354__USCA-WS-0054__sccm_client.log,USCA-WS-0054,sccm:client,sccm:client,1
raw/0355__USCA-WS-0055__XmlWinEventLog.log,USCA-WS-0055,XmlWinEventLog:Microsoft-Windows-Sysmon/Operational,XmlWinEventLog,8
raw/0356__USCA-WS-0055__XmlWinEventLog.log,USCA-WS-0055,XmlWinEventLog:Security,XmlWinEventLog,5
raw/0357__USCA-WS-0055__ms_defender_eventhub.log,USCA-WS-0055,ms:defender:eventhub,ms:defender:eventhub,1
raw/0358__USCA-WS-0056__XmlWinEventLog.log,USCA-WS-0056,XmlWinEventLog:Microsoft-Windows-Sysmon/Operational,XmlWinEventLog,5
raw/0359__USCA-WS-0056__XmlWinEventLog.log,USCA-WS-0056,XmlWinEventLog:Security,XmlWinEventLog,5
raw/0360__USCA-WS-0056__trellix_epo.log,USCA-WS-0056,trellix:epo,trellix:epo,1
raw/0361__USCA-WS-0057__XmlWinEventLog.log,USCA-WS-0057,XmlWinEventLog:Microsoft-Windows-Sysmon/Operational,XmlWinEventLog,18
raw/0362__USCA-WS-0057__XmlWinEventLog.log,USCA-WS-0057,XmlWinEventLog:Security,XmlWinEventLog,5
raw/0363__USCA-WS-0057__ms_defender_eventhub.log,USCA-WS-0057,ms:defender:eventhub,ms:defender:eventhub,1
raw/0364__USCA-WS-0057__sccm_client.log,USCA-WS-0057,sccm:client,sccm:client,2
raw/0365__USCA-WS-0057__trellix_epo.log,USCA-WS-0057,trellix:epo,trellix:epo,3
raw/0366__USCA-WS-0057__wsus_client.log,USCA-WS-0057,wsus:client,wsus:client,1
raw/0367__USCA-WS-0058__XmlWinEventLog.log,USCA-WS-0058,XmlWinEventLog:Microsoft-Windows-Sysmon/Operational,XmlWinEventLog,8
raw/0368__USCA-WS-0058__XmlWinEventLog.log,USCA-WS-0058,XmlWinEventLog:Security,XmlWinEventLog,10
raw/0369__USCA-WS-0058__ms_defender_eventhub.log,USCA-WS-0058,ms:defender:eventhub,ms:defender:eventhub,1
raw/0370__USCA-WS-0058__wsus_client.log,USCA-WS-0058,wsus:client,wsus:client,1
raw/0371__USCA-WS-0059__XmlWinEventLog.log,USCA-WS-0059,XmlWinEventLog:Microsoft-Windows-Sysmon/Operational,XmlWinEventLog,6
raw/0372__USCA-WS-0059__XmlWinEventLog.log,USCA-WS-0059,XmlWinEventLog:Security,XmlWinEventLog,5
raw/0373__USCA-WS-0059__ms_defender_eventhub.log,USCA-WS-0059,ms:defender:eventhub,ms:defender:eventhub,1
raw/0374__USCA-WS-0060__XmlWinEventLog.log,USCA-WS-0060,XmlWinEventLog:Microsoft-Windows-Sysmon/Operational,XmlWinEventLog,11
raw/0375__USCA-WS-0060__XmlWinEventLog.log,USCA-WS-0060,XmlWinEventLog:Security,XmlWinEventLog,6
raw/0376__USCA-WS-0060__sccm_client.log,USCA-WS-0060,sccm:client,sccm:client,1
raw/0377__USCA-WS-0061__XmlWinEventLog.log,USCA-WS-0061,XmlWinEventLog:Microsoft-Windows-Sysmon/Operational,XmlWinEventLog,12
raw/0378__USCA-WS-0061__XmlWinEventLog.log,USCA-WS-0061,XmlWinEventLog:Security,XmlWinEventLog,7
raw/0379__USCA-WS-0061__ms_defender_eventhub.log,USCA-WS-0061,ms:defender:eventhub,ms:defender:eventhub,2
raw/0380__USCA-WS-0061__trellix_epo.log,USCA-WS-0061,trellix:epo,trellix:epo,1
raw/0381__USCA-WS-0061__wsus_client.log,USCA-WS-0061,wsus:client,wsus:client,2
raw/0382__USCA-WS-0062__XmlWinEventLog.log,USCA-WS-0062,XmlWinEventLog:Microsoft-Windows-Sysmon/Operational,XmlWinEventLog,17
raw/0383__USCA-WS-0062__XmlWinEventLog.log,USCA-WS-0062,XmlWinEventLog:Security,XmlWinEventLog,12
raw/0384__USCA-WS-0062__ms_defender_eventhub.log,USCA-WS-0062,ms:defender:eventhub,ms:defender:eventhub,1
raw/0385__USCA-WS-0062__trellix_epo.log,USCA-WS-0062,trellix:epo,trellix:epo,1
raw/0386__USCA-WS-0063__XmlWinEventLog.log,USCA-WS-0063,XmlWinEventLog:Microsoft-Windows-Sysmon/Operational,XmlWinEventLog,11
raw/0387__USCA-WS-0063__XmlWinEventLog.log,USCA-WS-0063,XmlWinEventLog:Security,XmlWinEventLog,6
raw/0388__USCA-WS-0063__trellix_epo.log,USCA-WS-0063,trellix:epo,trellix:epo,1
raw/0389__USCA-WS-0064__XmlWinEventLog.log,USCA-WS-0064,XmlWinEventLog:Microsoft-Windows-Sysmon/Operational,XmlWinEventLog,4
raw/0390__USCA-WS-0064__XmlWinEventLog.log,USCA-WS-0064,XmlWinEventLog:Security,XmlWinEventLog,7
raw/0391__USCA-WS-0064__wsus_client.log,USCA-WS-0064,wsus:client,wsus:client,1
raw/0392__USCA-ZEEK-01__bro_conn_json.log,USCA-ZEEK-01,zeek:conn,bro:conn:json,1375
raw/0393__USCA-ZEEK-01__bro_dce_rpc_json.log,USCA-ZEEK-01,zeek:dce_rpc,bro:dce_rpc:json,155
raw/0394__USCA-ZEEK-01__bro_dns_json.log,USCA-ZEEK-01,zeek:dns,bro:dns:json,543
raw/0395__USCA-ZEEK-01__bro_http_json.log,USCA-ZEEK-01,zeek:http,bro:http:json,322
raw/0396__USCA-ZEEK-01__bro_smb_files_json.log,USCA-ZEEK-01,zeek:smb_files,bro:smb_files:json,126
raw/0397__USCA-ZEEK-01__bro_ssl_json.log,USCA-ZEEK-01,zeek:ssl,bro:ssl:json,524
raw/0398__USCP-APP-01__XmlWinEventLog.log,USCP-APP-01,XmlWinEventLog:Microsoft-Windows-Sysmon/Operational,XmlWinEventLog,5
raw/0399__USCP-APP-01__XmlWinEventLog.log,USCP-APP-01,XmlWinEventLog:Security,XmlWinEventLog,6
raw/0400__USCP-APP-01__ms_defender_eventhub.log,USCP-APP-01,ms:defender:eventhub,ms:defender:eventhub,4
raw/0401__USCP-APP-01__wsus_client.log,USCP-APP-01,wsus:client,wsus:client,2
raw/0402__USCP-APP-02__XmlWinEventLog.log,USCP-APP-02,XmlWinEventLog:Microsoft-Windows-Sysmon/Operational,XmlWinEventLog,11
raw/0403__USCP-APP-02__XmlWinEventLog.log,USCP-APP-02,XmlWinEventLog:Security,XmlWinEventLog,12
raw/0404__USCP-APP-02__ms_defender_eventhub.log,USCP-APP-02,ms:defender:eventhub,ms:defender:eventhub,1
raw/0405__USCP-APP-02__sccm_client.log,USCP-APP-02,sccm:client,sccm:client,1
raw/0406__USCP-APP-02__trellix_epo.log,USCP-APP-02,trellix:epo,trellix:epo,2
raw/0407__USCP-APP-03__XmlWinEventLog.log,USCP-APP-03,XmlWinEventLog:Microsoft-Windows-Sysmon/Operational,XmlWinEventLog,8
raw/0408__USCP-APP-03__XmlWinEventLog.log,USCP-APP-03,XmlWinEventLog:Security,XmlWinEventLog,7
raw/0409__USCP-APP-04__XmlWinEventLog.log,USCP-APP-04,XmlWinEventLog:Microsoft-Windows-Sysmon/Operational,XmlWinEventLog,8
raw/0410__USCP-APP-04__XmlWinEventLog.log,USCP-APP-04,XmlWinEventLog:Security,XmlWinEventLog,5
raw/0411__USCP-APP-04__sccm_client.log,USCP-APP-04,sccm:client,sccm:client,1
raw/0412__USCP-APP-04__trellix_epo.log,USCP-APP-04,trellix:epo,trellix:epo,1
raw/0413__USCP-APP-05__XmlWinEventLog.log,USCP-APP-05,XmlWinEventLog:Microsoft-Windows-Sysmon/Operational,XmlWinEventLog,11
raw/0414__USCP-APP-05__XmlWinEventLog.log,USCP-APP-05,XmlWinEventLog:Security,XmlWinEventLog,4
raw/0415__USCP-APP-05__ms_defender_eventhub.log,USCP-APP-05,ms:defender:eventhub,ms:defender:eventhub,1
raw/0416__USCP-APP-05__wsus_client.log,USCP-APP-05,wsus:client,wsus:client,1
raw/0417__USCP-APP-06__XmlWinEventLog.log,USCP-APP-06,XmlWinEventLog:Microsoft-Windows-Sysmon/Operational,XmlWinEventLog,8
raw/0418__USCP-APP-06__XmlWinEventLog.log,USCP-APP-06,XmlWinEventLog:Security,XmlWinEventLog,8
raw/0419__USCP-APP-06__ms_defender_eventhub.log,USCP-APP-06,ms:defender:eventhub,ms:defender:eventhub,1
raw/0420__USCP-APP-06__wsus_client.log,USCP-APP-06,wsus:client,wsus:client,1
raw/0421__USCP-APP-07__XmlWinEventLog.log,USCP-APP-07,XmlWinEventLog:Microsoft-Windows-Sysmon/Operational,XmlWinEventLog,9
raw/0422__USCP-APP-07__XmlWinEventLog.log,USCP-APP-07,XmlWinEventLog:Security,XmlWinEventLog,8
raw/0423__USCP-APP-07__ms_defender_eventhub.log,USCP-APP-07,ms:defender:eventhub,ms:defender:eventhub,3
raw/0424__USCP-APP-07__sccm_client.log,USCP-APP-07,sccm:client,sccm:client,1
raw/0425__USCP-APP-07__wsus_client.log,USCP-APP-07,wsus:client,wsus:client,1
raw/0426__USCP-APP-08__XmlWinEventLog.log,USCP-APP-08,XmlWinEventLog:Microsoft-Windows-Sysmon/Operational,XmlWinEventLog,7
raw/0427__USCP-APP-08__XmlWinEventLog.log,USCP-APP-08,XmlWinEventLog:Security,XmlWinEventLog,6
raw/0428__USCP-APP-08__ms_defender_eventhub.log,USCP-APP-08,ms:defender:eventhub,ms:defender:eventhub,2
raw/0429__USCP-DC-01__XmlWinEventLog.log,USCP-DC-01,XmlWinEventLog:Security,XmlWinEventLog,171
raw/0430__USCP-FS-01__XmlWinEventLog.log,USCP-FS-01,XmlWinEventLog:Microsoft-Windows-Sysmon/Operational,XmlWinEventLog,15
raw/0431__USCP-FS-01__XmlWinEventLog.log,USCP-FS-01,XmlWinEventLog:Security,XmlWinEventLog,10
raw/0432__USCP-FS-01__ms_defender_eventhub.log,USCP-FS-01,ms:defender:eventhub,ms:defender:eventhub,4
raw/0433__USCP-FS-02__XmlWinEventLog.log,USCP-FS-02,XmlWinEventLog:Microsoft-Windows-Sysmon/Operational,XmlWinEventLog,10
raw/0434__USCP-FS-02__XmlWinEventLog.log,USCP-FS-02,XmlWinEventLog:Security,XmlWinEventLog,14
raw/0435__USCP-FS-02__ms_defender_eventhub.log,USCP-FS-02,ms:defender:eventhub,ms:defender:eventhub,2
raw/0436__USCP-FS-02__wsus_client.log,USCP-FS-02,wsus:client,wsus:client,1
raw/0437__USCP-FS-03__XmlWinEventLog.log,USCP-FS-03,XmlWinEventLog:Microsoft-Windows-Sysmon/Operational,XmlWinEventLog,15
raw/0438__USCP-FS-03__XmlWinEventLog.log,USCP-FS-03,XmlWinEventLog:Security,XmlWinEventLog,4
raw/0439__USCP-FS-03__ms_defender_eventhub.log,USCP-FS-03,ms:defender:eventhub,ms:defender:eventhub,1
raw/0440__USCP-FS-04__XmlWinEventLog.log,USCP-FS-04,XmlWinEventLog:Microsoft-Windows-Sysmon/Operational,XmlWinEventLog,6
raw/0441__USCP-FS-04__XmlWinEventLog.log,USCP-FS-04,XmlWinEventLog:Security,XmlWinEventLog,6
raw/0442__USCP-FS-04__ms_defender_eventhub.log,USCP-FS-04,ms:defender:eventhub,ms:defender:eventhub,2
raw/0443__USCP-FS-04__sccm_client.log,USCP-FS-04,sccm:client,sccm:client,1
raw/0444__USCP-FW-01__pan_traffic.log,USCP-FW-01,pan:traffic,pan:traffic,134
raw/0445__USCP-FW-02__fortigate_traffic.log,USCP-FW-02,fortigate_traffic,fortigate_traffic,131
raw/0446__USCP-FW-03__cisco_asa.log,USCP-FW-03,cisco:asa,cisco:asa,132
raw/0447__USCP-JUMP-01__XmlWinEventLog.log,USCP-JUMP-01,XmlWinEventLog:Microsoft-Windows-Sysmon/Operational,XmlWinEventLog,7
raw/0448__USCP-JUMP-01__XmlWinEventLog.log,USCP-JUMP-01,XmlWinEventLog:Security,XmlWinEventLog,7
raw/0449__USCP-JUMP-02__XmlWinEventLog.log,USCP-JUMP-02,XmlWinEventLog:Microsoft-Windows-Sysmon/Operational,XmlWinEventLog,9
raw/0450__USCP-JUMP-02__XmlWinEventLog.log,USCP-JUMP-02,XmlWinEventLog:Security,XmlWinEventLog,8
raw/0451__USCP-JUMP-02__ms_defender_eventhub.log,USCP-JUMP-02,ms:defender:eventhub,ms:defender:eventhub,1
raw/0452__USCP-JUMP-02__sccm_client.log,USCP-JUMP-02,sccm:client,sccm:client,1
raw/0453__USCP-JUMP-02__wsus_client.log,USCP-JUMP-02,wsus:client,wsus:client,1
raw/0454__USCP-JUMP-03__XmlWinEventLog.log,USCP-JUMP-03,XmlWinEventLog:Microsoft-Windows-Sysmon/Operational,XmlWinEventLog,8
raw/0455__USCP-JUMP-03__XmlWinEventLog.log,USCP-JUMP-03,XmlWinEventLog:Security,XmlWinEventLog,8
raw/0456__USCP-JUMP-03__wsus_client.log,USCP-JUMP-03,wsus:client,wsus:client,1
raw/0457__USCP-LNX-01__linux_audit.log,USCP-LNX-01,/var/log/audit/audit.log,linux_audit,143
raw/0458__USCP-LNX-01__linux_secure.log,USCP-LNX-01,/var/log/secure,linux_secure,24
raw/0459__USCP-LNX-01__syslog.log,USCP-LNX-01,/var/log/syslog,syslog,32
raw/0460__USCP-LNX-01__ms_defender_eventhub.log,USCP-LNX-01,ms:defender:eventhub,ms:defender:eventhub,1
raw/0461__USCP-LNX-02__linux_audit.log,USCP-LNX-02,/var/log/audit/audit.log,linux_audit,135
raw/0462__USCP-LNX-02__linux_secure.log,USCP-LNX-02,/var/log/secure,linux_secure,21
raw/0463__USCP-LNX-02__syslog.log,USCP-LNX-02,/var/log/syslog,syslog,45
raw/0464__USCP-LNX-02__ms_defender_eventhub.log,USCP-LNX-02,ms:defender:eventhub,ms:defender:eventhub,3
raw/0465__USCP-LNX-03__linux_audit.log,USCP-LNX-03,/var/log/audit/audit.log,linux_audit,150
raw/0466__USCP-LNX-03__linux_secure.log,USCP-LNX-03,/var/log/secure,linux_secure,30
raw/0467__USCP-LNX-03__syslog.log,USCP-LNX-03,/var/log/syslog,syslog,39
raw/0468__USCP-LNX-03__ms_defender_eventhub.log,USCP-LNX-03,ms:defender:eventhub,ms:defender:eventhub,2
raw/0469__USCP-LNX-03__trellix_epo.log,USCP-LNX-03,trellix:epo,trellix:epo,1
raw/0470__USCP-LNX-04__linux_audit.log,USCP-LNX-04,/var/log/audit/audit.log,linux_audit,136
raw/0471__USCP-LNX-04__linux_secure.log,USCP-LNX-04,/var/log/secure,linux_secure,19
raw/0472__USCP-LNX-04__syslog.log,USCP-LNX-04,/var/log/syslog,syslog,40
raw/0473__USCP-LNX-04__ms_defender_eventhub.log,USCP-LNX-04,ms:defender:eventhub,ms:defender:eventhub,1
raw/0474__USCP-LNX-05__linux_audit.log,USCP-LNX-05,/var/log/audit/audit.log,linux_audit,149
raw/0475__USCP-LNX-05__linux_secure.log,USCP-LNX-05,/var/log/secure,linux_secure,24
raw/0476__USCP-LNX-05__syslog.log,USCP-LNX-05,/var/log/syslog,syslog,48
raw/0477__USCP-LNX-05__ms_defender_eventhub.log,USCP-LNX-05,ms:defender:eventhub,ms:defender:eventhub,2
raw/0478__USCP-LNX-05__trellix_epo.log,USCP-LNX-05,trellix:epo,trellix:epo,2
raw/0479__USCP-LNX-06__linux_audit.log,USCP-LNX-06,/var/log/audit/audit.log,linux_audit,131
raw/0480__USCP-LNX-06__linux_secure.log,USCP-LNX-06,/var/log/secure,linux_secure,18
raw/0481__USCP-LNX-06__syslog.log,USCP-LNX-06,/var/log/syslog,syslog,37
raw/0482__USCP-LNX-06__ms_defender_eventhub.log,USCP-LNX-06,ms:defender:eventhub,ms:defender:eventhub,1
raw/0483__USCP-LNX-07__linux_audit.log,USCP-LNX-07,/var/log/audit/audit.log,linux_audit,149
raw/0484__USCP-LNX-07__linux_secure.log,USCP-LNX-07,/var/log/secure,linux_secure,31
raw/0485__USCP-LNX-07__syslog.log,USCP-LNX-07,/var/log/syslog,syslog,37
raw/0486__USCP-LNX-07__ms_defender_eventhub.log,USCP-LNX-07,ms:defender:eventhub,ms:defender:eventhub,2
raw/0487__USCP-LNX-08__linux_audit.log,USCP-LNX-08,/var/log/audit/audit.log,linux_audit,90
raw/0488__USCP-LNX-08__linux_secure.log,USCP-LNX-08,/var/log/secure,linux_secure,33
raw/0489__USCP-LNX-08__syslog.log,USCP-LNX-08,/var/log/syslog,syslog,35
raw/0490__USCP-LNX-08__ms_defender_eventhub.log,USCP-LNX-08,ms:defender:eventhub,ms:defender:eventhub,2
raw/0491__USCP-PACS-01__pacs_access.log,USCP-PACS-01,pacs:access,pacs:access,135
raw/0492__USCP-PAW-01__XmlWinEventLog.log,USCP-PAW-01,XmlWinEventLog:Microsoft-Windows-Sysmon/Operational,XmlWinEventLog,11
raw/0493__USCP-PAW-01__XmlWinEventLog.log,USCP-PAW-01,XmlWinEventLog:Security,XmlWinEventLog,12
raw/0494__USCP-PAW-01__trellix_epo.log,USCP-PAW-01,trellix:epo,trellix:epo,1
raw/0495__USCP-PAW-02__XmlWinEventLog.log,USCP-PAW-02,XmlWinEventLog:Microsoft-Windows-Sysmon/Operational,XmlWinEventLog,15
raw/0496__USCP-PAW-02__XmlWinEventLog.log,USCP-PAW-02,XmlWinEventLog:Security,XmlWinEventLog,7
raw/0497__USCP-PAW-02__ms_defender_eventhub.log,USCP-PAW-02,ms:defender:eventhub,ms:defender:eventhub,2
raw/0498__USCP-PAW-03__XmlWinEventLog.log,USCP-PAW-03,XmlWinEventLog:Microsoft-Windows-Sysmon/Operational,XmlWinEventLog,8
raw/0499__USCP-PAW-03__XmlWinEventLog.log,USCP-PAW-03,XmlWinEventLog:Security,XmlWinEventLog,11
raw/0500__USCP-PAW-04__XmlWinEventLog.log,USCP-PAW-04,XmlWinEventLog:Microsoft-Windows-Sysmon/Operational,XmlWinEventLog,6
raw/0501__USCP-PAW-04__XmlWinEventLog.log,USCP-PAW-04,XmlWinEventLog:Security,XmlWinEventLog,7
raw/0502__USCP-PAW-04__trellix_epo.log,USCP-PAW-04,trellix:epo,trellix:epo,1
raw/0503__USCP-PAW-05__XmlWinEventLog.log,USCP-PAW-05,XmlWinEventLog:Microsoft-Windows-Sysmon/Operational,XmlWinEventLog,11
raw/0504__USCP-PAW-05__XmlWinEventLog.log,USCP-PAW-05,XmlWinEventLog:Security,XmlWinEventLog,5
raw/0505__USCP-PAW-05__ms_defender_eventhub.log,USCP-PAW-05,ms:defender:eventhub,ms:defender:eventhub,1
raw/0506__USCP-PAW-05__wsus_client.log,USCP-PAW-05,wsus:client,wsus:client,2
raw/0507__USCP-PAW-06__XmlWinEventLog.log,USCP-PAW-06,XmlWinEventLog:Microsoft-Windows-Sysmon/Operational,XmlWinEventLog,5
raw/0508__USCP-PAW-06__XmlWinEventLog.log,USCP-PAW-06,XmlWinEventLog:Security,XmlWinEventLog,9
raw/0509__USCP-PAW-06__ms_defender_eventhub.log,USCP-PAW-06,ms:defender:eventhub,ms:defender:eventhub,1
raw/0510__USCP-PAW-06__trellix_epo.log,USCP-PAW-06,trellix:epo,trellix:epo,1
raw/0511__USCP-RTR-01__cisco_ios.log,USCP-RTR-01,cisco:ios,cisco:ios,58
raw/0512__USCP-RTR-02__juniper.log,USCP-RTR-02,juniper,juniper,20
raw/0513__USCP-RTR-02__juniper_junos_firewall.log,USCP-RTR-02,juniper:junos:firewall,juniper:junos:firewall,14
raw/0514__USCP-VDI-01__XmlWinEventLog.log,USCP-VDI-01,XmlWinEventLog:Microsoft-Windows-Sysmon/Operational,XmlWinEventLog,10
raw/0515__USCP-VDI-01__XmlWinEventLog.log,USCP-VDI-01,XmlWinEventLog:Security,XmlWinEventLog,5
raw/0516__USCP-VDI-01__trellix_epo.log,USCP-VDI-01,trellix:epo,trellix:epo,2
raw/0517__USCP-VDI-02__XmlWinEventLog.log,USCP-VDI-02,XmlWinEventLog:Microsoft-Windows-Sysmon/Operational,XmlWinEventLog,15
raw/0518__USCP-VDI-02__XmlWinEventLog.log,USCP-VDI-02,XmlWinEventLog:Security,XmlWinEventLog,8
raw/0519__USCP-VDI-02__ms_defender_eventhub.log,USCP-VDI-02,ms:defender:eventhub,ms:defender:eventhub,4
raw/0520__USCP-VDI-02__trellix_epo.log,USCP-VDI-02,trellix:epo,trellix:epo,1
raw/0521__USCP-VDI-02__wsus_client.log,USCP-VDI-02,wsus:client,wsus:client,1
raw/0522__USCP-VDI-03__XmlWinEventLog.log,USCP-VDI-03,XmlWinEventLog:Microsoft-Windows-Sysmon/Operational,XmlWinEventLog,9
raw/0523__USCP-VDI-03__XmlWinEventLog.log,USCP-VDI-03,XmlWinEventLog:Security,XmlWinEventLog,10
raw/0524__USCP-VDI-03__ms_defender_eventhub.log,USCP-VDI-03,ms:defender:eventhub,ms:defender:eventhub,1
raw/0525__USCP-WS-0001__XmlWinEventLog.log,USCP-WS-0001,XmlWinEventLog:Microsoft-Windows-Sysmon/Operational,XmlWinEventLog,7
raw/0526__USCP-WS-0001__XmlWinEventLog.log,USCP-WS-0001,XmlWinEventLog:Security,XmlWinEventLog,14
raw/0527__USCP-WS-0001__ms_defender_eventhub.log,USCP-WS-0001,ms:defender:eventhub,ms:defender:eventhub,1
raw/0528__USCP-WS-0002__XmlWinEventLog.log,USCP-WS-0002,XmlWinEventLog:Microsoft-Windows-Sysmon/Operational,XmlWinEventLog,9
raw/0529__USCP-WS-0002__XmlWinEventLog.log,USCP-WS-0002,XmlWinEventLog:Security,XmlWinEventLog,15
raw/0530__USCP-WS-0002__ms_defender_eventhub.log,USCP-WS-0002,ms:defender:eventhub,ms:defender:eventhub,2
raw/0531__USCP-WS-0002__trellix_epo.log,USCP-WS-0002,trellix:epo,trellix:epo,1
raw/0532__USCP-WS-0003__XmlWinEventLog.log,USCP-WS-0003,XmlWinEventLog:Microsoft-Windows-Sysmon/Operational,XmlWinEventLog,23
raw/0533__USCP-WS-0003__XmlWinEventLog.log,USCP-WS-0003,XmlWinEventLog:Security,XmlWinEventLog,8
raw/0534__USCP-WS-0003__ms_defender_eventhub.log,USCP-WS-0003,ms:defender:eventhub,ms:defender:eventhub,1
raw/0535__USCP-WS-0004__XmlWinEventLog.log,USCP-WS-0004,XmlWinEventLog:Microsoft-Windows-Sysmon/Operational,XmlWinEventLog,13
raw/0536__USCP-WS-0004__XmlWinEventLog.log,USCP-WS-0004,XmlWinEventLog:Security,XmlWinEventLog,9
raw/0537__USCP-WS-0004__ms_defender_eventhub.log,USCP-WS-0004,ms:defender:eventhub,ms:defender:eventhub,2
raw/0538__USCP-WS-0004__sccm_client.log,USCP-WS-0004,sccm:client,sccm:client,1
raw/0539__USCP-WS-0005__XmlWinEventLog.log,USCP-WS-0005,XmlWinEventLog:Microsoft-Windows-Sysmon/Operational,XmlWinEventLog,14
raw/0540__USCP-WS-0005__XmlWinEventLog.log,USCP-WS-0005,XmlWinEventLog:Security,XmlWinEventLog,17
raw/0541__USCP-WS-0005__ms_defender_eventhub.log,USCP-WS-0005,ms:defender:eventhub,ms:defender:eventhub,2
raw/0542__USCP-WS-0006__XmlWinEventLog.log,USCP-WS-0006,XmlWinEventLog:Microsoft-Windows-Sysmon/Operational,XmlWinEventLog,11
raw/0543__USCP-WS-0006__XmlWinEventLog.log,USCP-WS-0006,XmlWinEventLog:Security,XmlWinEventLog,10
raw/0544__USCP-WS-0006__sccm_client.log,USCP-WS-0006,sccm:client,sccm:client,1
raw/0545__USCP-WS-0007__XmlWinEventLog.log,USCP-WS-0007,XmlWinEventLog:Microsoft-Windows-Sysmon/Operational,XmlWinEventLog,14
raw/0546__USCP-WS-0007__XmlWinEventLog.log,USCP-WS-0007,XmlWinEventLog:Security,XmlWinEventLog,6
raw/0547__USCP-WS-0007__ms_defender_eventhub.log,USCP-WS-0007,ms:defender:eventhub,ms:defender:eventhub,1
raw/0548__USCP-WS-0007__wsus_client.log,USCP-WS-0007,wsus:client,wsus:client,1
raw/0549__USCP-WS-0008__XmlWinEventLog.log,USCP-WS-0008,XmlWinEventLog:Microsoft-Windows-Sysmon/Operational,XmlWinEventLog,11
raw/0550__USCP-WS-0008__XmlWinEventLog.log,USCP-WS-0008,XmlWinEventLog:Security,XmlWinEventLog,12
raw/0551__USCP-WS-0008__ms_defender_eventhub.log,USCP-WS-0008,ms:defender:eventhub,ms:defender:eventhub,3
raw/0552__USCP-WS-0008__sccm_client.log,USCP-WS-0008,sccm:client,sccm:client,1
raw/0553__USCP-WS-0008__trellix_epo.log,USCP-WS-0008,trellix:epo,trellix:epo,1
raw/0554__USCP-WS-0009__XmlWinEventLog.log,USCP-WS-0009,XmlWinEventLog:Microsoft-Windows-Sysmon/Operational,XmlWinEventLog,12
raw/0555__USCP-WS-0009__XmlWinEventLog.log,USCP-WS-0009,XmlWinEventLog:Security,XmlWinEventLog,6
raw/0556__USCP-WS-0009__sccm_client.log,USCP-WS-0009,sccm:client,sccm:client,1
raw/0557__USCP-WS-0009__trellix_epo.log,USCP-WS-0009,trellix:epo,trellix:epo,1
raw/0558__USCP-WS-0010__XmlWinEventLog.log,USCP-WS-0010,XmlWinEventLog:Microsoft-Windows-Sysmon/Operational,XmlWinEventLog,14
raw/0559__USCP-WS-0010__XmlWinEventLog.log,USCP-WS-0010,XmlWinEventLog:Security,XmlWinEventLog,11
raw/0560__USCP-WS-0010__sccm_client.log,USCP-WS-0010,sccm:client,sccm:client,1
raw/0561__USCP-WS-0010__wsus_client.log,USCP-WS-0010,wsus:client,wsus:client,1
raw/0562__USCP-WS-0011__XmlWinEventLog.log,USCP-WS-0011,XmlWinEventLog:Microsoft-Windows-Sysmon/Operational,XmlWinEventLog,18
raw/0563__USCP-WS-0011__XmlWinEventLog.log,USCP-WS-0011,XmlWinEventLog:Security,XmlWinEventLog,13
raw/0564__USCP-WS-0011__ms_defender_eventhub.log,USCP-WS-0011,ms:defender:eventhub,ms:defender:eventhub,1
raw/0565__USCP-WS-0011__trellix_epo.log,USCP-WS-0011,trellix:epo,trellix:epo,1
raw/0566__USCP-WS-0012__XmlWinEventLog.log,USCP-WS-0012,XmlWinEventLog:Microsoft-Windows-Sysmon/Operational,XmlWinEventLog,10
raw/0567__USCP-WS-0012__XmlWinEventLog.log,USCP-WS-0012,XmlWinEventLog:Security,XmlWinEventLog,14
raw/0568__USCP-WS-0012__sccm_client.log,USCP-WS-0012,sccm:client,sccm:client,1
raw/0569__USCP-WS-0012__wsus_client.log,USCP-WS-0012,wsus:client,wsus:client,1
raw/0570__USCP-WS-0013__XmlWinEventLog.log,USCP-WS-0013,XmlWinEventLog:Microsoft-Windows-Sysmon/Operational,XmlWinEventLog,11
raw/0571__USCP-WS-0013__XmlWinEventLog.log,USCP-WS-0013,XmlWinEventLog:Security,XmlWinEventLog,13
raw/0572__USCP-WS-0013__ms_defender_eventhub.log,USCP-WS-0013,ms:defender:eventhub,ms:defender:eventhub,2
raw/0573__USCP-WS-0013__trellix_epo.log,USCP-WS-0013,trellix:epo,trellix:epo,1
raw/0574__USCP-WS-0014__XmlWinEventLog.log,USCP-WS-0014,XmlWinEventLog:Microsoft-Windows-Sysmon/Operational,XmlWinEventLog,10
raw/0575__USCP-WS-0014__XmlWinEventLog.log,USCP-WS-0014,XmlWinEventLog:Security,XmlWinEventLog,18
raw/0576__USCP-WS-0014__ms_defender_eventhub.log,USCP-WS-0014,ms:defender:eventhub,ms:defender:eventhub,1
raw/0577__USCP-WS-0015__XmlWinEventLog.log,USCP-WS-0015,XmlWinEventLog:Microsoft-Windows-Sysmon/Operational,XmlWinEventLog,18
raw/0578__USCP-WS-0015__XmlWinEventLog.log,USCP-WS-0015,XmlWinEventLog:Security,XmlWinEventLog,14
raw/0579__USCP-WS-0015__ms_defender_eventhub.log,USCP-WS-0015,ms:defender:eventhub,ms:defender:eventhub,2
raw/0580__USCP-WS-0015__wsus_client.log,USCP-WS-0015,wsus:client,wsus:client,1
raw/0581__USCP-WS-0016__XmlWinEventLog.log,USCP-WS-0016,XmlWinEventLog:Microsoft-Windows-Sysmon/Operational,XmlWinEventLog,22
raw/0582__USCP-WS-0016__XmlWinEventLog.log,USCP-WS-0016,XmlWinEventLog:Security,XmlWinEventLog,14
raw/0583__USCP-WS-0016__ms_defender_eventhub.log,USCP-WS-0016,ms:defender:eventhub,ms:defender:eventhub,2
raw/0584__USCP-WS-0016__trellix_epo.log,USCP-WS-0016,trellix:epo,trellix:epo,2
raw/0585__USCP-WS-0016__wsus_client.log,USCP-WS-0016,wsus:client,wsus:client,1
raw/0586__USCP-WS-0017__XmlWinEventLog.log,USCP-WS-0017,XmlWinEventLog:Microsoft-Windows-Sysmon/Operational,XmlWinEventLog,15
raw/0587__USCP-WS-0017__XmlWinEventLog.log,USCP-WS-0017,XmlWinEventLog:Security,XmlWinEventLog,13
raw/0588__USCP-WS-0017__trellix_epo.log,USCP-WS-0017,trellix:epo,trellix:epo,2
raw/0589__USCP-WS-0018__XmlWinEventLog.log,USCP-WS-0018,XmlWinEventLog:Microsoft-Windows-Sysmon/Operational,XmlWinEventLog,13
raw/0590__USCP-WS-0018__XmlWinEventLog.log,USCP-WS-0018,XmlWinEventLog:Security,XmlWinEventLog,7
raw/0591__USCP-WS-0018__sccm_client.log,USCP-WS-0018,sccm:client,sccm:client,1
raw/0592__USCP-WS-0019__XmlWinEventLog.log,USCP-WS-0019,XmlWinEventLog:Microsoft-Windows-Sysmon/Operational,XmlWinEventLog,12
raw/0593__USCP-WS-0019__XmlWinEventLog.log,USCP-WS-0019,XmlWinEventLog:Security,XmlWinEventLog,15
raw/0594__USCP-WS-0019__sccm_client.log,USCP-WS-0019,sccm:client,sccm:client,2
raw/0595__USCP-WS-0019__wsus_client.log,USCP-WS-0019,wsus:client,wsus:client,1
raw/0596__USCP-WS-0020__XmlWinEventLog.log,USCP-WS-0020,XmlWinEventLog:Microsoft-Windows-Sysmon/Operational,XmlWinEventLog,13
raw/0597__USCP-WS-0020__XmlWinEventLog.log,USCP-WS-0020,XmlWinEventLog:Security,XmlWinEventLog,4
raw/0598__USCP-WS-0020__ms_defender_eventhub.log,USCP-WS-0020,ms:defender:eventhub,ms:defender:eventhub,1
raw/0599__USCP-WS-0021__XmlWinEventLog.log,USCP-WS-0021,XmlWinEventLog:Microsoft-Windows-Sysmon/Operational,XmlWinEventLog,11
raw/0600__USCP-WS-0021__XmlWinEventLog.log,USCP-WS-0021,XmlWinEventLog:Security,XmlWinEventLog,10
raw/0601__USCP-WS-0022__XmlWinEventLog.log,USCP-WS-0022,XmlWinEventLog:Microsoft-Windows-Sysmon/Operational,XmlWinEventLog,17
raw/0602__USCP-WS-0022__XmlWinEventLog.log,USCP-WS-0022,XmlWinEventLog:Security,XmlWinEventLog,9
raw/0603__USCP-WS-0022__ms_defender_eventhub.log,USCP-WS-0022,ms:defender:eventhub,ms:defender:eventhub,2
raw/0604__USCP-WS-0022__trellix_epo.log,USCP-WS-0022,trellix:epo,trellix:epo,1
raw/0605__USCP-WS-0023__XmlWinEventLog.log,USCP-WS-0023,XmlWinEventLog:Microsoft-Windows-Sysmon/Operational,XmlWinEventLog,13
raw/0606__USCP-WS-0023__XmlWinEventLog.log,USCP-WS-0023,XmlWinEventLog:Security,XmlWinEventLog,15
raw/0607__USCP-WS-0024__XmlWinEventLog.log,USCP-WS-0024,XmlWinEventLog:Microsoft-Windows-Sysmon/Operational,XmlWinEventLog,13
raw/0608__USCP-WS-0024__XmlWinEventLog.log,USCP-WS-0024,XmlWinEventLog:Security,XmlWinEventLog,14
raw/0609__USCP-WS-0024__ms_defender_eventhub.log,USCP-WS-0024,ms:defender:eventhub,ms:defender:eventhub,1
raw/0610__USCP-WS-0024__trellix_epo.log,USCP-WS-0024,trellix:epo,trellix:epo,1
raw/0611__USCP-WS-0025__XmlWinEventLog.log,USCP-WS-0025,XmlWinEventLog:Microsoft-Windows-Sysmon/Operational,XmlWinEventLog,12
raw/0612__USCP-WS-0025__XmlWinEventLog.log,USCP-WS-0025,XmlWinEventLog:Security,XmlWinEventLog,4
raw/0613__USCP-WS-0025__ms_defender_eventhub.log,USCP-WS-0025,ms:defender:eventhub,ms:defender:eventhub,1
raw/0614__USCP-WS-0026__XmlWinEventLog.log,USCP-WS-0026,XmlWinEventLog:Microsoft-Windows-Sysmon/Operational,XmlWinEventLog,6
raw/0615__USCP-WS-0026__XmlWinEventLog.log,USCP-WS-0026,XmlWinEventLog:Security,XmlWinEventLog,12
raw/0616__USCP-WS-0026__trellix_epo.log,USCP-WS-0026,trellix:epo,trellix:epo,1
raw/0617__USCP-WS-0027__XmlWinEventLog.log,USCP-WS-0027,XmlWinEventLog:Microsoft-Windows-Sysmon/Operational,XmlWinEventLog,10
raw/0618__USCP-WS-0027__XmlWinEventLog.log,USCP-WS-0027,XmlWinEventLog:Security,XmlWinEventLog,5
raw/0619__USCP-WS-0028__XmlWinEventLog.log,USCP-WS-0028,XmlWinEventLog:Microsoft-Windows-Sysmon/Operational,XmlWinEventLog,12
raw/0620__USCP-WS-0028__XmlWinEventLog.log,USCP-WS-0028,XmlWinEventLog:Security,XmlWinEventLog,9
raw/0621__USCP-WS-0028__ms_defender_eventhub.log,USCP-WS-0028,ms:defender:eventhub,ms:defender:eventhub,3
raw/0622__USCP-WS-0028__trellix_epo.log,USCP-WS-0028,trellix:epo,trellix:epo,1
raw/0623__USCP-WS-0028__wsus_client.log,USCP-WS-0028,wsus:client,wsus:client,2
raw/0624__USCP-WS-0029__XmlWinEventLog.log,USCP-WS-0029,XmlWinEventLog:Microsoft-Windows-Sysmon/Operational,XmlWinEventLog,16
raw/0625__USCP-WS-0029__XmlWinEventLog.log,USCP-WS-0029,XmlWinEventLog:Security,XmlWinEventLog,13
raw/0626__USCP-WS-0029__ms_defender_eventhub.log,USCP-WS-0029,ms:defender:eventhub,ms:defender:eventhub,3
raw/0627__USCP-WS-0030__XmlWinEventLog.log,USCP-WS-0030,XmlWinEventLog:Microsoft-Windows-Sysmon/Operational,XmlWinEventLog,9
raw/0628__USCP-WS-0030__XmlWinEventLog.log,USCP-WS-0030,XmlWinEventLog:Security,XmlWinEventLog,11
raw/0629__USCP-WS-0030__ms_defender_eventhub.log,USCP-WS-0030,ms:defender:eventhub,ms:defender:eventhub,2
raw/0630__USCP-WS-0030__wsus_client.log,USCP-WS-0030,wsus:client,wsus:client,2
raw/0631__USCP-WS-0031__XmlWinEventLog.log,USCP-WS-0031,XmlWinEventLog:Microsoft-Windows-Sysmon/Operational,XmlWinEventLog,9
raw/0632__USCP-WS-0031__XmlWinEventLog.log,USCP-WS-0031,XmlWinEventLog:Security,XmlWinEventLog,11
raw/0633__USCP-WS-0031__ms_defender_eventhub.log,USCP-WS-0031,ms:defender:eventhub,ms:defender:eventhub,1
raw/0634__USCP-WS-0032__XmlWinEventLog.log,USCP-WS-0032,XmlWinEventLog:Microsoft-Windows-Sysmon/Operational,XmlWinEventLog,6
raw/0635__USCP-WS-0032__XmlWinEventLog.log,USCP-WS-0032,XmlWinEventLog:Security,XmlWinEventLog,7
raw/0636__USCP-WS-0032__ms_defender_eventhub.log,USCP-WS-0032,ms:defender:eventhub,ms:defender:eventhub,3
raw/0637__USCP-WS-0032__sccm_client.log,USCP-WS-0032,sccm:client,sccm:client,1
raw/0638__USCP-WS-0033__XmlWinEventLog.log,USCP-WS-0033,XmlWinEventLog:Microsoft-Windows-Sysmon/Operational,XmlWinEventLog,9
raw/0639__USCP-WS-0033__XmlWinEventLog.log,USCP-WS-0033,XmlWinEventLog:Security,XmlWinEventLog,3
raw/0640__USCP-WS-0033__ms_defender_eventhub.log,USCP-WS-0033,ms:defender:eventhub,ms:defender:eventhub,2
raw/0641__USCP-WS-0034__XmlWinEventLog.log,USCP-WS-0034,XmlWinEventLog:Microsoft-Windows-Sysmon/Operational,XmlWinEventLog,10
raw/0642__USCP-WS-0034__XmlWinEventLog.log,USCP-WS-0034,XmlWinEventLog:Security,XmlWinEventLog,10
raw/0643__USCP-WS-0034__trellix_epo.log,USCP-WS-0034,trellix:epo,trellix:epo,1
raw/0644__USCP-WS-0035__XmlWinEventLog.log,USCP-WS-0035,XmlWinEventLog:Microsoft-Windows-Sysmon/Operational,XmlWinEventLog,9
raw/0645__USCP-WS-0035__XmlWinEventLog.log,USCP-WS-0035,XmlWinEventLog:Security,XmlWinEventLog,10
raw/0646__USCP-WS-0035__ms_defender_eventhub.log,USCP-WS-0035,ms:defender:eventhub,ms:defender:eventhub,1
raw/0647__USCP-WS-0035__trellix_epo.log,USCP-WS-0035,trellix:epo,trellix:epo,1
raw/0648__USCP-WS-0036__XmlWinEventLog.log,USCP-WS-0036,XmlWinEventLog:Microsoft-Windows-Sysmon/Operational,XmlWinEventLog,6
raw/0649__USCP-WS-0036__XmlWinEventLog.log,USCP-WS-0036,XmlWinEventLog:Security,XmlWinEventLog,13
raw/0650__USCP-WS-0036__ms_defender_eventhub.log,USCP-WS-0036,ms:defender:eventhub,ms:defender:eventhub,2
raw/0651__USCP-WS-0036__trellix_epo.log,USCP-WS-0036,trellix:epo,trellix:epo,1
raw/0652__USCP-WS-0037__XmlWinEventLog.log,USCP-WS-0037,XmlWinEventLog:Microsoft-Windows-Sysmon/Operational,XmlWinEventLog,9
raw/0653__USCP-WS-0037__XmlWinEventLog.log,USCP-WS-0037,XmlWinEventLog:Security,XmlWinEventLog,4
raw/0654__USCP-WS-0037__ms_defender_eventhub.log,USCP-WS-0037,ms:defender:eventhub,ms:defender:eventhub,2
raw/0655__USCP-WS-0037__trellix_epo.log,USCP-WS-0037,trellix:epo,trellix:epo,1
raw/0656__USCP-WS-0038__XmlWinEventLog.log,USCP-WS-0038,XmlWinEventLog:Microsoft-Windows-Sysmon/Operational,XmlWinEventLog,5
raw/0657__USCP-WS-0038__XmlWinEventLog.log,USCP-WS-0038,XmlWinEventLog:Security,XmlWinEventLog,6
raw/0658__USCP-WS-0038__ms_defender_eventhub.log,USCP-WS-0038,ms:defender:eventhub,ms:defender:eventhub,1
raw/0659__USCP-WS-0038__sccm_client.log,USCP-WS-0038,sccm:client,sccm:client,1
raw/0660__USCP-WS-0039__XmlWinEventLog.log,USCP-WS-0039,XmlWinEventLog:Microsoft-Windows-Sysmon/Operational,XmlWinEventLog,9
raw/0661__USCP-WS-0039__XmlWinEventLog.log,USCP-WS-0039,XmlWinEventLog:Security,XmlWinEventLog,11
raw/0662__USCP-WS-0039__trellix_epo.log,USCP-WS-0039,trellix:epo,trellix:epo,1
raw/0663__USCP-WS-0040__XmlWinEventLog.log,USCP-WS-0040,XmlWinEventLog:Microsoft-Windows-Sysmon/Operational,XmlWinEventLog,6
raw/0664__USCP-WS-0040__XmlWinEventLog.log,USCP-WS-0040,XmlWinEventLog:Security,XmlWinEventLog,2
raw/0665__USCP-WS-0040__sccm_client.log,USCP-WS-0040,sccm:client,sccm:client,1
raw/0666__USCP-WS-0041__XmlWinEventLog.log,USCP-WS-0041,XmlWinEventLog:Microsoft-Windows-Sysmon/Operational,XmlWinEventLog,5
raw/0667__USCP-WS-0041__XmlWinEventLog.log,USCP-WS-0041,XmlWinEventLog:Security,XmlWinEventLog,5
raw/0668__USCP-WS-0041__ms_defender_eventhub.log,USCP-WS-0041,ms:defender:eventhub,ms:defender:eventhub,1
raw/0669__USCP-WS-0041__sccm_client.log,USCP-WS-0041,sccm:client,sccm:client,1
raw/0670__USCP-WS-0042__XmlWinEventLog.log,USCP-WS-0042,XmlWinEventLog:Microsoft-Windows-Sysmon/Operational,XmlWinEventLog,9
raw/0671__USCP-WS-0042__XmlWinEventLog.log,USCP-WS-0042,XmlWinEventLog:Security,XmlWinEventLog,7
raw/0672__USCP-WS-0042__sccm_client.log,USCP-WS-0042,sccm:client,sccm:client,1
raw/0673__USCP-WS-0043__XmlWinEventLog.log,USCP-WS-0043,XmlWinEventLog:Microsoft-Windows-Sysmon/Operational,XmlWinEventLog,7
raw/0674__USCP-WS-0043__XmlWinEventLog.log,USCP-WS-0043,XmlWinEventLog:Security,XmlWinEventLog,6
raw/0675__USCP-WS-0043__ms_defender_eventhub.log,USCP-WS-0043,ms:defender:eventhub,ms:defender:eventhub,2
raw/0676__USCP-WS-0044__XmlWinEventLog.log,USCP-WS-0044,XmlWinEventLog:Microsoft-Windows-Sysmon/Operational,XmlWinEventLog,10
raw/0677__USCP-WS-0044__XmlWinEventLog.log,USCP-WS-0044,XmlWinEventLog:Security,XmlWinEventLog,9
raw/0678__USCP-WS-0044__ms_defender_eventhub.log,USCP-WS-0044,ms:defender:eventhub,ms:defender:eventhub,1
raw/0679__USCP-WS-0044__trellix_epo.log,USCP-WS-0044,trellix:epo,trellix:epo,1
raw/0680__USCP-WS-0045__XmlWinEventLog.log,USCP-WS-0045,XmlWinEventLog:Microsoft-Windows-Sysmon/Operational,XmlWinEventLog,13
raw/0681__USCP-WS-0045__XmlWinEventLog.log,USCP-WS-0045,XmlWinEventLog:Security,XmlWinEventLog,5
raw/0682__USCP-WS-0045__ms_defender_eventhub.log,USCP-WS-0045,ms:defender:eventhub,ms:defender:eventhub,2
raw/0683__USCP-WS-0045__sccm_client.log,USCP-WS-0045,sccm:client,sccm:client,1
raw/0684__USCP-WS-0045__trellix_epo.log,USCP-WS-0045,trellix:epo,trellix:epo,1
raw/0685__USCP-WS-0045__wsus_client.log,USCP-WS-0045,wsus:client,wsus:client,2
raw/0686__USCP-WS-0046__XmlWinEventLog.log,USCP-WS-0046,XmlWinEventLog:Microsoft-Windows-Sysmon/Operational,XmlWinEventLog,11
raw/0687__USCP-WS-0046__XmlWinEventLog.log,USCP-WS-0046,XmlWinEventLog:Security,XmlWinEventLog,5
raw/0688__USCP-WS-0046__ms_defender_eventhub.log,USCP-WS-0046,ms:defender:eventhub,ms:defender:eventhub,3
raw/0689__USCP-WS-0047__XmlWinEventLog.log,USCP-WS-0047,XmlWinEventLog:Microsoft-Windows-Sysmon/Operational,XmlWinEventLog,10
raw/0690__USCP-WS-0047__XmlWinEventLog.log,USCP-WS-0047,XmlWinEventLog:Security,XmlWinEventLog,8
raw/0691__USCP-WS-0047__sccm_client.log,USCP-WS-0047,sccm:client,sccm:client,1
raw/0692__USCP-WS-0048__XmlWinEventLog.log,USCP-WS-0048,XmlWinEventLog:Microsoft-Windows-Sysmon/Operational,XmlWinEventLog,10
raw/0693__USCP-WS-0048__XmlWinEventLog.log,USCP-WS-0048,XmlWinEventLog:Security,XmlWinEventLog,10
raw/0694__USCP-WS-0048__ms_defender_eventhub.log,USCP-WS-0048,ms:defender:eventhub,ms:defender:eventhub,4
raw/0695__USCP-WS-0048__sccm_client.log,USCP-WS-0048,sccm:client,sccm:client,1
raw/0696__USCP-WS-0049__XmlWinEventLog.log,USCP-WS-0049,XmlWinEventLog:Microsoft-Windows-Sysmon/Operational,XmlWinEventLog,12
raw/0697__USCP-WS-0049__XmlWinEventLog.log,USCP-WS-0049,XmlWinEventLog:Security,XmlWinEventLog,9
raw/0698__USCP-WS-0050__XmlWinEventLog.log,USCP-WS-0050,XmlWinEventLog:Microsoft-Windows-Sysmon/Operational,XmlWinEventLog,7
raw/0699__USCP-WS-0050__XmlWinEventLog.log,USCP-WS-0050,XmlWinEventLog:Security,XmlWinEventLog,6
raw/0700__USCP-WS-0050__ms_defender_eventhub.log,USCP-WS-0050,ms:defender:eventhub,ms:defender:eventhub,4
raw/0701__USCP-WS-0051__XmlWinEventLog.log,USCP-WS-0051,XmlWinEventLog:Microsoft-Windows-Sysmon/Operational,XmlWinEventLog,5
raw/0702__USCP-WS-0051__XmlWinEventLog.log,USCP-WS-0051,XmlWinEventLog:Security,XmlWinEventLog,9
raw/0703__USCP-WS-0051__ms_defender_eventhub.log,USCP-WS-0051,ms:defender:eventhub,ms:defender:eventhub,3
raw/0704__USCP-WS-0052__XmlWinEventLog.log,USCP-WS-0052,XmlWinEventLog:Microsoft-Windows-Sysmon/Operational,XmlWinEventLog,9
raw/0705__USCP-WS-0052__XmlWinEventLog.log,USCP-WS-0052,XmlWinEventLog:Security,XmlWinEventLog,4
raw/0706__USCP-WS-0052__ms_defender_eventhub.log,USCP-WS-0052,ms:defender:eventhub,ms:defender:eventhub,1
raw/0707__USCP-WS-0053__XmlWinEventLog.log,USCP-WS-0053,XmlWinEventLog:Microsoft-Windows-Sysmon/Operational,XmlWinEventLog,9
raw/0708__USCP-WS-0053__XmlWinEventLog.log,USCP-WS-0053,XmlWinEventLog:Security,XmlWinEventLog,7
raw/0709__USCP-WS-0053__ms_defender_eventhub.log,USCP-WS-0053,ms:defender:eventhub,ms:defender:eventhub,1
raw/0710__USCP-WS-0053__sccm_client.log,USCP-WS-0053,sccm:client,sccm:client,1
raw/0711__USCP-WS-0054__XmlWinEventLog.log,USCP-WS-0054,XmlWinEventLog:Microsoft-Windows-Sysmon/Operational,XmlWinEventLog,11
raw/0712__USCP-WS-0054__XmlWinEventLog.log,USCP-WS-0054,XmlWinEventLog:Security,XmlWinEventLog,8
raw/0713__USCP-WS-0054__ms_defender_eventhub.log,USCP-WS-0054,ms:defender:eventhub,ms:defender:eventhub,1
raw/0714__USCP-WS-0055__XmlWinEventLog.log,USCP-WS-0055,XmlWinEventLog:Microsoft-Windows-Sysmon/Operational,XmlWinEventLog,7
raw/0715__USCP-WS-0055__XmlWinEventLog.log,USCP-WS-0055,XmlWinEventLog:Security,XmlWinEventLog,13
raw/0716__USCP-WS-0055__ms_defender_eventhub.log,USCP-WS-0055,ms:defender:eventhub,ms:defender:eventhub,2
raw/0717__USCP-WS-0056__XmlWinEventLog.log,USCP-WS-0056,XmlWinEventLog:Microsoft-Windows-Sysmon/Operational,XmlWinEventLog,13
raw/0718__USCP-WS-0056__XmlWinEventLog.log,USCP-WS-0056,XmlWinEventLog:Security,XmlWinEventLog,11
raw/0719__USCP-WS-0057__XmlWinEventLog.log,USCP-WS-0057,XmlWinEventLog:Microsoft-Windows-Sysmon/Operational,XmlWinEventLog,9
raw/0720__USCP-WS-0057__XmlWinEventLog.log,USCP-WS-0057,XmlWinEventLog:Security,XmlWinEventLog,6
raw/0721__USCP-WS-0057__ms_defender_eventhub.log,USCP-WS-0057,ms:defender:eventhub,ms:defender:eventhub,3
raw/0722__USCP-WS-0057__wsus_client.log,USCP-WS-0057,wsus:client,wsus:client,1
raw/0723__USCP-WS-0058__XmlWinEventLog.log,USCP-WS-0058,XmlWinEventLog:Microsoft-Windows-Sysmon/Operational,XmlWinEventLog,8
raw/0724__USCP-WS-0058__XmlWinEventLog.log,USCP-WS-0058,XmlWinEventLog:Security,XmlWinEventLog,5
raw/0725__USCP-WS-0058__ms_defender_eventhub.log,USCP-WS-0058,ms:defender:eventhub,ms:defender:eventhub,2
raw/0726__USCP-WS-0058__trellix_epo.log,USCP-WS-0058,trellix:epo,trellix:epo,1
raw/0727__USCP-WS-0059__XmlWinEventLog.log,USCP-WS-0059,XmlWinEventLog:Microsoft-Windows-Sysmon/Operational,XmlWinEventLog,11
raw/0728__USCP-WS-0059__XmlWinEventLog.log,USCP-WS-0059,XmlWinEventLog:Security,XmlWinEventLog,7
raw/0729__USCP-WS-0059__ms_defender_eventhub.log,USCP-WS-0059,ms:defender:eventhub,ms:defender:eventhub,1
raw/0730__USCP-WS-0059__sccm_client.log,USCP-WS-0059,sccm:client,sccm:client,1
raw/0731__USCP-WS-0059__trellix_epo.log,USCP-WS-0059,trellix:epo,trellix:epo,1
raw/0732__USCP-WS-0059__wsus_client.log,USCP-WS-0059,wsus:client,wsus:client,1
raw/0733__USCP-WS-0060__XmlWinEventLog.log,USCP-WS-0060,XmlWinEventLog:Microsoft-Windows-Sysmon/Operational,XmlWinEventLog,9
raw/0734__USCP-WS-0060__XmlWinEventLog.log,USCP-WS-0060,XmlWinEventLog:Security,XmlWinEventLog,8
raw/0735__USCP-WS-0060__ms_defender_eventhub.log,USCP-WS-0060,ms:defender:eventhub,ms:defender:eventhub,2
raw/0736__USCP-WS-0060__sccm_client.log,USCP-WS-0060,sccm:client,sccm:client,1
raw/0737__USCP-WS-0061__XmlWinEventLog.log,USCP-WS-0061,XmlWinEventLog:Microsoft-Windows-Sysmon/Operational,XmlWinEventLog,8
raw/0738__USCP-WS-0061__XmlWinEventLog.log,USCP-WS-0061,XmlWinEventLog:Security,XmlWinEventLog,5
raw/0739__USCP-WS-0061__sccm_client.log,USCP-WS-0061,sccm:client,sccm:client,1
raw/0740__USCP-WS-0062__XmlWinEventLog.log,USCP-WS-0062,XmlWinEventLog:Microsoft-Windows-Sysmon/Operational,XmlWinEventLog,8
raw/0741__USCP-WS-0062__XmlWinEventLog.log,USCP-WS-0062,XmlWinEventLog:Security,XmlWinEventLog,5
raw/0742__USCP-WS-0062__ms_defender_eventhub.log,USCP-WS-0062,ms:defender:eventhub,ms:defender:eventhub,5
raw/0743__USCP-WS-0063__XmlWinEventLog.log,USCP-WS-0063,XmlWinEventLog:Microsoft-Windows-Sysmon/Operational,XmlWinEventLog,11
raw/0744__USCP-WS-0063__XmlWinEventLog.log,USCP-WS-0063,XmlWinEventLog:Security,XmlWinEventLog,9
raw/0745__USCP-WS-0063__ms_defender_eventhub.log,USCP-WS-0063,ms:defender:eventhub,ms:defender:eventhub,2
raw/0746__USCP-WS-0064__XmlWinEventLog.log,USCP-WS-0064,XmlWinEventLog:Microsoft-Windows-Sysmon/Operational,XmlWinEventLog,8
raw/0747__USCP-WS-0064__XmlWinEventLog.log,USCP-WS-0064,XmlWinEventLog:Security,XmlWinEventLog,6
raw/0748__USCP-ZEEK-01__bro_conn_json.log,USCP-ZEEK-01,zeek:conn,bro:conn:json,1286
raw/0749__USCP-ZEEK-01__bro_dce_rpc_json.log,USCP-ZEEK-01,zeek:dce_rpc,bro:dce_rpc:json,135
raw/0750__USCP-ZEEK-01__bro_dns_json.log,USCP-ZEEK-01,zeek:dns,bro:dns:json,596
raw/0751__USCP-ZEEK-01__bro_http_json.log,USCP-ZEEK-01,zeek:http,bro:http:json,329
raw/0752__USCP-ZEEK-01__bro_smb_files_json.log,USCP-ZEEK-01,zeek:smb_files,bro:smb_files:json,130
raw/0753__USCP-ZEEK-01__bro_ssl_json.log,USCP-ZEEK-01,zeek:ssl,bro:ssl:json,528
raw/0754__USHQ-APP-01__XmlWinEventLog.log,USHQ-APP-01,XmlWinEventLog:Microsoft-Windows-Sysmon/Operational,XmlWinEventLog,6
raw/0755__USHQ-APP-01__XmlWinEventLog.log,USHQ-APP-01,XmlWinEventLog:Security,XmlWinEventLog,7
raw/0756__USHQ-APP-01__ms_defender_eventhub.log,USHQ-APP-01,ms:defender:eventhub,ms:defender:eventhub,4
raw/0757__USHQ-APP-01__trellix_epo.log,USHQ-APP-01,trellix:epo,trellix:epo,1
raw/0758__USHQ-APP-02__XmlWinEventLog.log,USHQ-APP-02,XmlWinEventLog:Microsoft-Windows-Sysmon/Operational,XmlWinEventLog,6
raw/0759__USHQ-APP-02__XmlWinEventLog.log,USHQ-APP-02,XmlWinEventLog:Security,XmlWinEventLog,4
raw/0760__USHQ-APP-02__ms_defender_eventhub.log,USHQ-APP-02,ms:defender:eventhub,ms:defender:eventhub,2
raw/0761__USHQ-APP-02__sccm_client.log,USHQ-APP-02,sccm:client,sccm:client,1
raw/0762__USHQ-APP-02__trellix_epo.log,USHQ-APP-02,trellix:epo,trellix:epo,2
raw/0763__USHQ-APP-02__wsus_client.log,USHQ-APP-02,wsus:client,wsus:client,1
raw/0764__USHQ-APP-03__XmlWinEventLog.log,USHQ-APP-03,XmlWinEventLog:Microsoft-Windows-Sysmon/Operational,XmlWinEventLog,5
raw/0765__USHQ-APP-03__XmlWinEventLog.log,USHQ-APP-03,XmlWinEventLog:Security,XmlWinEventLog,10
raw/0766__USHQ-APP-03__ms_defender_eventhub.log,USHQ-APP-03,ms:defender:eventhub,ms:defender:eventhub,1
raw/0767__USHQ-APP-04__XmlWinEventLog.log,USHQ-APP-04,XmlWinEventLog:Microsoft-Windows-Sysmon/Operational,XmlWinEventLog,10
raw/0768__USHQ-APP-04__XmlWinEventLog.log,USHQ-APP-04,XmlWinEventLog:Security,XmlWinEventLog,9
raw/0769__USHQ-APP-04__ms_defender_eventhub.log,USHQ-APP-04,ms:defender:eventhub,ms:defender:eventhub,4
raw/0770__USHQ-APP-05__XmlWinEventLog.log,USHQ-APP-05,XmlWinEventLog:Microsoft-Windows-Sysmon/Operational,XmlWinEventLog,4
raw/0771__USHQ-APP-05__XmlWinEventLog.log,USHQ-APP-05,XmlWinEventLog:Security,XmlWinEventLog,9
raw/0772__USHQ-APP-05__trellix_epo.log,USHQ-APP-05,trellix:epo,trellix:epo,3
raw/0773__USHQ-APP-05__wsus_client.log,USHQ-APP-05,wsus:client,wsus:client,1
raw/0774__USHQ-APP-06__XmlWinEventLog.log,USHQ-APP-06,XmlWinEventLog:Microsoft-Windows-Sysmon/Operational,XmlWinEventLog,8
raw/0775__USHQ-APP-06__XmlWinEventLog.log,USHQ-APP-06,XmlWinEventLog:Security,XmlWinEventLog,6
raw/0776__USHQ-APP-06__ms_defender_eventhub.log,USHQ-APP-06,ms:defender:eventhub,ms:defender:eventhub,2
raw/0777__USHQ-APP-06__sccm_client.log,USHQ-APP-06,sccm:client,sccm:client,1
raw/0778__USHQ-APP-06__trellix_epo.log,USHQ-APP-06,trellix:epo,trellix:epo,1
raw/0779__USHQ-APP-07__XmlWinEventLog.log,USHQ-APP-07,XmlWinEventLog:Microsoft-Windows-Sysmon/Operational,XmlWinEventLog,58
raw/0780__USHQ-APP-07__XmlWinEventLog.log,USHQ-APP-07,XmlWinEventLog:Security,XmlWinEventLog,48
raw/0781__USHQ-APP-07__ms_defender_eventhub.log,USHQ-APP-07,ms:defender:eventhub,ms:defender:eventhub,5
raw/0782__USHQ-APP-08__XmlWinEventLog.log,USHQ-APP-08,XmlWinEventLog:Microsoft-Windows-Sysmon/Operational,XmlWinEventLog,5
raw/0783__USHQ-APP-08__XmlWinEventLog.log,USHQ-APP-08,XmlWinEventLog:Security,XmlWinEventLog,5
raw/0784__USHQ-APP-08__ms_defender_eventhub.log,USHQ-APP-08,ms:defender:eventhub,ms:defender:eventhub,4
raw/0785__USHQ-APP-08__wsus_client.log,USHQ-APP-08,wsus:client,wsus:client,1
raw/0786__USHQ-DC-01__XmlWinEventLog.log,USHQ-DC-01,XmlWinEventLog:Security,XmlWinEventLog,198
raw/0787__USHQ-DC-02__XmlWinEventLog.log,USHQ-DC-02,XmlWinEventLog:Security,XmlWinEventLog,20
raw/0788__USHQ-DLP-01__dlp_events.log,USHQ-DLP-01,dlp:events,dlp:events,1
raw/0789__USHQ-FS-01__XmlWinEventLog.log,USHQ-FS-01,XmlWinEventLog:Microsoft-Windows-Sysmon/Operational,XmlWinEventLog,7
raw/0790__USHQ-FS-01__XmlWinEventLog.log,USHQ-FS-01,XmlWinEventLog:Security,XmlWinEventLog,3
raw/0791__USHQ-FS-01__trellix_epo.log,USHQ-FS-01,trellix:epo,trellix:epo,1
raw/0792__USHQ-FS-02__XmlWinEventLog.log,USHQ-FS-02,XmlWinEventLog:Microsoft-Windows-Sysmon/Operational,XmlWinEventLog,7
raw/0793__USHQ-FS-02__XmlWinEventLog.log,USHQ-FS-02,XmlWinEventLog:Security,XmlWinEventLog,14
raw/0794__USHQ-FS-02__ms_defender_eventhub.log,USHQ-FS-02,ms:defender:eventhub,ms:defender:eventhub,1
raw/0795__USHQ-FS-03__XmlWinEventLog.log,USHQ-FS-03,XmlWinEventLog:Microsoft-Windows-Sysmon/Operational,XmlWinEventLog,7
raw/0796__USHQ-FS-03__XmlWinEventLog.log,USHQ-FS-03,XmlWinEventLog:Security,XmlWinEventLog,6
raw/0797__USHQ-FS-03__ms_defender_eventhub.log,USHQ-FS-03,ms:defender:eventhub,ms:defender:eventhub,2
raw/0798__USHQ-FS-04__XmlWinEventLog.log,USHQ-FS-04,XmlWinEventLog:Microsoft-Windows-Sysmon/Operational,XmlWinEventLog,12
raw/0799__USHQ-FS-04__XmlWinEventLog.log,USHQ-FS-04,XmlWinEventLog:Security,XmlWinEventLog,8
raw/0800__USHQ-FS-04__ms_defender_eventhub.log,USHQ-FS-04,ms:defender:eventhub,ms:defender:eventhub,1
raw/0801__USHQ-FS-04__trellix_epo.log,USHQ-FS-04,trellix:epo,trellix:epo,2
raw/0802__USHQ-FW-01__pan_traffic.log,USHQ-FW-01,pan:traffic,pan:traffic,171
raw/0803__USHQ-FW-02__fortigate_traffic.log,USHQ-FW-02,fortigate_traffic,fortigate_traffic,181
raw/0804__USHQ-FW-03__cisco_asa.log,USHQ-FW-03,cisco:asa,cisco:asa,143
raw/0805__USHQ-JUMP-01__XmlWinEventLog.log,USHQ-JUMP-01,XmlWinEventLog:Microsoft-Windows-Sysmon/Operational,XmlWinEventLog,8
raw/0806__USHQ-JUMP-01__XmlWinEventLog.log,USHQ-JUMP-01,XmlWinEventLog:Security,XmlWinEventLog,7
raw/0807__USHQ-JUMP-01__ms_defender_eventhub.log,USHQ-JUMP-01,ms:defender:eventhub,ms:defender:eventhub,3
raw/0808__USHQ-JUMP-01__sccm_client.log,USHQ-JUMP-01,sccm:client,sccm:client,1
raw/0809__USHQ-JUMP-01__trellix_epo.log,USHQ-JUMP-01,trellix:epo,trellix:epo,1
raw/0810__USHQ-JUMP-02__XmlWinEventLog.log,USHQ-JUMP-02,XmlWinEventLog:Microsoft-Windows-Sysmon/Operational,XmlWinEventLog,8
raw/0811__USHQ-JUMP-02__XmlWinEventLog.log,USHQ-JUMP-02,XmlWinEventLog:Security,XmlWinEventLog,4
raw/0812__USHQ-JUMP-02__wsus_client.log,USHQ-JUMP-02,wsus:client,wsus:client,1
raw/0813__USHQ-JUMP-03__XmlWinEventLog.log,USHQ-JUMP-03,XmlWinEventLog:Microsoft-Windows-Sysmon/Operational,XmlWinEventLog,16
raw/0814__USHQ-JUMP-03__XmlWinEventLog.log,USHQ-JUMP-03,XmlWinEventLog:Security,XmlWinEventLog,5
raw/0815__USHQ-LNX-01__linux_audit.log,USHQ-LNX-01,/var/log/audit/audit.log,linux_audit,108
raw/0816__USHQ-LNX-01__linux_secure.log,USHQ-LNX-01,/var/log/secure,linux_secure,26
raw/0817__USHQ-LNX-01__syslog.log,USHQ-LNX-01,/var/log/syslog,syslog,39
raw/0818__USHQ-LNX-01__ms_defender_eventhub.log,USHQ-LNX-01,ms:defender:eventhub,ms:defender:eventhub,2
raw/0819__USHQ-LNX-02__linux_audit.log,USHQ-LNX-02,/var/log/audit/audit.log,linux_audit,146
raw/0820__USHQ-LNX-02__linux_secure.log,USHQ-LNX-02,/var/log/secure,linux_secure,21
raw/0821__USHQ-LNX-02__syslog.log,USHQ-LNX-02,/var/log/syslog,syslog,42
raw/0822__USHQ-LNX-02__ms_defender_eventhub.log,USHQ-LNX-02,ms:defender:eventhub,ms:defender:eventhub,2
raw/0823__USHQ-LNX-03__linux_audit.log,USHQ-LNX-03,/var/log/audit/audit.log,linux_audit,124
raw/0824__USHQ-LNX-03__linux_secure.log,USHQ-LNX-03,/var/log/secure,linux_secure,27
raw/0825__USHQ-LNX-03__syslog.log,USHQ-LNX-03,/var/log/syslog,syslog,38
raw/0826__USHQ-LNX-03__ms_defender_eventhub.log,USHQ-LNX-03,ms:defender:eventhub,ms:defender:eventhub,2
raw/0827__USHQ-LNX-04__linux_audit.log,USHQ-LNX-04,/var/log/audit/audit.log,linux_audit,171
raw/0828__USHQ-LNX-04__linux_secure.log,USHQ-LNX-04,/var/log/secure,linux_secure,23
raw/0829__USHQ-LNX-04__syslog.log,USHQ-LNX-04,/var/log/syslog,syslog,32
raw/0830__USHQ-LNX-05__linux_audit.log,USHQ-LNX-05,/var/log/audit/audit.log,linux_audit,134
raw/0831__USHQ-LNX-05__linux_secure.log,USHQ-LNX-05,/var/log/secure,linux_secure,32
raw/0832__USHQ-LNX-05__syslog.log,USHQ-LNX-05,/var/log/syslog,syslog,41
raw/0833__USHQ-LNX-05__trellix_epo.log,USHQ-LNX-05,trellix:epo,trellix:epo,1
raw/0834__USHQ-LNX-06__linux_audit.log,USHQ-LNX-06,/var/log/audit/audit.log,linux_audit,119
raw/0835__USHQ-LNX-06__linux_secure.log,USHQ-LNX-06,/var/log/secure,linux_secure,16
raw/0836__USHQ-LNX-06__syslog.log,USHQ-LNX-06,/var/log/syslog,syslog,36
raw/0837__USHQ-LNX-06__ms_defender_eventhub.log,USHQ-LNX-06,ms:defender:eventhub,ms:defender:eventhub,1
raw/0838__USHQ-LNX-07__linux_audit.log,USHQ-LNX-07,/var/log/audit/audit.log,linux_audit,153
raw/0839__USHQ-LNX-07__linux_secure.log,USHQ-LNX-07,/var/log/secure,linux_secure,16
raw/0840__USHQ-LNX-07__syslog.log,USHQ-LNX-07,/var/log/syslog,syslog,54
raw/0841__USHQ-LNX-07__trellix_epo.log,USHQ-LNX-07,trellix:epo,trellix:epo,1
raw/0842__USHQ-LNX-08__linux_audit.log,USHQ-LNX-08,/var/log/audit/audit.log,linux_audit,129
raw/0843__USHQ-LNX-08__linux_secure.log,USHQ-LNX-08,/var/log/secure,linux_secure,26
raw/0844__USHQ-LNX-08__syslog.log,USHQ-LNX-08,/var/log/syslog,syslog,47
raw/0845__USHQ-LNX-08__ms_defender_eventhub.log,USHQ-LNX-08,ms:defender:eventhub,ms:defender:eventhub,1
raw/0846__USHQ-PACS-01__pacs_access.log,USHQ-PACS-01,pacs:access,pacs:access,164
raw/0847__USHQ-PAW-01__XmlWinEventLog.log,USHQ-PAW-01,XmlWinEventLog:Microsoft-Windows-Sysmon/Operational,XmlWinEventLog,9
raw/0848__USHQ-PAW-01__XmlWinEventLog.log,USHQ-PAW-01,XmlWinEventLog:Security,XmlWinEventLog,8
raw/0849__USHQ-PAW-01__sccm_client.log,USHQ-PAW-01,sccm:client,sccm:client,1
raw/0850__USHQ-PAW-01__trellix_epo.log,USHQ-PAW-01,trellix:epo,trellix:epo,1
raw/0851__USHQ-PAW-02__XmlWinEventLog.log,USHQ-PAW-02,XmlWinEventLog:Microsoft-Windows-Sysmon/Operational,XmlWinEventLog,3
raw/0852__USHQ-PAW-02__XmlWinEventLog.log,USHQ-PAW-02,XmlWinEventLog:Security,XmlWinEventLog,12
raw/0853__USHQ-PAW-02__ms_defender_eventhub.log,USHQ-PAW-02,ms:defender:eventhub,ms:defender:eventhub,1
raw/0854__USHQ-PAW-03__XmlWinEventLog.log,USHQ-PAW-03,XmlWinEventLog:Microsoft-Windows-Sysmon/Operational,XmlWinEventLog,7
raw/0855__USHQ-PAW-03__XmlWinEventLog.log,USHQ-PAW-03,XmlWinEventLog:Security,XmlWinEventLog,4
raw/0856__USHQ-PAW-03__ms_defender_eventhub.log,USHQ-PAW-03,ms:defender:eventhub,ms:defender:eventhub,3
raw/0857__USHQ-PAW-03__wsus_client.log,USHQ-PAW-03,wsus:client,wsus:client,2
raw/0858__USHQ-PAW-04__XmlWinEventLog.log,USHQ-PAW-04,XmlWinEventLog:Microsoft-Windows-Sysmon/Operational,XmlWinEventLog,9
raw/0859__USHQ-PAW-04__XmlWinEventLog.log,USHQ-PAW-04,XmlWinEventLog:Security,XmlWinEventLog,7
raw/0860__USHQ-PAW-05__XmlWinEventLog.log,USHQ-PAW-05,XmlWinEventLog:Microsoft-Windows-Sysmon/Operational,XmlWinEventLog,8
raw/0861__USHQ-PAW-05__XmlWinEventLog.log,USHQ-PAW-05,XmlWinEventLog:Security,XmlWinEventLog,7
raw/0862__USHQ-PAW-05__ms_defender_eventhub.log,USHQ-PAW-05,ms:defender:eventhub,ms:defender:eventhub,2
raw/0863__USHQ-PAW-06__XmlWinEventLog.log,USHQ-PAW-06,XmlWinEventLog:Microsoft-Windows-Sysmon/Operational,XmlWinEventLog,10
raw/0864__USHQ-PAW-06__XmlWinEventLog.log,USHQ-PAW-06,XmlWinEventLog:Security,XmlWinEventLog,11
raw/0865__USHQ-PAW-06__ms_defender_eventhub.log,USHQ-PAW-06,ms:defender:eventhub,ms:defender:eventhub,1
raw/0866__USHQ-PAW-06__wsus_client.log,USHQ-PAW-06,wsus:client,wsus:client,1
raw/0867__USHQ-PRINT-01__print_events.log,USHQ-PRINT-01,print:events,print:events,193
raw/0868__USHQ-RTR-01__cisco_ios.log,USHQ-RTR-01,cisco:ios,cisco:ios,62
raw/0869__USHQ-RTR-02__juniper.log,USHQ-RTR-02,juniper,juniper,36
raw/0870__USHQ-RTR-02__juniper_junos_firewall.log,USHQ-RTR-02,juniper:junos:firewall,juniper:junos:firewall,20
raw/0871__USHQ-VDI-01__XmlWinEventLog.log,USHQ-VDI-01,XmlWinEventLog:Microsoft-Windows-Sysmon/Operational,XmlWinEventLog,2
raw/0872__USHQ-VDI-01__XmlWinEventLog.log,USHQ-VDI-01,XmlWinEventLog:Security,XmlWinEventLog,10
raw/0873__USHQ-VDI-01__vdi_session.log,USHQ-VDI-01,vdi:session,vdi:session,174
raw/0874__USHQ-VDI-02__XmlWinEventLog.log,USHQ-VDI-02,XmlWinEventLog:Microsoft-Windows-Sysmon/Operational,XmlWinEventLog,7
raw/0875__USHQ-VDI-02__XmlWinEventLog.log,USHQ-VDI-02,XmlWinEventLog:Security,XmlWinEventLog,5
raw/0876__USHQ-VDI-02__ms_defender_eventhub.log,USHQ-VDI-02,ms:defender:eventhub,ms:defender:eventhub,1
raw/0877__USHQ-VDI-03__XmlWinEventLog.log,USHQ-VDI-03,XmlWinEventLog:Microsoft-Windows-Sysmon/Operational,XmlWinEventLog,10
raw/0878__USHQ-VDI-03__XmlWinEventLog.log,USHQ-VDI-03,XmlWinEventLog:Security,XmlWinEventLog,9
raw/0879__USHQ-VDI-03__ms_defender_eventhub.log,USHQ-VDI-03,ms:defender:eventhub,ms:defender:eventhub,1
raw/0880__USHQ-VDI-03__sccm_client.log,USHQ-VDI-03,sccm:client,sccm:client,1
raw/0881__USHQ-VDI-03__wsus_client.log,USHQ-VDI-03,wsus:client,wsus:client,1
raw/0882__USHQ-WEB-02__linux_audit.log,USHQ-WEB-02,/var/log/audit/audit.log,linux_audit,207
raw/0883__USHQ-WEB-02__syslog.log,USHQ-WEB-02,/var/log/syslog,syslog,105
raw/0884__USHQ-WEB-02__trellix_epo.log,USHQ-WEB-02,trellix:epo,trellix:epo,9
raw/0885__USHQ-WS-0001__XmlWinEventLog.log,USHQ-WS-0001,XmlWinEventLog:Microsoft-Windows-Sysmon/Operational,XmlWinEventLog,10
raw/0886__USHQ-WS-0001__XmlWinEventLog.log,USHQ-WS-0001,XmlWinEventLog:Security,XmlWinEventLog,10
raw/0887__USHQ-WS-0001__sccm_client.log,USHQ-WS-0001,sccm:client,sccm:client,1
raw/0888__USHQ-WS-0002__XmlWinEventLog.log,USHQ-WS-0002,XmlWinEventLog:Microsoft-Windows-Sysmon/Operational,XmlWinEventLog,14
raw/0889__USHQ-WS-0002__XmlWinEventLog.log,USHQ-WS-0002,XmlWinEventLog:Security,XmlWinEventLog,12
raw/0890__USHQ-WS-0002__ms_defender_eventhub.log,USHQ-WS-0002,ms:defender:eventhub,ms:defender:eventhub,2
raw/0891__USHQ-WS-0002__sccm_client.log,USHQ-WS-0002,sccm:client,sccm:client,1
raw/0892__USHQ-WS-0002__wsus_client.log,USHQ-WS-0002,wsus:client,wsus:client,1
raw/0893__USHQ-WS-0003__XmlWinEventLog.log,USHQ-WS-0003,XmlWinEventLog:Microsoft-Windows-Sysmon/Operational,XmlWinEventLog,12
raw/0894__USHQ-WS-0003__XmlWinEventLog.log,USHQ-WS-0003,XmlWinEventLog:Security,XmlWinEventLog,19
raw/0895__USHQ-WS-0003__ms_defender_eventhub.log,USHQ-WS-0003,ms:defender:eventhub,ms:defender:eventhub,2
raw/0896__USHQ-WS-0004__XmlWinEventLog.log,USHQ-WS-0004,XmlWinEventLog:Microsoft-Windows-Sysmon/Operational,XmlWinEventLog,9
raw/0897__USHQ-WS-0004__XmlWinEventLog.log,USHQ-WS-0004,XmlWinEventLog:Security,XmlWinEventLog,10
raw/0898__USHQ-WS-0004__ms_defender_eventhub.log,USHQ-WS-0004,ms:defender:eventhub,ms:defender:eventhub,2
raw/0899__USHQ-WS-0005__XmlWinEventLog.log,USHQ-WS-0005,XmlWinEventLog:Microsoft-Windows-Sysmon/Operational,XmlWinEventLog,11
raw/0900__USHQ-WS-0005__XmlWinEventLog.log,USHQ-WS-0005,XmlWinEventLog:Security,XmlWinEventLog,12
raw/0901__USHQ-WS-0005__sccm_client.log,USHQ-WS-0005,sccm:client,sccm:client,1
raw/0902__USHQ-WS-0005__trellix_epo.log,USHQ-WS-0005,trellix:epo,trellix:epo,1
raw/0903__USHQ-WS-0006__XmlWinEventLog.log,USHQ-WS-0006,XmlWinEventLog:Microsoft-Windows-Sysmon/Operational,XmlWinEventLog,7
raw/0904__USHQ-WS-0006__XmlWinEventLog.log,USHQ-WS-0006,XmlWinEventLog:Security,XmlWinEventLog,19
raw/0905__USHQ-WS-0006__ms_defender_eventhub.log,USHQ-WS-0006,ms:defender:eventhub,ms:defender:eventhub,2
raw/0906__USHQ-WS-0006__sccm_client.log,USHQ-WS-0006,sccm:client,sccm:client,2
raw/0907__USHQ-WS-0006__trellix_epo.log,USHQ-WS-0006,trellix:epo,trellix:epo,1
raw/0908__USHQ-WS-0007__XmlWinEventLog.log,USHQ-WS-0007,XmlWinEventLog:Microsoft-Windows-Sysmon/Operational,XmlWinEventLog,13
raw/0909__USHQ-WS-0007__XmlWinEventLog.log,USHQ-WS-0007,XmlWinEventLog:Security,XmlWinEventLog,15
raw/0910__USHQ-WS-0007__ms_defender_eventhub.log,USHQ-WS-0007,ms:defender:eventhub,ms:defender:eventhub,1
raw/0911__USHQ-WS-0007__trellix_epo.log,USHQ-WS-0007,trellix:epo,trellix:epo,1
raw/0912__USHQ-WS-0008__XmlWinEventLog.log,USHQ-WS-0008,XmlWinEventLog:Microsoft-Windows-Sysmon/Operational,XmlWinEventLog,11
raw/0913__USHQ-WS-0008__XmlWinEventLog.log,USHQ-WS-0008,XmlWinEventLog:Security,XmlWinEventLog,3
raw/0914__USHQ-WS-0008__trellix_epo.log,USHQ-WS-0008,trellix:epo,trellix:epo,1
raw/0915__USHQ-WS-0009__XmlWinEventLog.log,USHQ-WS-0009,XmlWinEventLog:Microsoft-Windows-Sysmon/Operational,XmlWinEventLog,17
raw/0916__USHQ-WS-0009__XmlWinEventLog.log,USHQ-WS-0009,XmlWinEventLog:Security,XmlWinEventLog,13
raw/0917__USHQ-WS-0009__ms_defender_eventhub.log,USHQ-WS-0009,ms:defender:eventhub,ms:defender:eventhub,1
raw/0918__USHQ-WS-0009__trellix_epo.log,USHQ-WS-0009,trellix:epo,trellix:epo,1
raw/0919__USHQ-WS-0010__XmlWinEventLog.log,USHQ-WS-0010,XmlWinEventLog:Microsoft-Windows-Sysmon/Operational,XmlWinEventLog,15
raw/0920__USHQ-WS-0010__XmlWinEventLog.log,USHQ-WS-0010,XmlWinEventLog:Security,XmlWinEventLog,11
raw/0921__USHQ-WS-0010__ms_defender_eventhub.log,USHQ-WS-0010,ms:defender:eventhub,ms:defender:eventhub,1
raw/0922__USHQ-WS-0010__sccm_client.log,USHQ-WS-0010,sccm:client,sccm:client,2
raw/0923__USHQ-WS-0011__XmlWinEventLog.log,USHQ-WS-0011,XmlWinEventLog:Microsoft-Windows-Sysmon/Operational,XmlWinEventLog,13
raw/0924__USHQ-WS-0011__XmlWinEventLog.log,USHQ-WS-0011,XmlWinEventLog:Security,XmlWinEventLog,6
raw/0925__USHQ-WS-0011__ms_defender_eventhub.log,USHQ-WS-0011,ms:defender:eventhub,ms:defender:eventhub,2
raw/0926__USHQ-WS-0011__trellix_epo.log,USHQ-WS-0011,trellix:epo,trellix:epo,1
raw/0927__USHQ-WS-0012__XmlWinEventLog.log,USHQ-WS-0012,XmlWinEventLog:Microsoft-Windows-Sysmon/Operational,XmlWinEventLog,9
raw/0928__USHQ-WS-0012__XmlWinEventLog.log,USHQ-WS-0012,XmlWinEventLog:Security,XmlWinEventLog,13
raw/0929__USHQ-WS-0012__ms_defender_eventhub.log,USHQ-WS-0012,ms:defender:eventhub,ms:defender:eventhub,2
raw/0930__USHQ-WS-0012__trellix_epo.log,USHQ-WS-0012,trellix:epo,trellix:epo,1
raw/0931__USHQ-WS-0012__wsus_client.log,USHQ-WS-0012,wsus:client,wsus:client,1
raw/0932__USHQ-WS-0013__XmlWinEventLog.log,USHQ-WS-0013,XmlWinEventLog:Microsoft-Windows-Sysmon/Operational,XmlWinEventLog,21
raw/0933__USHQ-WS-0013__XmlWinEventLog.log,USHQ-WS-0013,XmlWinEventLog:Security,XmlWinEventLog,11
raw/0934__USHQ-WS-0013__ms_defender_eventhub.log,USHQ-WS-0013,ms:defender:eventhub,ms:defender:eventhub,3
raw/0935__USHQ-WS-0014__XmlWinEventLog.log,USHQ-WS-0014,XmlWinEventLog:Microsoft-Windows-Sysmon/Operational,XmlWinEventLog,14
raw/0936__USHQ-WS-0014__XmlWinEventLog.log,USHQ-WS-0014,XmlWinEventLog:Security,XmlWinEventLog,16
raw/0937__USHQ-WS-0015__XmlWinEventLog.log,USHQ-WS-0015,XmlWinEventLog:Microsoft-Windows-Sysmon/Operational,XmlWinEventLog,11
raw/0938__USHQ-WS-0015__XmlWinEventLog.log,USHQ-WS-0015,XmlWinEventLog:Security,XmlWinEventLog,11
raw/0939__USHQ-WS-0015__ms_defender_eventhub.log,USHQ-WS-0015,ms:defender:eventhub,ms:defender:eventhub,2
raw/0940__USHQ-WS-0016__XmlWinEventLog.log,USHQ-WS-0016,XmlWinEventLog:Microsoft-Windows-Sysmon/Operational,XmlWinEventLog,9
raw/0941__USHQ-WS-0016__XmlWinEventLog.log,USHQ-WS-0016,XmlWinEventLog:Security,XmlWinEventLog,4
raw/0942__USHQ-WS-0016__ms_defender_eventhub.log,USHQ-WS-0016,ms:defender:eventhub,ms:defender:eventhub,1
raw/0943__USHQ-WS-0017__XmlWinEventLog.log,USHQ-WS-0017,XmlWinEventLog:Microsoft-Windows-Sysmon/Operational,XmlWinEventLog,14
raw/0944__USHQ-WS-0017__XmlWinEventLog.log,USHQ-WS-0017,XmlWinEventLog:Security,XmlWinEventLog,11
raw/0945__USHQ-WS-0017__wsus_client.log,USHQ-WS-0017,wsus:client,wsus:client,2
raw/0946__USHQ-WS-0018__XmlWinEventLog.log,USHQ-WS-0018,XmlWinEventLog:Microsoft-Windows-Sysmon/Operational,XmlWinEventLog,12
raw/0947__USHQ-WS-0018__XmlWinEventLog.log,USHQ-WS-0018,XmlWinEventLog:Security,XmlWinEventLog,16
raw/0948__USHQ-WS-0018__ms_defender_eventhub.log,USHQ-WS-0018,ms:defender:eventhub,ms:defender:eventhub,1
raw/0949__USHQ-WS-0018__trellix_epo.log,USHQ-WS-0018,trellix:epo,trellix:epo,1
raw/0950__USHQ-WS-0019__XmlWinEventLog.log,USHQ-WS-0019,XmlWinEventLog:Microsoft-Windows-Sysmon/Operational,XmlWinEventLog,7
raw/0951__USHQ-WS-0019__XmlWinEventLog.log,USHQ-WS-0019,XmlWinEventLog:Security,XmlWinEventLog,13
raw/0952__USHQ-WS-0019__ms_defender_eventhub.log,USHQ-WS-0019,ms:defender:eventhub,ms:defender:eventhub,2
raw/0953__USHQ-WS-0019__wsus_client.log,USHQ-WS-0019,wsus:client,wsus:client,1
raw/0954__USHQ-WS-0020__XmlWinEventLog.log,USHQ-WS-0020,XmlWinEventLog:Microsoft-Windows-Sysmon/Operational,XmlWinEventLog,15
raw/0955__USHQ-WS-0020__XmlWinEventLog.log,USHQ-WS-0020,XmlWinEventLog:Security,XmlWinEventLog,11
raw/0956__USHQ-WS-0020__ms_defender_eventhub.log,USHQ-WS-0020,ms:defender:eventhub,ms:defender:eventhub,1
raw/0957__USHQ-WS-0020__trellix_epo.log,USHQ-WS-0020,trellix:epo,trellix:epo,1
raw/0958__USHQ-WS-0020__wsus_client.log,USHQ-WS-0020,wsus:client,wsus:client,1
raw/0959__USHQ-WS-0021__XmlWinEventLog.log,USHQ-WS-0021,XmlWinEventLog:Microsoft-Windows-Sysmon/Operational,XmlWinEventLog,14
raw/0960__USHQ-WS-0021__XmlWinEventLog.log,USHQ-WS-0021,XmlWinEventLog:Security,XmlWinEventLog,15
raw/0961__USHQ-WS-0021__ms_defender_eventhub.log,USHQ-WS-0021,ms:defender:eventhub,ms:defender:eventhub,4
raw/0962__USHQ-WS-0021__sccm_client.log,USHQ-WS-0021,sccm:client,sccm:client,1
raw/0963__USHQ-WS-0021__wsus_client.log,USHQ-WS-0021,wsus:client,wsus:client,1
raw/0964__USHQ-WS-0022__XmlWinEventLog.log,USHQ-WS-0022,XmlWinEventLog:Microsoft-Windows-Sysmon/Operational,XmlWinEventLog,5
raw/0965__USHQ-WS-0022__XmlWinEventLog.log,USHQ-WS-0022,XmlWinEventLog:Security,XmlWinEventLog,9
raw/0966__USHQ-WS-0022__ms_defender_eventhub.log,USHQ-WS-0022,ms:defender:eventhub,ms:defender:eventhub,1
raw/0967__USHQ-WS-0023__XmlWinEventLog.log,USHQ-WS-0023,XmlWinEventLog:Microsoft-Windows-Sysmon/Operational,XmlWinEventLog,15
raw/0968__USHQ-WS-0023__XmlWinEventLog.log,USHQ-WS-0023,XmlWinEventLog:Security,XmlWinEventLog,13
raw/0969__USHQ-WS-0023__ms_defender_eventhub.log,USHQ-WS-0023,ms:defender:eventhub,ms:defender:eventhub,4
raw/0970__USHQ-WS-0023__trellix_epo.log,USHQ-WS-0023,trellix:epo,trellix:epo,1
raw/0971__USHQ-WS-0024__XmlWinEventLog.log,USHQ-WS-0024,XmlWinEventLog:Microsoft-Windows-Sysmon/Operational,XmlWinEventLog,10
raw/0972__USHQ-WS-0024__XmlWinEventLog.log,USHQ-WS-0024,XmlWinEventLog:Security,XmlWinEventLog,18
raw/0973__USHQ-WS-0024__ms_defender_eventhub.log,USHQ-WS-0024,ms:defender:eventhub,ms:defender:eventhub,3
raw/0974__USHQ-WS-0024__trellix_epo.log,USHQ-WS-0024,trellix:epo,trellix:epo,1
raw/0975__USHQ-WS-0025__XmlWinEventLog.log,USHQ-WS-0025,XmlWinEventLog:Microsoft-Windows-Sysmon/Operational,XmlWinEventLog,14
raw/0976__USHQ-WS-0025__XmlWinEventLog.log,USHQ-WS-0025,XmlWinEventLog:Security,XmlWinEventLog,4
raw/0977__USHQ-WS-0025__sccm_client.log,USHQ-WS-0025,sccm:client,sccm:client,2
raw/0978__USHQ-WS-0025__trellix_epo.log,USHQ-WS-0025,trellix:epo,trellix:epo,3
raw/0979__USHQ-WS-0025__wsus_client.log,USHQ-WS-0025,wsus:client,wsus:client,1
raw/0980__USHQ-WS-0026__XmlWinEventLog.log,USHQ-WS-0026,XmlWinEventLog:Microsoft-Windows-Sysmon/Operational,XmlWinEventLog,7
raw/0981__USHQ-WS-0026__XmlWinEventLog.log,USHQ-WS-0026,XmlWinEventLog:Security,XmlWinEventLog,9
raw/0982__USHQ-WS-0026__sccm_client.log,USHQ-WS-0026,sccm:client,sccm:client,4
raw/0983__USHQ-WS-0027__XmlWinEventLog.log,USHQ-WS-0027,XmlWinEventLog:Microsoft-Windows-Sysmon/Operational,XmlWinEventLog,8
raw/0984__USHQ-WS-0027__XmlWinEventLog.log,USHQ-WS-0027,XmlWinEventLog:Security,XmlWinEventLog,5
raw/0985__USHQ-WS-0027__ms_defender_eventhub.log,USHQ-WS-0027,ms:defender:eventhub,ms:defender:eventhub,1
raw/0986__USHQ-WS-0027__sccm_client.log,USHQ-WS-0027,sccm:client,sccm:client,3
raw/0987__USHQ-WS-0027__trellix_epo.log,USHQ-WS-0027,trellix:epo,trellix:epo,1
raw/0988__USHQ-WS-0028__XmlWinEventLog.log,USHQ-WS-0028,XmlWinEventLog:Microsoft-Windows-Sysmon/Operational,XmlWinEventLog,10
raw/0989__USHQ-WS-0028__XmlWinEventLog.log,USHQ-WS-0028,XmlWinEventLog:Security,XmlWinEventLog,6
raw/0990__USHQ-WS-0028__ms_defender_eventhub.log,USHQ-WS-0028,ms:defender:eventhub,ms:defender:eventhub,2
raw/0991__USHQ-WS-0028__wsus_client.log,USHQ-WS-0028,wsus:client,wsus:client,1
raw/0992__USHQ-WS-0029__XmlWinEventLog.log,USHQ-WS-0029,XmlWinEventLog:Microsoft-Windows-Sysmon/Operational,XmlWinEventLog,11
raw/0993__USHQ-WS-0029__XmlWinEventLog.log,USHQ-WS-0029,XmlWinEventLog:Security,XmlWinEventLog,7
raw/0994__USHQ-WS-0029__ms_defender_eventhub.log,USHQ-WS-0029,ms:defender:eventhub,ms:defender:eventhub,1
raw/0995__USHQ-WS-0029__trellix_epo.log,USHQ-WS-0029,trellix:epo,trellix:epo,1
raw/0996__USHQ-WS-0030__XmlWinEventLog.log,USHQ-WS-0030,XmlWinEventLog:Microsoft-Windows-Sysmon/Operational,XmlWinEventLog,6
raw/0997__USHQ-WS-0030__XmlWinEventLog.log,USHQ-WS-0030,XmlWinEventLog:Security,XmlWinEventLog,6
raw/0998__USHQ-WS-0030__wsus_client.log,USHQ-WS-0030,wsus:client,wsus:client,1
raw/0999__USHQ-WS-0031__XmlWinEventLog.log,USHQ-WS-0031,XmlWinEventLog:Microsoft-Windows-Sysmon/Operational,XmlWinEventLog,8
raw/1000__USHQ-WS-0031__XmlWinEventLog.log,USHQ-WS-0031,XmlWinEventLog:Security,XmlWinEventLog,6
raw/1001__USHQ-WS-0031__ms_defender_eventhub.log,USHQ-WS-0031,ms:defender:eventhub,ms:defender:eventhub,3
raw/1002__USHQ-WS-0032__XmlWinEventLog.log,USHQ-WS-0032,XmlWinEventLog:Microsoft-Windows-Sysmon/Operational,XmlWinEventLog,14
raw/1003__USHQ-WS-0032__XmlWinEventLog.log,USHQ-WS-0032,XmlWinEventLog:Security,XmlWinEventLog,10
raw/1004__USHQ-WS-0032__ms_defender_eventhub.log,USHQ-WS-0032,ms:defender:eventhub,ms:defender:eventhub,2
raw/1005__USHQ-WS-0033__XmlWinEventLog.log,USHQ-WS-0033,XmlWinEventLog:Microsoft-Windows-Sysmon/Operational,XmlWinEventLog,7
raw/1006__USHQ-WS-0033__XmlWinEventLog.log,USHQ-WS-0033,XmlWinEventLog:Security,XmlWinEventLog,4
raw/1007__USHQ-WS-0033__ms_defender_eventhub.log,USHQ-WS-0033,ms:defender:eventhub,ms:defender:eventhub,1
raw/1008__USHQ-WS-0034__XmlWinEventLog.log,USHQ-WS-0034,XmlWinEventLog:Microsoft-Windows-Sysmon/Operational,XmlWinEventLog,12
raw/1009__USHQ-WS-0034__XmlWinEventLog.log,USHQ-WS-0034,XmlWinEventLog:Security,XmlWinEventLog,9
raw/1010__USHQ-WS-0034__ms_defender_eventhub.log,USHQ-WS-0034,ms:defender:eventhub,ms:defender:eventhub,3
raw/1011__USHQ-WS-0034__sccm_client.log,USHQ-WS-0034,sccm:client,sccm:client,1
raw/1012__USHQ-WS-0034__wsus_client.log,USHQ-WS-0034,wsus:client,wsus:client,1
raw/1013__USHQ-WS-0035__XmlWinEventLog.log,USHQ-WS-0035,XmlWinEventLog:Microsoft-Windows-Sysmon/Operational,XmlWinEventLog,11
raw/1014__USHQ-WS-0035__XmlWinEventLog.log,USHQ-WS-0035,XmlWinEventLog:Security,XmlWinEventLog,5
raw/1015__USHQ-WS-0035__ms_defender_eventhub.log,USHQ-WS-0035,ms:defender:eventhub,ms:defender:eventhub,2
raw/1016__USHQ-WS-0036__XmlWinEventLog.log,USHQ-WS-0036,XmlWinEventLog:Microsoft-Windows-Sysmon/Operational,XmlWinEventLog,8
raw/1017__USHQ-WS-0036__XmlWinEventLog.log,USHQ-WS-0036,XmlWinEventLog:Security,XmlWinEventLog,13
raw/1018__USHQ-WS-0037__XmlWinEventLog.log,USHQ-WS-0037,XmlWinEventLog:Microsoft-Windows-Sysmon/Operational,XmlWinEventLog,6
raw/1019__USHQ-WS-0037__XmlWinEventLog.log,USHQ-WS-0037,XmlWinEventLog:Security,XmlWinEventLog,7
raw/1020__USHQ-WS-0037__ms_defender_eventhub.log,USHQ-WS-0037,ms:defender:eventhub,ms:defender:eventhub,8
raw/1021__USHQ-WS-0037__trellix_epo.log,USHQ-WS-0037,trellix:epo,trellix:epo,1
raw/1022__USHQ-WS-0037__wsus_client.log,USHQ-WS-0037,wsus:client,wsus:client,2
raw/1023__USHQ-WS-0038__XmlWinEventLog.log,USHQ-WS-0038,XmlWinEventLog:Microsoft-Windows-Sysmon/Operational,XmlWinEventLog,7
raw/1024__USHQ-WS-0038__XmlWinEventLog.log,USHQ-WS-0038,XmlWinEventLog:Security,XmlWinEventLog,6
raw/1025__USHQ-WS-0038__ms_defender_eventhub.log,USHQ-WS-0038,ms:defender:eventhub,ms:defender:eventhub,1
raw/1026__USHQ-WS-0038__trellix_epo.log,USHQ-WS-0038,trellix:epo,trellix:epo,2
raw/1027__USHQ-WS-0039__XmlWinEventLog.log,USHQ-WS-0039,XmlWinEventLog:Microsoft-Windows-Sysmon/Operational,XmlWinEventLog,7
raw/1028__USHQ-WS-0039__XmlWinEventLog.log,USHQ-WS-0039,XmlWinEventLog:Security,XmlWinEventLog,9
raw/1029__USHQ-WS-0039__wsus_client.log,USHQ-WS-0039,wsus:client,wsus:client,3
raw/1030__USHQ-WS-0040__XmlWinEventLog.log,USHQ-WS-0040,XmlWinEventLog:Microsoft-Windows-Sysmon/Operational,XmlWinEventLog,5
raw/1031__USHQ-WS-0040__XmlWinEventLog.log,USHQ-WS-0040,XmlWinEventLog:Security,XmlWinEventLog,12
raw/1032__USHQ-WS-0040__wsus_client.log,USHQ-WS-0040,wsus:client,wsus:client,1
raw/1033__USHQ-WS-0041__XmlWinEventLog.log,USHQ-WS-0041,XmlWinEventLog:Microsoft-Windows-Sysmon/Operational,XmlWinEventLog,10
raw/1034__USHQ-WS-0041__XmlWinEventLog.log,USHQ-WS-0041,XmlWinEventLog:Security,XmlWinEventLog,7
raw/1035__USHQ-WS-0041__wsus_client.log,USHQ-WS-0041,wsus:client,wsus:client,1
raw/1036__USHQ-WS-0042__XmlWinEventLog.log,USHQ-WS-0042,XmlWinEventLog:Microsoft-Windows-Sysmon/Operational,XmlWinEventLog,10
raw/1037__USHQ-WS-0042__XmlWinEventLog.log,USHQ-WS-0042,XmlWinEventLog:Security,XmlWinEventLog,7
raw/1038__USHQ-WS-0042__ms_defender_eventhub.log,USHQ-WS-0042,ms:defender:eventhub,ms:defender:eventhub,2
raw/1039__USHQ-WS-0042__trellix_epo.log,USHQ-WS-0042,trellix:epo,trellix:epo,1
raw/1040__USHQ-WS-0043__XmlWinEventLog.log,USHQ-WS-0043,XmlWinEventLog:Microsoft-Windows-Sysmon/Operational,XmlWinEventLog,9
raw/1041__USHQ-WS-0043__XmlWinEventLog.log,USHQ-WS-0043,XmlWinEventLog:Security,XmlWinEventLog,10
raw/1042__USHQ-WS-0043__ms_defender_eventhub.log,USHQ-WS-0043,ms:defender:eventhub,ms:defender:eventhub,1
raw/1043__USHQ-WS-0043__sccm_client.log,USHQ-WS-0043,sccm:client,sccm:client,1
raw/1044__USHQ-WS-0044__XmlWinEventLog.log,USHQ-WS-0044,XmlWinEventLog:Microsoft-Windows-Sysmon/Operational,XmlWinEventLog,13
raw/1045__USHQ-WS-0044__XmlWinEventLog.log,USHQ-WS-0044,XmlWinEventLog:Security,XmlWinEventLog,7
raw/1046__USHQ-WS-0044__ms_defender_eventhub.log,USHQ-WS-0044,ms:defender:eventhub,ms:defender:eventhub,1
raw/1047__USHQ-WS-0045__XmlWinEventLog.log,USHQ-WS-0045,XmlWinEventLog:Microsoft-Windows-Sysmon/Operational,XmlWinEventLog,5
raw/1048__USHQ-WS-0045__XmlWinEventLog.log,USHQ-WS-0045,XmlWinEventLog:Security,XmlWinEventLog,5
raw/1049__USHQ-WS-0045__ms_defender_eventhub.log,USHQ-WS-0045,ms:defender:eventhub,ms:defender:eventhub,1
raw/1050__USHQ-WS-0045__trellix_epo.log,USHQ-WS-0045,trellix:epo,trellix:epo,2
raw/1051__USHQ-WS-0045__wsus_client.log,USHQ-WS-0045,wsus:client,wsus:client,1
raw/1052__USHQ-WS-0046__XmlWinEventLog.log,USHQ-WS-0046,XmlWinEventLog:Microsoft-Windows-Sysmon/Operational,XmlWinEventLog,8
raw/1053__USHQ-WS-0046__XmlWinEventLog.log,USHQ-WS-0046,XmlWinEventLog:Security,XmlWinEventLog,6
raw/1054__USHQ-WS-0046__ms_defender_eventhub.log,USHQ-WS-0046,ms:defender:eventhub,ms:defender:eventhub,1
raw/1055__USHQ-WS-0046__wsus_client.log,USHQ-WS-0046,wsus:client,wsus:client,1
raw/1056__USHQ-WS-0047__XmlWinEventLog.log,USHQ-WS-0047,XmlWinEventLog:Microsoft-Windows-Sysmon/Operational,XmlWinEventLog,11
raw/1057__USHQ-WS-0047__XmlWinEventLog.log,USHQ-WS-0047,XmlWinEventLog:Security,XmlWinEventLog,4
raw/1058__USHQ-WS-0048__XmlWinEventLog.log,USHQ-WS-0048,XmlWinEventLog:Microsoft-Windows-Sysmon/Operational,XmlWinEventLog,4
raw/1059__USHQ-WS-0048__XmlWinEventLog.log,USHQ-WS-0048,XmlWinEventLog:Security,XmlWinEventLog,5
raw/1060__USHQ-WS-0048__ms_defender_eventhub.log,USHQ-WS-0048,ms:defender:eventhub,ms:defender:eventhub,3
raw/1061__USHQ-WS-0048__wsus_client.log,USHQ-WS-0048,wsus:client,wsus:client,1
raw/1062__USHQ-WS-0049__XmlWinEventLog.log,USHQ-WS-0049,XmlWinEventLog:Microsoft-Windows-Sysmon/Operational,XmlWinEventLog,9
raw/1063__USHQ-WS-0049__XmlWinEventLog.log,USHQ-WS-0049,XmlWinEventLog:Security,XmlWinEventLog,4
raw/1064__USHQ-WS-0049__ms_defender_eventhub.log,USHQ-WS-0049,ms:defender:eventhub,ms:defender:eventhub,3
raw/1065__USHQ-WS-0049__trellix_epo.log,USHQ-WS-0049,trellix:epo,trellix:epo,1
raw/1066__USHQ-WS-0050__XmlWinEventLog.log,USHQ-WS-0050,XmlWinEventLog:Microsoft-Windows-Sysmon/Operational,XmlWinEventLog,11
raw/1067__USHQ-WS-0050__XmlWinEventLog.log,USHQ-WS-0050,XmlWinEventLog:Security,XmlWinEventLog,5
raw/1068__USHQ-WS-0050__trellix_epo.log,USHQ-WS-0050,trellix:epo,trellix:epo,1
raw/1069__USHQ-WS-0050__wsus_client.log,USHQ-WS-0050,wsus:client,wsus:client,1
raw/1070__USHQ-WS-0051__XmlWinEventLog.log,USHQ-WS-0051,XmlWinEventLog:Microsoft-Windows-Sysmon/Operational,XmlWinEventLog,12
raw/1071__USHQ-WS-0051__XmlWinEventLog.log,USHQ-WS-0051,XmlWinEventLog:Security,XmlWinEventLog,4
raw/1072__USHQ-WS-0051__trellix_epo.log,USHQ-WS-0051,trellix:epo,trellix:epo,3
raw/1073__USHQ-WS-0051__wsus_client.log,USHQ-WS-0051,wsus:client,wsus:client,1
raw/1074__USHQ-WS-0052__XmlWinEventLog.log,USHQ-WS-0052,XmlWinEventLog:Microsoft-Windows-Sysmon/Operational,XmlWinEventLog,2
raw/1075__USHQ-WS-0052__XmlWinEventLog.log,USHQ-WS-0052,XmlWinEventLog:Security,XmlWinEventLog,11
raw/1076__USHQ-WS-0052__ms_defender_eventhub.log,USHQ-WS-0052,ms:defender:eventhub,ms:defender:eventhub,3
raw/1077__USHQ-WS-0053__XmlWinEventLog.log,USHQ-WS-0053,XmlWinEventLog:Microsoft-Windows-Sysmon/Operational,XmlWinEventLog,9
raw/1078__USHQ-WS-0053__XmlWinEventLog.log,USHQ-WS-0053,XmlWinEventLog:Security,XmlWinEventLog,5
raw/1079__USHQ-WS-0053__ms_defender_eventhub.log,USHQ-WS-0053,ms:defender:eventhub,ms:defender:eventhub,1
raw/1080__USHQ-WS-0053__sccm_client.log,USHQ-WS-0053,sccm:client,sccm:client,2
raw/1081__USHQ-WS-0054__XmlWinEventLog.log,USHQ-WS-0054,XmlWinEventLog:Microsoft-Windows-Sysmon/Operational,XmlWinEventLog,10
raw/1082__USHQ-WS-0054__XmlWinEventLog.log,USHQ-WS-0054,XmlWinEventLog:Security,XmlWinEventLog,8
raw/1083__USHQ-WS-0054__trellix_epo.log,USHQ-WS-0054,trellix:epo,trellix:epo,1
raw/1084__USHQ-WS-0055__XmlWinEventLog.log,USHQ-WS-0055,XmlWinEventLog:Microsoft-Windows-Sysmon/Operational,XmlWinEventLog,5
raw/1085__USHQ-WS-0055__XmlWinEventLog.log,USHQ-WS-0055,XmlWinEventLog:Security,XmlWinEventLog,9
raw/1086__USHQ-WS-0055__ms_defender_eventhub.log,USHQ-WS-0055,ms:defender:eventhub,ms:defender:eventhub,7
raw/1087__USHQ-WS-0056__XmlWinEventLog.log,USHQ-WS-0056,XmlWinEventLog:Microsoft-Windows-Sysmon/Operational,XmlWinEventLog,3
raw/1088__USHQ-WS-0056__XmlWinEventLog.log,USHQ-WS-0056,XmlWinEventLog:Security,XmlWinEventLog,8
raw/1089__USHQ-WS-0056__trellix_epo.log,USHQ-WS-0056,trellix:epo,trellix:epo,2
raw/1090__USHQ-WS-0057__XmlWinEventLog.log,USHQ-WS-0057,XmlWinEventLog:Microsoft-Windows-Sysmon/Operational,XmlWinEventLog,9
raw/1091__USHQ-WS-0057__XmlWinEventLog.log,USHQ-WS-0057,XmlWinEventLog:Security,XmlWinEventLog,4
raw/1092__USHQ-WS-0057__ms_defender_eventhub.log,USHQ-WS-0057,ms:defender:eventhub,ms:defender:eventhub,4
raw/1093__USHQ-WS-0057__wsus_client.log,USHQ-WS-0057,wsus:client,wsus:client,1
raw/1094__USHQ-WS-0058__XmlWinEventLog.log,USHQ-WS-0058,XmlWinEventLog:Microsoft-Windows-Sysmon/Operational,XmlWinEventLog,8
raw/1095__USHQ-WS-0058__XmlWinEventLog.log,USHQ-WS-0058,XmlWinEventLog:Security,XmlWinEventLog,10
raw/1096__USHQ-WS-0058__ms_defender_eventhub.log,USHQ-WS-0058,ms:defender:eventhub,ms:defender:eventhub,4
raw/1097__USHQ-WS-0058__trellix_epo.log,USHQ-WS-0058,trellix:epo,trellix:epo,1
raw/1098__USHQ-WS-0059__XmlWinEventLog.log,USHQ-WS-0059,XmlWinEventLog:Microsoft-Windows-Sysmon/Operational,XmlWinEventLog,8
raw/1099__USHQ-WS-0059__XmlWinEventLog.log,USHQ-WS-0059,XmlWinEventLog:Security,XmlWinEventLog,9
raw/1100__USHQ-WS-0059__trellix_epo.log,USHQ-WS-0059,trellix:epo,trellix:epo,1
raw/1101__USHQ-WS-0060__XmlWinEventLog.log,USHQ-WS-0060,XmlWinEventLog:Microsoft-Windows-Sysmon/Operational,XmlWinEventLog,10
raw/1102__USHQ-WS-0060__XmlWinEventLog.log,USHQ-WS-0060,XmlWinEventLog:Security,XmlWinEventLog,10
raw/1103__USHQ-WS-0060__ms_defender_eventhub.log,USHQ-WS-0060,ms:defender:eventhub,ms:defender:eventhub,1
raw/1104__USHQ-WS-0060__sccm_client.log,USHQ-WS-0060,sccm:client,sccm:client,1
raw/1105__USHQ-WS-0060__wsus_client.log,USHQ-WS-0060,wsus:client,wsus:client,1
raw/1106__USHQ-WS-0061__XmlWinEventLog.log,USHQ-WS-0061,XmlWinEventLog:Microsoft-Windows-Sysmon/Operational,XmlWinEventLog,9
raw/1107__USHQ-WS-0061__XmlWinEventLog.log,USHQ-WS-0061,XmlWinEventLog:Security,XmlWinEventLog,4
raw/1108__USHQ-WS-0061__ms_defender_eventhub.log,USHQ-WS-0061,ms:defender:eventhub,ms:defender:eventhub,1
raw/1109__USHQ-WS-0061__trellix_epo.log,USHQ-WS-0061,trellix:epo,trellix:epo,1
raw/1110__USHQ-WS-0062__XmlWinEventLog.log,USHQ-WS-0062,XmlWinEventLog:Microsoft-Windows-Sysmon/Operational,XmlWinEventLog,13
raw/1111__USHQ-WS-0062__XmlWinEventLog.log,USHQ-WS-0062,XmlWinEventLog:Security,XmlWinEventLog,5
raw/1112__USHQ-WS-0062__ms_defender_eventhub.log,USHQ-WS-0062,ms:defender:eventhub,ms:defender:eventhub,1
raw/1113__USHQ-WS-0063__XmlWinEventLog.log,USHQ-WS-0063,XmlWinEventLog:Microsoft-Windows-Sysmon/Operational,XmlWinEventLog,8
raw/1114__USHQ-WS-0063__XmlWinEventLog.log,USHQ-WS-0063,XmlWinEventLog:Security,XmlWinEventLog,10
raw/1115__USHQ-WS-0063__ms_defender_eventhub.log,USHQ-WS-0063,ms:defender:eventhub,ms:defender:eventhub,1
raw/1116__USHQ-WS-0064__XmlWinEventLog.log,USHQ-WS-0064,XmlWinEventLog:Microsoft-Windows-Sysmon/Operational,XmlWinEventLog,12
raw/1117__USHQ-WS-0064__XmlWinEventLog.log,USHQ-WS-0064,XmlWinEventLog:Security,XmlWinEventLog,6
raw/1118__USHQ-WS-0064__ms_defender_eventhub.log,USHQ-WS-0064,ms:defender:eventhub,ms:defender:eventhub,1
raw/1119__USHQ-WS-0064__sccm_client.log,USHQ-WS-0064,sccm:client,sccm:client,1
raw/1120__USHQ-ZEEK-01__bro_conn_json.log,USHQ-ZEEK-01,zeek:conn,bro:conn:json,1414
raw/1121__USHQ-ZEEK-01__bro_dce_rpc_json.log,USHQ-ZEEK-01,zeek:dce_rpc,bro:dce_rpc:json,128
raw/1122__USHQ-ZEEK-01__bro_dns_json.log,USHQ-ZEEK-01,zeek:dns,bro:dns:json,587
raw/1123__USHQ-ZEEK-01__bro_files_json.log,USHQ-ZEEK-01,zeek:files,bro:files:json,1
raw/1124__USHQ-ZEEK-01__bro_http_json.log,USHQ-ZEEK-01,zeek:http,bro:http:json,353
raw/1125__USHQ-ZEEK-01__bro_smb_files_json.log,USHQ-ZEEK-01,zeek:smb_files,bro:smb_files:json,127
raw/1126__USHQ-ZEEK-01__bro_ssl_json.log,USHQ-ZEEK-01,zeek:ssl,bro:ssl:json,592
raw/1127__USNO-APP-01__XmlWinEventLog.log,USNO-APP-01,XmlWinEventLog:Microsoft-Windows-Sysmon/Operational,XmlWinEventLog,10
raw/1128__USNO-APP-01__XmlWinEventLog.log,USNO-APP-01,XmlWinEventLog:Security,XmlWinEventLog,5
raw/1129__USNO-APP-01__ms_defender_eventhub.log,USNO-APP-01,ms:defender:eventhub,ms:defender:eventhub,3
raw/1130__USNO-APP-01__sccm_client.log,USNO-APP-01,sccm:client,sccm:client,2
raw/1131__USNO-APP-01__wsus_client.log,USNO-APP-01,wsus:client,wsus:client,1
raw/1132__USNO-APP-02__XmlWinEventLog.log,USNO-APP-02,XmlWinEventLog:Microsoft-Windows-Sysmon/Operational,XmlWinEventLog,5
raw/1133__USNO-APP-02__XmlWinEventLog.log,USNO-APP-02,XmlWinEventLog:Security,XmlWinEventLog,10
raw/1134__USNO-APP-02__ms_defender_eventhub.log,USNO-APP-02,ms:defender:eventhub,ms:defender:eventhub,2
raw/1135__USNO-APP-02__sccm_client.log,USNO-APP-02,sccm:client,sccm:client,1
raw/1136__USNO-APP-03__XmlWinEventLog.log,USNO-APP-03,XmlWinEventLog:Microsoft-Windows-Sysmon/Operational,XmlWinEventLog,6
raw/1137__USNO-APP-03__XmlWinEventLog.log,USNO-APP-03,XmlWinEventLog:Security,XmlWinEventLog,7
raw/1138__USNO-APP-03__trellix_epo.log,USNO-APP-03,trellix:epo,trellix:epo,1
raw/1139__USNO-APP-04__XmlWinEventLog.log,USNO-APP-04,XmlWinEventLog:Microsoft-Windows-Sysmon/Operational,XmlWinEventLog,14
raw/1140__USNO-APP-04__XmlWinEventLog.log,USNO-APP-04,XmlWinEventLog:Security,XmlWinEventLog,5
raw/1141__USNO-APP-04__ms_defender_eventhub.log,USNO-APP-04,ms:defender:eventhub,ms:defender:eventhub,3
raw/1142__USNO-APP-05__XmlWinEventLog.log,USNO-APP-05,XmlWinEventLog:Microsoft-Windows-Sysmon/Operational,XmlWinEventLog,8
raw/1143__USNO-APP-05__XmlWinEventLog.log,USNO-APP-05,XmlWinEventLog:Security,XmlWinEventLog,10
raw/1144__USNO-APP-05__sccm_client.log,USNO-APP-05,sccm:client,sccm:client,1
raw/1145__USNO-APP-05__wsus_client.log,USNO-APP-05,wsus:client,wsus:client,1
raw/1146__USNO-APP-06__XmlWinEventLog.log,USNO-APP-06,XmlWinEventLog:Microsoft-Windows-Sysmon/Operational,XmlWinEventLog,6
raw/1147__USNO-APP-06__XmlWinEventLog.log,USNO-APP-06,XmlWinEventLog:Security,XmlWinEventLog,7
raw/1148__USNO-APP-07__XmlWinEventLog.log,USNO-APP-07,XmlWinEventLog:Microsoft-Windows-Sysmon/Operational,XmlWinEventLog,6
raw/1149__USNO-APP-07__XmlWinEventLog.log,USNO-APP-07,XmlWinEventLog:Security,XmlWinEventLog,8
raw/1150__USNO-APP-07__ms_defender_eventhub.log,USNO-APP-07,ms:defender:eventhub,ms:defender:eventhub,4
raw/1151__USNO-APP-08__XmlWinEventLog.log,USNO-APP-08,XmlWinEventLog:Microsoft-Windows-Sysmon/Operational,XmlWinEventLog,9
raw/1152__USNO-APP-08__XmlWinEventLog.log,USNO-APP-08,XmlWinEventLog:Security,XmlWinEventLog,9
raw/1153__USNO-APP-08__ms_defender_eventhub.log,USNO-APP-08,ms:defender:eventhub,ms:defender:eventhub,2
raw/1154__USNO-APP-08__sccm_client.log,USNO-APP-08,sccm:client,sccm:client,1
raw/1155__USNO-DC-01__XmlWinEventLog.log,USNO-DC-01,XmlWinEventLog:Security,XmlWinEventLog,175
raw/1156__USNO-FS-01__XmlWinEventLog.log,USNO-FS-01,XmlWinEventLog:Microsoft-Windows-Sysmon/Operational,XmlWinEventLog,8
raw/1157__USNO-FS-01__XmlWinEventLog.log,USNO-FS-01,XmlWinEventLog:Security,XmlWinEventLog,5
raw/1158__USNO-FS-01__ms_defender_eventhub.log,USNO-FS-01,ms:defender:eventhub,ms:defender:eventhub,5
raw/1159__USNO-FS-02__XmlWinEventLog.log,USNO-FS-02,XmlWinEventLog:Microsoft-Windows-Sysmon/Operational,XmlWinEventLog,8
raw/1160__USNO-FS-02__XmlWinEventLog.log,USNO-FS-02,XmlWinEventLog:Security,XmlWinEventLog,7
raw/1161__USNO-FS-02__ms_defender_eventhub.log,USNO-FS-02,ms:defender:eventhub,ms:defender:eventhub,2
raw/1162__USNO-FS-03__XmlWinEventLog.log,USNO-FS-03,XmlWinEventLog:Microsoft-Windows-Sysmon/Operational,XmlWinEventLog,6
raw/1163__USNO-FS-03__XmlWinEventLog.log,USNO-FS-03,XmlWinEventLog:Security,XmlWinEventLog,5
raw/1164__USNO-FS-03__wsus_client.log,USNO-FS-03,wsus:client,wsus:client,2
raw/1165__USNO-FS-04__XmlWinEventLog.log,USNO-FS-04,XmlWinEventLog:Microsoft-Windows-Sysmon/Operational,XmlWinEventLog,10
raw/1166__USNO-FS-04__XmlWinEventLog.log,USNO-FS-04,XmlWinEventLog:Security,XmlWinEventLog,5
raw/1167__USNO-FS-04__ms_defender_eventhub.log,USNO-FS-04,ms:defender:eventhub,ms:defender:eventhub,6
raw/1168__USNO-FS-04__trellix_epo.log,USNO-FS-04,trellix:epo,trellix:epo,1
raw/1169__USNO-FW-01__pan_traffic.log,USNO-FW-01,pan:traffic,pan:traffic,136
raw/1170__USNO-FW-02__fortigate_traffic.log,USNO-FW-02,fortigate_traffic,fortigate_traffic,134
raw/1171__USNO-FW-03__cisco_asa.log,USNO-FW-03,cisco:asa,cisco:asa,154
raw/1172__USNO-IVANTI-01__ivanti_events.log,USNO-IVANTI-01,ivanti:events,ivanti:events,183
raw/1173__USNO-JUMP-01__XmlWinEventLog.log,USNO-JUMP-01,XmlWinEventLog:Microsoft-Windows-Sysmon/Operational,XmlWinEventLog,8
raw/1174__USNO-JUMP-01__XmlWinEventLog.log,USNO-JUMP-01,XmlWinEventLog:Security,XmlWinEventLog,5
raw/1175__USNO-JUMP-01__ms_defender_eventhub.log,USNO-JUMP-01,ms:defender:eventhub,ms:defender:eventhub,1
raw/1176__USNO-JUMP-01__wsus_client.log,USNO-JUMP-01,wsus:client,wsus:client,1
raw/1177__USNO-JUMP-02__XmlWinEventLog.log,USNO-JUMP-02,XmlWinEventLog:Microsoft-Windows-Sysmon/Operational,XmlWinEventLog,8
raw/1178__USNO-JUMP-02__XmlWinEventLog.log,USNO-JUMP-02,XmlWinEventLog:Security,XmlWinEventLog,9
raw/1179__USNO-JUMP-02__ms_defender_eventhub.log,USNO-JUMP-02,ms:defender:eventhub,ms:defender:eventhub,3
raw/1180__USNO-JUMP-02__wsus_client.log,USNO-JUMP-02,wsus:client,wsus:client,1
raw/1181__USNO-JUMP-03__XmlWinEventLog.log,USNO-JUMP-03,XmlWinEventLog:Microsoft-Windows-Sysmon/Operational,XmlWinEventLog,8
raw/1182__USNO-JUMP-03__XmlWinEventLog.log,USNO-JUMP-03,XmlWinEventLog:Security,XmlWinEventLog,7
raw/1183__USNO-JUMP-03__ms_defender_eventhub.log,USNO-JUMP-03,ms:defender:eventhub,ms:defender:eventhub,4
raw/1184__USNO-JUMP-03__sccm_client.log,USNO-JUMP-03,sccm:client,sccm:client,1
raw/1185__USNO-LNX-01__linux_audit.log,USNO-LNX-01,/var/log/audit/audit.log,linux_audit,133
raw/1186__USNO-LNX-01__linux_secure.log,USNO-LNX-01,/var/log/secure,linux_secure,20
raw/1187__USNO-LNX-01__syslog.log,USNO-LNX-01,/var/log/syslog,syslog,33
raw/1188__USNO-LNX-02__linux_audit.log,USNO-LNX-02,/var/log/audit/audit.log,linux_audit,136
raw/1189__USNO-LNX-02__linux_secure.log,USNO-LNX-02,/var/log/secure,linux_secure,28
raw/1190__USNO-LNX-02__syslog.log,USNO-LNX-02,/var/log/syslog,syslog,47
raw/1191__USNO-LNX-02__ms_defender_eventhub.log,USNO-LNX-02,ms:defender:eventhub,ms:defender:eventhub,2
raw/1192__USNO-LNX-02__trellix_epo.log,USNO-LNX-02,trellix:epo,trellix:epo,1
raw/1193__USNO-LNX-03__linux_audit.log,USNO-LNX-03,/var/log/audit/audit.log,linux_audit,133
raw/1194__USNO-LNX-03__linux_secure.log,USNO-LNX-03,/var/log/secure,linux_secure,16
raw/1195__USNO-LNX-03__syslog.log,USNO-LNX-03,/var/log/syslog,syslog,33
raw/1196__USNO-LNX-03__ms_defender_eventhub.log,USNO-LNX-03,ms:defender:eventhub,ms:defender:eventhub,1
raw/1197__USNO-LNX-03__trellix_epo.log,USNO-LNX-03,trellix:epo,trellix:epo,1
raw/1198__USNO-LNX-04__linux_audit.log,USNO-LNX-04,/var/log/audit/audit.log,linux_audit,166
raw/1199__USNO-LNX-04__linux_secure.log,USNO-LNX-04,/var/log/secure,linux_secure,20
raw/1200__USNO-LNX-04__syslog.log,USNO-LNX-04,/var/log/syslog,syslog,36
raw/1201__USNO-LNX-04__ms_defender_eventhub.log,USNO-LNX-04,ms:defender:eventhub,ms:defender:eventhub,2
raw/1202__USNO-LNX-04__trellix_epo.log,USNO-LNX-04,trellix:epo,trellix:epo,2
raw/1203__USNO-LNX-05__linux_audit.log,USNO-LNX-05,/var/log/audit/audit.log,linux_audit,150
raw/1204__USNO-LNX-05__linux_secure.log,USNO-LNX-05,/var/log/secure,linux_secure,21
raw/1205__USNO-LNX-05__syslog.log,USNO-LNX-05,/var/log/syslog,syslog,35
raw/1206__USNO-LNX-05__trellix_epo.log,USNO-LNX-05,trellix:epo,trellix:epo,1
raw/1207__USNO-LNX-06__linux_audit.log,USNO-LNX-06,/var/log/audit/audit.log,linux_audit,168
raw/1208__USNO-LNX-06__linux_secure.log,USNO-LNX-06,/var/log/secure,linux_secure,28
raw/1209__USNO-LNX-06__syslog.log,USNO-LNX-06,/var/log/syslog,syslog,34
raw/1210__USNO-LNX-07__linux_audit.log,USNO-LNX-07,/var/log/audit/audit.log,linux_audit,148
raw/1211__USNO-LNX-07__linux_secure.log,USNO-LNX-07,/var/log/secure,linux_secure,25
raw/1212__USNO-LNX-07__syslog.log,USNO-LNX-07,/var/log/syslog,syslog,36
raw/1213__USNO-LNX-07__trellix_epo.log,USNO-LNX-07,trellix:epo,trellix:epo,1
raw/1214__USNO-LNX-08__linux_audit.log,USNO-LNX-08,/var/log/audit/audit.log,linux_audit,146
raw/1215__USNO-LNX-08__linux_secure.log,USNO-LNX-08,/var/log/secure,linux_secure,25
raw/1216__USNO-LNX-08__syslog.log,USNO-LNX-08,/var/log/syslog,syslog,31
raw/1217__USNO-LNX-08__ms_defender_eventhub.log,USNO-LNX-08,ms:defender:eventhub,ms:defender:eventhub,1
raw/1218__USNO-MFT-01__mft_transfer.log,USNO-MFT-01,mft:transfer,mft:transfer,217
raw/1219__USNO-PACS-01__pacs_access.log,USNO-PACS-01,pacs:access,pacs:access,158
raw/1220__USNO-PAW-01__XmlWinEventLog.log,USNO-PAW-01,XmlWinEventLog:Microsoft-Windows-Sysmon/Operational,XmlWinEventLog,9
raw/1221__USNO-PAW-01__XmlWinEventLog.log,USNO-PAW-01,XmlWinEventLog:Security,XmlWinEventLog,11
raw/1222__USNO-PAW-01__wsus_client.log,USNO-PAW-01,wsus:client,wsus:client,2
raw/1223__USNO-PAW-02__XmlWinEventLog.log,USNO-PAW-02,XmlWinEventLog:Microsoft-Windows-Sysmon/Operational,XmlWinEventLog,8
raw/1224__USNO-PAW-02__XmlWinEventLog.log,USNO-PAW-02,XmlWinEventLog:Security,XmlWinEventLog,9
raw/1225__USNO-PAW-02__ms_defender_eventhub.log,USNO-PAW-02,ms:defender:eventhub,ms:defender:eventhub,2
raw/1226__USNO-PAW-03__XmlWinEventLog.log,USNO-PAW-03,XmlWinEventLog:Microsoft-Windows-Sysmon/Operational,XmlWinEventLog,16
raw/1227__USNO-PAW-03__XmlWinEventLog.log,USNO-PAW-03,XmlWinEventLog:Security,XmlWinEventLog,10
raw/1228__USNO-PAW-03__ms_defender_eventhub.log,USNO-PAW-03,ms:defender:eventhub,ms:defender:eventhub,3
raw/1229__USNO-PAW-03__sccm_client.log,USNO-PAW-03,sccm:client,sccm:client,1
raw/1230__USNO-PAW-03__trellix_epo.log,USNO-PAW-03,trellix:epo,trellix:epo,1
raw/1231__USNO-PAW-04__XmlWinEventLog.log,USNO-PAW-04,XmlWinEventLog:Microsoft-Windows-Sysmon/Operational,XmlWinEventLog,8
raw/1232__USNO-PAW-04__XmlWinEventLog.log,USNO-PAW-04,XmlWinEventLog:Security,XmlWinEventLog,9
raw/1233__USNO-PAW-04__ms_defender_eventhub.log,USNO-PAW-04,ms:defender:eventhub,ms:defender:eventhub,2
raw/1234__USNO-PAW-05__XmlWinEventLog.log,USNO-PAW-05,XmlWinEventLog:Microsoft-Windows-Sysmon/Operational,XmlWinEventLog,6
raw/1235__USNO-PAW-05__XmlWinEventLog.log,USNO-PAW-05,XmlWinEventLog:Security,XmlWinEventLog,5
raw/1236__USNO-PAW-05__ms_defender_eventhub.log,USNO-PAW-05,ms:defender:eventhub,ms:defender:eventhub,2
raw/1237__USNO-PAW-06__XmlWinEventLog.log,USNO-PAW-06,XmlWinEventLog:Microsoft-Windows-Sysmon/Operational,XmlWinEventLog,13
raw/1238__USNO-PAW-06__XmlWinEventLog.log,USNO-PAW-06,XmlWinEventLog:Security,XmlWinEventLog,8
raw/1239__USNO-PAW-06__ms_defender_eventhub.log,USNO-PAW-06,ms:defender:eventhub,ms:defender:eventhub,2
raw/1240__USNO-PAW-06__sccm_client.log,USNO-PAW-06,sccm:client,sccm:client,1
raw/1241__USNO-RADIUS-01__radius.log,USNO-RADIUS-01,radius,radius,95
raw/1242__USNO-RTR-01__cisco_ios.log,USNO-RTR-01,cisco:ios,cisco:ios,49
raw/1243__USNO-RTR-02__juniper.log,USNO-RTR-02,juniper,juniper,42
raw/1244__USNO-RTR-02__juniper_junos_firewall.log,USNO-RTR-02,juniper:junos:firewall,juniper:junos:firewall,17
raw/1245__USNO-TACACS-01__tacacs.log,USNO-TACACS-01,tacacs,tacacs,85
raw/1246__USNO-TEN-01__tenable_io_vuln.log,USNO-TEN-01,tenable:io:vuln,tenable:io:vuln,177
raw/1247__USNO-VDI-01__XmlWinEventLog.log,USNO-VDI-01,XmlWinEventLog:Microsoft-Windows-Sysmon/Operational,XmlWinEventLog,10
raw/1248__USNO-VDI-01__XmlWinEventLog.log,USNO-VDI-01,XmlWinEventLog:Security,XmlWinEventLog,6
raw/1249__USNO-VDI-01__ms_defender_eventhub.log,USNO-VDI-01,ms:defender:eventhub,ms:defender:eventhub,6
raw/1250__USNO-VDI-01__trellix_epo.log,USNO-VDI-01,trellix:epo,trellix:epo,1
raw/1251__USNO-VDI-02__XmlWinEventLog.log,USNO-VDI-02,XmlWinEventLog:Microsoft-Windows-Sysmon/Operational,XmlWinEventLog,8
raw/1252__USNO-VDI-02__XmlWinEventLog.log,USNO-VDI-02,XmlWinEventLog:Security,XmlWinEventLog,3
raw/1253__USNO-VDI-02__ms_defender_eventhub.log,USNO-VDI-02,ms:defender:eventhub,ms:defender:eventhub,3
raw/1254__USNO-VDI-02__trellix_epo.log,USNO-VDI-02,trellix:epo,trellix:epo,1
raw/1255__USNO-VDI-03__XmlWinEventLog.log,USNO-VDI-03,XmlWinEventLog:Microsoft-Windows-Sysmon/Operational,XmlWinEventLog,9
raw/1256__USNO-VDI-03__XmlWinEventLog.log,USNO-VDI-03,XmlWinEventLog:Security,XmlWinEventLog,7
raw/1257__USNO-VDI-03__sccm_client.log,USNO-VDI-03,sccm:client,sccm:client,1
raw/1258__USNO-WS-0001__XmlWinEventLog.log,USNO-WS-0001,XmlWinEventLog:Microsoft-Windows-Sysmon/Operational,XmlWinEventLog,13
raw/1259__USNO-WS-0001__XmlWinEventLog.log,USNO-WS-0001,XmlWinEventLog:Security,XmlWinEventLog,13
raw/1260__USNO-WS-0001__ms_defender_eventhub.log,USNO-WS-0001,ms:defender:eventhub,ms:defender:eventhub,1
raw/1261__USNO-WS-0002__XmlWinEventLog.log,USNO-WS-0002,XmlWinEventLog:Microsoft-Windows-Sysmon/Operational,XmlWinEventLog,16
raw/1262__USNO-WS-0002__XmlWinEventLog.log,USNO-WS-0002,XmlWinEventLog:Security,XmlWinEventLog,12
raw/1263__USNO-WS-0002__ms_defender_eventhub.log,USNO-WS-0002,ms:defender:eventhub,ms:defender:eventhub,2
raw/1264__USNO-WS-0002__trellix_epo.log,USNO-WS-0002,trellix:epo,trellix:epo,1
raw/1265__USNO-WS-0002__wsus_client.log,USNO-WS-0002,wsus:client,wsus:client,1
raw/1266__USNO-WS-0003__XmlWinEventLog.log,USNO-WS-0003,XmlWinEventLog:Microsoft-Windows-Sysmon/Operational,XmlWinEventLog,16
raw/1267__USNO-WS-0003__XmlWinEventLog.log,USNO-WS-0003,XmlWinEventLog:Security,XmlWinEventLog,9
raw/1268__USNO-WS-0003__trellix_epo.log,USNO-WS-0003,trellix:epo,trellix:epo,1
raw/1269__USNO-WS-0004__XmlWinEventLog.log,USNO-WS-0004,XmlWinEventLog:Microsoft-Windows-Sysmon/Operational,XmlWinEventLog,16
raw/1270__USNO-WS-0004__XmlWinEventLog.log,USNO-WS-0004,XmlWinEventLog:Security,XmlWinEventLog,16
raw/1271__USNO-WS-0004__ms_defender_eventhub.log,USNO-WS-0004,ms:defender:eventhub,ms:defender:eventhub,1
raw/1272__USNO-WS-0004__trellix_epo.log,USNO-WS-0004,trellix:epo,trellix:epo,1
raw/1273__USNO-WS-0005__XmlWinEventLog.log,USNO-WS-0005,XmlWinEventLog:Microsoft-Windows-Sysmon/Operational,XmlWinEventLog,11
raw/1274__USNO-WS-0005__XmlWinEventLog.log,USNO-WS-0005,XmlWinEventLog:Security,XmlWinEventLog,11
raw/1275__USNO-WS-0005__ms_defender_eventhub.log,USNO-WS-0005,ms:defender:eventhub,ms:defender:eventhub,2
raw/1276__USNO-WS-0005__wsus_client.log,USNO-WS-0005,wsus:client,wsus:client,1
raw/1277__USNO-WS-0006__XmlWinEventLog.log,USNO-WS-0006,XmlWinEventLog:Microsoft-Windows-Sysmon/Operational,XmlWinEventLog,9
raw/1278__USNO-WS-0006__XmlWinEventLog.log,USNO-WS-0006,XmlWinEventLog:Security,XmlWinEventLog,11
raw/1279__USNO-WS-0006__sccm_client.log,USNO-WS-0006,sccm:client,sccm:client,1
raw/1280__USNO-WS-0006__wsus_client.log,USNO-WS-0006,wsus:client,wsus:client,1
raw/1281__USNO-WS-0007__XmlWinEventLog.log,USNO-WS-0007,XmlWinEventLog:Microsoft-Windows-Sysmon/Operational,XmlWinEventLog,13
raw/1282__USNO-WS-0007__XmlWinEventLog.log,USNO-WS-0007,XmlWinEventLog:Security,XmlWinEventLog,18
raw/1283__USNO-WS-0007__wsus_client.log,USNO-WS-0007,wsus:client,wsus:client,1
raw/1284__USNO-WS-0008__XmlWinEventLog.log,USNO-WS-0008,XmlWinEventLog:Microsoft-Windows-Sysmon/Operational,XmlWinEventLog,15
raw/1285__USNO-WS-0008__XmlWinEventLog.log,USNO-WS-0008,XmlWinEventLog:Security,XmlWinEventLog,14
raw/1286__USNO-WS-0008__ms_defender_eventhub.log,USNO-WS-0008,ms:defender:eventhub,ms:defender:eventhub,2
raw/1287__USNO-WS-0009__XmlWinEventLog.log,USNO-WS-0009,XmlWinEventLog:Microsoft-Windows-Sysmon/Operational,XmlWinEventLog,15
raw/1288__USNO-WS-0009__XmlWinEventLog.log,USNO-WS-0009,XmlWinEventLog:Security,XmlWinEventLog,13
raw/1289__USNO-WS-0009__trellix_epo.log,USNO-WS-0009,trellix:epo,trellix:epo,1
raw/1290__USNO-WS-0010__XmlWinEventLog.log,USNO-WS-0010,XmlWinEventLog:Microsoft-Windows-Sysmon/Operational,XmlWinEventLog,10
raw/1291__USNO-WS-0010__XmlWinEventLog.log,USNO-WS-0010,XmlWinEventLog:Security,XmlWinEventLog,10
raw/1292__USNO-WS-0010__ms_defender_eventhub.log,USNO-WS-0010,ms:defender:eventhub,ms:defender:eventhub,2
raw/1293__USNO-WS-0010__trellix_epo.log,USNO-WS-0010,trellix:epo,trellix:epo,1
raw/1294__USNO-WS-0011__XmlWinEventLog.log,USNO-WS-0011,XmlWinEventLog:Microsoft-Windows-Sysmon/Operational,XmlWinEventLog,14
raw/1295__USNO-WS-0011__XmlWinEventLog.log,USNO-WS-0011,XmlWinEventLog:Security,XmlWinEventLog,18
raw/1296__USNO-WS-0011__trellix_epo.log,USNO-WS-0011,trellix:epo,trellix:epo,1
raw/1297__USNO-WS-0012__XmlWinEventLog.log,USNO-WS-0012,XmlWinEventLog:Microsoft-Windows-Sysmon/Operational,XmlWinEventLog,17
raw/1298__USNO-WS-0012__XmlWinEventLog.log,USNO-WS-0012,XmlWinEventLog:Security,XmlWinEventLog,14
raw/1299__USNO-WS-0012__ms_defender_eventhub.log,USNO-WS-0012,ms:defender:eventhub,ms:defender:eventhub,4
raw/1300__USNO-WS-0012__sccm_client.log,USNO-WS-0012,sccm:client,sccm:client,1
raw/1301__USNO-WS-0013__XmlWinEventLog.log,USNO-WS-0013,XmlWinEventLog:Microsoft-Windows-Sysmon/Operational,XmlWinEventLog,7
raw/1302__USNO-WS-0013__XmlWinEventLog.log,USNO-WS-0013,XmlWinEventLog:Security,XmlWinEventLog,17
raw/1303__USNO-WS-0013__trellix_epo.log,USNO-WS-0013,trellix:epo,trellix:epo,1
raw/1304__USNO-WS-0014__XmlWinEventLog.log,USNO-WS-0014,XmlWinEventLog:Microsoft-Windows-Sysmon/Operational,XmlWinEventLog,10
raw/1305__USNO-WS-0014__XmlWinEventLog.log,USNO-WS-0014,XmlWinEventLog:Security,XmlWinEventLog,13
raw/1306__USNO-WS-0014__ms_defender_eventhub.log,USNO-WS-0014,ms:defender:eventhub,ms:defender:eventhub,1
raw/1307__USNO-WS-0014__trellix_epo.log,USNO-WS-0014,trellix:epo,trellix:epo,2
raw/1308__USNO-WS-0015__XmlWinEventLog.log,USNO-WS-0015,XmlWinEventLog:Microsoft-Windows-Sysmon/Operational,XmlWinEventLog,9
raw/1309__USNO-WS-0015__XmlWinEventLog.log,USNO-WS-0015,XmlWinEventLog:Security,XmlWinEventLog,10
raw/1310__USNO-WS-0015__ms_defender_eventhub.log,USNO-WS-0015,ms:defender:eventhub,ms:defender:eventhub,1
raw/1311__USNO-WS-0015__sccm_client.log,USNO-WS-0015,sccm:client,sccm:client,1
raw/1312__USNO-WS-0015__trellix_epo.log,USNO-WS-0015,trellix:epo,trellix:epo,1
raw/1313__USNO-WS-0016__XmlWinEventLog.log,USNO-WS-0016,XmlWinEventLog:Microsoft-Windows-Sysmon/Operational,XmlWinEventLog,11
raw/1314__USNO-WS-0016__XmlWinEventLog.log,USNO-WS-0016,XmlWinEventLog:Security,XmlWinEventLog,14
raw/1315__USNO-WS-0016__ms_defender_eventhub.log,USNO-WS-0016,ms:defender:eventhub,ms:defender:eventhub,2
raw/1316__USNO-WS-0016__wsus_client.log,USNO-WS-0016,wsus:client,wsus:client,1
raw/1317__USNO-WS-0017__XmlWinEventLog.log,USNO-WS-0017,XmlWinEventLog:Microsoft-Windows-Sysmon/Operational,XmlWinEventLog,10
raw/1318__USNO-WS-0017__XmlWinEventLog.log,USNO-WS-0017,XmlWinEventLog:Security,XmlWinEventLog,15
raw/1319__USNO-WS-0017__ms_defender_eventhub.log,USNO-WS-0017,ms:defender:eventhub,ms:defender:eventhub,1
raw/1320__USNO-WS-0017__trellix_epo.log,USNO-WS-0017,trellix:epo,trellix:epo,1
raw/1321__USNO-WS-0018__XmlWinEventLog.log,USNO-WS-0018,XmlWinEventLog:Microsoft-Windows-Sysmon/Operational,XmlWinEventLog,12
raw/1322__USNO-WS-0018__XmlWinEventLog.log,USNO-WS-0018,XmlWinEventLog:Security,XmlWinEventLog,18
raw/1323__USNO-WS-0018__ms_defender_eventhub.log,USNO-WS-0018,ms:defender:eventhub,ms:defender:eventhub,1
raw/1324__USNO-WS-0018__sccm_client.log,USNO-WS-0018,sccm:client,sccm:client,1
raw/1325__USNO-WS-0018__wsus_client.log,USNO-WS-0018,wsus:client,wsus:client,1
raw/1326__USNO-WS-0019__XmlWinEventLog.log,USNO-WS-0019,XmlWinEventLog:Microsoft-Windows-Sysmon/Operational,XmlWinEventLog,9
raw/1327__USNO-WS-0019__XmlWinEventLog.log,USNO-WS-0019,XmlWinEventLog:Security,XmlWinEventLog,11
raw/1328__USNO-WS-0019__ms_defender_eventhub.log,USNO-WS-0019,ms:defender:eventhub,ms:defender:eventhub,2
raw/1329__USNO-WS-0019__sccm_client.log,USNO-WS-0019,sccm:client,sccm:client,1
raw/1330__USNO-WS-0020__XmlWinEventLog.log,USNO-WS-0020,XmlWinEventLog:Microsoft-Windows-Sysmon/Operational,XmlWinEventLog,14
raw/1331__USNO-WS-0020__XmlWinEventLog.log,USNO-WS-0020,XmlWinEventLog:Security,XmlWinEventLog,16
raw/1332__USNO-WS-0020__ms_defender_eventhub.log,USNO-WS-0020,ms:defender:eventhub,ms:defender:eventhub,4
raw/1333__USNO-WS-0020__trellix_epo.log,USNO-WS-0020,trellix:epo,trellix:epo,1
raw/1334__USNO-WS-0021__XmlWinEventLog.log,USNO-WS-0021,XmlWinEventLog:Microsoft-Windows-Sysmon/Operational,XmlWinEventLog,12
raw/1335__USNO-WS-0021__XmlWinEventLog.log,USNO-WS-0021,XmlWinEventLog:Security,XmlWinEventLog,13
raw/1336__USNO-WS-0021__ms_defender_eventhub.log,USNO-WS-0021,ms:defender:eventhub,ms:defender:eventhub,1
raw/1337__USNO-WS-0022__XmlWinEventLog.log,USNO-WS-0022,XmlWinEventLog:Microsoft-Windows-Sysmon/Operational,XmlWinEventLog,14
raw/1338__USNO-WS-0022__XmlWinEventLog.log,USNO-WS-0022,XmlWinEventLog:Security,XmlWinEventLog,10
raw/1339__USNO-WS-0022__ms_defender_eventhub.log,USNO-WS-0022,ms:defender:eventhub,ms:defender:eventhub,1
raw/1340__USNO-WS-0022__wsus_client.log,USNO-WS-0022,wsus:client,wsus:client,1
raw/1341__USNO-WS-0023__XmlWinEventLog.log,USNO-WS-0023,XmlWinEventLog:Microsoft-Windows-Sysmon/Operational,XmlWinEventLog,14
raw/1342__USNO-WS-0023__XmlWinEventLog.log,USNO-WS-0023,XmlWinEventLog:Security,XmlWinEventLog,16
raw/1343__USNO-WS-0023__ms_defender_eventhub.log,USNO-WS-0023,ms:defender:eventhub,ms:defender:eventhub,2
raw/1344__USNO-WS-0023__sccm_client.log,USNO-WS-0023,sccm:client,sccm:client,1
raw/1345__USNO-WS-0024__XmlWinEventLog.log,USNO-WS-0024,XmlWinEventLog:Microsoft-Windows-Sysmon/Operational,XmlWinEventLog,14
raw/1346__USNO-WS-0024__XmlWinEventLog.log,USNO-WS-0024,XmlWinEventLog:Security,XmlWinEventLog,17
raw/1347__USNO-WS-0024__ms_defender_eventhub.log,USNO-WS-0024,ms:defender:eventhub,ms:defender:eventhub,2
raw/1348__USNO-WS-0025__XmlWinEventLog.log,USNO-WS-0025,XmlWinEventLog:Microsoft-Windows-Sysmon/Operational,XmlWinEventLog,8
raw/1349__USNO-WS-0025__XmlWinEventLog.log,USNO-WS-0025,XmlWinEventLog:Security,XmlWinEventLog,5
raw/1350__USNO-WS-0025__trellix_epo.log,USNO-WS-0025,trellix:epo,trellix:epo,1
raw/1351__USNO-WS-0026__XmlWinEventLog.log,USNO-WS-0026,XmlWinEventLog:Microsoft-Windows-Sysmon/Operational,XmlWinEventLog,3
raw/1352__USNO-WS-0026__XmlWinEventLog.log,USNO-WS-0026,XmlWinEventLog:Security,XmlWinEventLog,8
raw/1353__USNO-WS-0027__XmlWinEventLog.log,USNO-WS-0027,XmlWinEventLog:Microsoft-Windows-Sysmon/Operational,XmlWinEventLog,10
raw/1354__USNO-WS-0027__XmlWinEventLog.log,USNO-WS-0027,XmlWinEventLog:Security,XmlWinEventLog,6
raw/1355__USNO-WS-0028__XmlWinEventLog.log,USNO-WS-0028,XmlWinEventLog:Microsoft-Windows-Sysmon/Operational,XmlWinEventLog,9
raw/1356__USNO-WS-0028__XmlWinEventLog.log,USNO-WS-0028,XmlWinEventLog:Security,XmlWinEventLog,10
raw/1357__USNO-WS-0028__sccm_client.log,USNO-WS-0028,sccm:client,sccm:client,2
raw/1358__USNO-WS-0028__wsus_client.log,USNO-WS-0028,wsus:client,wsus:client,1
raw/1359__USNO-WS-0029__XmlWinEventLog.log,USNO-WS-0029,XmlWinEventLog:Microsoft-Windows-Sysmon/Operational,XmlWinEventLog,7
raw/1360__USNO-WS-0029__XmlWinEventLog.log,USNO-WS-0029,XmlWinEventLog:Security,XmlWinEventLog,8
raw/1361__USNO-WS-0029__ms_defender_eventhub.log,USNO-WS-0029,ms:defender:eventhub,ms:defender:eventhub,1
raw/1362__USNO-WS-0029__sccm_client.log,USNO-WS-0029,sccm:client,sccm:client,1
raw/1363__USNO-WS-0030__XmlWinEventLog.log,USNO-WS-0030,XmlWinEventLog:Microsoft-Windows-Sysmon/Operational,XmlWinEventLog,6
raw/1364__USNO-WS-0030__XmlWinEventLog.log,USNO-WS-0030,XmlWinEventLog:Security,XmlWinEventLog,9
raw/1365__USNO-WS-0030__ms_defender_eventhub.log,USNO-WS-0030,ms:defender:eventhub,ms:defender:eventhub,2
raw/1366__USNO-WS-0031__XmlWinEventLog.log,USNO-WS-0031,XmlWinEventLog:Microsoft-Windows-Sysmon/Operational,XmlWinEventLog,8
raw/1367__USNO-WS-0031__XmlWinEventLog.log,USNO-WS-0031,XmlWinEventLog:Security,XmlWinEventLog,6
raw/1368__USNO-WS-0031__ms_defender_eventhub.log,USNO-WS-0031,ms:defender:eventhub,ms:defender:eventhub,2
raw/1369__USNO-WS-0031__sccm_client.log,USNO-WS-0031,sccm:client,sccm:client,2
raw/1370__USNO-WS-0031__trellix_epo.log,USNO-WS-0031,trellix:epo,trellix:epo,1
raw/1371__USNO-WS-0031__wsus_client.log,USNO-WS-0031,wsus:client,wsus:client,2
raw/1372__USNO-WS-0032__XmlWinEventLog.log,USNO-WS-0032,XmlWinEventLog:Microsoft-Windows-Sysmon/Operational,XmlWinEventLog,6
raw/1373__USNO-WS-0032__XmlWinEventLog.log,USNO-WS-0032,XmlWinEventLog:Security,XmlWinEventLog,7
raw/1374__USNO-WS-0032__ms_defender_eventhub.log,USNO-WS-0032,ms:defender:eventhub,ms:defender:eventhub,2
raw/1375__USNO-WS-0032__sccm_client.log,USNO-WS-0032,sccm:client,sccm:client,1
raw/1376__USNO-WS-0033__XmlWinEventLog.log,USNO-WS-0033,XmlWinEventLog:Microsoft-Windows-Sysmon/Operational,XmlWinEventLog,7
raw/1377__USNO-WS-0033__XmlWinEventLog.log,USNO-WS-0033,XmlWinEventLog:Security,XmlWinEventLog,10
raw/1378__USNO-WS-0033__ms_defender_eventhub.log,USNO-WS-0033,ms:defender:eventhub,ms:defender:eventhub,2
raw/1379__USNO-WS-0033__trellix_epo.log,USNO-WS-0033,trellix:epo,trellix:epo,2
raw/1380__USNO-WS-0033__wsus_client.log,USNO-WS-0033,wsus:client,wsus:client,1
raw/1381__USNO-WS-0034__XmlWinEventLog.log,USNO-WS-0034,XmlWinEventLog:Microsoft-Windows-Sysmon/Operational,XmlWinEventLog,12
raw/1382__USNO-WS-0034__XmlWinEventLog.log,USNO-WS-0034,XmlWinEventLog:Security,XmlWinEventLog,10
raw/1383__USNO-WS-0034__ms_defender_eventhub.log,USNO-WS-0034,ms:defender:eventhub,ms:defender:eventhub,2
raw/1384__USNO-WS-0034__wsus_client.log,USNO-WS-0034,wsus:client,wsus:client,1
raw/1385__USNO-WS-0035__XmlWinEventLog.log,USNO-WS-0035,XmlWinEventLog:Microsoft-Windows-Sysmon/Operational,XmlWinEventLog,7
raw/1386__USNO-WS-0035__XmlWinEventLog.log,USNO-WS-0035,XmlWinEventLog:Security,XmlWinEventLog,8
raw/1387__USNO-WS-0035__ms_defender_eventhub.log,USNO-WS-0035,ms:defender:eventhub,ms:defender:eventhub,1
raw/1388__USNO-WS-0036__XmlWinEventLog.log,USNO-WS-0036,XmlWinEventLog:Microsoft-Windows-Sysmon/Operational,XmlWinEventLog,5
raw/1389__USNO-WS-0036__XmlWinEventLog.log,USNO-WS-0036,XmlWinEventLog:Security,XmlWinEventLog,6
raw/1390__USNO-WS-0036__wsus_client.log,USNO-WS-0036,wsus:client,wsus:client,1
raw/1391__USNO-WS-0037__XmlWinEventLog.log,USNO-WS-0037,XmlWinEventLog:Microsoft-Windows-Sysmon/Operational,XmlWinEventLog,12
raw/1392__USNO-WS-0037__XmlWinEventLog.log,USNO-WS-0037,XmlWinEventLog:Security,XmlWinEventLog,7
raw/1393__USNO-WS-0037__ms_defender_eventhub.log,USNO-WS-0037,ms:defender:eventhub,ms:defender:eventhub,4
raw/1394__USNO-WS-0037__trellix_epo.log,USNO-WS-0037,trellix:epo,trellix:epo,2
raw/1395__USNO-WS-0038__XmlWinEventLog.log,USNO-WS-0038,XmlWinEventLog:Microsoft-Windows-Sysmon/Operational,XmlWinEventLog,8
raw/1396__USNO-WS-0038__XmlWinEventLog.log,USNO-WS-0038,XmlWinEventLog:Security,XmlWinEventLog,10
raw/1397__USNO-WS-0038__ms_defender_eventhub.log,USNO-WS-0038,ms:defender:eventhub,ms:defender:eventhub,2
raw/1398__USNO-WS-0038__sccm_client.log,USNO-WS-0038,sccm:client,sccm:client,1
raw/1399__USNO-WS-0039__XmlWinEventLog.log,USNO-WS-0039,XmlWinEventLog:Microsoft-Windows-Sysmon/Operational,XmlWinEventLog,7
raw/1400__USNO-WS-0039__XmlWinEventLog.log,USNO-WS-0039,XmlWinEventLog:Security,XmlWinEventLog,10
raw/1401__USNO-WS-0039__trellix_epo.log,USNO-WS-0039,trellix:epo,trellix:epo,1
raw/1402__USNO-WS-0040__XmlWinEventLog.log,USNO-WS-0040,XmlWinEventLog:Microsoft-Windows-Sysmon/Operational,XmlWinEventLog,7
raw/1403__USNO-WS-0040__XmlWinEventLog.log,USNO-WS-0040,XmlWinEventLog:Security,XmlWinEventLog,7
raw/1404__USNO-WS-0040__sccm_client.log,USNO-WS-0040,sccm:client,sccm:client,1
raw/1405__USNO-WS-0040__trellix_epo.log,USNO-WS-0040,trellix:epo,trellix:epo,1
raw/1406__USNO-WS-0041__XmlWinEventLog.log,USNO-WS-0041,XmlWinEventLog:Microsoft-Windows-Sysmon/Operational,XmlWinEventLog,12
raw/1407__USNO-WS-0041__XmlWinEventLog.log,USNO-WS-0041,XmlWinEventLog:Security,XmlWinEventLog,6
raw/1408__USNO-WS-0041__ms_defender_eventhub.log,USNO-WS-0041,ms:defender:eventhub,ms:defender:eventhub,3
raw/1409__USNO-WS-0041__trellix_epo.log,USNO-WS-0041,trellix:epo,trellix:epo,1
raw/1410__USNO-WS-0042__XmlWinEventLog.log,USNO-WS-0042,XmlWinEventLog:Microsoft-Windows-Sysmon/Operational,XmlWinEventLog,13
raw/1411__USNO-WS-0042__XmlWinEventLog.log,USNO-WS-0042,XmlWinEventLog:Security,XmlWinEventLog,7
raw/1412__USNO-WS-0042__trellix_epo.log,USNO-WS-0042,trellix:epo,trellix:epo,2
raw/1413__USNO-WS-0042__wsus_client.log,USNO-WS-0042,wsus:client,wsus:client,1
raw/1414__USNO-WS-0043__XmlWinEventLog.log,USNO-WS-0043,XmlWinEventLog:Microsoft-Windows-Sysmon/Operational,XmlWinEventLog,10
raw/1415__USNO-WS-0043__XmlWinEventLog.log,USNO-WS-0043,XmlWinEventLog:Security,XmlWinEventLog,3
raw/1416__USNO-WS-0043__ms_defender_eventhub.log,USNO-WS-0043,ms:defender:eventhub,ms:defender:eventhub,2
raw/1417__USNO-WS-0043__sccm_client.log,USNO-WS-0043,sccm:client,sccm:client,1
raw/1418__USNO-WS-0044__XmlWinEventLog.log,USNO-WS-0044,XmlWinEventLog:Microsoft-Windows-Sysmon/Operational,XmlWinEventLog,8
raw/1419__USNO-WS-0044__XmlWinEventLog.log,USNO-WS-0044,XmlWinEventLog:Security,XmlWinEventLog,3
raw/1420__USNO-WS-0044__ms_defender_eventhub.log,USNO-WS-0044,ms:defender:eventhub,ms:defender:eventhub,5
raw/1421__USNO-WS-0044__sccm_client.log,USNO-WS-0044,sccm:client,sccm:client,1
raw/1422__USNO-WS-0044__wsus_client.log,USNO-WS-0044,wsus:client,wsus:client,1
raw/1423__USNO-WS-0045__XmlWinEventLog.log,USNO-WS-0045,XmlWinEventLog:Microsoft-Windows-Sysmon/Operational,XmlWinEventLog,11
raw/1424__USNO-WS-0045__XmlWinEventLog.log,USNO-WS-0045,XmlWinEventLog:Security,XmlWinEventLog,8
raw/1425__USNO-WS-0045__ms_defender_eventhub.log,USNO-WS-0045,ms:defender:eventhub,ms:defender:eventhub,1
raw/1426__USNO-WS-0045__trellix_epo.log,USNO-WS-0045,trellix:epo,trellix:epo,1
raw/1427__USNO-WS-0046__XmlWinEventLog.log,USNO-WS-0046,XmlWinEventLog:Microsoft-Windows-Sysmon/Operational,XmlWinEventLog,5
raw/1428__USNO-WS-0046__XmlWinEventLog.log,USNO-WS-0046,XmlWinEventLog:Security,XmlWinEventLog,10
raw/1429__USNO-WS-0046__ms_defender_eventhub.log,USNO-WS-0046,ms:defender:eventhub,ms:defender:eventhub,1
raw/1430__USNO-WS-0046__trellix_epo.log,USNO-WS-0046,trellix:epo,trellix:epo,1
raw/1431__USNO-WS-0046__wsus_client.log,USNO-WS-0046,wsus:client,wsus:client,1
raw/1432__USNO-WS-0047__XmlWinEventLog.log,USNO-WS-0047,XmlWinEventLog:Microsoft-Windows-Sysmon/Operational,XmlWinEventLog,3
raw/1433__USNO-WS-0047__XmlWinEventLog.log,USNO-WS-0047,XmlWinEventLog:Security,XmlWinEventLog,7
raw/1434__USNO-WS-0048__XmlWinEventLog.log,USNO-WS-0048,XmlWinEventLog:Microsoft-Windows-Sysmon/Operational,XmlWinEventLog,9
raw/1435__USNO-WS-0048__XmlWinEventLog.log,USNO-WS-0048,XmlWinEventLog:Security,XmlWinEventLog,6
raw/1436__USNO-WS-0048__wsus_client.log,USNO-WS-0048,wsus:client,wsus:client,1
raw/1437__USNO-WS-0049__XmlWinEventLog.log,USNO-WS-0049,XmlWinEventLog:Microsoft-Windows-Sysmon/Operational,XmlWinEventLog,7
raw/1438__USNO-WS-0049__XmlWinEventLog.log,USNO-WS-0049,XmlWinEventLog:Security,XmlWinEventLog,8
raw/1439__USNO-WS-0049__ms_defender_eventhub.log,USNO-WS-0049,ms:defender:eventhub,ms:defender:eventhub,3
raw/1440__USNO-WS-0049__sccm_client.log,USNO-WS-0049,sccm:client,sccm:client,1
raw/1441__USNO-WS-0050__XmlWinEventLog.log,USNO-WS-0050,XmlWinEventLog:Microsoft-Windows-Sysmon/Operational,XmlWinEventLog,8
raw/1442__USNO-WS-0050__XmlWinEventLog.log,USNO-WS-0050,XmlWinEventLog:Security,XmlWinEventLog,8
raw/1443__USNO-WS-0050__ms_defender_eventhub.log,USNO-WS-0050,ms:defender:eventhub,ms:defender:eventhub,2
raw/1444__USNO-WS-0050__trellix_epo.log,USNO-WS-0050,trellix:epo,trellix:epo,2
raw/1445__USNO-WS-0051__XmlWinEventLog.log,USNO-WS-0051,XmlWinEventLog:Microsoft-Windows-Sysmon/Operational,XmlWinEventLog,11
raw/1446__USNO-WS-0051__XmlWinEventLog.log,USNO-WS-0051,XmlWinEventLog:Security,XmlWinEventLog,7
raw/1447__USNO-WS-0051__trellix_epo.log,USNO-WS-0051,trellix:epo,trellix:epo,1
raw/1448__USNO-WS-0052__XmlWinEventLog.log,USNO-WS-0052,XmlWinEventLog:Microsoft-Windows-Sysmon/Operational,XmlWinEventLog,8
raw/1449__USNO-WS-0052__XmlWinEventLog.log,USNO-WS-0052,XmlWinEventLog:Security,XmlWinEventLog,9
raw/1450__USNO-WS-0052__ms_defender_eventhub.log,USNO-WS-0052,ms:defender:eventhub,ms:defender:eventhub,4
raw/1451__USNO-WS-0052__trellix_epo.log,USNO-WS-0052,trellix:epo,trellix:epo,1
raw/1452__USNO-WS-0053__XmlWinEventLog.log,USNO-WS-0053,XmlWinEventLog:Microsoft-Windows-Sysmon/Operational,XmlWinEventLog,9
raw/1453__USNO-WS-0053__XmlWinEventLog.log,USNO-WS-0053,XmlWinEventLog:Security,XmlWinEventLog,6
raw/1454__USNO-WS-0054__XmlWinEventLog.log,USNO-WS-0054,XmlWinEventLog:Microsoft-Windows-Sysmon/Operational,XmlWinEventLog,8
raw/1455__USNO-WS-0054__XmlWinEventLog.log,USNO-WS-0054,XmlWinEventLog:Security,XmlWinEventLog,11
raw/1456__USNO-WS-0054__ms_defender_eventhub.log,USNO-WS-0054,ms:defender:eventhub,ms:defender:eventhub,1
raw/1457__USNO-WS-0054__sccm_client.log,USNO-WS-0054,sccm:client,sccm:client,2
raw/1458__USNO-WS-0055__XmlWinEventLog.log,USNO-WS-0055,XmlWinEventLog:Microsoft-Windows-Sysmon/Operational,XmlWinEventLog,4
raw/1459__USNO-WS-0055__XmlWinEventLog.log,USNO-WS-0055,XmlWinEventLog:Security,XmlWinEventLog,4
raw/1460__USNO-WS-0055__ms_defender_eventhub.log,USNO-WS-0055,ms:defender:eventhub,ms:defender:eventhub,2
raw/1461__USNO-WS-0055__trellix_epo.log,USNO-WS-0055,trellix:epo,trellix:epo,2
raw/1462__USNO-WS-0056__XmlWinEventLog.log,USNO-WS-0056,XmlWinEventLog:Microsoft-Windows-Sysmon/Operational,XmlWinEventLog,9
raw/1463__USNO-WS-0056__XmlWinEventLog.log,USNO-WS-0056,XmlWinEventLog:Security,XmlWinEventLog,7
raw/1464__USNO-WS-0056__sccm_client.log,USNO-WS-0056,sccm:client,sccm:client,1
raw/1465__USNO-WS-0056__trellix_epo.log,USNO-WS-0056,trellix:epo,trellix:epo,1
raw/1466__USNO-WS-0056__wsus_client.log,USNO-WS-0056,wsus:client,wsus:client,1
raw/1467__USNO-WS-0057__XmlWinEventLog.log,USNO-WS-0057,XmlWinEventLog:Microsoft-Windows-Sysmon/Operational,XmlWinEventLog,6
raw/1468__USNO-WS-0057__XmlWinEventLog.log,USNO-WS-0057,XmlWinEventLog:Security,XmlWinEventLog,3
raw/1469__USNO-WS-0057__ms_defender_eventhub.log,USNO-WS-0057,ms:defender:eventhub,ms:defender:eventhub,2
raw/1470__USNO-WS-0057__wsus_client.log,USNO-WS-0057,wsus:client,wsus:client,1
raw/1471__USNO-WS-0058__XmlWinEventLog.log,USNO-WS-0058,XmlWinEventLog:Microsoft-Windows-Sysmon/Operational,XmlWinEventLog,7
raw/1472__USNO-WS-0058__XmlWinEventLog.log,USNO-WS-0058,XmlWinEventLog:Security,XmlWinEventLog,4
raw/1473__USNO-WS-0058__ms_defender_eventhub.log,USNO-WS-0058,ms:defender:eventhub,ms:defender:eventhub,2
raw/1474__USNO-WS-0058__sccm_client.log,USNO-WS-0058,sccm:client,sccm:client,1
raw/1475__USNO-WS-0058__trellix_epo.log,USNO-WS-0058,trellix:epo,trellix:epo,1
raw/1476__USNO-WS-0058__wsus_client.log,USNO-WS-0058,wsus:client,wsus:client,1
raw/1477__USNO-WS-0059__XmlWinEventLog.log,USNO-WS-0059,XmlWinEventLog:Microsoft-Windows-Sysmon/Operational,XmlWinEventLog,8
raw/1478__USNO-WS-0059__XmlWinEventLog.log,USNO-WS-0059,XmlWinEventLog:Security,XmlWinEventLog,6
raw/1479__USNO-WS-0059__wsus_client.log,USNO-WS-0059,wsus:client,wsus:client,1
raw/1480__USNO-WS-0060__XmlWinEventLog.log,USNO-WS-0060,XmlWinEventLog:Microsoft-Windows-Sysmon/Operational,XmlWinEventLog,10
raw/1481__USNO-WS-0060__XmlWinEventLog.log,USNO-WS-0060,XmlWinEventLog:Security,XmlWinEventLog,5
raw/1482__USNO-WS-0060__ms_defender_eventhub.log,USNO-WS-0060,ms:defender:eventhub,ms:defender:eventhub,1
raw/1483__USNO-WS-0060__wsus_client.log,USNO-WS-0060,wsus:client,wsus:client,1
raw/1484__USNO-WS-0061__XmlWinEventLog.log,USNO-WS-0061,XmlWinEventLog:Microsoft-Windows-Sysmon/Operational,XmlWinEventLog,9
raw/1485__USNO-WS-0061__XmlWinEventLog.log,USNO-WS-0061,XmlWinEventLog:Security,XmlWinEventLog,8
raw/1486__USNO-WS-0061__ms_defender_eventhub.log,USNO-WS-0061,ms:defender:eventhub,ms:defender:eventhub,2
raw/1487__USNO-WS-0061__wsus_client.log,USNO-WS-0061,wsus:client,wsus:client,1
raw/1488__USNO-WS-0062__XmlWinEventLog.log,USNO-WS-0062,XmlWinEventLog:Microsoft-Windows-Sysmon/Operational,XmlWinEventLog,12
raw/1489__USNO-WS-0062__XmlWinEventLog.log,USNO-WS-0062,XmlWinEventLog:Security,XmlWinEventLog,6
raw/1490__USNO-WS-0062__ms_defender_eventhub.log,USNO-WS-0062,ms:defender:eventhub,ms:defender:eventhub,3
raw/1491__USNO-WS-0062__trellix_epo.log,USNO-WS-0062,trellix:epo,trellix:epo,1
raw/1492__USNO-WS-0063__XmlWinEventLog.log,USNO-WS-0063,XmlWinEventLog:Microsoft-Windows-Sysmon/Operational,XmlWinEventLog,7
raw/1493__USNO-WS-0063__XmlWinEventLog.log,USNO-WS-0063,XmlWinEventLog:Security,XmlWinEventLog,6
raw/1494__USNO-WS-0063__ms_defender_eventhub.log,USNO-WS-0063,ms:defender:eventhub,ms:defender:eventhub,1
raw/1495__USNO-WS-0064__XmlWinEventLog.log,USNO-WS-0064,XmlWinEventLog:Microsoft-Windows-Sysmon/Operational,XmlWinEventLog,5
raw/1496__USNO-WS-0064__XmlWinEventLog.log,USNO-WS-0064,XmlWinEventLog:Security,XmlWinEventLog,13
raw/1497__USNO-WS-0064__ms_defender_eventhub.log,USNO-WS-0064,ms:defender:eventhub,ms:defender:eventhub,1
raw/1498__USNO-ZEEK-01__bro_conn_json.log,USNO-ZEEK-01,zeek:conn,bro:conn:json,1404
raw/1499__USNO-ZEEK-01__bro_dce_rpc_json.log,USNO-ZEEK-01,zeek:dce_rpc,bro:dce_rpc:json,139
raw/1500__USNO-ZEEK-01__bro_dns_json.log,USNO-ZEEK-01,zeek:dns,bro:dns:json,571
raw/1501__USNO-ZEEK-01__bro_http_json.log,USNO-ZEEK-01,zeek:http,bro:http:json,322
raw/1502__USNO-ZEEK-01__bro_smb_files_json.log,USNO-ZEEK-01,zeek:smb_files,bro:smb_files:json,133
raw/1503__USNO-ZEEK-01__bro_ssl_json.log,USNO-ZEEK-01,zeek:ssl,bro:ssl:json,494
raw/1504__USOH-APP-01__XmlWinEventLog.log,USOH-APP-01,XmlWinEventLog:Microsoft-Windows-Sysmon/Operational,XmlWinEventLog,4
raw/1505__USOH-APP-01__XmlWinEventLog.log,USOH-APP-01,XmlWinEventLog:Security,XmlWinEventLog,5
raw/1506__USOH-APP-01__ms_defender_eventhub.log,USOH-APP-01,ms:defender:eventhub,ms:defender:eventhub,3
raw/1507__USOH-APP-01__trellix_epo.log,USOH-APP-01,trellix:epo,trellix:epo,1
raw/1508__USOH-APP-01__wsus_client.log,USOH-APP-01,wsus:client,wsus:client,1
raw/1509__USOH-APP-02__XmlWinEventLog.log,USOH-APP-02,XmlWinEventLog:Microsoft-Windows-Sysmon/Operational,XmlWinEventLog,5
raw/1510__USOH-APP-02__XmlWinEventLog.log,USOH-APP-02,XmlWinEventLog:Security,XmlWinEventLog,5
raw/1511__USOH-APP-02__sccm_client.log,USOH-APP-02,sccm:client,sccm:client,1
raw/1512__USOH-APP-03__XmlWinEventLog.log,USOH-APP-03,XmlWinEventLog:Microsoft-Windows-Sysmon/Operational,XmlWinEventLog,9
raw/1513__USOH-APP-03__XmlWinEventLog.log,USOH-APP-03,XmlWinEventLog:Security,XmlWinEventLog,7
raw/1514__USOH-APP-03__ms_defender_eventhub.log,USOH-APP-03,ms:defender:eventhub,ms:defender:eventhub,5
raw/1515__USOH-APP-03__wsus_client.log,USOH-APP-03,wsus:client,wsus:client,1
raw/1516__USOH-APP-04__XmlWinEventLog.log,USOH-APP-04,XmlWinEventLog:Microsoft-Windows-Sysmon/Operational,XmlWinEventLog,6
raw/1517__USOH-APP-04__XmlWinEventLog.log,USOH-APP-04,XmlWinEventLog:Security,XmlWinEventLog,7
raw/1518__USOH-APP-04__ms_defender_eventhub.log,USOH-APP-04,ms:defender:eventhub,ms:defender:eventhub,2
raw/1519__USOH-APP-05__XmlWinEventLog.log,USOH-APP-05,XmlWinEventLog:Microsoft-Windows-Sysmon/Operational,XmlWinEventLog,15
raw/1520__USOH-APP-05__XmlWinEventLog.log,USOH-APP-05,XmlWinEventLog:Security,XmlWinEventLog,7
raw/1521__USOH-APP-05__ms_defender_eventhub.log,USOH-APP-05,ms:defender:eventhub,ms:defender:eventhub,3
raw/1522__USOH-APP-06__XmlWinEventLog.log,USOH-APP-06,XmlWinEventLog:Microsoft-Windows-Sysmon/Operational,XmlWinEventLog,11
raw/1523__USOH-APP-06__XmlWinEventLog.log,USOH-APP-06,XmlWinEventLog:Security,XmlWinEventLog,6
raw/1524__USOH-APP-06__ms_defender_eventhub.log,USOH-APP-06,ms:defender:eventhub,ms:defender:eventhub,4
raw/1525__USOH-APP-06__wsus_client.log,USOH-APP-06,wsus:client,wsus:client,1
raw/1526__USOH-APP-07__XmlWinEventLog.log,USOH-APP-07,XmlWinEventLog:Microsoft-Windows-Sysmon/Operational,XmlWinEventLog,12
raw/1527__USOH-APP-07__XmlWinEventLog.log,USOH-APP-07,XmlWinEventLog:Security,XmlWinEventLog,3
raw/1528__USOH-APP-07__ms_defender_eventhub.log,USOH-APP-07,ms:defender:eventhub,ms:defender:eventhub,2
raw/1529__USOH-APP-08__XmlWinEventLog.log,USOH-APP-08,XmlWinEventLog:Microsoft-Windows-Sysmon/Operational,XmlWinEventLog,10
raw/1530__USOH-APP-08__XmlWinEventLog.log,USOH-APP-08,XmlWinEventLog:Security,XmlWinEventLog,6
raw/1531__USOH-APP-08__sccm_client.log,USOH-APP-08,sccm:client,sccm:client,1
raw/1532__USOH-DC-01__XmlWinEventLog.log,USOH-DC-01,XmlWinEventLog:Security,XmlWinEventLog,192
raw/1533__USOH-FS-01__XmlWinEventLog.log,USOH-FS-01,XmlWinEventLog:Microsoft-Windows-Sysmon/Operational,XmlWinEventLog,10
raw/1534__USOH-FS-01__XmlWinEventLog.log,USOH-FS-01,XmlWinEventLog:Security,XmlWinEventLog,5
raw/1535__USOH-FS-01__ms_defender_eventhub.log,USOH-FS-01,ms:defender:eventhub,ms:defender:eventhub,2
raw/1536__USOH-FS-01__wsus_client.log,USOH-FS-01,wsus:client,wsus:client,1
raw/1537__USOH-FS-02__XmlWinEventLog.log,USOH-FS-02,XmlWinEventLog:Microsoft-Windows-Sysmon/Operational,XmlWinEventLog,6
raw/1538__USOH-FS-02__XmlWinEventLog.log,USOH-FS-02,XmlWinEventLog:Security,XmlWinEventLog,12
raw/1539__USOH-FS-02__trellix_epo.log,USOH-FS-02,trellix:epo,trellix:epo,1
raw/1540__USOH-FS-03__XmlWinEventLog.log,USOH-FS-03,XmlWinEventLog:Microsoft-Windows-Sysmon/Operational,XmlWinEventLog,8
raw/1541__USOH-FS-03__XmlWinEventLog.log,USOH-FS-03,XmlWinEventLog:Security,XmlWinEventLog,9
raw/1542__USOH-FS-04__XmlWinEventLog.log,USOH-FS-04,XmlWinEventLog:Microsoft-Windows-Sysmon/Operational,XmlWinEventLog,5
raw/1543__USOH-FS-04__XmlWinEventLog.log,USOH-FS-04,XmlWinEventLog:Security,XmlWinEventLog,8
raw/1544__USOH-FS-04__ms_defender_eventhub.log,USOH-FS-04,ms:defender:eventhub,ms:defender:eventhub,2
raw/1545__USOH-FS-04__sccm_client.log,USOH-FS-04,sccm:client,sccm:client,1
raw/1546__USOH-FS-04__wsus_client.log,USOH-FS-04,wsus:client,wsus:client,1
raw/1547__USOH-FW-01__pan_traffic.log,USOH-FW-01,pan:traffic,pan:traffic,136
raw/1548__USOH-FW-02__fortigate_traffic.log,USOH-FW-02,fortigate_traffic,fortigate_traffic,156
raw/1549__USOH-FW-03__cisco_asa.log,USOH-FW-03,cisco:asa,cisco:asa,133
raw/1550__USOH-JUMP-01__XmlWinEventLog.log,USOH-JUMP-01,XmlWinEventLog:Microsoft-Windows-Sysmon/Operational,XmlWinEventLog,9
raw/1551__USOH-JUMP-01__XmlWinEventLog.log,USOH-JUMP-01,XmlWinEventLog:Security,XmlWinEventLog,4
raw/1552__USOH-JUMP-01__ms_defender_eventhub.log,USOH-JUMP-01,ms:defender:eventhub,ms:defender:eventhub,1
raw/1553__USOH-JUMP-02__XmlWinEventLog.log,USOH-JUMP-02,XmlWinEventLog:Microsoft-Windows-Sysmon/Operational,XmlWinEventLog,7
raw/1554__USOH-JUMP-02__XmlWinEventLog.log,USOH-JUMP-02,XmlWinEventLog:Security,XmlWinEventLog,7
raw/1555__USOH-JUMP-02__wsus_client.log,USOH-JUMP-02,wsus:client,wsus:client,1
raw/1556__USOH-JUMP-03__XmlWinEventLog.log,USOH-JUMP-03,XmlWinEventLog:Microsoft-Windows-Sysmon/Operational,XmlWinEventLog,4
raw/1557__USOH-JUMP-03__XmlWinEventLog.log,USOH-JUMP-03,XmlWinEventLog:Security,XmlWinEventLog,5
raw/1558__USOH-JUMP-03__ms_defender_eventhub.log,USOH-JUMP-03,ms:defender:eventhub,ms:defender:eventhub,1
raw/1559__USOH-JUMP-03__sccm_client.log,USOH-JUMP-03,sccm:client,sccm:client,1
raw/1560__USOH-JUMP-03__trellix_epo.log,USOH-JUMP-03,trellix:epo,trellix:epo,1
raw/1561__USOH-JUMP-03__wsus_client.log,USOH-JUMP-03,wsus:client,wsus:client,1
raw/1562__USOH-LNX-01__linux_audit.log,USOH-LNX-01,/var/log/audit/audit.log,linux_audit,150
raw/1563__USOH-LNX-01__linux_secure.log,USOH-LNX-01,/var/log/secure,linux_secure,38
raw/1564__USOH-LNX-01__syslog.log,USOH-LNX-01,/var/log/syslog,syslog,39
raw/1565__USOH-LNX-01__ms_defender_eventhub.log,USOH-LNX-01,ms:defender:eventhub,ms:defender:eventhub,1
raw/1566__USOH-LNX-02__linux_audit.log,USOH-LNX-02,/var/log/audit/audit.log,linux_audit,174
raw/1567__USOH-LNX-02__linux_secure.log,USOH-LNX-02,/var/log/secure,linux_secure,31
raw/1568__USOH-LNX-02__syslog.log,USOH-LNX-02,/var/log/syslog,syslog,47
raw/1569__USOH-LNX-03__linux_audit.log,USOH-LNX-03,/var/log/audit/audit.log,linux_audit,130
raw/1570__USOH-LNX-03__linux_secure.log,USOH-LNX-03,/var/log/secure,linux_secure,24
raw/1571__USOH-LNX-03__syslog.log,USOH-LNX-03,/var/log/syslog,syslog,38
raw/1572__USOH-LNX-04__linux_audit.log,USOH-LNX-04,/var/log/audit/audit.log,linux_audit,132
raw/1573__USOH-LNX-04__linux_secure.log,USOH-LNX-04,/var/log/secure,linux_secure,21
raw/1574__USOH-LNX-04__syslog.log,USOH-LNX-04,/var/log/syslog,syslog,36
raw/1575__USOH-LNX-04__ms_defender_eventhub.log,USOH-LNX-04,ms:defender:eventhub,ms:defender:eventhub,2
raw/1576__USOH-LNX-04__trellix_epo.log,USOH-LNX-04,trellix:epo,trellix:epo,2
raw/1577__USOH-LNX-05__linux_audit.log,USOH-LNX-05,/var/log/audit/audit.log,linux_audit,140
raw/1578__USOH-LNX-05__linux_secure.log,USOH-LNX-05,/var/log/secure,linux_secure,16
raw/1579__USOH-LNX-05__syslog.log,USOH-LNX-05,/var/log/syslog,syslog,33
raw/1580__USOH-LNX-05__trellix_epo.log,USOH-LNX-05,trellix:epo,trellix:epo,2
raw/1581__USOH-LNX-06__linux_audit.log,USOH-LNX-06,/var/log/audit/audit.log,linux_audit,128
raw/1582__USOH-LNX-06__linux_secure.log,USOH-LNX-06,/var/log/secure,linux_secure,22
raw/1583__USOH-LNX-06__syslog.log,USOH-LNX-06,/var/log/syslog,syslog,40
raw/1584__USOH-LNX-06__ms_defender_eventhub.log,USOH-LNX-06,ms:defender:eventhub,ms:defender:eventhub,2
raw/1585__USOH-LNX-06__trellix_epo.log,USOH-LNX-06,trellix:epo,trellix:epo,1
raw/1586__USOH-LNX-07__linux_audit.log,USOH-LNX-07,/var/log/audit/audit.log,linux_audit,154
raw/1587__USOH-LNX-07__linux_secure.log,USOH-LNX-07,/var/log/secure,linux_secure,21
raw/1588__USOH-LNX-07__syslog.log,USOH-LNX-07,/var/log/syslog,syslog,40
raw/1589__USOH-LNX-07__trellix_epo.log,USOH-LNX-07,trellix:epo,trellix:epo,1
raw/1590__USOH-LNX-08__linux_audit.log,USOH-LNX-08,/var/log/audit/audit.log,linux_audit,149
raw/1591__USOH-LNX-08__linux_secure.log,USOH-LNX-08,/var/log/secure,linux_secure,37
raw/1592__USOH-LNX-08__syslog.log,USOH-LNX-08,/var/log/syslog,syslog,41
raw/1593__USOH-PACS-01__pacs_access.log,USOH-PACS-01,pacs:access,pacs:access,161
raw/1594__USOH-PAW-01__XmlWinEventLog.log,USOH-PAW-01,XmlWinEventLog:Microsoft-Windows-Sysmon/Operational,XmlWinEventLog,6
raw/1595__USOH-PAW-01__XmlWinEventLog.log,USOH-PAW-01,XmlWinEventLog:Security,XmlWinEventLog,10
raw/1596__USOH-PAW-01__ms_defender_eventhub.log,USOH-PAW-01,ms:defender:eventhub,ms:defender:eventhub,4
raw/1597__USOH-PAW-02__XmlWinEventLog.log,USOH-PAW-02,XmlWinEventLog:Microsoft-Windows-Sysmon/Operational,XmlWinEventLog,7
raw/1598__USOH-PAW-02__XmlWinEventLog.log,USOH-PAW-02,XmlWinEventLog:Security,XmlWinEventLog,5
raw/1599__USOH-PAW-02__ms_defender_eventhub.log,USOH-PAW-02,ms:defender:eventhub,ms:defender:eventhub,4
raw/1600__USOH-PAW-03__XmlWinEventLog.log,USOH-PAW-03,XmlWinEventLog:Microsoft-Windows-Sysmon/Operational,XmlWinEventLog,13
raw/1601__USOH-PAW-03__XmlWinEventLog.log,USOH-PAW-03,XmlWinEventLog:Security,XmlWinEventLog,7
raw/1602__USOH-PAW-03__ms_defender_eventhub.log,USOH-PAW-03,ms:defender:eventhub,ms:defender:eventhub,4
raw/1603__USOH-PAW-03__trellix_epo.log,USOH-PAW-03,trellix:epo,trellix:epo,1
raw/1604__USOH-PAW-04__XmlWinEventLog.log,USOH-PAW-04,XmlWinEventLog:Microsoft-Windows-Sysmon/Operational,XmlWinEventLog,14
raw/1605__USOH-PAW-04__XmlWinEventLog.log,USOH-PAW-04,XmlWinEventLog:Security,XmlWinEventLog,3
raw/1606__USOH-PAW-04__ms_defender_eventhub.log,USOH-PAW-04,ms:defender:eventhub,ms:defender:eventhub,1
raw/1607__USOH-PAW-04__sccm_client.log,USOH-PAW-04,sccm:client,sccm:client,1
raw/1608__USOH-PAW-04__trellix_epo.log,USOH-PAW-04,trellix:epo,trellix:epo,2
raw/1609__USOH-PAW-05__XmlWinEventLog.log,USOH-PAW-05,XmlWinEventLog:Microsoft-Windows-Sysmon/Operational,XmlWinEventLog,7
raw/1610__USOH-PAW-05__XmlWinEventLog.log,USOH-PAW-05,XmlWinEventLog:Security,XmlWinEventLog,6
raw/1611__USOH-PAW-05__trellix_epo.log,USOH-PAW-05,trellix:epo,trellix:epo,1
raw/1612__USOH-PAW-06__XmlWinEventLog.log,USOH-PAW-06,XmlWinEventLog:Microsoft-Windows-Sysmon/Operational,XmlWinEventLog,3
raw/1613__USOH-PAW-06__XmlWinEventLog.log,USOH-PAW-06,XmlWinEventLog:Security,XmlWinEventLog,8
raw/1614__USOH-PAW-06__ms_defender_eventhub.log,USOH-PAW-06,ms:defender:eventhub,ms:defender:eventhub,1
raw/1615__USOH-PAW-06__sccm_client.log,USOH-PAW-06,sccm:client,sccm:client,1
raw/1616__USOH-PAW-06__wsus_client.log,USOH-PAW-06,wsus:client,wsus:client,1
raw/1617__USOH-RTR-01__cisco_ios.log,USOH-RTR-01,cisco:ios,cisco:ios,55
raw/1618__USOH-RTR-02__juniper.log,USOH-RTR-02,juniper,juniper,18
raw/1619__USOH-RTR-02__juniper_junos_firewall.log,USOH-RTR-02,juniper:junos:firewall,juniper:junos:firewall,18
raw/1620__USOH-VDI-01__XmlWinEventLog.log,USOH-VDI-01,XmlWinEventLog:Microsoft-Windows-Sysmon/Operational,XmlWinEventLog,9
raw/1621__USOH-VDI-01__XmlWinEventLog.log,USOH-VDI-01,XmlWinEventLog:Security,XmlWinEventLog,8
raw/1622__USOH-VDI-01__ms_defender_eventhub.log,USOH-VDI-01,ms:defender:eventhub,ms:defender:eventhub,3
raw/1623__USOH-VDI-02__XmlWinEventLog.log,USOH-VDI-02,XmlWinEventLog:Microsoft-Windows-Sysmon/Operational,XmlWinEventLog,12
raw/1624__USOH-VDI-02__XmlWinEventLog.log,USOH-VDI-02,XmlWinEventLog:Security,XmlWinEventLog,9
raw/1625__USOH-VDI-02__ms_defender_eventhub.log,USOH-VDI-02,ms:defender:eventhub,ms:defender:eventhub,2
raw/1626__USOH-VDI-03__XmlWinEventLog.log,USOH-VDI-03,XmlWinEventLog:Microsoft-Windows-Sysmon/Operational,XmlWinEventLog,6
raw/1627__USOH-VDI-03__XmlWinEventLog.log,USOH-VDI-03,XmlWinEventLog:Security,XmlWinEventLog,5
raw/1628__USOH-VDI-03__ms_defender_eventhub.log,USOH-VDI-03,ms:defender:eventhub,ms:defender:eventhub,2
raw/1629__USOH-WS-0001__XmlWinEventLog.log,USOH-WS-0001,XmlWinEventLog:Microsoft-Windows-Sysmon/Operational,XmlWinEventLog,14
raw/1630__USOH-WS-0001__XmlWinEventLog.log,USOH-WS-0001,XmlWinEventLog:Security,XmlWinEventLog,12
raw/1631__USOH-WS-0001__ms_defender_eventhub.log,USOH-WS-0001,ms:defender:eventhub,ms:defender:eventhub,5
raw/1632__USOH-WS-0002__XmlWinEventLog.log,USOH-WS-0002,XmlWinEventLog:Microsoft-Windows-Sysmon/Operational,XmlWinEventLog,11
raw/1633__USOH-WS-0002__XmlWinEventLog.log,USOH-WS-0002,XmlWinEventLog:Security,XmlWinEventLog,12
raw/1634__USOH-WS-0002__trellix_epo.log,USOH-WS-0002,trellix:epo,trellix:epo,1
raw/1635__USOH-WS-0003__XmlWinEventLog.log,USOH-WS-0003,XmlWinEventLog:Microsoft-Windows-Sysmon/Operational,XmlWinEventLog,9
raw/1636__USOH-WS-0003__XmlWinEventLog.log,USOH-WS-0003,XmlWinEventLog:Security,XmlWinEventLog,16
raw/1637__USOH-WS-0003__ms_defender_eventhub.log,USOH-WS-0003,ms:defender:eventhub,ms:defender:eventhub,2
raw/1638__USOH-WS-0003__wsus_client.log,USOH-WS-0003,wsus:client,wsus:client,1
raw/1639__USOH-WS-0004__XmlWinEventLog.log,USOH-WS-0004,XmlWinEventLog:Microsoft-Windows-Sysmon/Operational,XmlWinEventLog,16
raw/1640__USOH-WS-0004__XmlWinEventLog.log,USOH-WS-0004,XmlWinEventLog:Security,XmlWinEventLog,10
raw/1641__USOH-WS-0004__ms_defender_eventhub.log,USOH-WS-0004,ms:defender:eventhub,ms:defender:eventhub,1
raw/1642__USOH-WS-0004__sccm_client.log,USOH-WS-0004,sccm:client,sccm:client,1
raw/1643__USOH-WS-0005__XmlWinEventLog.log,USOH-WS-0005,XmlWinEventLog:Microsoft-Windows-Sysmon/Operational,XmlWinEventLog,13
raw/1644__USOH-WS-0005__XmlWinEventLog.log,USOH-WS-0005,XmlWinEventLog:Security,XmlWinEventLog,8
raw/1645__USOH-WS-0006__XmlWinEventLog.log,USOH-WS-0006,XmlWinEventLog:Microsoft-Windows-Sysmon/Operational,XmlWinEventLog,14
raw/1646__USOH-WS-0006__XmlWinEventLog.log,USOH-WS-0006,XmlWinEventLog:Security,XmlWinEventLog,6
raw/1647__USOH-WS-0006__wsus_client.log,USOH-WS-0006,wsus:client,wsus:client,1
raw/1648__USOH-WS-0007__XmlWinEventLog.log,USOH-WS-0007,XmlWinEventLog:Microsoft-Windows-Sysmon/Operational,XmlWinEventLog,11
raw/1649__USOH-WS-0007__XmlWinEventLog.log,USOH-WS-0007,XmlWinEventLog:Security,XmlWinEventLog,16
raw/1650__USOH-WS-0007__ms_defender_eventhub.log,USOH-WS-0007,ms:defender:eventhub,ms:defender:eventhub,3
raw/1651__USOH-WS-0007__sccm_client.log,USOH-WS-0007,sccm:client,sccm:client,1
raw/1652__USOH-WS-0008__XmlWinEventLog.log,USOH-WS-0008,XmlWinEventLog:Microsoft-Windows-Sysmon/Operational,XmlWinEventLog,21
raw/1653__USOH-WS-0008__XmlWinEventLog.log,USOH-WS-0008,XmlWinEventLog:Security,XmlWinEventLog,22
raw/1654__USOH-WS-0008__ms_defender_eventhub.log,USOH-WS-0008,ms:defender:eventhub,ms:defender:eventhub,4
raw/1655__USOH-WS-0008__wsus_client.log,USOH-WS-0008,wsus:client,wsus:client,3
raw/1656__USOH-WS-0009__XmlWinEventLog.log,USOH-WS-0009,XmlWinEventLog:Microsoft-Windows-Sysmon/Operational,XmlWinEventLog,14
raw/1657__USOH-WS-0009__XmlWinEventLog.log,USOH-WS-0009,XmlWinEventLog:Security,XmlWinEventLog,13
raw/1658__USOH-WS-0009__sccm_client.log,USOH-WS-0009,sccm:client,sccm:client,2
raw/1659__USOH-WS-0009__trellix_epo.log,USOH-WS-0009,trellix:epo,trellix:epo,1
raw/1660__USOH-WS-0010__XmlWinEventLog.log,USOH-WS-0010,XmlWinEventLog:Microsoft-Windows-Sysmon/Operational,XmlWinEventLog,9
raw/1661__USOH-WS-0010__XmlWinEventLog.log,USOH-WS-0010,XmlWinEventLog:Security,XmlWinEventLog,14
raw/1662__USOH-WS-0010__ms_defender_eventhub.log,USOH-WS-0010,ms:defender:eventhub,ms:defender:eventhub,3
raw/1663__USOH-WS-0010__wsus_client.log,USOH-WS-0010,wsus:client,wsus:client,1
raw/1664__USOH-WS-0011__XmlWinEventLog.log,USOH-WS-0011,XmlWinEventLog:Microsoft-Windows-Sysmon/Operational,XmlWinEventLog,15
raw/1665__USOH-WS-0011__XmlWinEventLog.log,USOH-WS-0011,XmlWinEventLog:Security,XmlWinEventLog,10
raw/1666__USOH-WS-0011__ms_defender_eventhub.log,USOH-WS-0011,ms:defender:eventhub,ms:defender:eventhub,5
raw/1667__USOH-WS-0011__wsus_client.log,USOH-WS-0011,wsus:client,wsus:client,1
raw/1668__USOH-WS-0012__XmlWinEventLog.log,USOH-WS-0012,XmlWinEventLog:Microsoft-Windows-Sysmon/Operational,XmlWinEventLog,12
raw/1669__USOH-WS-0012__XmlWinEventLog.log,USOH-WS-0012,XmlWinEventLog:Security,XmlWinEventLog,8
raw/1670__USOH-WS-0012__ms_defender_eventhub.log,USOH-WS-0012,ms:defender:eventhub,ms:defender:eventhub,2
raw/1671__USOH-WS-0012__sccm_client.log,USOH-WS-0012,sccm:client,sccm:client,2
raw/1672__USOH-WS-0012__trellix_epo.log,USOH-WS-0012,trellix:epo,trellix:epo,1
raw/1673__USOH-WS-0012__wsus_client.log,USOH-WS-0012,wsus:client,wsus:client,1
raw/1674__USOH-WS-0013__XmlWinEventLog.log,USOH-WS-0013,XmlWinEventLog:Microsoft-Windows-Sysmon/Operational,XmlWinEventLog,13
raw/1675__USOH-WS-0013__XmlWinEventLog.log,USOH-WS-0013,XmlWinEventLog:Security,XmlWinEventLog,16
raw/1676__USOH-WS-0013__ms_defender_eventhub.log,USOH-WS-0013,ms:defender:eventhub,ms:defender:eventhub,2
raw/1677__USOH-WS-0014__XmlWinEventLog.log,USOH-WS-0014,XmlWinEventLog:Microsoft-Windows-Sysmon/Operational,XmlWinEventLog,9
raw/1678__USOH-WS-0014__XmlWinEventLog.log,USOH-WS-0014,XmlWinEventLog:Security,XmlWinEventLog,16
raw/1679__USOH-WS-0014__ms_defender_eventhub.log,USOH-WS-0014,ms:defender:eventhub,ms:defender:eventhub,1
raw/1680__USOH-WS-0014__sccm_client.log,USOH-WS-0014,sccm:client,sccm:client,3
raw/1681__USOH-WS-0015__XmlWinEventLog.log,USOH-WS-0015,XmlWinEventLog:Microsoft-Windows-Sysmon/Operational,XmlWinEventLog,13
raw/1682__USOH-WS-0015__XmlWinEventLog.log,USOH-WS-0015,XmlWinEventLog:Security,XmlWinEventLog,13
raw/1683__USOH-WS-0016__XmlWinEventLog.log,USOH-WS-0016,XmlWinEventLog:Microsoft-Windows-Sysmon/Operational,XmlWinEventLog,12
raw/1684__USOH-WS-0016__XmlWinEventLog.log,USOH-WS-0016,XmlWinEventLog:Security,XmlWinEventLog,12
raw/1685__USOH-WS-0016__ms_defender_eventhub.log,USOH-WS-0016,ms:defender:eventhub,ms:defender:eventhub,1
raw/1686__USOH-WS-0016__sccm_client.log,USOH-WS-0016,sccm:client,sccm:client,1
raw/1687__USOH-WS-0017__XmlWinEventLog.log,USOH-WS-0017,XmlWinEventLog:Microsoft-Windows-Sysmon/Operational,XmlWinEventLog,10
raw/1688__USOH-WS-0017__XmlWinEventLog.log,USOH-WS-0017,XmlWinEventLog:Security,XmlWinEventLog,13
raw/1689__USOH-WS-0017__ms_defender_eventhub.log,USOH-WS-0017,ms:defender:eventhub,ms:defender:eventhub,1
raw/1690__USOH-WS-0017__wsus_client.log,USOH-WS-0017,wsus:client,wsus:client,1
raw/1691__USOH-WS-0018__XmlWinEventLog.log,USOH-WS-0018,XmlWinEventLog:Microsoft-Windows-Sysmon/Operational,XmlWinEventLog,15
raw/1692__USOH-WS-0018__XmlWinEventLog.log,USOH-WS-0018,XmlWinEventLog:Security,XmlWinEventLog,20
raw/1693__USOH-WS-0019__XmlWinEventLog.log,USOH-WS-0019,XmlWinEventLog:Microsoft-Windows-Sysmon/Operational,XmlWinEventLog,12
raw/1694__USOH-WS-0019__XmlWinEventLog.log,USOH-WS-0019,XmlWinEventLog:Security,XmlWinEventLog,20
raw/1695__USOH-WS-0019__trellix_epo.log,USOH-WS-0019,trellix:epo,trellix:epo,1
raw/1696__USOH-WS-0020__XmlWinEventLog.log,USOH-WS-0020,XmlWinEventLog:Microsoft-Windows-Sysmon/Operational,XmlWinEventLog,12
raw/1697__USOH-WS-0020__XmlWinEventLog.log,USOH-WS-0020,XmlWinEventLog:Security,XmlWinEventLog,16
raw/1698__USOH-WS-0020__ms_defender_eventhub.log,USOH-WS-0020,ms:defender:eventhub,ms:defender:eventhub,1
raw/1699__USOH-WS-0020__trellix_epo.log,USOH-WS-0020,trellix:epo,trellix:epo,3
raw/1700__USOH-WS-0021__XmlWinEventLog.log,USOH-WS-0021,XmlWinEventLog:Microsoft-Windows-Sysmon/Operational,XmlWinEventLog,13
raw/1701__USOH-WS-0021__XmlWinEventLog.log,USOH-WS-0021,XmlWinEventLog:Security,XmlWinEventLog,11
raw/1702__USOH-WS-0021__trellix_epo.log,USOH-WS-0021,trellix:epo,trellix:epo,2
raw/1703__USOH-WS-0022__XmlWinEventLog.log,USOH-WS-0022,XmlWinEventLog:Microsoft-Windows-Sysmon/Operational,XmlWinEventLog,9
raw/1704__USOH-WS-0022__XmlWinEventLog.log,USOH-WS-0022,XmlWinEventLog:Security,XmlWinEventLog,19
raw/1705__USOH-WS-0022__ms_defender_eventhub.log,USOH-WS-0022,ms:defender:eventhub,ms:defender:eventhub,3
raw/1706__USOH-WS-0022__sccm_client.log,USOH-WS-0022,sccm:client,sccm:client,1
raw/1707__USOH-WS-0022__trellix_epo.log,USOH-WS-0022,trellix:epo,trellix:epo,2
raw/1708__USOH-WS-0022__wsus_client.log,USOH-WS-0022,wsus:client,wsus:client,2
raw/1709__USOH-WS-0023__XmlWinEventLog.log,USOH-WS-0023,XmlWinEventLog:Microsoft-Windows-Sysmon/Operational,XmlWinEventLog,14
raw/1710__USOH-WS-0023__XmlWinEventLog.log,USOH-WS-0023,XmlWinEventLog:Security,XmlWinEventLog,12
raw/1711__USOH-WS-0023__ms_defender_eventhub.log,USOH-WS-0023,ms:defender:eventhub,ms:defender:eventhub,2
raw/1712__USOH-WS-0024__XmlWinEventLog.log,USOH-WS-0024,XmlWinEventLog:Microsoft-Windows-Sysmon/Operational,XmlWinEventLog,11
raw/1713__USOH-WS-0024__XmlWinEventLog.log,USOH-WS-0024,XmlWinEventLog:Security,XmlWinEventLog,10
raw/1714__USOH-WS-0025__XmlWinEventLog.log,USOH-WS-0025,XmlWinEventLog:Microsoft-Windows-Sysmon/Operational,XmlWinEventLog,8
raw/1715__USOH-WS-0025__XmlWinEventLog.log,USOH-WS-0025,XmlWinEventLog:Security,XmlWinEventLog,8
raw/1716__USOH-WS-0025__ms_defender_eventhub.log,USOH-WS-0025,ms:defender:eventhub,ms:defender:eventhub,2
raw/1717__USOH-WS-0025__trellix_epo.log,USOH-WS-0025,trellix:epo,trellix:epo,1
raw/1718__USOH-WS-0026__XmlWinEventLog.log,USOH-WS-0026,XmlWinEventLog:Microsoft-Windows-Sysmon/Operational,XmlWinEventLog,10
raw/1719__USOH-WS-0026__XmlWinEventLog.log,USOH-WS-0026,XmlWinEventLog:Security,XmlWinEventLog,5
raw/1720__USOH-WS-0026__ms_defender_eventhub.log,USOH-WS-0026,ms:defender:eventhub,ms:defender:eventhub,1
raw/1721__USOH-WS-0026__sccm_client.log,USOH-WS-0026,sccm:client,sccm:client,1
raw/1722__USOH-WS-0026__wsus_client.log,USOH-WS-0026,wsus:client,wsus:client,1
raw/1723__USOH-WS-0027__XmlWinEventLog.log,USOH-WS-0027,XmlWinEventLog:Microsoft-Windows-Sysmon/Operational,XmlWinEventLog,7
raw/1724__USOH-WS-0027__XmlWinEventLog.log,USOH-WS-0027,XmlWinEventLog:Security,XmlWinEventLog,9
raw/1725__USOH-WS-0027__ms_defender_eventhub.log,USOH-WS-0027,ms:defender:eventhub,ms:defender:eventhub,2
raw/1726__USOH-WS-0027__trellix_epo.log,USOH-WS-0027,trellix:epo,trellix:epo,1
raw/1727__USOH-WS-0027__wsus_client.log,USOH-WS-0027,wsus:client,wsus:client,1
raw/1728__USOH-WS-0028__XmlWinEventLog.log,USOH-WS-0028,XmlWinEventLog:Microsoft-Windows-Sysmon/Operational,XmlWinEventLog,6
raw/1729__USOH-WS-0028__XmlWinEventLog.log,USOH-WS-0028,XmlWinEventLog:Security,XmlWinEventLog,9
raw/1730__USOH-WS-0028__ms_defender_eventhub.log,USOH-WS-0028,ms:defender:eventhub,ms:defender:eventhub,4
raw/1731__USOH-WS-0028__trellix_epo.log,USOH-WS-0028,trellix:epo,trellix:epo,1
raw/1732__USOH-WS-0029__XmlWinEventLog.log,USOH-WS-0029,XmlWinEventLog:Microsoft-Windows-Sysmon/Operational,XmlWinEventLog,7
raw/1733__USOH-WS-0029__XmlWinEventLog.log,USOH-WS-0029,XmlWinEventLog:Security,XmlWinEventLog,6
raw/1734__USOH-WS-0029__ms_defender_eventhub.log,USOH-WS-0029,ms:defender:eventhub,ms:defender:eventhub,4
raw/1735__USOH-WS-0029__sccm_client.log,USOH-WS-0029,sccm:client,sccm:client,1
raw/1736__USOH-WS-0029__trellix_epo.log,USOH-WS-0029,trellix:epo,trellix:epo,1
raw/1737__USOH-WS-0029__wsus_client.log,USOH-WS-0029,wsus:client,wsus:client,1
raw/1738__USOH-WS-0030__XmlWinEventLog.log,USOH-WS-0030,XmlWinEventLog:Microsoft-Windows-Sysmon/Operational,XmlWinEventLog,8
raw/1739__USOH-WS-0030__XmlWinEventLog.log,USOH-WS-0030,XmlWinEventLog:Security,XmlWinEventLog,10
raw/1740__USOH-WS-0030__ms_defender_eventhub.log,USOH-WS-0030,ms:defender:eventhub,ms:defender:eventhub,2
raw/1741__USOH-WS-0030__trellix_epo.log,USOH-WS-0030,trellix:epo,trellix:epo,1
raw/1742__USOH-WS-0031__XmlWinEventLog.log,USOH-WS-0031,XmlWinEventLog:Microsoft-Windows-Sysmon/Operational,XmlWinEventLog,8
raw/1743__USOH-WS-0031__XmlWinEventLog.log,USOH-WS-0031,XmlWinEventLog:Security,XmlWinEventLog,5
raw/1744__USOH-WS-0032__XmlWinEventLog.log,USOH-WS-0032,XmlWinEventLog:Microsoft-Windows-Sysmon/Operational,XmlWinEventLog,10
raw/1745__USOH-WS-0032__XmlWinEventLog.log,USOH-WS-0032,XmlWinEventLog:Security,XmlWinEventLog,10
raw/1746__USOH-WS-0032__ms_defender_eventhub.log,USOH-WS-0032,ms:defender:eventhub,ms:defender:eventhub,1
raw/1747__USOH-WS-0032__trellix_epo.log,USOH-WS-0032,trellix:epo,trellix:epo,1
raw/1748__USOH-WS-0033__XmlWinEventLog.log,USOH-WS-0033,XmlWinEventLog:Microsoft-Windows-Sysmon/Operational,XmlWinEventLog,12
raw/1749__USOH-WS-0033__XmlWinEventLog.log,USOH-WS-0033,XmlWinEventLog:Security,XmlWinEventLog,7
raw/1750__USOH-WS-0033__ms_defender_eventhub.log,USOH-WS-0033,ms:defender:eventhub,ms:defender:eventhub,2
raw/1751__USOH-WS-0033__sccm_client.log,USOH-WS-0033,sccm:client,sccm:client,2
raw/1752__USOH-WS-0033__trellix_epo.log,USOH-WS-0033,trellix:epo,trellix:epo,1
raw/1753__USOH-WS-0034__XmlWinEventLog.log,USOH-WS-0034,XmlWinEventLog:Microsoft-Windows-Sysmon/Operational,XmlWinEventLog,8
raw/1754__USOH-WS-0034__XmlWinEventLog.log,USOH-WS-0034,XmlWinEventLog:Security,XmlWinEventLog,7
raw/1755__USOH-WS-0034__ms_defender_eventhub.log,USOH-WS-0034,ms:defender:eventhub,ms:defender:eventhub,2
raw/1756__USOH-WS-0034__sccm_client.log,USOH-WS-0034,sccm:client,sccm:client,1
raw/1757__USOH-WS-0035__XmlWinEventLog.log,USOH-WS-0035,XmlWinEventLog:Microsoft-Windows-Sysmon/Operational,XmlWinEventLog,5
raw/1758__USOH-WS-0035__XmlWinEventLog.log,USOH-WS-0035,XmlWinEventLog:Security,XmlWinEventLog,6
raw/1759__USOH-WS-0036__XmlWinEventLog.log,USOH-WS-0036,XmlWinEventLog:Microsoft-Windows-Sysmon/Operational,XmlWinEventLog,6
raw/1760__USOH-WS-0036__XmlWinEventLog.log,USOH-WS-0036,XmlWinEventLog:Security,XmlWinEventLog,7
raw/1761__USOH-WS-0036__trellix_epo.log,USOH-WS-0036,trellix:epo,trellix:epo,1
raw/1762__USOH-WS-0037__XmlWinEventLog.log,USOH-WS-0037,XmlWinEventLog:Microsoft-Windows-Sysmon/Operational,XmlWinEventLog,8
raw/1763__USOH-WS-0037__XmlWinEventLog.log,USOH-WS-0037,XmlWinEventLog:Security,XmlWinEventLog,7
raw/1764__USOH-WS-0037__ms_defender_eventhub.log,USOH-WS-0037,ms:defender:eventhub,ms:defender:eventhub,4
raw/1765__USOH-WS-0038__XmlWinEventLog.log,USOH-WS-0038,XmlWinEventLog:Microsoft-Windows-Sysmon/Operational,XmlWinEventLog,9
raw/1766__USOH-WS-0038__XmlWinEventLog.log,USOH-WS-0038,XmlWinEventLog:Security,XmlWinEventLog,6
raw/1767__USOH-WS-0038__ms_defender_eventhub.log,USOH-WS-0038,ms:defender:eventhub,ms:defender:eventhub,1
raw/1768__USOH-WS-0038__sccm_client.log,USOH-WS-0038,sccm:client,sccm:client,3
raw/1769__USOH-WS-0039__XmlWinEventLog.log,USOH-WS-0039,XmlWinEventLog:Microsoft-Windows-Sysmon/Operational,XmlWinEventLog,8
raw/1770__USOH-WS-0039__XmlWinEventLog.log,USOH-WS-0039,XmlWinEventLog:Security,XmlWinEventLog,10
raw/1771__USOH-WS-0039__ms_defender_eventhub.log,USOH-WS-0039,ms:defender:eventhub,ms:defender:eventhub,1
raw/1772__USOH-WS-0039__trellix_epo.log,USOH-WS-0039,trellix:epo,trellix:epo,1
raw/1773__USOH-WS-0040__XmlWinEventLog.log,USOH-WS-0040,XmlWinEventLog:Microsoft-Windows-Sysmon/Operational,XmlWinEventLog,12
raw/1774__USOH-WS-0040__XmlWinEventLog.log,USOH-WS-0040,XmlWinEventLog:Security,XmlWinEventLog,11
raw/1775__USOH-WS-0040__ms_defender_eventhub.log,USOH-WS-0040,ms:defender:eventhub,ms:defender:eventhub,4
raw/1776__USOH-WS-0040__wsus_client.log,USOH-WS-0040,wsus:client,wsus:client,1
raw/1777__USOH-WS-0041__XmlWinEventLog.log,USOH-WS-0041,XmlWinEventLog:Microsoft-Windows-Sysmon/Operational,XmlWinEventLog,10
raw/1778__USOH-WS-0041__XmlWinEventLog.log,USOH-WS-0041,XmlWinEventLog:Security,XmlWinEventLog,9
raw/1779__USOH-WS-0041__ms_defender_eventhub.log,USOH-WS-0041,ms:defender:eventhub,ms:defender:eventhub,3
raw/1780__USOH-WS-0041__trellix_epo.log,USOH-WS-0041,trellix:epo,trellix:epo,1
raw/1781__USOH-WS-0042__XmlWinEventLog.log,USOH-WS-0042,XmlWinEventLog:Microsoft-Windows-Sysmon/Operational,XmlWinEventLog,8
raw/1782__USOH-WS-0042__XmlWinEventLog.log,USOH-WS-0042,XmlWinEventLog:Security,XmlWinEventLog,5
raw/1783__USOH-WS-0042__ms_defender_eventhub.log,USOH-WS-0042,ms:defender:eventhub,ms:defender:eventhub,1
raw/1784__USOH-WS-0042__trellix_epo.log,USOH-WS-0042,trellix:epo,trellix:epo,1
raw/1785__USOH-WS-0043__XmlWinEventLog.log,USOH-WS-0043,XmlWinEventLog:Microsoft-Windows-Sysmon/Operational,XmlWinEventLog,4
raw/1786__USOH-WS-0043__XmlWinEventLog.log,USOH-WS-0043,XmlWinEventLog:Security,XmlWinEventLog,4
raw/1787__USOH-WS-0043__ms_defender_eventhub.log,USOH-WS-0043,ms:defender:eventhub,ms:defender:eventhub,2
raw/1788__USOH-WS-0043__sccm_client.log,USOH-WS-0043,sccm:client,sccm:client,1
raw/1789__USOH-WS-0044__XmlWinEventLog.log,USOH-WS-0044,XmlWinEventLog:Microsoft-Windows-Sysmon/Operational,XmlWinEventLog,7
raw/1790__USOH-WS-0044__XmlWinEventLog.log,USOH-WS-0044,XmlWinEventLog:Security,XmlWinEventLog,11
raw/1791__USOH-WS-0044__ms_defender_eventhub.log,USOH-WS-0044,ms:defender:eventhub,ms:defender:eventhub,3
raw/1792__USOH-WS-0045__XmlWinEventLog.log,USOH-WS-0045,XmlWinEventLog:Microsoft-Windows-Sysmon/Operational,XmlWinEventLog,8
raw/1793__USOH-WS-0045__XmlWinEventLog.log,USOH-WS-0045,XmlWinEventLog:Security,XmlWinEventLog,10
raw/1794__USOH-WS-0045__sccm_client.log,USOH-WS-0045,sccm:client,sccm:client,1
raw/1795__USOH-WS-0045__trellix_epo.log,USOH-WS-0045,trellix:epo,trellix:epo,2
raw/1796__USOH-WS-0045__wsus_client.log,USOH-WS-0045,wsus:client,wsus:client,1
raw/1797__USOH-WS-0046__XmlWinEventLog.log,USOH-WS-0046,XmlWinEventLog:Microsoft-Windows-Sysmon/Operational,XmlWinEventLog,11
raw/1798__USOH-WS-0046__XmlWinEventLog.log,USOH-WS-0046,XmlWinEventLog:Security,XmlWinEventLog,9
raw/1799__USOH-WS-0046__ms_defender_eventhub.log,USOH-WS-0046,ms:defender:eventhub,ms:defender:eventhub,3
raw/1800__USOH-WS-0047__XmlWinEventLog.log,USOH-WS-0047,XmlWinEventLog:Microsoft-Windows-Sysmon/Operational,XmlWinEventLog,8
raw/1801__USOH-WS-0047__XmlWinEventLog.log,USOH-WS-0047,XmlWinEventLog:Security,XmlWinEventLog,4
raw/1802__USOH-WS-0047__sccm_client.log,USOH-WS-0047,sccm:client,sccm:client,1
raw/1803__USOH-WS-0047__wsus_client.log,USOH-WS-0047,wsus:client,wsus:client,2
raw/1804__USOH-WS-0048__XmlWinEventLog.log,USOH-WS-0048,XmlWinEventLog:Microsoft-Windows-Sysmon/Operational,XmlWinEventLog,10
raw/1805__USOH-WS-0048__XmlWinEventLog.log,USOH-WS-0048,XmlWinEventLog:Security,XmlWinEventLog,13
raw/1806__USOH-WS-0048__sccm_client.log,USOH-WS-0048,sccm:client,sccm:client,1
raw/1807__USOH-WS-0049__XmlWinEventLog.log,USOH-WS-0049,XmlWinEventLog:Microsoft-Windows-Sysmon/Operational,XmlWinEventLog,9
raw/1808__USOH-WS-0049__XmlWinEventLog.log,USOH-WS-0049,XmlWinEventLog:Security,XmlWinEventLog,7
raw/1809__USOH-WS-0049__ms_defender_eventhub.log,USOH-WS-0049,ms:defender:eventhub,ms:defender:eventhub,1
raw/1810__USOH-WS-0049__sccm_client.log,USOH-WS-0049,sccm:client,sccm:client,1
raw/1811__USOH-WS-0049__trellix_epo.log,USOH-WS-0049,trellix:epo,trellix:epo,1
raw/1812__USOH-WS-0050__XmlWinEventLog.log,USOH-WS-0050,XmlWinEventLog:Microsoft-Windows-Sysmon/Operational,XmlWinEventLog,10
raw/1813__USOH-WS-0050__XmlWinEventLog.log,USOH-WS-0050,XmlWinEventLog:Security,XmlWinEventLog,8
raw/1814__USOH-WS-0050__ms_defender_eventhub.log,USOH-WS-0050,ms:defender:eventhub,ms:defender:eventhub,1
raw/1815__USOH-WS-0050__sccm_client.log,USOH-WS-0050,sccm:client,sccm:client,1
raw/1816__USOH-WS-0051__XmlWinEventLog.log,USOH-WS-0051,XmlWinEventLog:Microsoft-Windows-Sysmon/Operational,XmlWinEventLog,7
raw/1817__USOH-WS-0051__XmlWinEventLog.log,USOH-WS-0051,XmlWinEventLog:Security,XmlWinEventLog,3
raw/1818__USOH-WS-0051__ms_defender_eventhub.log,USOH-WS-0051,ms:defender:eventhub,ms:defender:eventhub,1
raw/1819__USOH-WS-0051__wsus_client.log,USOH-WS-0051,wsus:client,wsus:client,1
raw/1820__USOH-WS-0052__XmlWinEventLog.log,USOH-WS-0052,XmlWinEventLog:Microsoft-Windows-Sysmon/Operational,XmlWinEventLog,5
raw/1821__USOH-WS-0052__XmlWinEventLog.log,USOH-WS-0052,XmlWinEventLog:Security,XmlWinEventLog,8
raw/1822__USOH-WS-0052__trellix_epo.log,USOH-WS-0052,trellix:epo,trellix:epo,3
raw/1823__USOH-WS-0053__XmlWinEventLog.log,USOH-WS-0053,XmlWinEventLog:Microsoft-Windows-Sysmon/Operational,XmlWinEventLog,14
raw/1824__USOH-WS-0053__XmlWinEventLog.log,USOH-WS-0053,XmlWinEventLog:Security,XmlWinEventLog,12
raw/1825__USOH-WS-0053__ms_defender_eventhub.log,USOH-WS-0053,ms:defender:eventhub,ms:defender:eventhub,1
raw/1826__USOH-WS-0053__sccm_client.log,USOH-WS-0053,sccm:client,sccm:client,1
raw/1827__USOH-WS-0053__trellix_epo.log,USOH-WS-0053,trellix:epo,trellix:epo,3
raw/1828__USOH-WS-0053__wsus_client.log,USOH-WS-0053,wsus:client,wsus:client,1
raw/1829__USOH-WS-0054__XmlWinEventLog.log,USOH-WS-0054,XmlWinEventLog:Microsoft-Windows-Sysmon/Operational,XmlWinEventLog,10
raw/1830__USOH-WS-0054__XmlWinEventLog.log,USOH-WS-0054,XmlWinEventLog:Security,XmlWinEventLog,5
raw/1831__USOH-WS-0054__ms_defender_eventhub.log,USOH-WS-0054,ms:defender:eventhub,ms:defender:eventhub,2
raw/1832__USOH-WS-0055__XmlWinEventLog.log,USOH-WS-0055,XmlWinEventLog:Microsoft-Windows-Sysmon/Operational,XmlWinEventLog,9
raw/1833__USOH-WS-0055__XmlWinEventLog.log,USOH-WS-0055,XmlWinEventLog:Security,XmlWinEventLog,5
raw/1834__USOH-WS-0055__ms_defender_eventhub.log,USOH-WS-0055,ms:defender:eventhub,ms:defender:eventhub,2
raw/1835__USOH-WS-0055__trellix_epo.log,USOH-WS-0055,trellix:epo,trellix:epo,1
raw/1836__USOH-WS-0056__XmlWinEventLog.log,USOH-WS-0056,XmlWinEventLog:Microsoft-Windows-Sysmon/Operational,XmlWinEventLog,9
raw/1837__USOH-WS-0056__XmlWinEventLog.log,USOH-WS-0056,XmlWinEventLog:Security,XmlWinEventLog,3
raw/1838__USOH-WS-0056__trellix_epo.log,USOH-WS-0056,trellix:epo,trellix:epo,1
raw/1839__USOH-WS-0057__XmlWinEventLog.log,USOH-WS-0057,XmlWinEventLog:Microsoft-Windows-Sysmon/Operational,XmlWinEventLog,12
raw/1840__USOH-WS-0057__XmlWinEventLog.log,USOH-WS-0057,XmlWinEventLog:Security,XmlWinEventLog,10
raw/1841__USOH-WS-0057__ms_defender_eventhub.log,USOH-WS-0057,ms:defender:eventhub,ms:defender:eventhub,1
raw/1842__USOH-WS-0057__trellix_epo.log,USOH-WS-0057,trellix:epo,trellix:epo,1
raw/1843__USOH-WS-0058__XmlWinEventLog.log,USOH-WS-0058,XmlWinEventLog:Microsoft-Windows-Sysmon/Operational,XmlWinEventLog,9
raw/1844__USOH-WS-0058__XmlWinEventLog.log,USOH-WS-0058,XmlWinEventLog:Security,XmlWinEventLog,8
raw/1845__USOH-WS-0059__XmlWinEventLog.log,USOH-WS-0059,XmlWinEventLog:Microsoft-Windows-Sysmon/Operational,XmlWinEventLog,10
raw/1846__USOH-WS-0059__XmlWinEventLog.log,USOH-WS-0059,XmlWinEventLog:Security,XmlWinEventLog,9
raw/1847__USOH-WS-0060__XmlWinEventLog.log,USOH-WS-0060,XmlWinEventLog:Microsoft-Windows-Sysmon/Operational,XmlWinEventLog,7
raw/1848__USOH-WS-0060__XmlWinEventLog.log,USOH-WS-0060,XmlWinEventLog:Security,XmlWinEventLog,2
raw/1849__USOH-WS-0061__XmlWinEventLog.log,USOH-WS-0061,XmlWinEventLog:Microsoft-Windows-Sysmon/Operational,XmlWinEventLog,6
raw/1850__USOH-WS-0061__XmlWinEventLog.log,USOH-WS-0061,XmlWinEventLog:Security,XmlWinEventLog,7
raw/1851__USOH-WS-0061__ms_defender_eventhub.log,USOH-WS-0061,ms:defender:eventhub,ms:defender:eventhub,2
raw/1852__USOH-WS-0061__sccm_client.log,USOH-WS-0061,sccm:client,sccm:client,1
raw/1853__USOH-WS-0061__trellix_epo.log,USOH-WS-0061,trellix:epo,trellix:epo,1
raw/1854__USOH-WS-0062__XmlWinEventLog.log,USOH-WS-0062,XmlWinEventLog:Microsoft-Windows-Sysmon/Operational,XmlWinEventLog,13
raw/1855__USOH-WS-0062__XmlWinEventLog.log,USOH-WS-0062,XmlWinEventLog:Security,XmlWinEventLog,4
raw/1856__USOH-WS-0063__XmlWinEventLog.log,USOH-WS-0063,XmlWinEventLog:Microsoft-Windows-Sysmon/Operational,XmlWinEventLog,5
raw/1857__USOH-WS-0063__XmlWinEventLog.log,USOH-WS-0063,XmlWinEventLog:Security,XmlWinEventLog,8
raw/1858__USOH-WS-0063__ms_defender_eventhub.log,USOH-WS-0063,ms:defender:eventhub,ms:defender:eventhub,1
raw/1859__USOH-WS-0063__wsus_client.log,USOH-WS-0063,wsus:client,wsus:client,1
raw/1860__USOH-WS-0064__XmlWinEventLog.log,USOH-WS-0064,XmlWinEventLog:Microsoft-Windows-Sysmon/Operational,XmlWinEventLog,9
raw/1861__USOH-WS-0064__XmlWinEventLog.log,USOH-WS-0064,XmlWinEventLog:Security,XmlWinEventLog,6
raw/1862__USOH-WS-0064__trellix_epo.log,USOH-WS-0064,trellix:epo,trellix:epo,2
raw/1863__USOH-ZEEK-01__bro_conn_json.log,USOH-ZEEK-01,zeek:conn,bro:conn:json,1316
raw/1864__USOH-ZEEK-01__bro_dce_rpc_json.log,USOH-ZEEK-01,zeek:dce_rpc,bro:dce_rpc:json,114
raw/1865__USOH-ZEEK-01__bro_dns_json.log,USOH-ZEEK-01,zeek:dns,bro:dns:json,549
raw/1866__USOH-ZEEK-01__bro_http_json.log,USOH-ZEEK-01,zeek:http,bro:http:json,321
raw/1867__USOH-ZEEK-01__bro_smb_files_json.log,USOH-ZEEK-01,zeek:smb_files,bro:smb_files:json,120
raw/1868__USOH-ZEEK-01__bro_ssl_json.log,USOH-ZEEK-01,zeek:ssl,bro:ssl:json,513
raw/1869__USTX-APP-01__XmlWinEventLog.log,USTX-APP-01,XmlWinEventLog:Microsoft-Windows-Sysmon/Operational,XmlWinEventLog,8
raw/1870__USTX-APP-01__XmlWinEventLog.log,USTX-APP-01,XmlWinEventLog:Security,XmlWinEventLog,7
raw/1871__USTX-APP-01__ms_defender_eventhub.log,USTX-APP-01,ms:defender:eventhub,ms:defender:eventhub,5
raw/1872__USTX-APP-02__XmlWinEventLog.log,USTX-APP-02,XmlWinEventLog:Microsoft-Windows-Sysmon/Operational,XmlWinEventLog,10
raw/1873__USTX-APP-02__XmlWinEventLog.log,USTX-APP-02,XmlWinEventLog:Security,XmlWinEventLog,7
raw/1874__USTX-APP-03__XmlWinEventLog.log,USTX-APP-03,XmlWinEventLog:Microsoft-Windows-Sysmon/Operational,XmlWinEventLog,8
raw/1875__USTX-APP-03__XmlWinEventLog.log,USTX-APP-03,XmlWinEventLog:Security,XmlWinEventLog,9
raw/1876__USTX-APP-03__ms_defender_eventhub.log,USTX-APP-03,ms:defender:eventhub,ms:defender:eventhub,1
raw/1877__USTX-APP-03__wsus_client.log,USTX-APP-03,wsus:client,wsus:client,1
raw/1878__USTX-APP-04__XmlWinEventLog.log,USTX-APP-04,XmlWinEventLog:Microsoft-Windows-Sysmon/Operational,XmlWinEventLog,7
raw/1879__USTX-APP-04__XmlWinEventLog.log,USTX-APP-04,XmlWinEventLog:Security,XmlWinEventLog,14
raw/1880__USTX-APP-04__sccm_client.log,USTX-APP-04,sccm:client,sccm:client,1
raw/1881__USTX-APP-05__XmlWinEventLog.log,USTX-APP-05,XmlWinEventLog:Microsoft-Windows-Sysmon/Operational,XmlWinEventLog,5
raw/1882__USTX-APP-05__XmlWinEventLog.log,USTX-APP-05,XmlWinEventLog:Security,XmlWinEventLog,7
raw/1883__USTX-APP-05__ms_defender_eventhub.log,USTX-APP-05,ms:defender:eventhub,ms:defender:eventhub,2
raw/1884__USTX-APP-06__XmlWinEventLog.log,USTX-APP-06,XmlWinEventLog:Microsoft-Windows-Sysmon/Operational,XmlWinEventLog,3
raw/1885__USTX-APP-06__XmlWinEventLog.log,USTX-APP-06,XmlWinEventLog:Security,XmlWinEventLog,11
raw/1886__USTX-APP-06__ms_defender_eventhub.log,USTX-APP-06,ms:defender:eventhub,ms:defender:eventhub,5
raw/1887__USTX-APP-06__sccm_client.log,USTX-APP-06,sccm:client,sccm:client,1
raw/1888__USTX-APP-06__trellix_epo.log,USTX-APP-06,trellix:epo,trellix:epo,1
raw/1889__USTX-APP-07__XmlWinEventLog.log,USTX-APP-07,XmlWinEventLog:Microsoft-Windows-Sysmon/Operational,XmlWinEventLog,5
raw/1890__USTX-APP-07__XmlWinEventLog.log,USTX-APP-07,XmlWinEventLog:Security,XmlWinEventLog,10
raw/1891__USTX-APP-07__sccm_client.log,USTX-APP-07,sccm:client,sccm:client,1
raw/1892__USTX-APP-07__trellix_epo.log,USTX-APP-07,trellix:epo,trellix:epo,1
raw/1893__USTX-APP-07__wsus_client.log,USTX-APP-07,wsus:client,wsus:client,1
raw/1894__USTX-APP-08__XmlWinEventLog.log,USTX-APP-08,XmlWinEventLog:Microsoft-Windows-Sysmon/Operational,XmlWinEventLog,6
raw/1895__USTX-APP-08__XmlWinEventLog.log,USTX-APP-08,XmlWinEventLog:Security,XmlWinEventLog,10
raw/1896__USTX-APP-08__sccm_client.log,USTX-APP-08,sccm:client,sccm:client,1
raw/1897__USTX-DC-01__XmlWinEventLog.log,USTX-DC-01,XmlWinEventLog:Security,XmlWinEventLog,194
raw/1898__USTX-FS-01__XmlWinEventLog.log,USTX-FS-01,XmlWinEventLog:Microsoft-Windows-Sysmon/Operational,XmlWinEventLog,7
raw/1899__USTX-FS-01__XmlWinEventLog.log,USTX-FS-01,XmlWinEventLog:Security,XmlWinEventLog,8
raw/1900__USTX-FS-01__ms_defender_eventhub.log,USTX-FS-01,ms:defender:eventhub,ms:defender:eventhub,5
raw/1901__USTX-FS-01__wsus_client.log,USTX-FS-01,wsus:client,wsus:client,1
raw/1902__USTX-FS-02__XmlWinEventLog.log,USTX-FS-02,XmlWinEventLog:Microsoft-Windows-Sysmon/Operational,XmlWinEventLog,8
raw/1903__USTX-FS-02__XmlWinEventLog.log,USTX-FS-02,XmlWinEventLog:Security,XmlWinEventLog,4
raw/1904__USTX-FS-02__ms_defender_eventhub.log,USTX-FS-02,ms:defender:eventhub,ms:defender:eventhub,1
raw/1905__USTX-FS-03__XmlWinEventLog.log,USTX-FS-03,XmlWinEventLog:Microsoft-Windows-Sysmon/Operational,XmlWinEventLog,8
raw/1906__USTX-FS-03__XmlWinEventLog.log,USTX-FS-03,XmlWinEventLog:Security,XmlWinEventLog,9
raw/1907__USTX-FS-03__sccm_client.log,USTX-FS-03,sccm:client,sccm:client,1
raw/1908__USTX-FS-04__XmlWinEventLog.log,USTX-FS-04,XmlWinEventLog:Microsoft-Windows-Sysmon/Operational,XmlWinEventLog,6
raw/1909__USTX-FS-04__XmlWinEventLog.log,USTX-FS-04,XmlWinEventLog:Security,XmlWinEventLog,7
raw/1910__USTX-FS-04__ms_defender_eventhub.log,USTX-FS-04,ms:defender:eventhub,ms:defender:eventhub,2
raw/1911__USTX-FW-01__pan_traffic.log,USTX-FW-01,pan:traffic,pan:traffic,148
raw/1912__USTX-FW-02__fortigate_traffic.log,USTX-FW-02,fortigate_traffic,fortigate_traffic,154
raw/1913__USTX-FW-03__cisco_asa.log,USTX-FW-03,cisco:asa,cisco:asa,158
raw/1914__USTX-JUMP-01__XmlWinEventLog.log,USTX-JUMP-01,XmlWinEventLog:Microsoft-Windows-Sysmon/Operational,XmlWinEventLog,8
raw/1915__USTX-JUMP-01__XmlWinEventLog.log,USTX-JUMP-01,XmlWinEventLog:Security,XmlWinEventLog,3
raw/1916__USTX-JUMP-01__ms_defender_eventhub.log,USTX-JUMP-01,ms:defender:eventhub,ms:defender:eventhub,2
raw/1917__USTX-JUMP-01__sccm_client.log,USTX-JUMP-01,sccm:client,sccm:client,1
raw/1918__USTX-JUMP-02__XmlWinEventLog.log,USTX-JUMP-02,XmlWinEventLog:Microsoft-Windows-Sysmon/Operational,XmlWinEventLog,9
raw/1919__USTX-JUMP-02__XmlWinEventLog.log,USTX-JUMP-02,XmlWinEventLog:Security,XmlWinEventLog,10
raw/1920__USTX-JUMP-02__ms_defender_eventhub.log,USTX-JUMP-02,ms:defender:eventhub,ms:defender:eventhub,2
raw/1921__USTX-JUMP-02__trellix_epo.log,USTX-JUMP-02,trellix:epo,trellix:epo,2
raw/1922__USTX-JUMP-03__XmlWinEventLog.log,USTX-JUMP-03,XmlWinEventLog:Microsoft-Windows-Sysmon/Operational,XmlWinEventLog,12
raw/1923__USTX-JUMP-03__XmlWinEventLog.log,USTX-JUMP-03,XmlWinEventLog:Security,XmlWinEventLog,9
raw/1924__USTX-JUMP-03__ms_defender_eventhub.log,USTX-JUMP-03,ms:defender:eventhub,ms:defender:eventhub,3
raw/1925__USTX-LNX-01__linux_audit.log,USTX-LNX-01,/var/log/audit/audit.log,linux_audit,94
raw/1926__USTX-LNX-01__linux_secure.log,USTX-LNX-01,/var/log/secure,linux_secure,21
raw/1927__USTX-LNX-01__syslog.log,USTX-LNX-01,/var/log/syslog,syslog,34
raw/1928__USTX-LNX-02__linux_audit.log,USTX-LNX-02,/var/log/audit/audit.log,linux_audit,141
raw/1929__USTX-LNX-02__linux_secure.log,USTX-LNX-02,/var/log/secure,linux_secure,29
raw/1930__USTX-LNX-02__syslog.log,USTX-LNX-02,/var/log/syslog,syslog,33
raw/1931__USTX-LNX-03__linux_audit.log,USTX-LNX-03,/var/log/audit/audit.log,linux_audit,135
raw/1932__USTX-LNX-03__linux_secure.log,USTX-LNX-03,/var/log/secure,linux_secure,28
raw/1933__USTX-LNX-03__syslog.log,USTX-LNX-03,/var/log/syslog,syslog,43
raw/1934__USTX-LNX-04__linux_audit.log,USTX-LNX-04,/var/log/audit/audit.log,linux_audit,154
raw/1935__USTX-LNX-04__linux_secure.log,USTX-LNX-04,/var/log/secure,linux_secure,29
raw/1936__USTX-LNX-04__syslog.log,USTX-LNX-04,/var/log/syslog,syslog,35
raw/1937__USTX-LNX-04__ms_defender_eventhub.log,USTX-LNX-04,ms:defender:eventhub,ms:defender:eventhub,1
raw/1938__USTX-LNX-05__linux_audit.log,USTX-LNX-05,/var/log/audit/audit.log,linux_audit,149
raw/1939__USTX-LNX-05__linux_secure.log,USTX-LNX-05,/var/log/secure,linux_secure,28
raw/1940__USTX-LNX-05__syslog.log,USTX-LNX-05,/var/log/syslog,syslog,35
raw/1941__USTX-LNX-06__linux_audit.log,USTX-LNX-06,/var/log/audit/audit.log,linux_audit,140
raw/1942__USTX-LNX-06__linux_secure.log,USTX-LNX-06,/var/log/secure,linux_secure,23
raw/1943__USTX-LNX-06__syslog.log,USTX-LNX-06,/var/log/syslog,syslog,40
raw/1944__USTX-LNX-06__trellix_epo.log,USTX-LNX-06,trellix:epo,trellix:epo,2
raw/1945__USTX-LNX-07__linux_audit.log,USTX-LNX-07,/var/log/audit/audit.log,linux_audit,135
raw/1946__USTX-LNX-07__linux_secure.log,USTX-LNX-07,/var/log/secure,linux_secure,21
raw/1947__USTX-LNX-07__syslog.log,USTX-LNX-07,/var/log/syslog,syslog,39
raw/1948__USTX-LNX-07__trellix_epo.log,USTX-LNX-07,trellix:epo,trellix:epo,1
raw/1949__USTX-LNX-08__linux_audit.log,USTX-LNX-08,/var/log/audit/audit.log,linux_audit,150
raw/1950__USTX-LNX-08__linux_secure.log,USTX-LNX-08,/var/log/secure,linux_secure,25
raw/1951__USTX-LNX-08__syslog.log,USTX-LNX-08,/var/log/syslog,syslog,38
raw/1952__USTX-LNX-08__ms_defender_eventhub.log,USTX-LNX-08,ms:defender:eventhub,ms:defender:eventhub,2
raw/1953__USTX-PACS-01__pacs_access.log,USTX-PACS-01,pacs:access,pacs:access,161
raw/1954__USTX-PAW-01__XmlWinEventLog.log,USTX-PAW-01,XmlWinEventLog:Microsoft-Windows-Sysmon/Operational,XmlWinEventLog,8
raw/1955__USTX-PAW-01__XmlWinEventLog.log,USTX-PAW-01,XmlWinEventLog:Security,XmlWinEventLog,8
raw/1956__USTX-PAW-01__trellix_epo.log,USTX-PAW-01,trellix:epo,trellix:epo,1
raw/1957__USTX-PAW-01__wsus_client.log,USTX-PAW-01,wsus:client,wsus:client,1
raw/1958__USTX-PAW-02__XmlWinEventLog.log,USTX-PAW-02,XmlWinEventLog:Microsoft-Windows-Sysmon/Operational,XmlWinEventLog,8
raw/1959__USTX-PAW-02__XmlWinEventLog.log,USTX-PAW-02,XmlWinEventLog:Security,XmlWinEventLog,4
raw/1960__USTX-PAW-02__ms_defender_eventhub.log,USTX-PAW-02,ms:defender:eventhub,ms:defender:eventhub,1
raw/1961__USTX-PAW-02__trellix_epo.log,USTX-PAW-02,trellix:epo,trellix:epo,1
raw/1962__USTX-PAW-03__XmlWinEventLog.log,USTX-PAW-03,XmlWinEventLog:Microsoft-Windows-Sysmon/Operational,XmlWinEventLog,13
raw/1963__USTX-PAW-03__XmlWinEventLog.log,USTX-PAW-03,XmlWinEventLog:Security,XmlWinEventLog,3
raw/1964__USTX-PAW-03__ms_defender_eventhub.log,USTX-PAW-03,ms:defender:eventhub,ms:defender:eventhub,2
raw/1965__USTX-PAW-03__sccm_client.log,USTX-PAW-03,sccm:client,sccm:client,1
raw/1966__USTX-PAW-03__trellix_epo.log,USTX-PAW-03,trellix:epo,trellix:epo,1
raw/1967__USTX-PAW-04__XmlWinEventLog.log,USTX-PAW-04,XmlWinEventLog:Microsoft-Windows-Sysmon/Operational,XmlWinEventLog,9
raw/1968__USTX-PAW-04__XmlWinEventLog.log,USTX-PAW-04,XmlWinEventLog:Security,XmlWinEventLog,8
raw/1969__USTX-PAW-05__XmlWinEventLog.log,USTX-PAW-05,XmlWinEventLog:Microsoft-Windows-Sysmon/Operational,XmlWinEventLog,11
raw/1970__USTX-PAW-05__XmlWinEventLog.log,USTX-PAW-05,XmlWinEventLog:Security,XmlWinEventLog,8
raw/1971__USTX-PAW-05__sccm_client.log,USTX-PAW-05,sccm:client,sccm:client,1
raw/1972__USTX-PAW-05__trellix_epo.log,USTX-PAW-05,trellix:epo,trellix:epo,1
raw/1973__USTX-PAW-06__XmlWinEventLog.log,USTX-PAW-06,XmlWinEventLog:Microsoft-Windows-Sysmon/Operational,XmlWinEventLog,5
raw/1974__USTX-PAW-06__XmlWinEventLog.log,USTX-PAW-06,XmlWinEventLog:Security,XmlWinEventLog,7
raw/1975__USTX-PAW-06__ms_defender_eventhub.log,USTX-PAW-06,ms:defender:eventhub,ms:defender:eventhub,1
raw/1976__USTX-PAW-06__wsus_client.log,USTX-PAW-06,wsus:client,wsus:client,1
raw/1977__USTX-RTR-01__cisco_ios.log,USTX-RTR-01,cisco:ios,cisco:ios,64
raw/1978__USTX-RTR-02__juniper.log,USTX-RTR-02,juniper,juniper,30
raw/1979__USTX-RTR-02__juniper_junos_firewall.log,USTX-RTR-02,juniper:junos:firewall,juniper:junos:firewall,12
raw/1980__USTX-VDI-01__XmlWinEventLog.log,USTX-VDI-01,XmlWinEventLog:Microsoft-Windows-Sysmon/Operational,XmlWinEventLog,14
raw/1981__USTX-VDI-01__XmlWinEventLog.log,USTX-VDI-01,XmlWinEventLog:Security,XmlWinEventLog,9
raw/1982__USTX-VDI-01__ms_defender_eventhub.log,USTX-VDI-01,ms:defender:eventhub,ms:defender:eventhub,1
raw/1983__USTX-VDI-01__sccm_client.log,USTX-VDI-01,sccm:client,sccm:client,1
raw/1984__USTX-VDI-01__wsus_client.log,USTX-VDI-01,wsus:client,wsus:client,1
raw/1985__USTX-VDI-02__XmlWinEventLog.log,USTX-VDI-02,XmlWinEventLog:Microsoft-Windows-Sysmon/Operational,XmlWinEventLog,8
raw/1986__USTX-VDI-02__XmlWinEventLog.log,USTX-VDI-02,XmlWinEventLog:Security,XmlWinEventLog,12
raw/1987__USTX-VDI-02__ms_defender_eventhub.log,USTX-VDI-02,ms:defender:eventhub,ms:defender:eventhub,2
raw/1988__USTX-VDI-02__wsus_client.log,USTX-VDI-02,wsus:client,wsus:client,1
raw/1989__USTX-VDI-03__XmlWinEventLog.log,USTX-VDI-03,XmlWinEventLog:Microsoft-Windows-Sysmon/Operational,XmlWinEventLog,4
raw/1990__USTX-VDI-03__XmlWinEventLog.log,USTX-VDI-03,XmlWinEventLog:Security,XmlWinEventLog,9
raw/1991__USTX-VDI-03__sccm_client.log,USTX-VDI-03,sccm:client,sccm:client,1
raw/1992__USTX-WS-0001__XmlWinEventLog.log,USTX-WS-0001,XmlWinEventLog:Microsoft-Windows-Sysmon/Operational,XmlWinEventLog,14
raw/1993__USTX-WS-0001__XmlWinEventLog.log,USTX-WS-0001,XmlWinEventLog:Security,XmlWinEventLog,11
raw/1994__USTX-WS-0001__sccm_client.log,USTX-WS-0001,sccm:client,sccm:client,1
raw/1995__USTX-WS-0001__trellix_epo.log,USTX-WS-0001,trellix:epo,trellix:epo,1
raw/1996__USTX-WS-0002__XmlWinEventLog.log,USTX-WS-0002,XmlWinEventLog:Microsoft-Windows-Sysmon/Operational,XmlWinEventLog,14
raw/1997__USTX-WS-0002__XmlWinEventLog.log,USTX-WS-0002,XmlWinEventLog:Security,XmlWinEventLog,14
raw/1998__USTX-WS-0002__ms_defender_eventhub.log,USTX-WS-0002,ms:defender:eventhub,ms:defender:eventhub,4
raw/1999__USTX-WS-0003__XmlWinEventLog.log,USTX-WS-0003,XmlWinEventLog:Microsoft-Windows-Sysmon/Operational,XmlWinEventLog,17
raw/2000__USTX-WS-0003__XmlWinEventLog.log,USTX-WS-0003,XmlWinEventLog:Security,XmlWinEventLog,17
raw/2001__USTX-WS-0003__trellix_epo.log,USTX-WS-0003,trellix:epo,trellix:epo,2
raw/2002__USTX-WS-0004__XmlWinEventLog.log,USTX-WS-0004,XmlWinEventLog:Microsoft-Windows-Sysmon/Operational,XmlWinEventLog,13
raw/2003__USTX-WS-0004__XmlWinEventLog.log,USTX-WS-0004,XmlWinEventLog:Security,XmlWinEventLog,6
raw/2004__USTX-WS-0004__ms_defender_eventhub.log,USTX-WS-0004,ms:defender:eventhub,ms:defender:eventhub,1
raw/2005__USTX-WS-0005__XmlWinEventLog.log,USTX-WS-0005,XmlWinEventLog:Microsoft-Windows-Sysmon/Operational,XmlWinEventLog,14
raw/2006__USTX-WS-0005__XmlWinEventLog.log,USTX-WS-0005,XmlWinEventLog:Security,XmlWinEventLog,14
raw/2007__USTX-WS-0005__ms_defender_eventhub.log,USTX-WS-0005,ms:defender:eventhub,ms:defender:eventhub,2
raw/2008__USTX-WS-0005__trellix_epo.log,USTX-WS-0005,trellix:epo,trellix:epo,1
raw/2009__USTX-WS-0005__wsus_client.log,USTX-WS-0005,wsus:client,wsus:client,1
raw/2010__USTX-WS-0006__XmlWinEventLog.log,USTX-WS-0006,XmlWinEventLog:Microsoft-Windows-Sysmon/Operational,XmlWinEventLog,16
raw/2011__USTX-WS-0006__XmlWinEventLog.log,USTX-WS-0006,XmlWinEventLog:Security,XmlWinEventLog,12
raw/2012__USTX-WS-0006__ms_defender_eventhub.log,USTX-WS-0006,ms:defender:eventhub,ms:defender:eventhub,1
raw/2013__USTX-WS-0006__sccm_client.log,USTX-WS-0006,sccm:client,sccm:client,1
raw/2014__USTX-WS-0007__XmlWinEventLog.log,USTX-WS-0007,XmlWinEventLog:Microsoft-Windows-Sysmon/Operational,XmlWinEventLog,11
raw/2015__USTX-WS-0007__XmlWinEventLog.log,USTX-WS-0007,XmlWinEventLog:Security,XmlWinEventLog,16
raw/2016__USTX-WS-0007__ms_defender_eventhub.log,USTX-WS-0007,ms:defender:eventhub,ms:defender:eventhub,3
raw/2017__USTX-WS-0008__XmlWinEventLog.log,USTX-WS-0008,XmlWinEventLog:Microsoft-Windows-Sysmon/Operational,XmlWinEventLog,10
raw/2018__USTX-WS-0008__XmlWinEventLog.log,USTX-WS-0008,XmlWinEventLog:Security,XmlWinEventLog,9
raw/2019__USTX-WS-0008__ms_defender_eventhub.log,USTX-WS-0008,ms:defender:eventhub,ms:defender:eventhub,3
raw/2020__USTX-WS-0008__sccm_client.log,USTX-WS-0008,sccm:client,sccm:client,1
raw/2021__USTX-WS-0008__wsus_client.log,USTX-WS-0008,wsus:client,wsus:client,1
raw/2022__USTX-WS-0009__XmlWinEventLog.log,USTX-WS-0009,XmlWinEventLog:Microsoft-Windows-Sysmon/Operational,XmlWinEventLog,15
raw/2023__USTX-WS-0009__XmlWinEventLog.log,USTX-WS-0009,XmlWinEventLog:Security,XmlWinEventLog,15
raw/2024__USTX-WS-0009__ms_defender_eventhub.log,USTX-WS-0009,ms:defender:eventhub,ms:defender:eventhub,1
raw/2025__USTX-WS-0009__sccm_client.log,USTX-WS-0009,sccm:client,sccm:client,1
raw/2026__USTX-WS-0010__XmlWinEventLog.log,USTX-WS-0010,XmlWinEventLog:Microsoft-Windows-Sysmon/Operational,XmlWinEventLog,14
raw/2027__USTX-WS-0010__XmlWinEventLog.log,USTX-WS-0010,XmlWinEventLog:Security,XmlWinEventLog,10
raw/2028__USTX-WS-0010__ms_defender_eventhub.log,USTX-WS-0010,ms:defender:eventhub,ms:defender:eventhub,2
raw/2029__USTX-WS-0011__XmlWinEventLog.log,USTX-WS-0011,XmlWinEventLog:Microsoft-Windows-Sysmon/Operational,XmlWinEventLog,8
raw/2030__USTX-WS-0011__XmlWinEventLog.log,USTX-WS-0011,XmlWinEventLog:Security,XmlWinEventLog,13
raw/2031__USTX-WS-0011__wsus_client.log,USTX-WS-0011,wsus:client,wsus:client,2
raw/2032__USTX-WS-0012__XmlWinEventLog.log,USTX-WS-0012,XmlWinEventLog:Microsoft-Windows-Sysmon/Operational,XmlWinEventLog,13
raw/2033__USTX-WS-0012__XmlWinEventLog.log,USTX-WS-0012,XmlWinEventLog:Security,XmlWinEventLog,11
raw/2034__USTX-WS-0012__ms_defender_eventhub.log,USTX-WS-0012,ms:defender:eventhub,ms:defender:eventhub,1
raw/2035__USTX-WS-0012__trellix_epo.log,USTX-WS-0012,trellix:epo,trellix:epo,1
raw/2036__USTX-WS-0013__XmlWinEventLog.log,USTX-WS-0013,XmlWinEventLog:Microsoft-Windows-Sysmon/Operational,XmlWinEventLog,15
raw/2037__USTX-WS-0013__XmlWinEventLog.log,USTX-WS-0013,XmlWinEventLog:Security,XmlWinEventLog,13
raw/2038__USTX-WS-0013__ms_defender_eventhub.log,USTX-WS-0013,ms:defender:eventhub,ms:defender:eventhub,3
raw/2039__USTX-WS-0014__XmlWinEventLog.log,USTX-WS-0014,XmlWinEventLog:Microsoft-Windows-Sysmon/Operational,XmlWinEventLog,11
raw/2040__USTX-WS-0014__XmlWinEventLog.log,USTX-WS-0014,XmlWinEventLog:Security,XmlWinEventLog,6
raw/2041__USTX-WS-0015__XmlWinEventLog.log,USTX-WS-0015,XmlWinEventLog:Microsoft-Windows-Sysmon/Operational,XmlWinEventLog,21
raw/2042__USTX-WS-0015__XmlWinEventLog.log,USTX-WS-0015,XmlWinEventLog:Security,XmlWinEventLog,10
raw/2043__USTX-WS-0015__ms_defender_eventhub.log,USTX-WS-0015,ms:defender:eventhub,ms:defender:eventhub,3
raw/2044__USTX-WS-0015__sccm_client.log,USTX-WS-0015,sccm:client,sccm:client,1
raw/2045__USTX-WS-0016__XmlWinEventLog.log,USTX-WS-0016,XmlWinEventLog:Microsoft-Windows-Sysmon/Operational,XmlWinEventLog,12
raw/2046__USTX-WS-0016__XmlWinEventLog.log,USTX-WS-0016,XmlWinEventLog:Security,XmlWinEventLog,13
raw/2047__USTX-WS-0016__ms_defender_eventhub.log,USTX-WS-0016,ms:defender:eventhub,ms:defender:eventhub,3
raw/2048__USTX-WS-0016__trellix_epo.log,USTX-WS-0016,trellix:epo,trellix:epo,1
raw/2049__USTX-WS-0017__XmlWinEventLog.log,USTX-WS-0017,XmlWinEventLog:Microsoft-Windows-Sysmon/Operational,XmlWinEventLog,15
raw/2050__USTX-WS-0017__XmlWinEventLog.log,USTX-WS-0017,XmlWinEventLog:Security,XmlWinEventLog,26
raw/2051__USTX-WS-0017__ms_defender_eventhub.log,USTX-WS-0017,ms:defender:eventhub,ms:defender:eventhub,2
raw/2052__USTX-WS-0017__sccm_client.log,USTX-WS-0017,sccm:client,sccm:client,1
raw/2053__USTX-WS-0017__trellix_epo.log,USTX-WS-0017,trellix:epo,trellix:epo,3
raw/2054__USTX-WS-0018__XmlWinEventLog.log,USTX-WS-0018,XmlWinEventLog:Microsoft-Windows-Sysmon/Operational,XmlWinEventLog,12
raw/2055__USTX-WS-0018__XmlWinEventLog.log,USTX-WS-0018,XmlWinEventLog:Security,XmlWinEventLog,15
raw/2056__USTX-WS-0018__ms_defender_eventhub.log,USTX-WS-0018,ms:defender:eventhub,ms:defender:eventhub,2
raw/2057__USTX-WS-0018__trellix_epo.log,USTX-WS-0018,trellix:epo,trellix:epo,1
raw/2058__USTX-WS-0019__XmlWinEventLog.log,USTX-WS-0019,XmlWinEventLog:Microsoft-Windows-Sysmon/Operational,XmlWinEventLog,18
raw/2059__USTX-WS-0019__XmlWinEventLog.log,USTX-WS-0019,XmlWinEventLog:Security,XmlWinEventLog,19
raw/2060__USTX-WS-0019__ms_defender_eventhub.log,USTX-WS-0019,ms:defender:eventhub,ms:defender:eventhub,3
raw/2061__USTX-WS-0019__trellix_epo.log,USTX-WS-0019,trellix:epo,trellix:epo,1
raw/2062__USTX-WS-0020__XmlWinEventLog.log,USTX-WS-0020,XmlWinEventLog:Microsoft-Windows-Sysmon/Operational,XmlWinEventLog,10
raw/2063__USTX-WS-0020__XmlWinEventLog.log,USTX-WS-0020,XmlWinEventLog:Security,XmlWinEventLog,15
raw/2064__USTX-WS-0020__sccm_client.log,USTX-WS-0020,sccm:client,sccm:client,2
raw/2065__USTX-WS-0020__trellix_epo.log,USTX-WS-0020,trellix:epo,trellix:epo,1
raw/2066__USTX-WS-0020__wsus_client.log,USTX-WS-0020,wsus:client,wsus:client,1
raw/2067__USTX-WS-0021__XmlWinEventLog.log,USTX-WS-0021,XmlWinEventLog:Microsoft-Windows-Sysmon/Operational,XmlWinEventLog,21
raw/2068__USTX-WS-0021__XmlWinEventLog.log,USTX-WS-0021,XmlWinEventLog:Security,XmlWinEventLog,22
raw/2069__USTX-WS-0021__ms_defender_eventhub.log,USTX-WS-0021,ms:defender:eventhub,ms:defender:eventhub,1
raw/2070__USTX-WS-0021__trellix_epo.log,USTX-WS-0021,trellix:epo,trellix:epo,1
raw/2071__USTX-WS-0022__XmlWinEventLog.log,USTX-WS-0022,XmlWinEventLog:Microsoft-Windows-Sysmon/Operational,XmlWinEventLog,11
raw/2072__USTX-WS-0022__XmlWinEventLog.log,USTX-WS-0022,XmlWinEventLog:Security,XmlWinEventLog,15
raw/2073__USTX-WS-0022__ms_defender_eventhub.log,USTX-WS-0022,ms:defender:eventhub,ms:defender:eventhub,1
raw/2074__USTX-WS-0022__trellix_epo.log,USTX-WS-0022,trellix:epo,trellix:epo,2
raw/2075__USTX-WS-0023__XmlWinEventLog.log,USTX-WS-0023,XmlWinEventLog:Microsoft-Windows-Sysmon/Operational,XmlWinEventLog,14
raw/2076__USTX-WS-0023__XmlWinEventLog.log,USTX-WS-0023,XmlWinEventLog:Security,XmlWinEventLog,15
raw/2077__USTX-WS-0023__ms_defender_eventhub.log,USTX-WS-0023,ms:defender:eventhub,ms:defender:eventhub,2
raw/2078__USTX-WS-0023__sccm_client.log,USTX-WS-0023,sccm:client,sccm:client,1
raw/2079__USTX-WS-0024__XmlWinEventLog.log,USTX-WS-0024,XmlWinEventLog:Microsoft-Windows-Sysmon/Operational,XmlWinEventLog,12
raw/2080__USTX-WS-0024__XmlWinEventLog.log,USTX-WS-0024,XmlWinEventLog:Security,XmlWinEventLog,19
raw/2081__USTX-WS-0024__ms_defender_eventhub.log,USTX-WS-0024,ms:defender:eventhub,ms:defender:eventhub,1
raw/2082__USTX-WS-0024__wsus_client.log,USTX-WS-0024,wsus:client,wsus:client,1
raw/2083__USTX-WS-0025__XmlWinEventLog.log,USTX-WS-0025,XmlWinEventLog:Microsoft-Windows-Sysmon/Operational,XmlWinEventLog,2
raw/2084__USTX-WS-0025__XmlWinEventLog.log,USTX-WS-0025,XmlWinEventLog:Security,XmlWinEventLog,3
raw/2085__USTX-WS-0025__ms_defender_eventhub.log,USTX-WS-0025,ms:defender:eventhub,ms:defender:eventhub,3
raw/2086__USTX-WS-0025__wsus_client.log,USTX-WS-0025,wsus:client,wsus:client,1
raw/2087__USTX-WS-0026__XmlWinEventLog.log,USTX-WS-0026,XmlWinEventLog:Microsoft-Windows-Sysmon/Operational,XmlWinEventLog,9
raw/2088__USTX-WS-0026__XmlWinEventLog.log,USTX-WS-0026,XmlWinEventLog:Security,XmlWinEventLog,8
raw/2089__USTX-WS-0026__ms_defender_eventhub.log,USTX-WS-0026,ms:defender:eventhub,ms:defender:eventhub,2
raw/2090__USTX-WS-0026__sccm_client.log,USTX-WS-0026,sccm:client,sccm:client,1
raw/2091__USTX-WS-0027__XmlWinEventLog.log,USTX-WS-0027,XmlWinEventLog:Microsoft-Windows-Sysmon/Operational,XmlWinEventLog,10
raw/2092__USTX-WS-0027__XmlWinEventLog.log,USTX-WS-0027,XmlWinEventLog:Security,XmlWinEventLog,6
raw/2093__USTX-WS-0027__ms_defender_eventhub.log,USTX-WS-0027,ms:defender:eventhub,ms:defender:eventhub,1
raw/2094__USTX-WS-0028__XmlWinEventLog.log,USTX-WS-0028,XmlWinEventLog:Microsoft-Windows-Sysmon/Operational,XmlWinEventLog,11
raw/2095__USTX-WS-0028__XmlWinEventLog.log,USTX-WS-0028,XmlWinEventLog:Security,XmlWinEventLog,7
raw/2096__USTX-WS-0028__ms_defender_eventhub.log,USTX-WS-0028,ms:defender:eventhub,ms:defender:eventhub,1
raw/2097__USTX-WS-0028__wsus_client.log,USTX-WS-0028,wsus:client,wsus:client,2
raw/2098__USTX-WS-0029__XmlWinEventLog.log,USTX-WS-0029,XmlWinEventLog:Microsoft-Windows-Sysmon/Operational,XmlWinEventLog,6
raw/2099__USTX-WS-0029__XmlWinEventLog.log,USTX-WS-0029,XmlWinEventLog:Security,XmlWinEventLog,6
raw/2100__USTX-WS-0029__ms_defender_eventhub.log,USTX-WS-0029,ms:defender:eventhub,ms:defender:eventhub,1
raw/2101__USTX-WS-0029__trellix_epo.log,USTX-WS-0029,trellix:epo,trellix:epo,1
raw/2102__USTX-WS-0030__XmlWinEventLog.log,USTX-WS-0030,XmlWinEventLog:Microsoft-Windows-Sysmon/Operational,XmlWinEventLog,9
raw/2103__USTX-WS-0030__XmlWinEventLog.log,USTX-WS-0030,XmlWinEventLog:Security,XmlWinEventLog,5
raw/2104__USTX-WS-0031__XmlWinEventLog.log,USTX-WS-0031,XmlWinEventLog:Microsoft-Windows-Sysmon/Operational,XmlWinEventLog,16
raw/2105__USTX-WS-0031__XmlWinEventLog.log,USTX-WS-0031,XmlWinEventLog:Security,XmlWinEventLog,12
raw/2106__USTX-WS-0031__sccm_client.log,USTX-WS-0031,sccm:client,sccm:client,1
raw/2107__USTX-WS-0032__XmlWinEventLog.log,USTX-WS-0032,XmlWinEventLog:Microsoft-Windows-Sysmon/Operational,XmlWinEventLog,8
raw/2108__USTX-WS-0032__XmlWinEventLog.log,USTX-WS-0032,XmlWinEventLog:Security,XmlWinEventLog,9
raw/2109__USTX-WS-0032__ms_defender_eventhub.log,USTX-WS-0032,ms:defender:eventhub,ms:defender:eventhub,1
raw/2110__USTX-WS-0033__XmlWinEventLog.log,USTX-WS-0033,XmlWinEventLog:Microsoft-Windows-Sysmon/Operational,XmlWinEventLog,7
raw/2111__USTX-WS-0033__XmlWinEventLog.log,USTX-WS-0033,XmlWinEventLog:Security,XmlWinEventLog,8
raw/2112__USTX-WS-0033__ms_defender_eventhub.log,USTX-WS-0033,ms:defender:eventhub,ms:defender:eventhub,6
raw/2113__USTX-WS-0033__sccm_client.log,USTX-WS-0033,sccm:client,sccm:client,1
raw/2114__USTX-WS-0034__XmlWinEventLog.log,USTX-WS-0034,XmlWinEventLog:Microsoft-Windows-Sysmon/Operational,XmlWinEventLog,11
raw/2115__USTX-WS-0034__XmlWinEventLog.log,USTX-WS-0034,XmlWinEventLog:Security,XmlWinEventLog,8
raw/2116__USTX-WS-0034__ms_defender_eventhub.log,USTX-WS-0034,ms:defender:eventhub,ms:defender:eventhub,1
raw/2117__USTX-WS-0035__XmlWinEventLog.log,USTX-WS-0035,XmlWinEventLog:Microsoft-Windows-Sysmon/Operational,XmlWinEventLog,4
raw/2118__USTX-WS-0035__XmlWinEventLog.log,USTX-WS-0035,XmlWinEventLog:Security,XmlWinEventLog,5
raw/2119__USTX-WS-0035__ms_defender_eventhub.log,USTX-WS-0035,ms:defender:eventhub,ms:defender:eventhub,4
raw/2120__USTX-WS-0035__trellix_epo.log,USTX-WS-0035,trellix:epo,trellix:epo,2
raw/2121__USTX-WS-0036__XmlWinEventLog.log,USTX-WS-0036,XmlWinEventLog:Microsoft-Windows-Sysmon/Operational,XmlWinEventLog,8
raw/2122__USTX-WS-0036__XmlWinEventLog.log,USTX-WS-0036,XmlWinEventLog:Security,XmlWinEventLog,6
raw/2123__USTX-WS-0036__trellix_epo.log,USTX-WS-0036,trellix:epo,trellix:epo,1
raw/2124__USTX-WS-0037__XmlWinEventLog.log,USTX-WS-0037,XmlWinEventLog:Microsoft-Windows-Sysmon/Operational,XmlWinEventLog,8
raw/2125__USTX-WS-0037__XmlWinEventLog.log,USTX-WS-0037,XmlWinEventLog:Security,XmlWinEventLog,7
raw/2126__USTX-WS-0037__trellix_epo.log,USTX-WS-0037,trellix:epo,trellix:epo,1
raw/2127__USTX-WS-0038__XmlWinEventLog.log,USTX-WS-0038,XmlWinEventLog:Microsoft-Windows-Sysmon/Operational,XmlWinEventLog,10
raw/2128__USTX-WS-0038__XmlWinEventLog.log,USTX-WS-0038,XmlWinEventLog:Security,XmlWinEventLog,8
raw/2129__USTX-WS-0038__ms_defender_eventhub.log,USTX-WS-0038,ms:defender:eventhub,ms:defender:eventhub,2
raw/2130__USTX-WS-0038__sccm_client.log,USTX-WS-0038,sccm:client,sccm:client,1
raw/2131__USTX-WS-0039__XmlWinEventLog.log,USTX-WS-0039,XmlWinEventLog:Microsoft-Windows-Sysmon/Operational,XmlWinEventLog,5
raw/2132__USTX-WS-0039__XmlWinEventLog.log,USTX-WS-0039,XmlWinEventLog:Security,XmlWinEventLog,8
raw/2133__USTX-WS-0039__ms_defender_eventhub.log,USTX-WS-0039,ms:defender:eventhub,ms:defender:eventhub,2
raw/2134__USTX-WS-0039__wsus_client.log,USTX-WS-0039,wsus:client,wsus:client,1
raw/2135__USTX-WS-0040__XmlWinEventLog.log,USTX-WS-0040,XmlWinEventLog:Microsoft-Windows-Sysmon/Operational,XmlWinEventLog,10
raw/2136__USTX-WS-0040__XmlWinEventLog.log,USTX-WS-0040,XmlWinEventLog:Security,XmlWinEventLog,6
raw/2137__USTX-WS-0040__ms_defender_eventhub.log,USTX-WS-0040,ms:defender:eventhub,ms:defender:eventhub,1
raw/2138__USTX-WS-0040__sccm_client.log,USTX-WS-0040,sccm:client,sccm:client,1
raw/2139__USTX-WS-0040__trellix_epo.log,USTX-WS-0040,trellix:epo,trellix:epo,1
raw/2140__USTX-WS-0041__XmlWinEventLog.log,USTX-WS-0041,XmlWinEventLog:Microsoft-Windows-Sysmon/Operational,XmlWinEventLog,11
raw/2141__USTX-WS-0041__XmlWinEventLog.log,USTX-WS-0041,XmlWinEventLog:Security,XmlWinEventLog,4
raw/2142__USTX-WS-0041__sccm_client.log,USTX-WS-0041,sccm:client,sccm:client,2
raw/2143__USTX-WS-0041__trellix_epo.log,USTX-WS-0041,trellix:epo,trellix:epo,1
raw/2144__USTX-WS-0042__XmlWinEventLog.log,USTX-WS-0042,XmlWinEventLog:Microsoft-Windows-Sysmon/Operational,XmlWinEventLog,13
raw/2145__USTX-WS-0042__XmlWinEventLog.log,USTX-WS-0042,XmlWinEventLog:Security,XmlWinEventLog,5
raw/2146__USTX-WS-0042__ms_defender_eventhub.log,USTX-WS-0042,ms:defender:eventhub,ms:defender:eventhub,2
raw/2147__USTX-WS-0042__trellix_epo.log,USTX-WS-0042,trellix:epo,trellix:epo,1
raw/2148__USTX-WS-0043__XmlWinEventLog.log,USTX-WS-0043,XmlWinEventLog:Microsoft-Windows-Sysmon/Operational,XmlWinEventLog,5
raw/2149__USTX-WS-0043__XmlWinEventLog.log,USTX-WS-0043,XmlWinEventLog:Security,XmlWinEventLog,4
raw/2150__USTX-WS-0043__ms_defender_eventhub.log,USTX-WS-0043,ms:defender:eventhub,ms:defender:eventhub,7
raw/2151__USTX-WS-0043__trellix_epo.log,USTX-WS-0043,trellix:epo,trellix:epo,2
raw/2152__USTX-WS-0043__wsus_client.log,USTX-WS-0043,wsus:client,wsus:client,1
raw/2153__USTX-WS-0044__XmlWinEventLog.log,USTX-WS-0044,XmlWinEventLog:Microsoft-Windows-Sysmon/Operational,XmlWinEventLog,7
raw/2154__USTX-WS-0044__XmlWinEventLog.log,USTX-WS-0044,XmlWinEventLog:Security,XmlWinEventLog,7
raw/2155__USTX-WS-0044__ms_defender_eventhub.log,USTX-WS-0044,ms:defender:eventhub,ms:defender:eventhub,1
raw/2156__USTX-WS-0044__wsus_client.log,USTX-WS-0044,wsus:client,wsus:client,2
raw/2157__USTX-WS-0045__XmlWinEventLog.log,USTX-WS-0045,XmlWinEventLog:Microsoft-Windows-Sysmon/Operational,XmlWinEventLog,14
raw/2158__USTX-WS-0045__XmlWinEventLog.log,USTX-WS-0045,XmlWinEventLog:Security,XmlWinEventLog,8
raw/2159__USTX-WS-0045__ms_defender_eventhub.log,USTX-WS-0045,ms:defender:eventhub,ms:defender:eventhub,1
raw/2160__USTX-WS-0046__XmlWinEventLog.log,USTX-WS-0046,XmlWinEventLog:Microsoft-Windows-Sysmon/Operational,XmlWinEventLog,7
raw/2161__USTX-WS-0046__XmlWinEventLog.log,USTX-WS-0046,XmlWinEventLog:Security,XmlWinEventLog,6
raw/2162__USTX-WS-0046__sccm_client.log,USTX-WS-0046,sccm:client,sccm:client,1
raw/2163__USTX-WS-0046__trellix_epo.log,USTX-WS-0046,trellix:epo,trellix:epo,1
raw/2164__USTX-WS-0047__XmlWinEventLog.log,USTX-WS-0047,XmlWinEventLog:Microsoft-Windows-Sysmon/Operational,XmlWinEventLog,9
raw/2165__USTX-WS-0047__XmlWinEventLog.log,USTX-WS-0047,XmlWinEventLog:Security,XmlWinEventLog,8
raw/2166__USTX-WS-0047__ms_defender_eventhub.log,USTX-WS-0047,ms:defender:eventhub,ms:defender:eventhub,1
raw/2167__USTX-WS-0047__sccm_client.log,USTX-WS-0047,sccm:client,sccm:client,1
raw/2168__USTX-WS-0047__wsus_client.log,USTX-WS-0047,wsus:client,wsus:client,1
raw/2169__USTX-WS-0048__XmlWinEventLog.log,USTX-WS-0048,XmlWinEventLog:Microsoft-Windows-Sysmon/Operational,XmlWinEventLog,7
raw/2170__USTX-WS-0048__XmlWinEventLog.log,USTX-WS-0048,XmlWinEventLog:Security,XmlWinEventLog,7
raw/2171__USTX-WS-0048__ms_defender_eventhub.log,USTX-WS-0048,ms:defender:eventhub,ms:defender:eventhub,1
raw/2172__USTX-WS-0048__wsus_client.log,USTX-WS-0048,wsus:client,wsus:client,1
raw/2173__USTX-WS-0049__XmlWinEventLog.log,USTX-WS-0049,XmlWinEventLog:Microsoft-Windows-Sysmon/Operational,XmlWinEventLog,8
raw/2174__USTX-WS-0049__XmlWinEventLog.log,USTX-WS-0049,XmlWinEventLog:Security,XmlWinEventLog,4
raw/2175__USTX-WS-0049__ms_defender_eventhub.log,USTX-WS-0049,ms:defender:eventhub,ms:defender:eventhub,1
raw/2176__USTX-WS-0049__trellix_epo.log,USTX-WS-0049,trellix:epo,trellix:epo,1
raw/2177__USTX-WS-0050__XmlWinEventLog.log,USTX-WS-0050,XmlWinEventLog:Microsoft-Windows-Sysmon/Operational,XmlWinEventLog,9
raw/2178__USTX-WS-0050__XmlWinEventLog.log,USTX-WS-0050,XmlWinEventLog:Security,XmlWinEventLog,9
raw/2179__USTX-WS-0050__ms_defender_eventhub.log,USTX-WS-0050,ms:defender:eventhub,ms:defender:eventhub,2
raw/2180__USTX-WS-0050__trellix_epo.log,USTX-WS-0050,trellix:epo,trellix:epo,1
raw/2181__USTX-WS-0050__wsus_client.log,USTX-WS-0050,wsus:client,wsus:client,1
raw/2182__USTX-WS-0051__XmlWinEventLog.log,USTX-WS-0051,XmlWinEventLog:Microsoft-Windows-Sysmon/Operational,XmlWinEventLog,11
raw/2183__USTX-WS-0051__XmlWinEventLog.log,USTX-WS-0051,XmlWinEventLog:Security,XmlWinEventLog,7
raw/2184__USTX-WS-0051__ms_defender_eventhub.log,USTX-WS-0051,ms:defender:eventhub,ms:defender:eventhub,1
raw/2185__USTX-WS-0051__sccm_client.log,USTX-WS-0051,sccm:client,sccm:client,1
raw/2186__USTX-WS-0051__trellix_epo.log,USTX-WS-0051,trellix:epo,trellix:epo,1
raw/2187__USTX-WS-0052__XmlWinEventLog.log,USTX-WS-0052,XmlWinEventLog:Microsoft-Windows-Sysmon/Operational,XmlWinEventLog,12
raw/2188__USTX-WS-0052__XmlWinEventLog.log,USTX-WS-0052,XmlWinEventLog:Security,XmlWinEventLog,7
raw/2189__USTX-WS-0052__ms_defender_eventhub.log,USTX-WS-0052,ms:defender:eventhub,ms:defender:eventhub,1
raw/2190__USTX-WS-0053__XmlWinEventLog.log,USTX-WS-0053,XmlWinEventLog:Microsoft-Windows-Sysmon/Operational,XmlWinEventLog,11
raw/2191__USTX-WS-0053__XmlWinEventLog.log,USTX-WS-0053,XmlWinEventLog:Security,XmlWinEventLog,5
raw/2192__USTX-WS-0053__ms_defender_eventhub.log,USTX-WS-0053,ms:defender:eventhub,ms:defender:eventhub,3
raw/2193__USTX-WS-0053__sccm_client.log,USTX-WS-0053,sccm:client,sccm:client,1
raw/2194__USTX-WS-0053__trellix_epo.log,USTX-WS-0053,trellix:epo,trellix:epo,1
raw/2195__USTX-WS-0054__XmlWinEventLog.log,USTX-WS-0054,XmlWinEventLog:Microsoft-Windows-Sysmon/Operational,XmlWinEventLog,12
raw/2196__USTX-WS-0054__XmlWinEventLog.log,USTX-WS-0054,XmlWinEventLog:Security,XmlWinEventLog,10
raw/2197__USTX-WS-0054__ms_defender_eventhub.log,USTX-WS-0054,ms:defender:eventhub,ms:defender:eventhub,1
raw/2198__USTX-WS-0055__XmlWinEventLog.log,USTX-WS-0055,XmlWinEventLog:Microsoft-Windows-Sysmon/Operational,XmlWinEventLog,10
raw/2199__USTX-WS-0055__XmlWinEventLog.log,USTX-WS-0055,XmlWinEventLog:Security,XmlWinEventLog,11
raw/2200__USTX-WS-0055__ms_defender_eventhub.log,USTX-WS-0055,ms:defender:eventhub,ms:defender:eventhub,2
raw/2201__USTX-WS-0056__XmlWinEventLog.log,USTX-WS-0056,XmlWinEventLog:Microsoft-Windows-Sysmon/Operational,XmlWinEventLog,8
raw/2202__USTX-WS-0056__XmlWinEventLog.log,USTX-WS-0056,XmlWinEventLog:Security,XmlWinEventLog,6
raw/2203__USTX-WS-0056__ms_defender_eventhub.log,USTX-WS-0056,ms:defender:eventhub,ms:defender:eventhub,2
raw/2204__USTX-WS-0057__XmlWinEventLog.log,USTX-WS-0057,XmlWinEventLog:Microsoft-Windows-Sysmon/Operational,XmlWinEventLog,10
raw/2205__USTX-WS-0057__XmlWinEventLog.log,USTX-WS-0057,XmlWinEventLog:Security,XmlWinEventLog,5
raw/2206__USTX-WS-0057__ms_defender_eventhub.log,USTX-WS-0057,ms:defender:eventhub,ms:defender:eventhub,2
raw/2207__USTX-WS-0057__sccm_client.log,USTX-WS-0057,sccm:client,sccm:client,1
raw/2208__USTX-WS-0058__XmlWinEventLog.log,USTX-WS-0058,XmlWinEventLog:Microsoft-Windows-Sysmon/Operational,XmlWinEventLog,9
raw/2209__USTX-WS-0058__XmlWinEventLog.log,USTX-WS-0058,XmlWinEventLog:Security,XmlWinEventLog,7
raw/2210__USTX-WS-0058__ms_defender_eventhub.log,USTX-WS-0058,ms:defender:eventhub,ms:defender:eventhub,1
raw/2211__USTX-WS-0059__XmlWinEventLog.log,USTX-WS-0059,XmlWinEventLog:Microsoft-Windows-Sysmon/Operational,XmlWinEventLog,8
raw/2212__USTX-WS-0059__XmlWinEventLog.log,USTX-WS-0059,XmlWinEventLog:Security,XmlWinEventLog,4
raw/2213__USTX-WS-0059__ms_defender_eventhub.log,USTX-WS-0059,ms:defender:eventhub,ms:defender:eventhub,2
raw/2214__USTX-WS-0060__XmlWinEventLog.log,USTX-WS-0060,XmlWinEventLog:Microsoft-Windows-Sysmon/Operational,XmlWinEventLog,7
raw/2215__USTX-WS-0060__XmlWinEventLog.log,USTX-WS-0060,XmlWinEventLog:Security,XmlWinEventLog,6
raw/2216__USTX-WS-0060__ms_defender_eventhub.log,USTX-WS-0060,ms:defender:eventhub,ms:defender:eventhub,2
raw/2217__USTX-WS-0060__sccm_client.log,USTX-WS-0060,sccm:client,sccm:client,1
raw/2218__USTX-WS-0060__wsus_client.log,USTX-WS-0060,wsus:client,wsus:client,1
raw/2219__USTX-WS-0061__XmlWinEventLog.log,USTX-WS-0061,XmlWinEventLog:Microsoft-Windows-Sysmon/Operational,XmlWinEventLog,8
raw/2220__USTX-WS-0061__XmlWinEventLog.log,USTX-WS-0061,XmlWinEventLog:Security,XmlWinEventLog,10
raw/2221__USTX-WS-0061__ms_defender_eventhub.log,USTX-WS-0061,ms:defender:eventhub,ms:defender:eventhub,3
raw/2222__USTX-WS-0061__sccm_client.log,USTX-WS-0061,sccm:client,sccm:client,1
raw/2223__USTX-WS-0062__XmlWinEventLog.log,USTX-WS-0062,XmlWinEventLog:Microsoft-Windows-Sysmon/Operational,XmlWinEventLog,9
raw/2224__USTX-WS-0062__XmlWinEventLog.log,USTX-WS-0062,XmlWinEventLog:Security,XmlWinEventLog,10
raw/2225__USTX-WS-0062__ms_defender_eventhub.log,USTX-WS-0062,ms:defender:eventhub,ms:defender:eventhub,5
raw/2226__USTX-WS-0062__wsus_client.log,USTX-WS-0062,wsus:client,wsus:client,1
raw/2227__USTX-WS-0063__XmlWinEventLog.log,USTX-WS-0063,XmlWinEventLog:Microsoft-Windows-Sysmon/Operational,XmlWinEventLog,11
raw/2228__USTX-WS-0063__XmlWinEventLog.log,USTX-WS-0063,XmlWinEventLog:Security,XmlWinEventLog,8
raw/2229__USTX-WS-0063__ms_defender_eventhub.log,USTX-WS-0063,ms:defender:eventhub,ms:defender:eventhub,1
raw/2230__USTX-WS-0063__trellix_epo.log,USTX-WS-0063,trellix:epo,trellix:epo,1
raw/2231__USTX-WS-0064__XmlWinEventLog.log,USTX-WS-0064,XmlWinEventLog:Microsoft-Windows-Sysmon/Operational,XmlWinEventLog,10
raw/2232__USTX-WS-0064__XmlWinEventLog.log,USTX-WS-0064,XmlWinEventLog:Security,XmlWinEventLog,13
raw/2233__USTX-WS-0064__ms_defender_eventhub.log,USTX-WS-0064,ms:defender:eventhub,ms:defender:eventhub,1
raw/2234__USTX-ZEEK-01__bro_conn_json.log,USTX-ZEEK-01,zeek:conn,bro:conn:json,1366
raw/2235__USTX-ZEEK-01__bro_dce_rpc_json.log,USTX-ZEEK-01,zeek:dce_rpc,bro:dce_rpc:json,120
raw/2236__USTX-ZEEK-01__bro_dns_json.log,USTX-ZEEK-01,zeek:dns,bro:dns:json,540
raw/2237__USTX-ZEEK-01__bro_http_json.log,USTX-ZEEK-01,zeek:http,bro:http:json,313
raw/2238__USTX-ZEEK-01__bro_smb_files_json.log,USTX-ZEEK-01,zeek:smb_files,bro:smb_files:json,129
raw/2239__USTX-ZEEK-01__bro_ssl_json.log,USTX-ZEEK-01,zeek:ssl,bro:ssl:json,508
raw/2240__USVA-APP-01__XmlWinEventLog.log,USVA-APP-01,XmlWinEventLog:Microsoft-Windows-Sysmon/Operational,XmlWinEventLog,7
raw/2241__USVA-APP-01__XmlWinEventLog.log,USVA-APP-01,XmlWinEventLog:Security,XmlWinEventLog,8
raw/2242__USVA-APP-01__ms_defender_eventhub.log,USVA-APP-01,ms:defender:eventhub,ms:defender:eventhub,4
raw/2243__USVA-APP-02__XmlWinEventLog.log,USVA-APP-02,XmlWinEventLog:Microsoft-Windows-Sysmon/Operational,XmlWinEventLog,3
raw/2244__USVA-APP-02__XmlWinEventLog.log,USVA-APP-02,XmlWinEventLog:Security,XmlWinEventLog,7
raw/2245__USVA-APP-02__ms_defender_eventhub.log,USVA-APP-02,ms:defender:eventhub,ms:defender:eventhub,2
raw/2246__USVA-APP-03__XmlWinEventLog.log,USVA-APP-03,XmlWinEventLog:Microsoft-Windows-Sysmon/Operational,XmlWinEventLog,11
raw/2247__USVA-APP-03__XmlWinEventLog.log,USVA-APP-03,XmlWinEventLog:Security,XmlWinEventLog,8
raw/2248__USVA-APP-03__ms_defender_eventhub.log,USVA-APP-03,ms:defender:eventhub,ms:defender:eventhub,3
raw/2249__USVA-APP-03__trellix_epo.log,USVA-APP-03,trellix:epo,trellix:epo,1
raw/2250__USVA-APP-04__XmlWinEventLog.log,USVA-APP-04,XmlWinEventLog:Microsoft-Windows-Sysmon/Operational,XmlWinEventLog,10
raw/2251__USVA-APP-04__XmlWinEventLog.log,USVA-APP-04,XmlWinEventLog:Security,XmlWinEventLog,6
raw/2252__USVA-APP-04__ms_defender_eventhub.log,USVA-APP-04,ms:defender:eventhub,ms:defender:eventhub,1
raw/2253__USVA-APP-05__XmlWinEventLog.log,USVA-APP-05,XmlWinEventLog:Microsoft-Windows-Sysmon/Operational,XmlWinEventLog,6
raw/2254__USVA-APP-05__XmlWinEventLog.log,USVA-APP-05,XmlWinEventLog:Security,XmlWinEventLog,4
raw/2255__USVA-APP-05__trellix_epo.log,USVA-APP-05,trellix:epo,trellix:epo,1
raw/2256__USVA-APP-06__XmlWinEventLog.log,USVA-APP-06,XmlWinEventLog:Microsoft-Windows-Sysmon/Operational,XmlWinEventLog,10
raw/2257__USVA-APP-06__XmlWinEventLog.log,USVA-APP-06,XmlWinEventLog:Security,XmlWinEventLog,5
raw/2258__USVA-APP-06__trellix_epo.log,USVA-APP-06,trellix:epo,trellix:epo,1
raw/2259__USVA-APP-07__XmlWinEventLog.log,USVA-APP-07,XmlWinEventLog:Microsoft-Windows-Sysmon/Operational,XmlWinEventLog,7
raw/2260__USVA-APP-07__XmlWinEventLog.log,USVA-APP-07,XmlWinEventLog:Security,XmlWinEventLog,5
raw/2261__USVA-APP-07__ms_defender_eventhub.log,USVA-APP-07,ms:defender:eventhub,ms:defender:eventhub,3
raw/2262__USVA-APP-08__XmlWinEventLog.log,USVA-APP-08,XmlWinEventLog:Microsoft-Windows-Sysmon/Operational,XmlWinEventLog,14
raw/2263__USVA-APP-08__XmlWinEventLog.log,USVA-APP-08,XmlWinEventLog:Security,XmlWinEventLog,5
raw/2264__USVA-APP-08__trellix_epo.log,USVA-APP-08,trellix:epo,trellix:epo,2
raw/2265__USVA-DC-01__XmlWinEventLog.log,USVA-DC-01,XmlWinEventLog:Security,XmlWinEventLog,209
raw/2266__USVA-DLP-01__dlp_events.log,USVA-DLP-01,dlp:events,dlp:events,6
raw/2267__USVA-ENG-APP-01__XmlWinEventLog.log,USVA-ENG-APP-01,XmlWinEventLog:Microsoft-Windows-Sysmon/Operational,XmlWinEventLog,110
raw/2268__USVA-ENG-APP-01__XmlWinEventLog.log,USVA-ENG-APP-01,XmlWinEventLog:Security,XmlWinEventLog,42
raw/2269__USVA-FS-01__XmlWinEventLog.log,USVA-FS-01,XmlWinEventLog:Microsoft-Windows-Sysmon/Operational,XmlWinEventLog,7
raw/2270__USVA-FS-01__XmlWinEventLog.log,USVA-FS-01,XmlWinEventLog:Security,XmlWinEventLog,14
raw/2271__USVA-FS-01__ms_defender_eventhub.log,USVA-FS-01,ms:defender:eventhub,ms:defender:eventhub,1
raw/2272__USVA-FS-02__XmlWinEventLog.log,USVA-FS-02,XmlWinEventLog:Microsoft-Windows-Sysmon/Operational,XmlWinEventLog,7
raw/2273__USVA-FS-02__XmlWinEventLog.log,USVA-FS-02,XmlWinEventLog:Security,XmlWinEventLog,3
raw/2274__USVA-FS-02__ms_defender_eventhub.log,USVA-FS-02,ms:defender:eventhub,ms:defender:eventhub,2
raw/2275__USVA-FS-03__XmlWinEventLog.log,USVA-FS-03,XmlWinEventLog:Microsoft-Windows-Sysmon/Operational,XmlWinEventLog,11
raw/2276__USVA-FS-03__XmlWinEventLog.log,USVA-FS-03,XmlWinEventLog:Security,XmlWinEventLog,7
raw/2277__USVA-FS-03__ms_defender_eventhub.log,USVA-FS-03,ms:defender:eventhub,ms:defender:eventhub,4
raw/2278__USVA-FS-03__wsus_client.log,USVA-FS-03,wsus:client,wsus:client,1
raw/2279__USVA-FS-04__XmlWinEventLog.log,USVA-FS-04,XmlWinEventLog:Microsoft-Windows-Sysmon/Operational,XmlWinEventLog,6
raw/2280__USVA-FS-04__XmlWinEventLog.log,USVA-FS-04,XmlWinEventLog:Security,XmlWinEventLog,7
raw/2281__USVA-FS-04__ms_defender_eventhub.log,USVA-FS-04,ms:defender:eventhub,ms:defender:eventhub,1
raw/2282__USVA-FS-04__trellix_epo.log,USVA-FS-04,trellix:epo,trellix:epo,1
raw/2283__USVA-FS-04__wsus_client.log,USVA-FS-04,wsus:client,wsus:client,1
raw/2284__USVA-FW-01__pan_traffic.log,USVA-FW-01,pan:traffic,pan:traffic,132
raw/2285__USVA-FW-02__fortigate_traffic.log,USVA-FW-02,fortigate_traffic,fortigate_traffic,167
raw/2286__USVA-FW-02__pan_traffic.log,USVA-FW-02,pan:traffic,pan:traffic,1
raw/2287__USVA-FW-03__cisco_asa.log,USVA-FW-03,cisco:asa,cisco:asa,148
raw/2288__USVA-JUMP-01__XmlWinEventLog.log,USVA-JUMP-01,XmlWinEventLog:Microsoft-Windows-Sysmon/Operational,XmlWinEventLog,10
raw/2289__USVA-JUMP-01__XmlWinEventLog.log,USVA-JUMP-01,XmlWinEventLog:Security,XmlWinEventLog,5
raw/2290__USVA-JUMP-02__XmlWinEventLog.log,USVA-JUMP-02,XmlWinEventLog:Microsoft-Windows-Sysmon/Operational,XmlWinEventLog,13
raw/2291__USVA-JUMP-02__XmlWinEventLog.log,USVA-JUMP-02,XmlWinEventLog:Security,XmlWinEventLog,8
raw/2292__USVA-JUMP-02__ms_defender_eventhub.log,USVA-JUMP-02,ms:defender:eventhub,ms:defender:eventhub,2
raw/2293__USVA-JUMP-03__XmlWinEventLog.log,USVA-JUMP-03,XmlWinEventLog:Microsoft-Windows-Sysmon/Operational,XmlWinEventLog,5
raw/2294__USVA-JUMP-03__XmlWinEventLog.log,USVA-JUMP-03,XmlWinEventLog:Security,XmlWinEventLog,9
raw/2295__USVA-JUMP-03__ms_defender_eventhub.log,USVA-JUMP-03,ms:defender:eventhub,ms:defender:eventhub,1
raw/2296__USVA-JUMP-03__trellix_epo.log,USVA-JUMP-03,trellix:epo,trellix:epo,1
raw/2297__USVA-LNX-01__linux_audit.log,USVA-LNX-01,/var/log/audit/audit.log,linux_audit,103
raw/2298__USVA-LNX-01__linux_secure.log,USVA-LNX-01,/var/log/secure,linux_secure,18
raw/2299__USVA-LNX-01__syslog.log,USVA-LNX-01,/var/log/syslog,syslog,39
raw/2300__USVA-LNX-01__ms_defender_eventhub.log,USVA-LNX-01,ms:defender:eventhub,ms:defender:eventhub,1
raw/2301__USVA-LNX-01__trellix_epo.log,USVA-LNX-01,trellix:epo,trellix:epo,1
raw/2302__USVA-LNX-02__linux_audit.log,USVA-LNX-02,/var/log/audit/audit.log,linux_audit,170
raw/2303__USVA-LNX-02__linux_secure.log,USVA-LNX-02,/var/log/secure,linux_secure,27
raw/2304__USVA-LNX-02__syslog.log,USVA-LNX-02,/var/log/syslog,syslog,38
raw/2305__USVA-LNX-02__ms_defender_eventhub.log,USVA-LNX-02,ms:defender:eventhub,ms:defender:eventhub,3
raw/2306__USVA-LNX-03__linux_audit.log,USVA-LNX-03,/var/log/audit/audit.log,linux_audit,123
raw/2307__USVA-LNX-03__linux_secure.log,USVA-LNX-03,/var/log/secure,linux_secure,29
raw/2308__USVA-LNX-03__syslog.log,USVA-LNX-03,/var/log/syslog,syslog,41
raw/2309__USVA-LNX-04__linux_audit.log,USVA-LNX-04,/var/log/audit/audit.log,linux_audit,136
raw/2310__USVA-LNX-04__linux_secure.log,USVA-LNX-04,/var/log/secure,linux_secure,17
raw/2311__USVA-LNX-04__syslog.log,USVA-LNX-04,/var/log/syslog,syslog,34
raw/2312__USVA-LNX-05__linux_audit.log,USVA-LNX-05,/var/log/audit/audit.log,linux_audit,121
raw/2313__USVA-LNX-05__linux_secure.log,USVA-LNX-05,/var/log/secure,linux_secure,24
raw/2314__USVA-LNX-05__syslog.log,USVA-LNX-05,/var/log/syslog,syslog,30
raw/2315__USVA-LNX-06__linux_audit.log,USVA-LNX-06,/var/log/audit/audit.log,linux_audit,142
raw/2316__USVA-LNX-06__linux_secure.log,USVA-LNX-06,/var/log/secure,linux_secure,30
raw/2317__USVA-LNX-06__syslog.log,USVA-LNX-06,/var/log/syslog,syslog,45
raw/2318__USVA-LNX-06__ms_defender_eventhub.log,USVA-LNX-06,ms:defender:eventhub,ms:defender:eventhub,1
raw/2319__USVA-LNX-07__linux_audit.log,USVA-LNX-07,/var/log/audit/audit.log,linux_audit,142
raw/2320__USVA-LNX-07__linux_secure.log,USVA-LNX-07,/var/log/secure,linux_secure,13
raw/2321__USVA-LNX-07__syslog.log,USVA-LNX-07,/var/log/syslog,syslog,36
raw/2322__USVA-LNX-07__ms_defender_eventhub.log,USVA-LNX-07,ms:defender:eventhub,ms:defender:eventhub,1
raw/2323__USVA-LNX-07__trellix_epo.log,USVA-LNX-07,trellix:epo,trellix:epo,1
raw/2324__USVA-LNX-08__linux_audit.log,USVA-LNX-08,/var/log/audit/audit.log,linux_audit,101
raw/2325__USVA-LNX-08__linux_secure.log,USVA-LNX-08,/var/log/secure,linux_secure,20
raw/2326__USVA-LNX-08__syslog.log,USVA-LNX-08,/var/log/syslog,syslog,30
raw/2327__USVA-LNX-08__ms_defender_eventhub.log,USVA-LNX-08,ms:defender:eventhub,ms:defender:eventhub,1
raw/2328__USVA-PACS-01__pacs_access.log,USVA-PACS-01,pacs:access,pacs:access,180
raw/2329__USVA-PAW-01__XmlWinEventLog.log,USVA-PAW-01,XmlWinEventLog:Microsoft-Windows-Sysmon/Operational,XmlWinEventLog,12
raw/2330__USVA-PAW-01__XmlWinEventLog.log,USVA-PAW-01,XmlWinEventLog:Security,XmlWinEventLog,5
raw/2331__USVA-PAW-01__ms_defender_eventhub.log,USVA-PAW-01,ms:defender:eventhub,ms:defender:eventhub,1
raw/2332__USVA-PAW-01__trellix_epo.log,USVA-PAW-01,trellix:epo,trellix:epo,1
raw/2333__USVA-PAW-01__wsus_client.log,USVA-PAW-01,wsus:client,wsus:client,1
raw/2334__USVA-PAW-02__XmlWinEventLog.log,USVA-PAW-02,XmlWinEventLog:Microsoft-Windows-Sysmon/Operational,XmlWinEventLog,10
raw/2335__USVA-PAW-02__XmlWinEventLog.log,USVA-PAW-02,XmlWinEventLog:Security,XmlWinEventLog,4
raw/2336__USVA-PAW-02__ms_defender_eventhub.log,USVA-PAW-02,ms:defender:eventhub,ms:defender:eventhub,1
raw/2337__USVA-PAW-02__sccm_client.log,USVA-PAW-02,sccm:client,sccm:client,1
raw/2338__USVA-PAW-02__trellix_epo.log,USVA-PAW-02,trellix:epo,trellix:epo,1
raw/2339__USVA-PAW-02__wsus_client.log,USVA-PAW-02,wsus:client,wsus:client,2
raw/2340__USVA-PAW-03__XmlWinEventLog.log,USVA-PAW-03,XmlWinEventLog:Microsoft-Windows-Sysmon/Operational,XmlWinEventLog,8
raw/2341__USVA-PAW-03__XmlWinEventLog.log,USVA-PAW-03,XmlWinEventLog:Security,XmlWinEventLog,3
raw/2342__USVA-PAW-03__ms_defender_eventhub.log,USVA-PAW-03,ms:defender:eventhub,ms:defender:eventhub,1
raw/2343__USVA-PAW-04__XmlWinEventLog.log,USVA-PAW-04,XmlWinEventLog:Microsoft-Windows-Sysmon/Operational,XmlWinEventLog,6
raw/2344__USVA-PAW-04__XmlWinEventLog.log,USVA-PAW-04,XmlWinEventLog:Security,XmlWinEventLog,6
raw/2345__USVA-PAW-04__ms_defender_eventhub.log,USVA-PAW-04,ms:defender:eventhub,ms:defender:eventhub,1
raw/2346__USVA-PAW-04__sccm_client.log,USVA-PAW-04,sccm:client,sccm:client,1
raw/2347__USVA-PAW-04__trellix_epo.log,USVA-PAW-04,trellix:epo,trellix:epo,1
raw/2348__USVA-PAW-05__XmlWinEventLog.log,USVA-PAW-05,XmlWinEventLog:Microsoft-Windows-Sysmon/Operational,XmlWinEventLog,15
raw/2349__USVA-PAW-05__XmlWinEventLog.log,USVA-PAW-05,XmlWinEventLog:Security,XmlWinEventLog,8
raw/2350__USVA-PAW-05__ms_defender_eventhub.log,USVA-PAW-05,ms:defender:eventhub,ms:defender:eventhub,5
raw/2351__USVA-PAW-05__wsus_client.log,USVA-PAW-05,wsus:client,wsus:client,1
raw/2352__USVA-PAW-06__XmlWinEventLog.log,USVA-PAW-06,XmlWinEventLog:Microsoft-Windows-Sysmon/Operational,XmlWinEventLog,12
raw/2353__USVA-PAW-06__XmlWinEventLog.log,USVA-PAW-06,XmlWinEventLog:Security,XmlWinEventLog,9
raw/2354__USVA-PAW-06__ms_defender_eventhub.log,USVA-PAW-06,ms:defender:eventhub,ms:defender:eventhub,2
raw/2355__USVA-PAW-06__sccm_client.log,USVA-PAW-06,sccm:client,sccm:client,1
raw/2356__USVA-PAW-06__trellix_epo.log,USVA-PAW-06,trellix:epo,trellix:epo,1
raw/2357__USVA-PAW-06__wsus_client.log,USVA-PAW-06,wsus:client,wsus:client,2
raw/2358__USVA-RTR-01__cisco_ios.log,USVA-RTR-01,cisco:ios,cisco:ios,65
raw/2359__USVA-RTR-02__juniper.log,USVA-RTR-02,juniper,juniper,34
raw/2360__USVA-RTR-02__juniper_junos_firewall.log,USVA-RTR-02,juniper:junos:firewall,juniper:junos:firewall,17
raw/2361__USVA-VDI-01__XmlWinEventLog.log,USVA-VDI-01,XmlWinEventLog:Microsoft-Windows-Sysmon/Operational,XmlWinEventLog,7
raw/2362__USVA-VDI-01__XmlWinEventLog.log,USVA-VDI-01,XmlWinEventLog:Security,XmlWinEventLog,7
raw/2363__USVA-VDI-01__ms_defender_eventhub.log,USVA-VDI-01,ms:defender:eventhub,ms:defender:eventhub,2
raw/2364__USVA-VDI-01__wsus_client.log,USVA-VDI-01,wsus:client,wsus:client,1
raw/2365__USVA-VDI-02__XmlWinEventLog.log,USVA-VDI-02,XmlWinEventLog:Microsoft-Windows-Sysmon/Operational,XmlWinEventLog,8
raw/2366__USVA-VDI-02__XmlWinEventLog.log,USVA-VDI-02,XmlWinEventLog:Security,XmlWinEventLog,7
raw/2367__USVA-VDI-02__ms_defender_eventhub.log,USVA-VDI-02,ms:defender:eventhub,ms:defender:eventhub,2
raw/2368__USVA-VDI-03__XmlWinEventLog.log,USVA-VDI-03,XmlWinEventLog:Microsoft-Windows-Sysmon/Operational,XmlWinEventLog,7
raw/2369__USVA-VDI-03__XmlWinEventLog.log,USVA-VDI-03,XmlWinEventLog:Security,XmlWinEventLog,5
raw/2370__USVA-VDI-03__ms_defender_eventhub.log,USVA-VDI-03,ms:defender:eventhub,ms:defender:eventhub,3
raw/2371__USVA-WS-0001__XmlWinEventLog.log,USVA-WS-0001,XmlWinEventLog:Microsoft-Windows-Sysmon/Operational,XmlWinEventLog,5
raw/2372__USVA-WS-0001__XmlWinEventLog.log,USVA-WS-0001,XmlWinEventLog:Security,XmlWinEventLog,18
raw/2373__USVA-WS-0001__sccm_client.log,USVA-WS-0001,sccm:client,sccm:client,1
raw/2374__USVA-WS-0002__XmlWinEventLog.log,USVA-WS-0002,XmlWinEventLog:Microsoft-Windows-Sysmon/Operational,XmlWinEventLog,12
raw/2375__USVA-WS-0002__XmlWinEventLog.log,USVA-WS-0002,XmlWinEventLog:Security,XmlWinEventLog,9
raw/2376__USVA-WS-0002__sccm_client.log,USVA-WS-0002,sccm:client,sccm:client,1
raw/2377__USVA-WS-0003__XmlWinEventLog.log,USVA-WS-0003,XmlWinEventLog:Microsoft-Windows-Sysmon/Operational,XmlWinEventLog,9
raw/2378__USVA-WS-0003__XmlWinEventLog.log,USVA-WS-0003,XmlWinEventLog:Security,XmlWinEventLog,11
raw/2379__USVA-WS-0003__ms_defender_eventhub.log,USVA-WS-0003,ms:defender:eventhub,ms:defender:eventhub,2
raw/2380__USVA-WS-0003__trellix_epo.log,USVA-WS-0003,trellix:epo,trellix:epo,1
raw/2381__USVA-WS-0004__XmlWinEventLog.log,USVA-WS-0004,XmlWinEventLog:Microsoft-Windows-Sysmon/Operational,XmlWinEventLog,10
raw/2382__USVA-WS-0004__XmlWinEventLog.log,USVA-WS-0004,XmlWinEventLog:Security,XmlWinEventLog,11
raw/2383__USVA-WS-0004__ms_defender_eventhub.log,USVA-WS-0004,ms:defender:eventhub,ms:defender:eventhub,2
raw/2384__USVA-WS-0004__sccm_client.log,USVA-WS-0004,sccm:client,sccm:client,1
raw/2385__USVA-WS-0004__trellix_epo.log,USVA-WS-0004,trellix:epo,trellix:epo,1
raw/2386__USVA-WS-0005__XmlWinEventLog.log,USVA-WS-0005,XmlWinEventLog:Microsoft-Windows-Sysmon/Operational,XmlWinEventLog,11
raw/2387__USVA-WS-0005__XmlWinEventLog.log,USVA-WS-0005,XmlWinEventLog:Security,XmlWinEventLog,13
raw/2388__USVA-WS-0005__ms_defender_eventhub.log,USVA-WS-0005,ms:defender:eventhub,ms:defender:eventhub,1
raw/2389__USVA-WS-0005__trellix_epo.log,USVA-WS-0005,trellix:epo,trellix:epo,1
raw/2390__USVA-WS-0005__wsus_client.log,USVA-WS-0005,wsus:client,wsus:client,1
raw/2391__USVA-WS-0006__XmlWinEventLog.log,USVA-WS-0006,XmlWinEventLog:Microsoft-Windows-Sysmon/Operational,XmlWinEventLog,14
raw/2392__USVA-WS-0006__XmlWinEventLog.log,USVA-WS-0006,XmlWinEventLog:Security,XmlWinEventLog,14
raw/2393__USVA-WS-0006__ms_defender_eventhub.log,USVA-WS-0006,ms:defender:eventhub,ms:defender:eventhub,1
raw/2394__USVA-WS-0006__trellix_epo.log,USVA-WS-0006,trellix:epo,trellix:epo,1
raw/2395__USVA-WS-0007__XmlWinEventLog.log,USVA-WS-0007,XmlWinEventLog:Microsoft-Windows-Sysmon/Operational,XmlWinEventLog,17
raw/2396__USVA-WS-0007__XmlWinEventLog.log,USVA-WS-0007,XmlWinEventLog:Security,XmlWinEventLog,19
raw/2397__USVA-WS-0007__ms_defender_eventhub.log,USVA-WS-0007,ms:defender:eventhub,ms:defender:eventhub,1
raw/2398__USVA-WS-0007__trellix_epo.log,USVA-WS-0007,trellix:epo,trellix:epo,1
raw/2399__USVA-WS-0008__XmlWinEventLog.log,USVA-WS-0008,XmlWinEventLog:Microsoft-Windows-Sysmon/Operational,XmlWinEventLog,9
raw/2400__USVA-WS-0008__XmlWinEventLog.log,USVA-WS-0008,XmlWinEventLog:Security,XmlWinEventLog,17
raw/2401__USVA-WS-0008__sccm_client.log,USVA-WS-0008,sccm:client,sccm:client,1
raw/2402__USVA-WS-0009__XmlWinEventLog.log,USVA-WS-0009,XmlWinEventLog:Microsoft-Windows-Sysmon/Operational,XmlWinEventLog,15
raw/2403__USVA-WS-0009__XmlWinEventLog.log,USVA-WS-0009,XmlWinEventLog:Security,XmlWinEventLog,10
raw/2404__USVA-WS-0009__ms_defender_eventhub.log,USVA-WS-0009,ms:defender:eventhub,ms:defender:eventhub,1
raw/2405__USVA-WS-0009__sccm_client.log,USVA-WS-0009,sccm:client,sccm:client,1
raw/2406__USVA-WS-0009__trellix_epo.log,USVA-WS-0009,trellix:epo,trellix:epo,2
raw/2407__USVA-WS-0009__wsus_client.log,USVA-WS-0009,wsus:client,wsus:client,1
raw/2408__USVA-WS-0010__XmlWinEventLog.log,USVA-WS-0010,XmlWinEventLog:Microsoft-Windows-Sysmon/Operational,XmlWinEventLog,11
raw/2409__USVA-WS-0010__XmlWinEventLog.log,USVA-WS-0010,XmlWinEventLog:Security,XmlWinEventLog,15
raw/2410__USVA-WS-0010__sccm_client.log,USVA-WS-0010,sccm:client,sccm:client,1
raw/2411__USVA-WS-0010__wsus_client.log,USVA-WS-0010,wsus:client,wsus:client,1
raw/2412__USVA-WS-0011__XmlWinEventLog.log,USVA-WS-0011,XmlWinEventLog:Microsoft-Windows-Sysmon/Operational,XmlWinEventLog,16
raw/2413__USVA-WS-0011__XmlWinEventLog.log,USVA-WS-0011,XmlWinEventLog:Security,XmlWinEventLog,11
raw/2414__USVA-WS-0011__ms_defender_eventhub.log,USVA-WS-0011,ms:defender:eventhub,ms:defender:eventhub,2
raw/2415__USVA-WS-0011__trellix_epo.log,USVA-WS-0011,trellix:epo,trellix:epo,1
raw/2416__USVA-WS-0012__XmlWinEventLog.log,USVA-WS-0012,XmlWinEventLog:Microsoft-Windows-Sysmon/Operational,XmlWinEventLog,9
raw/2417__USVA-WS-0012__XmlWinEventLog.log,USVA-WS-0012,XmlWinEventLog:Security,XmlWinEventLog,16
raw/2418__USVA-WS-0012__ms_defender_eventhub.log,USVA-WS-0012,ms:defender:eventhub,ms:defender:eventhub,1
raw/2419__USVA-WS-0012__wsus_client.log,USVA-WS-0012,wsus:client,wsus:client,1
raw/2420__USVA-WS-0013__XmlWinEventLog.log,USVA-WS-0013,XmlWinEventLog:Microsoft-Windows-Sysmon/Operational,XmlWinEventLog,12
raw/2421__USVA-WS-0013__XmlWinEventLog.log,USVA-WS-0013,XmlWinEventLog:Security,XmlWinEventLog,12
raw/2422__USVA-WS-0013__ms_defender_eventhub.log,USVA-WS-0013,ms:defender:eventhub,ms:defender:eventhub,1
raw/2423__USVA-WS-0013__sccm_client.log,USVA-WS-0013,sccm:client,sccm:client,1
raw/2424__USVA-WS-0013__wsus_client.log,USVA-WS-0013,wsus:client,wsus:client,1
raw/2425__USVA-WS-0014__XmlWinEventLog.log,USVA-WS-0014,XmlWinEventLog:Microsoft-Windows-Sysmon/Operational,XmlWinEventLog,14
raw/2426__USVA-WS-0014__XmlWinEventLog.log,USVA-WS-0014,XmlWinEventLog:Security,XmlWinEventLog,19
raw/2427__USVA-WS-0014__ms_defender_eventhub.log,USVA-WS-0014,ms:defender:eventhub,ms:defender:eventhub,3
raw/2428__USVA-WS-0014__trellix_epo.log,USVA-WS-0014,trellix:epo,trellix:epo,1
raw/2429__USVA-WS-0014__wsus_client.log,USVA-WS-0014,wsus:client,wsus:client,1
raw/2430__USVA-WS-0015__XmlWinEventLog.log,USVA-WS-0015,XmlWinEventLog:Microsoft-Windows-Sysmon/Operational,XmlWinEventLog,13
raw/2431__USVA-WS-0015__XmlWinEventLog.log,USVA-WS-0015,XmlWinEventLog:Security,XmlWinEventLog,12
raw/2432__USVA-WS-0015__sccm_client.log,USVA-WS-0015,sccm:client,sccm:client,1
raw/2433__USVA-WS-0015__wsus_client.log,USVA-WS-0015,wsus:client,wsus:client,2
raw/2434__USVA-WS-0016__XmlWinEventLog.log,USVA-WS-0016,XmlWinEventLog:Microsoft-Windows-Sysmon/Operational,XmlWinEventLog,7
raw/2435__USVA-WS-0016__XmlWinEventLog.log,USVA-WS-0016,XmlWinEventLog:Security,XmlWinEventLog,13
raw/2436__USVA-WS-0016__ms_defender_eventhub.log,USVA-WS-0016,ms:defender:eventhub,ms:defender:eventhub,2
raw/2437__USVA-WS-0016__sccm_client.log,USVA-WS-0016,sccm:client,sccm:client,1
raw/2438__USVA-WS-0016__trellix_epo.log,USVA-WS-0016,trellix:epo,trellix:epo,2
raw/2439__USVA-WS-0017__XmlWinEventLog.log,USVA-WS-0017,XmlWinEventLog:Microsoft-Windows-Sysmon/Operational,XmlWinEventLog,7
raw/2440__USVA-WS-0017__XmlWinEventLog.log,USVA-WS-0017,XmlWinEventLog:Security,XmlWinEventLog,13
raw/2441__USVA-WS-0017__trellix_epo.log,USVA-WS-0017,trellix:epo,trellix:epo,1
raw/2442__USVA-WS-0017__wsus_client.log,USVA-WS-0017,wsus:client,wsus:client,1
raw/2443__USVA-WS-0018__XmlWinEventLog.log,USVA-WS-0018,XmlWinEventLog:Microsoft-Windows-Sysmon/Operational,XmlWinEventLog,22
raw/2444__USVA-WS-0018__XmlWinEventLog.log,USVA-WS-0018,XmlWinEventLog:Security,XmlWinEventLog,11
raw/2445__USVA-WS-0018__ms_defender_eventhub.log,USVA-WS-0018,ms:defender:eventhub,ms:defender:eventhub,1
raw/2446__USVA-WS-0018__sccm_client.log,USVA-WS-0018,sccm:client,sccm:client,1
raw/2447__USVA-WS-0018__trellix_epo.log,USVA-WS-0018,trellix:epo,trellix:epo,1
raw/2448__USVA-WS-0018__wsus_client.log,USVA-WS-0018,wsus:client,wsus:client,2
raw/2449__USVA-WS-0019__XmlWinEventLog.log,USVA-WS-0019,XmlWinEventLog:Microsoft-Windows-Sysmon/Operational,XmlWinEventLog,15
raw/2450__USVA-WS-0019__XmlWinEventLog.log,USVA-WS-0019,XmlWinEventLog:Security,XmlWinEventLog,14
raw/2451__USVA-WS-0019__sccm_client.log,USVA-WS-0019,sccm:client,sccm:client,2
raw/2452__USVA-WS-0019__trellix_epo.log,USVA-WS-0019,trellix:epo,trellix:epo,1
raw/2453__USVA-WS-0019__wsus_client.log,USVA-WS-0019,wsus:client,wsus:client,1
raw/2454__USVA-WS-0020__XmlWinEventLog.log,USVA-WS-0020,XmlWinEventLog:Microsoft-Windows-Sysmon/Operational,XmlWinEventLog,9
raw/2455__USVA-WS-0020__XmlWinEventLog.log,USVA-WS-0020,XmlWinEventLog:Security,XmlWinEventLog,14
raw/2456__USVA-WS-0020__trellix_epo.log,USVA-WS-0020,trellix:epo,trellix:epo,1
raw/2457__USVA-WS-0021__XmlWinEventLog.log,USVA-WS-0021,XmlWinEventLog:Microsoft-Windows-Sysmon/Operational,XmlWinEventLog,16
raw/2458__USVA-WS-0021__XmlWinEventLog.log,USVA-WS-0021,XmlWinEventLog:Security,XmlWinEventLog,14
raw/2459__USVA-WS-0021__wsus_client.log,USVA-WS-0021,wsus:client,wsus:client,1
raw/2460__USVA-WS-0022__XmlWinEventLog.log,USVA-WS-0022,XmlWinEventLog:Microsoft-Windows-Sysmon/Operational,XmlWinEventLog,10
raw/2461__USVA-WS-0022__XmlWinEventLog.log,USVA-WS-0022,XmlWinEventLog:Security,XmlWinEventLog,11
raw/2462__USVA-WS-0022__ms_defender_eventhub.log,USVA-WS-0022,ms:defender:eventhub,ms:defender:eventhub,1
raw/2463__USVA-WS-0022__wsus_client.log,USVA-WS-0022,wsus:client,wsus:client,1
raw/2464__USVA-WS-0023__XmlWinEventLog.log,USVA-WS-0023,XmlWinEventLog:Microsoft-Windows-Sysmon/Operational,XmlWinEventLog,15
raw/2465__USVA-WS-0023__XmlWinEventLog.log,USVA-WS-0023,XmlWinEventLog:Security,XmlWinEventLog,14
raw/2466__USVA-WS-0023__ms_defender_eventhub.log,USVA-WS-0023,ms:defender:eventhub,ms:defender:eventhub,1
raw/2467__USVA-WS-0023__trellix_epo.log,USVA-WS-0023,trellix:epo,trellix:epo,1
raw/2468__USVA-WS-0023__wsus_client.log,USVA-WS-0023,wsus:client,wsus:client,1
raw/2469__USVA-WS-0024__XmlWinEventLog.log,USVA-WS-0024,XmlWinEventLog:Microsoft-Windows-Sysmon/Operational,XmlWinEventLog,14
raw/2470__USVA-WS-0024__XmlWinEventLog.log,USVA-WS-0024,XmlWinEventLog:Security,XmlWinEventLog,14
raw/2471__USVA-WS-0024__ms_defender_eventhub.log,USVA-WS-0024,ms:defender:eventhub,ms:defender:eventhub,3
raw/2472__USVA-WS-0025__XmlWinEventLog.log,USVA-WS-0025,XmlWinEventLog:Microsoft-Windows-Sysmon/Operational,XmlWinEventLog,11
raw/2473__USVA-WS-0025__XmlWinEventLog.log,USVA-WS-0025,XmlWinEventLog:Security,XmlWinEventLog,3
raw/2474__USVA-WS-0025__sccm_client.log,USVA-WS-0025,sccm:client,sccm:client,1
raw/2475__USVA-WS-0025__wsus_client.log,USVA-WS-0025,wsus:client,wsus:client,1
raw/2476__USVA-WS-0026__XmlWinEventLog.log,USVA-WS-0026,XmlWinEventLog:Microsoft-Windows-Sysmon/Operational,XmlWinEventLog,7
raw/2477__USVA-WS-0026__XmlWinEventLog.log,USVA-WS-0026,XmlWinEventLog:Security,XmlWinEventLog,9
raw/2478__USVA-WS-0026__trellix_epo.log,USVA-WS-0026,trellix:epo,trellix:epo,1
raw/2479__USVA-WS-0027__XmlWinEventLog.log,USVA-WS-0027,XmlWinEventLog:Microsoft-Windows-Sysmon/Operational,XmlWinEventLog,7
raw/2480__USVA-WS-0027__XmlWinEventLog.log,USVA-WS-0027,XmlWinEventLog:Security,XmlWinEventLog,5
raw/2481__USVA-WS-0027__ms_defender_eventhub.log,USVA-WS-0027,ms:defender:eventhub,ms:defender:eventhub,1
raw/2482__USVA-WS-0027__wsus_client.log,USVA-WS-0027,wsus:client,wsus:client,1
raw/2483__USVA-WS-0028__XmlWinEventLog.log,USVA-WS-0028,XmlWinEventLog:Microsoft-Windows-Sysmon/Operational,XmlWinEventLog,5
raw/2484__USVA-WS-0028__XmlWinEventLog.log,USVA-WS-0028,XmlWinEventLog:Security,XmlWinEventLog,3
raw/2485__USVA-WS-0028__ms_defender_eventhub.log,USVA-WS-0028,ms:defender:eventhub,ms:defender:eventhub,3
raw/2486__USVA-WS-0028__sccm_client.log,USVA-WS-0028,sccm:client,sccm:client,2
raw/2487__USVA-WS-0028__trellix_epo.log,USVA-WS-0028,trellix:epo,trellix:epo,3
raw/2488__USVA-WS-0029__XmlWinEventLog.log,USVA-WS-0029,XmlWinEventLog:Microsoft-Windows-Sysmon/Operational,XmlWinEventLog,9
raw/2489__USVA-WS-0029__XmlWinEventLog.log,USVA-WS-0029,XmlWinEventLog:Security,XmlWinEventLog,4
raw/2490__USVA-WS-0029__ms_defender_eventhub.log,USVA-WS-0029,ms:defender:eventhub,ms:defender:eventhub,2
raw/2491__USVA-WS-0029__trellix_epo.log,USVA-WS-0029,trellix:epo,trellix:epo,1
raw/2492__USVA-WS-0030__XmlWinEventLog.log,USVA-WS-0030,XmlWinEventLog:Microsoft-Windows-Sysmon/Operational,XmlWinEventLog,6
raw/2493__USVA-WS-0030__XmlWinEventLog.log,USVA-WS-0030,XmlWinEventLog:Security,XmlWinEventLog,5
raw/2494__USVA-WS-0030__sccm_client.log,USVA-WS-0030,sccm:client,sccm:client,2
raw/2495__USVA-WS-0030__wsus_client.log,USVA-WS-0030,wsus:client,wsus:client,3
raw/2496__USVA-WS-0031__XmlWinEventLog.log,USVA-WS-0031,XmlWinEventLog:Microsoft-Windows-Sysmon/Operational,XmlWinEventLog,10
raw/2497__USVA-WS-0031__XmlWinEventLog.log,USVA-WS-0031,XmlWinEventLog:Security,XmlWinEventLog,5
raw/2498__USVA-WS-0031__ms_defender_eventhub.log,USVA-WS-0031,ms:defender:eventhub,ms:defender:eventhub,4
raw/2499__USVA-WS-0031__trellix_epo.log,USVA-WS-0031,trellix:epo,trellix:epo,1
raw/2500__USVA-WS-0032__XmlWinEventLog.log,USVA-WS-0032,XmlWinEventLog:Microsoft-Windows-Sysmon/Operational,XmlWinEventLog,7
raw/2501__USVA-WS-0032__XmlWinEventLog.log,USVA-WS-0032,XmlWinEventLog:Security,XmlWinEventLog,8
raw/2502__USVA-WS-0033__XmlWinEventLog.log,USVA-WS-0033,XmlWinEventLog:Microsoft-Windows-Sysmon/Operational,XmlWinEventLog,8
raw/2503__USVA-WS-0033__XmlWinEventLog.log,USVA-WS-0033,XmlWinEventLog:Security,XmlWinEventLog,4
raw/2504__USVA-WS-0033__ms_defender_eventhub.log,USVA-WS-0033,ms:defender:eventhub,ms:defender:eventhub,3
raw/2505__USVA-WS-0034__XmlWinEventLog.log,USVA-WS-0034,XmlWinEventLog:Microsoft-Windows-Sysmon/Operational,XmlWinEventLog,5
raw/2506__USVA-WS-0034__XmlWinEventLog.log,USVA-WS-0034,XmlWinEventLog:Security,XmlWinEventLog,14
raw/2507__USVA-WS-0034__ms_defender_eventhub.log,USVA-WS-0034,ms:defender:eventhub,ms:defender:eventhub,4
raw/2508__USVA-WS-0034__wsus_client.log,USVA-WS-0034,wsus:client,wsus:client,1
raw/2509__USVA-WS-0035__XmlWinEventLog.log,USVA-WS-0035,XmlWinEventLog:Microsoft-Windows-Sysmon/Operational,XmlWinEventLog,7
raw/2510__USVA-WS-0035__XmlWinEventLog.log,USVA-WS-0035,XmlWinEventLog:Security,XmlWinEventLog,7
raw/2511__USVA-WS-0035__ms_defender_eventhub.log,USVA-WS-0035,ms:defender:eventhub,ms:defender:eventhub,1
raw/2512__USVA-WS-0035__sccm_client.log,USVA-WS-0035,sccm:client,sccm:client,1
raw/2513__USVA-WS-0036__XmlWinEventLog.log,USVA-WS-0036,XmlWinEventLog:Microsoft-Windows-Sysmon/Operational,XmlWinEventLog,10
raw/2514__USVA-WS-0036__XmlWinEventLog.log,USVA-WS-0036,XmlWinEventLog:Security,XmlWinEventLog,6
raw/2515__USVA-WS-0036__ms_defender_eventhub.log,USVA-WS-0036,ms:defender:eventhub,ms:defender:eventhub,1
raw/2516__USVA-WS-0036__trellix_epo.log,USVA-WS-0036,trellix:epo,trellix:epo,1
raw/2517__USVA-WS-0037__XmlWinEventLog.log,USVA-WS-0037,XmlWinEventLog:Microsoft-Windows-Sysmon/Operational,XmlWinEventLog,7
raw/2518__USVA-WS-0037__XmlWinEventLog.log,USVA-WS-0037,XmlWinEventLog:Security,XmlWinEventLog,7
raw/2519__USVA-WS-0037__trellix_epo.log,USVA-WS-0037,trellix:epo,trellix:epo,1
raw/2520__USVA-WS-0038__XmlWinEventLog.log,USVA-WS-0038,XmlWinEventLog:Microsoft-Windows-Sysmon/Operational,XmlWinEventLog,9
raw/2521__USVA-WS-0038__XmlWinEventLog.log,USVA-WS-0038,XmlWinEventLog:Security,XmlWinEventLog,11
raw/2522__USVA-WS-0038__ms_defender_eventhub.log,USVA-WS-0038,ms:defender:eventhub,ms:defender:eventhub,1
raw/2523__USVA-WS-0038__trellix_epo.log,USVA-WS-0038,trellix:epo,trellix:epo,1
raw/2524__USVA-WS-0039__XmlWinEventLog.log,USVA-WS-0039,XmlWinEventLog:Microsoft-Windows-Sysmon/Operational,XmlWinEventLog,16
raw/2525__USVA-WS-0039__XmlWinEventLog.log,USVA-WS-0039,XmlWinEventLog:Security,XmlWinEventLog,9
raw/2526__USVA-WS-0039__ms_defender_eventhub.log,USVA-WS-0039,ms:defender:eventhub,ms:defender:eventhub,1
raw/2527__USVA-WS-0040__XmlWinEventLog.log,USVA-WS-0040,XmlWinEventLog:Microsoft-Windows-Sysmon/Operational,XmlWinEventLog,9
raw/2528__USVA-WS-0040__XmlWinEventLog.log,USVA-WS-0040,XmlWinEventLog:Security,XmlWinEventLog,7
raw/2529__USVA-WS-0040__ms_defender_eventhub.log,USVA-WS-0040,ms:defender:eventhub,ms:defender:eventhub,1
raw/2530__USVA-WS-0040__trellix_epo.log,USVA-WS-0040,trellix:epo,trellix:epo,1
raw/2531__USVA-WS-0040__wsus_client.log,USVA-WS-0040,wsus:client,wsus:client,1
raw/2532__USVA-WS-0041__XmlWinEventLog.log,USVA-WS-0041,XmlWinEventLog:Microsoft-Windows-Sysmon/Operational,XmlWinEventLog,8
raw/2533__USVA-WS-0041__XmlWinEventLog.log,USVA-WS-0041,XmlWinEventLog:Security,XmlWinEventLog,6
raw/2534__USVA-WS-0041__ms_defender_eventhub.log,USVA-WS-0041,ms:defender:eventhub,ms:defender:eventhub,1
raw/2535__USVA-WS-0041__sccm_client.log,USVA-WS-0041,sccm:client,sccm:client,1
raw/2536__USVA-WS-0042__XmlWinEventLog.log,USVA-WS-0042,XmlWinEventLog:Microsoft-Windows-Sysmon/Operational,XmlWinEventLog,7
raw/2537__USVA-WS-0042__XmlWinEventLog.log,USVA-WS-0042,XmlWinEventLog:Security,XmlWinEventLog,3
raw/2538__USVA-WS-0043__XmlWinEventLog.log,USVA-WS-0043,XmlWinEventLog:Microsoft-Windows-Sysmon/Operational,XmlWinEventLog,6
raw/2539__USVA-WS-0043__XmlWinEventLog.log,USVA-WS-0043,XmlWinEventLog:Security,XmlWinEventLog,11
raw/2540__USVA-WS-0043__sccm_client.log,USVA-WS-0043,sccm:client,sccm:client,2
raw/2541__USVA-WS-0044__XmlWinEventLog.log,USVA-WS-0044,XmlWinEventLog:Microsoft-Windows-Sysmon/Operational,XmlWinEventLog,6
raw/2542__USVA-WS-0044__XmlWinEventLog.log,USVA-WS-0044,XmlWinEventLog:Security,XmlWinEventLog,3
raw/2543__USVA-WS-0044__ms_defender_eventhub.log,USVA-WS-0044,ms:defender:eventhub,ms:defender:eventhub,1
raw/2544__USVA-WS-0044__trellix_epo.log,USVA-WS-0044,trellix:epo,trellix:epo,1
raw/2545__USVA-WS-0045__XmlWinEventLog.log,USVA-WS-0045,XmlWinEventLog:Microsoft-Windows-Sysmon/Operational,XmlWinEventLog,6
raw/2546__USVA-WS-0045__XmlWinEventLog.log,USVA-WS-0045,XmlWinEventLog:Security,XmlWinEventLog,3
raw/2547__USVA-WS-0045__sccm_client.log,USVA-WS-0045,sccm:client,sccm:client,1
raw/2548__USVA-WS-0045__trellix_epo.log,USVA-WS-0045,trellix:epo,trellix:epo,1
raw/2549__USVA-WS-0046__XmlWinEventLog.log,USVA-WS-0046,XmlWinEventLog:Microsoft-Windows-Sysmon/Operational,XmlWinEventLog,8
raw/2550__USVA-WS-0046__XmlWinEventLog.log,USVA-WS-0046,XmlWinEventLog:Security,XmlWinEventLog,4
raw/2551__USVA-WS-0046__ms_defender_eventhub.log,USVA-WS-0046,ms:defender:eventhub,ms:defender:eventhub,2
raw/2552__USVA-WS-0046__sccm_client.log,USVA-WS-0046,sccm:client,sccm:client,1
raw/2553__USVA-WS-0046__trellix_epo.log,USVA-WS-0046,trellix:epo,trellix:epo,1
raw/2554__USVA-WS-0047__XmlWinEventLog.log,USVA-WS-0047,XmlWinEventLog:Microsoft-Windows-Sysmon/Operational,XmlWinEventLog,3
raw/2555__USVA-WS-0047__XmlWinEventLog.log,USVA-WS-0047,XmlWinEventLog:Security,XmlWinEventLog,7
raw/2556__USVA-WS-0048__XmlWinEventLog.log,USVA-WS-0048,XmlWinEventLog:Microsoft-Windows-Sysmon/Operational,XmlWinEventLog,9
raw/2557__USVA-WS-0048__XmlWinEventLog.log,USVA-WS-0048,XmlWinEventLog:Security,XmlWinEventLog,12
raw/2558__USVA-WS-0048__ms_defender_eventhub.log,USVA-WS-0048,ms:defender:eventhub,ms:defender:eventhub,1
raw/2559__USVA-WS-0048__sccm_client.log,USVA-WS-0048,sccm:client,sccm:client,1
raw/2560__USVA-WS-0048__trellix_epo.log,USVA-WS-0048,trellix:epo,trellix:epo,1
raw/2561__USVA-WS-0049__XmlWinEventLog.log,USVA-WS-0049,XmlWinEventLog:Microsoft-Windows-Sysmon/Operational,XmlWinEventLog,8
raw/2562__USVA-WS-0049__XmlWinEventLog.log,USVA-WS-0049,XmlWinEventLog:Security,XmlWinEventLog,9
raw/2563__USVA-WS-0049__ms_defender_eventhub.log,USVA-WS-0049,ms:defender:eventhub,ms:defender:eventhub,3
raw/2564__USVA-WS-0050__XmlWinEventLog.log,USVA-WS-0050,XmlWinEventLog:Microsoft-Windows-Sysmon/Operational,XmlWinEventLog,6
raw/2565__USVA-WS-0050__XmlWinEventLog.log,USVA-WS-0050,XmlWinEventLog:Security,XmlWinEventLog,6
raw/2566__USVA-WS-0050__ms_defender_eventhub.log,USVA-WS-0050,ms:defender:eventhub,ms:defender:eventhub,2
raw/2567__USVA-WS-0050__wsus_client.log,USVA-WS-0050,wsus:client,wsus:client,2
raw/2568__USVA-WS-0051__XmlWinEventLog.log,USVA-WS-0051,XmlWinEventLog:Microsoft-Windows-Sysmon/Operational,XmlWinEventLog,11
raw/2569__USVA-WS-0051__XmlWinEventLog.log,USVA-WS-0051,XmlWinEventLog:Security,XmlWinEventLog,12
raw/2570__USVA-WS-0051__ms_defender_eventhub.log,USVA-WS-0051,ms:defender:eventhub,ms:defender:eventhub,1
raw/2571__USVA-WS-0051__trellix_epo.log,USVA-WS-0051,trellix:epo,trellix:epo,1
raw/2572__USVA-WS-0052__XmlWinEventLog.log,USVA-WS-0052,XmlWinEventLog:Microsoft-Windows-Sysmon/Operational,XmlWinEventLog,11
raw/2573__USVA-WS-0052__XmlWinEventLog.log,USVA-WS-0052,XmlWinEventLog:Security,XmlWinEventLog,9
raw/2574__USVA-WS-0052__ms_defender_eventhub.log,USVA-WS-0052,ms:defender:eventhub,ms:defender:eventhub,1
raw/2575__USVA-WS-0052__trellix_epo.log,USVA-WS-0052,trellix:epo,trellix:epo,1
raw/2576__USVA-WS-0053__XmlWinEventLog.log,USVA-WS-0053,XmlWinEventLog:Microsoft-Windows-Sysmon/Operational,XmlWinEventLog,13
raw/2577__USVA-WS-0053__XmlWinEventLog.log,USVA-WS-0053,XmlWinEventLog:Security,XmlWinEventLog,10
raw/2578__USVA-WS-0053__ms_defender_eventhub.log,USVA-WS-0053,ms:defender:eventhub,ms:defender:eventhub,1
raw/2579__USVA-WS-0053__trellix_epo.log,USVA-WS-0053,trellix:epo,trellix:epo,1
raw/2580__USVA-WS-0054__XmlWinEventLog.log,USVA-WS-0054,XmlWinEventLog:Microsoft-Windows-Sysmon/Operational,XmlWinEventLog,12
raw/2581__USVA-WS-0054__XmlWinEventLog.log,USVA-WS-0054,XmlWinEventLog:Security,XmlWinEventLog,7
raw/2582__USVA-WS-0054__ms_defender_eventhub.log,USVA-WS-0054,ms:defender:eventhub,ms:defender:eventhub,2
raw/2583__USVA-WS-0054__wsus_client.log,USVA-WS-0054,wsus:client,wsus:client,1
raw/2584__USVA-WS-0055__XmlWinEventLog.log,USVA-WS-0055,XmlWinEventLog:Microsoft-Windows-Sysmon/Operational,XmlWinEventLog,13
raw/2585__USVA-WS-0055__XmlWinEventLog.log,USVA-WS-0055,XmlWinEventLog:Security,XmlWinEventLog,2
raw/2586__USVA-WS-0055__ms_defender_eventhub.log,USVA-WS-0055,ms:defender:eventhub,ms:defender:eventhub,4
raw/2587__USVA-WS-0055__sccm_client.log,USVA-WS-0055,sccm:client,sccm:client,2
raw/2588__USVA-WS-0056__XmlWinEventLog.log,USVA-WS-0056,XmlWinEventLog:Microsoft-Windows-Sysmon/Operational,XmlWinEventLog,9
raw/2589__USVA-WS-0056__XmlWinEventLog.log,USVA-WS-0056,XmlWinEventLog:Security,XmlWinEventLog,11
raw/2590__USVA-WS-0056__sccm_client.log,USVA-WS-0056,sccm:client,sccm:client,1
raw/2591__USVA-WS-0056__trellix_epo.log,USVA-WS-0056,trellix:epo,trellix:epo,1
raw/2592__USVA-WS-0056__wsus_client.log,USVA-WS-0056,wsus:client,wsus:client,1
raw/2593__USVA-WS-0057__XmlWinEventLog.log,USVA-WS-0057,XmlWinEventLog:Microsoft-Windows-Sysmon/Operational,XmlWinEventLog,5
raw/2594__USVA-WS-0057__XmlWinEventLog.log,USVA-WS-0057,XmlWinEventLog:Security,XmlWinEventLog,13
raw/2595__USVA-WS-0057__ms_defender_eventhub.log,USVA-WS-0057,ms:defender:eventhub,ms:defender:eventhub,1
raw/2596__USVA-WS-0058__XmlWinEventLog.log,USVA-WS-0058,XmlWinEventLog:Microsoft-Windows-Sysmon/Operational,XmlWinEventLog,10
raw/2597__USVA-WS-0058__XmlWinEventLog.log,USVA-WS-0058,XmlWinEventLog:Security,XmlWinEventLog,4
raw/2598__USVA-WS-0058__sccm_client.log,USVA-WS-0058,sccm:client,sccm:client,1
raw/2599__USVA-WS-0058__trellix_epo.log,USVA-WS-0058,trellix:epo,trellix:epo,2
raw/2600__USVA-WS-0058__wsus_client.log,USVA-WS-0058,wsus:client,wsus:client,1
raw/2601__USVA-WS-0059__XmlWinEventLog.log,USVA-WS-0059,XmlWinEventLog:Microsoft-Windows-Sysmon/Operational,XmlWinEventLog,6
raw/2602__USVA-WS-0059__XmlWinEventLog.log,USVA-WS-0059,XmlWinEventLog:Security,XmlWinEventLog,4
raw/2603__USVA-WS-0059__ms_defender_eventhub.log,USVA-WS-0059,ms:defender:eventhub,ms:defender:eventhub,2
raw/2604__USVA-WS-0060__XmlWinEventLog.log,USVA-WS-0060,XmlWinEventLog:Microsoft-Windows-Sysmon/Operational,XmlWinEventLog,12
raw/2605__USVA-WS-0060__XmlWinEventLog.log,USVA-WS-0060,XmlWinEventLog:Security,XmlWinEventLog,4
raw/2606__USVA-WS-0060__ms_defender_eventhub.log,USVA-WS-0060,ms:defender:eventhub,ms:defender:eventhub,1
raw/2607__USVA-WS-0060__trellix_epo.log,USVA-WS-0060,trellix:epo,trellix:epo,1
raw/2608__USVA-WS-0061__XmlWinEventLog.log,USVA-WS-0061,XmlWinEventLog:Microsoft-Windows-Sysmon/Operational,XmlWinEventLog,8
raw/2609__USVA-WS-0061__XmlWinEventLog.log,USVA-WS-0061,XmlWinEventLog:Security,XmlWinEventLog,11
raw/2610__USVA-WS-0061__ms_defender_eventhub.log,USVA-WS-0061,ms:defender:eventhub,ms:defender:eventhub,2
raw/2611__USVA-WS-0061__wsus_client.log,USVA-WS-0061,wsus:client,wsus:client,1
raw/2612__USVA-WS-0062__XmlWinEventLog.log,USVA-WS-0062,XmlWinEventLog:Microsoft-Windows-Sysmon/Operational,XmlWinEventLog,12
raw/2613__USVA-WS-0062__XmlWinEventLog.log,USVA-WS-0062,XmlWinEventLog:Security,XmlWinEventLog,9
raw/2614__USVA-WS-0062__wsus_client.log,USVA-WS-0062,wsus:client,wsus:client,1
raw/2615__USVA-WS-0063__XmlWinEventLog.log,USVA-WS-0063,XmlWinEventLog:Microsoft-Windows-Sysmon/Operational,XmlWinEventLog,9
raw/2616__USVA-WS-0063__XmlWinEventLog.log,USVA-WS-0063,XmlWinEventLog:Security,XmlWinEventLog,5
raw/2617__USVA-WS-0063__ms_defender_eventhub.log,USVA-WS-0063,ms:defender:eventhub,ms:defender:eventhub,1
raw/2618__USVA-WS-0064__XmlWinEventLog.log,USVA-WS-0064,XmlWinEventLog:Microsoft-Windows-Sysmon/Operational,XmlWinEventLog,8
raw/2619__USVA-WS-0064__XmlWinEventLog.log,USVA-WS-0064,XmlWinEventLog:Security,XmlWinEventLog,4
raw/2620__USVA-WS-0064__ms_defender_eventhub.log,USVA-WS-0064,ms:defender:eventhub,ms:defender:eventhub,3
raw/2621__USVA-WS-0064__sccm_client.log,USVA-WS-0064,sccm:client,sccm:client,1
raw/2622__USVA-ZEEK-01__bro_conn_json.log,USVA-ZEEK-01,zeek:conn,bro:conn:json,1420
raw/2623__USVA-ZEEK-01__bro_dce_rpc_json.log,USVA-ZEEK-01,zeek:dce_rpc,bro:dce_rpc:json,121
raw/2624__USVA-ZEEK-01__bro_dns_json.log,USVA-ZEEK-01,zeek:dns,bro:dns:json,588
raw/2625__USVA-ZEEK-01__bro_http_json.log,USVA-ZEEK-01,zeek:http,bro:http:json,312
raw/2626__USVA-ZEEK-01__bro_smb_files_json.log,USVA-ZEEK-01,zeek:smb_files,bro:smb_files:json,151
raw/2627__USVA-ZEEK-01__bro_ssl_json.log,USVA-ZEEK-01,zeek:ssl,bro:ssl:json,533
raw/2628__USVA-ZEEK-01__bro_x509_json.log,USVA-ZEEK-01,zeek:x509,bro:x509:json,1
